ISO-10303-21;
HEADER;
/* Generated by software containing ST-Developer
 * from STEP Tools, Inc. (www.steptools.com) 
 */
/* OPTION: using custom renumber hook */

FILE_DESCRIPTION(
/* description */ ('STEP AP242 Edition 2',
'CAx-IF Rec.Pracs.---Representation and Presentation of Product Manufa
cturing Information (PMI)---4.0---2014-10-13',
'CAx-IF Rec.Pracs.---3D Tessellated Geometry---0.4---2014-09-14','2;1',
'CAx-IF Rec.Pracs.---User Defined Attributes---1.5---2016-08-15'),
/* implementation_level */ '2;1');

FILE_NAME(
/* name */ 'Case - Encoder Knob',
/* time_stamp */ '2026-08-02T16:10:43Z',
/* author */ (''),
/* organization */ (''),
/* preprocessor_version */ 'ST-DEVELOPER v20',
/* originating_system */ 'ONSHAPE BY PTC INC, 1.218',
/* authorisation */ '  ');

FILE_SCHEMA (('AP242_MANAGED_MODEL_BASED_3D_ENGINEERING_MIM_LF { 1 0 10303 442 3 1 4 }'));
ENDSEC;

DATA;
#10=SHAPE_REPRESENTATION_RELATIONSHIP('','',#4160,#11);
#11=ADVANCED_BREP_SHAPE_REPRESENTATION('',(#4158),#7203);
#12=TOROIDAL_SURFACE('',#4443,0.011275,0.002);
#13=B_SPLINE_CURVE_WITH_KNOTS('',3,(#5583,#5584,#5585,#5586),
 .UNSPECIFIED.,.F.,.F.,(4,4),(0.,0.000770807265271685),.UNSPECIFIED.);
#14=B_SPLINE_CURVE_WITH_KNOTS('',3,(#5591,#5592,#5593,#5594),
 .UNSPECIFIED.,.F.,.F.,(4,4),(0.,0.000770807265271641),.UNSPECIFIED.);
#15=B_SPLINE_CURVE_WITH_KNOTS('',3,(#5957,#5958,#5959,#5960),
 .UNSPECIFIED.,.F.,.F.,(4,4),(5.85710057403812E-17,0.000770807265271646),
 .UNSPECIFIED.);
#16=B_SPLINE_CURVE_WITH_KNOTS('',3,(#5962,#5963,#5964,#5965),
 .UNSPECIFIED.,.F.,.F.,(4,4),(0.,0.000770807265271553),.UNSPECIFIED.);
#17=B_SPLINE_CURVE_WITH_KNOTS('',3,(#5971,#5972,#5973,#5974),
 .UNSPECIFIED.,.F.,.F.,(4,4),(0.,0.000770807265271639),.UNSPECIFIED.);
#18=B_SPLINE_CURVE_WITH_KNOTS('',3,(#5976,#5977,#5978,#5979),
 .UNSPECIFIED.,.F.,.F.,(4,4),(0.,0.000770807265271646),.UNSPECIFIED.);
#19=B_SPLINE_CURVE_WITH_KNOTS('',3,(#5985,#5986,#5987,#5988),
 .UNSPECIFIED.,.F.,.F.,(4,4),(0.,0.000770807265271708),.UNSPECIFIED.);
#20=B_SPLINE_CURVE_WITH_KNOTS('',3,(#5990,#5991,#5992,#5993),
 .UNSPECIFIED.,.F.,.F.,(4,4),(0.,0.000770807265271646),.UNSPECIFIED.);
#21=B_SPLINE_CURVE_WITH_KNOTS('',3,(#5999,#6000,#6001,#6002),
 .UNSPECIFIED.,.F.,.F.,(4,4),(0.,0.00077080726527161),.UNSPECIFIED.);
#22=B_SPLINE_CURVE_WITH_KNOTS('',3,(#6004,#6005,#6006,#6007),
 .UNSPECIFIED.,.F.,.F.,(4,4),(0.,0.000770807265271568),.UNSPECIFIED.);
#23=B_SPLINE_CURVE_WITH_KNOTS('',3,(#6013,#6014,#6015,#6016),
 .UNSPECIFIED.,.F.,.F.,(4,4),(0.,0.000770807265271643),.UNSPECIFIED.);
#24=B_SPLINE_CURVE_WITH_KNOTS('',3,(#6018,#6019,#6020,#6021),
 .UNSPECIFIED.,.F.,.F.,(4,4),(0.,0.000770807265271643),.UNSPECIFIED.);
#25=B_SPLINE_CURVE_WITH_KNOTS('',3,(#6027,#6028,#6029,#6030),
 .UNSPECIFIED.,.F.,.F.,(4,4),(0.,0.000770807265271616),.UNSPECIFIED.);
#26=B_SPLINE_CURVE_WITH_KNOTS('',3,(#6032,#6033,#6034,#6035),
 .UNSPECIFIED.,.F.,.F.,(4,4),(0.,0.000770807265271647),.UNSPECIFIED.);
#27=B_SPLINE_CURVE_WITH_KNOTS('',3,(#6041,#6042,#6043,#6044),
 .UNSPECIFIED.,.F.,.F.,(4,4),(0.,0.000770807265271649),.UNSPECIFIED.);
#28=B_SPLINE_CURVE_WITH_KNOTS('',3,(#6046,#6047,#6048,#6049),
 .UNSPECIFIED.,.F.,.F.,(4,4),(0.,0.000770807265271605),.UNSPECIFIED.);
#29=B_SPLINE_CURVE_WITH_KNOTS('',3,(#6055,#6056,#6057,#6058),
 .UNSPECIFIED.,.F.,.F.,(4,4),(0.,0.000770807265271583),.UNSPECIFIED.);
#30=B_SPLINE_CURVE_WITH_KNOTS('',3,(#6060,#6061,#6062,#6063),
 .UNSPECIFIED.,.F.,.F.,(4,4),(0.,0.000770807265271515),.UNSPECIFIED.);
#31=B_SPLINE_CURVE_WITH_KNOTS('',3,(#6069,#6070,#6071,#6072),
 .UNSPECIFIED.,.F.,.F.,(4,4),(0.,0.000770807265271585),.UNSPECIFIED.);
#32=B_SPLINE_CURVE_WITH_KNOTS('',3,(#6074,#6075,#6076,#6077),
 .UNSPECIFIED.,.F.,.F.,(4,4),(0.,0.000770807265271808),.UNSPECIFIED.);
#33=B_SPLINE_CURVE_WITH_KNOTS('',3,(#6083,#6084,#6085,#6086),
 .UNSPECIFIED.,.F.,.F.,(4,4),(0.,0.000770807265271614),.UNSPECIFIED.);
#34=B_SPLINE_CURVE_WITH_KNOTS('',3,(#6088,#6089,#6090,#6091),
 .UNSPECIFIED.,.F.,.F.,(4,4),(0.,0.000770807265271597),.UNSPECIFIED.);
#35=B_SPLINE_CURVE_WITH_KNOTS('',3,(#6097,#6098,#6099,#6100),
 .UNSPECIFIED.,.F.,.F.,(4,4),(0.,0.000770807265271657),.UNSPECIFIED.);
#36=B_SPLINE_CURVE_WITH_KNOTS('',3,(#6102,#6103,#6104,#6105),
 .UNSPECIFIED.,.F.,.F.,(4,4),(0.,0.000770807265271724),.UNSPECIFIED.);
#37=B_SPLINE_CURVE_WITH_KNOTS('',3,(#6111,#6112,#6113,#6114),
 .UNSPECIFIED.,.F.,.F.,(4,4),(0.,0.000770807265271654),.UNSPECIFIED.);
#38=B_SPLINE_CURVE_WITH_KNOTS('',3,(#6116,#6117,#6118,#6119),
 .UNSPECIFIED.,.F.,.F.,(4,4),(0.,0.000770807265271687),.UNSPECIFIED.);
#39=B_SPLINE_CURVE_WITH_KNOTS('',3,(#6125,#6126,#6127,#6128),
 .UNSPECIFIED.,.F.,.F.,(4,4),(0.,0.000770807265271638),.UNSPECIFIED.);
#40=B_SPLINE_CURVE_WITH_KNOTS('',3,(#6130,#6131,#6132,#6133),
 .UNSPECIFIED.,.F.,.F.,(4,4),(0.,0.000770807265271526),.UNSPECIFIED.);
#41=B_SPLINE_CURVE_WITH_KNOTS('',3,(#6139,#6140,#6141,#6142),
 .UNSPECIFIED.,.F.,.F.,(4,4),(7.37614539776294E-17,0.000770807265271694),
 .UNSPECIFIED.);
#42=B_SPLINE_CURVE_WITH_KNOTS('',3,(#6144,#6145,#6146,#6147),
 .UNSPECIFIED.,.F.,.F.,(4,4),(0.,0.000770807265271602),.UNSPECIFIED.);
#43=B_SPLINE_CURVE_WITH_KNOTS('',3,(#6153,#6154,#6155,#6156),
 .UNSPECIFIED.,.F.,.F.,(4,4),(7.88106850030428E-17,0.000770807265271686),
 .UNSPECIFIED.);
#44=B_SPLINE_CURVE_WITH_KNOTS('',3,(#6158,#6159,#6160,#6161),
 .UNSPECIFIED.,.F.,.F.,(4,4),(0.,0.000770807265271863),.UNSPECIFIED.);
#45=B_SPLINE_CURVE_WITH_KNOTS('',3,(#6167,#6168,#6169,#6170),
 .UNSPECIFIED.,.F.,.F.,(4,4),(0.,0.000770807265271574),.UNSPECIFIED.);
#46=B_SPLINE_CURVE_WITH_KNOTS('',3,(#6172,#6173,#6174,#6175),
 .UNSPECIFIED.,.F.,.F.,(4,4),(0.,0.000770807265271552),.UNSPECIFIED.);
#47=B_SPLINE_CURVE_WITH_KNOTS('',3,(#6181,#6182,#6183,#6184),
 .UNSPECIFIED.,.F.,.F.,(4,4),(7.18602787594668E-17,0.000770807265271738),
 .UNSPECIFIED.);
#48=B_SPLINE_CURVE_WITH_KNOTS('',3,(#6186,#6187,#6188,#6189),
 .UNSPECIFIED.,.F.,.F.,(4,4),(0.,0.000770807265271695),.UNSPECIFIED.);
#49=B_SPLINE_CURVE_WITH_KNOTS('',3,(#6195,#6196,#6197,#6198),
 .UNSPECIFIED.,.F.,.F.,(4,4),(0.,0.000770807265271716),.UNSPECIFIED.);
#50=B_SPLINE_CURVE_WITH_KNOTS('',3,(#6200,#6201,#6202,#6203),
 .UNSPECIFIED.,.F.,.F.,(4,4),(0.,0.000770807265271745),.UNSPECIFIED.);
#51=B_SPLINE_CURVE_WITH_KNOTS('',3,(#6209,#6210,#6211,#6212),
 .UNSPECIFIED.,.F.,.F.,(4,4),(0.,0.000770807265271547),.UNSPECIFIED.);
#52=B_SPLINE_CURVE_WITH_KNOTS('',3,(#6214,#6215,#6216,#6217),
 .UNSPECIFIED.,.F.,.F.,(4,4),(0.,0.000770807265271785),.UNSPECIFIED.);
#53=B_SPLINE_CURVE_WITH_KNOTS('',3,(#6223,#6224,#6225,#6226),
 .UNSPECIFIED.,.F.,.F.,(4,4),(0.,0.000770807265271717),.UNSPECIFIED.);
#54=B_SPLINE_CURVE_WITH_KNOTS('',3,(#6228,#6229,#6230,#6231),
 .UNSPECIFIED.,.F.,.F.,(4,4),(0.,0.000770807265271753),.UNSPECIFIED.);
#55=B_SPLINE_CURVE_WITH_KNOTS('',3,(#6237,#6238,#6239,#6240),
 .UNSPECIFIED.,.F.,.F.,(4,4),(5.85710057403812E-17,0.000770807265271762),
 .UNSPECIFIED.);
#56=B_SPLINE_CURVE_WITH_KNOTS('',3,(#6242,#6243,#6244,#6245),
 .UNSPECIFIED.,.F.,.F.,(4,4),(0.,0.000770807265271744),.UNSPECIFIED.);
#57=B_SPLINE_CURVE_WITH_KNOTS('',3,(#6251,#6252,#6253,#6254),
 .UNSPECIFIED.,.F.,.F.,(4,4),(0.,0.00077080726527188),.UNSPECIFIED.);
#58=B_SPLINE_CURVE_WITH_KNOTS('',3,(#6256,#6257,#6258,#6259),
 .UNSPECIFIED.,.F.,.F.,(4,4),(0.,0.000770807265271772),.UNSPECIFIED.);
#59=B_SPLINE_CURVE_WITH_KNOTS('',3,(#6265,#6266,#6267,#6268),
 .UNSPECIFIED.,.F.,.F.,(4,4),(0.,0.000770807265271667),.UNSPECIFIED.);
#60=B_SPLINE_CURVE_WITH_KNOTS('',3,(#6270,#6271,#6272,#6273),
 .UNSPECIFIED.,.F.,.F.,(4,4),(0.,0.000770807265271961),.UNSPECIFIED.);
#61=B_SPLINE_CURVE_WITH_KNOTS('',3,(#6279,#6280,#6281,#6282),
 .UNSPECIFIED.,.F.,.F.,(4,4),(0.,0.000770807265271555),.UNSPECIFIED.);
#62=B_SPLINE_CURVE_WITH_KNOTS('',3,(#6284,#6285,#6286,#6287),
 .UNSPECIFIED.,.F.,.F.,(4,4),(0.,0.000770807265271666),.UNSPECIFIED.);
#63=B_SPLINE_CURVE_WITH_KNOTS('',3,(#6293,#6294,#6295,#6296),
 .UNSPECIFIED.,.F.,.F.,(4,4),(0.,0.000770807265271731),.UNSPECIFIED.);
#64=B_SPLINE_CURVE_WITH_KNOTS('',3,(#6298,#6299,#6300,#6301),
 .UNSPECIFIED.,.F.,.F.,(4,4),(0.,0.000770807265271629),.UNSPECIFIED.);
#65=B_SPLINE_CURVE_WITH_KNOTS('',3,(#6307,#6308,#6309,#6310),
 .UNSPECIFIED.,.F.,.F.,(4,4),(0.,0.000770807265271427),.UNSPECIFIED.);
#66=B_SPLINE_CURVE_WITH_KNOTS('',3,(#6312,#6313,#6314,#6315),
 .UNSPECIFIED.,.F.,.F.,(4,4),(0.,0.000770807265271586),.UNSPECIFIED.);
#67=B_SPLINE_CURVE_WITH_KNOTS('',3,(#6321,#6322,#6323,#6324),
 .UNSPECIFIED.,.F.,.F.,(4,4),(0.,0.000770807265271722),.UNSPECIFIED.);
#68=B_SPLINE_CURVE_WITH_KNOTS('',3,(#6326,#6327,#6328,#6329),
 .UNSPECIFIED.,.F.,.F.,(4,4),(0.,0.000770807265271615),.UNSPECIFIED.);
#69=B_SPLINE_CURVE_WITH_KNOTS('',3,(#6335,#6336,#6337,#6338),
 .UNSPECIFIED.,.F.,.F.,(4,4),(0.,0.000770807265271826),.UNSPECIFIED.);
#70=B_SPLINE_CURVE_WITH_KNOTS('',3,(#6340,#6341,#6342,#6343),
 .UNSPECIFIED.,.F.,.F.,(4,4),(0.,0.000770807265271742),.UNSPECIFIED.);
#71=B_SPLINE_CURVE_WITH_KNOTS('',3,(#6349,#6350,#6351,#6352),
 .UNSPECIFIED.,.F.,.F.,(4,4),(0.,0.000770807265271844),.UNSPECIFIED.);
#72=B_SPLINE_CURVE_WITH_KNOTS('',3,(#6354,#6355,#6356,#6357),
 .UNSPECIFIED.,.F.,.F.,(4,4),(0.,0.000770807265271772),.UNSPECIFIED.);
#73=B_SPLINE_CURVE_WITH_KNOTS('',3,(#6363,#6364,#6365,#6366),
 .UNSPECIFIED.,.F.,.F.,(4,4),(0.,0.000770807265271404),.UNSPECIFIED.);
#74=B_SPLINE_CURVE_WITH_KNOTS('',3,(#6368,#6369,#6370,#6371),
 .UNSPECIFIED.,.F.,.F.,(4,4),(0.,0.000770807265271627),.UNSPECIFIED.);
#75=B_SPLINE_CURVE_WITH_KNOTS('',3,(#6377,#6378,#6379,#6380),
 .UNSPECIFIED.,.F.,.F.,(4,4),(0.,0.000770807265271602),.UNSPECIFIED.);
#76=B_SPLINE_CURVE_WITH_KNOTS('',3,(#6382,#6383,#6384,#6385),
 .UNSPECIFIED.,.F.,.F.,(4,4),(0.,0.000770807265271645),.UNSPECIFIED.);
#77=B_SPLINE_CURVE_WITH_KNOTS('',3,(#6391,#6392,#6393,#6394),
 .UNSPECIFIED.,.F.,.F.,(4,4),(0.,0.000770807265271627),.UNSPECIFIED.);
#78=B_SPLINE_CURVE_WITH_KNOTS('',3,(#6396,#6397,#6398,#6399),
 .UNSPECIFIED.,.F.,.F.,(4,4),(0.,0.000770807265271542),.UNSPECIFIED.);
#79=B_SPLINE_CURVE_WITH_KNOTS('',3,(#6405,#6406,#6407,#6408),
 .UNSPECIFIED.,.F.,.F.,(4,4),(0.,0.000770807265271543),.UNSPECIFIED.);
#80=B_SPLINE_CURVE_WITH_KNOTS('',3,(#6410,#6411,#6412,#6413),
 .UNSPECIFIED.,.F.,.F.,(4,4),(0.,0.000770807265271627),.UNSPECIFIED.);
#81=B_SPLINE_CURVE_WITH_KNOTS('',3,(#6419,#6420,#6421,#6422),
 .UNSPECIFIED.,.F.,.F.,(4,4),(0.,0.000770807265271687),.UNSPECIFIED.);
#82=B_SPLINE_CURVE_WITH_KNOTS('',3,(#6424,#6425,#6426,#6427),
 .UNSPECIFIED.,.F.,.F.,(4,4),(0.,0.000770807265271643),.UNSPECIFIED.);
#83=B_SPLINE_CURVE_WITH_KNOTS('',3,(#6433,#6434,#6435,#6436),
 .UNSPECIFIED.,.F.,.F.,(4,4),(3.72137609042132E-16,0.000770807265271595),
 .UNSPECIFIED.);
#84=B_SPLINE_CURVE_WITH_KNOTS('',3,(#6438,#6439,#6440,#6441),
 .UNSPECIFIED.,.F.,.F.,(4,4),(0.,0.000770807265271593),.UNSPECIFIED.);
#85=B_SPLINE_CURVE_WITH_KNOTS('',3,(#6447,#6448,#6449,#6450),
 .UNSPECIFIED.,.F.,.F.,(4,4),(0.,0.000770807265271432),.UNSPECIFIED.);
#86=B_SPLINE_CURVE_WITH_KNOTS('',3,(#6452,#6453,#6454,#6455),
 .UNSPECIFIED.,.F.,.F.,(4,4),(0.,0.000770807265271551),.UNSPECIFIED.);
#87=B_SPLINE_CURVE_WITH_KNOTS('',3,(#6461,#6462,#6463,#6464),
 .UNSPECIFIED.,.F.,.F.,(4,4),(0.,0.000770807265271632),.UNSPECIFIED.);
#88=B_SPLINE_CURVE_WITH_KNOTS('',3,(#6466,#6467,#6468,#6469),
 .UNSPECIFIED.,.F.,.F.,(4,4),(0.,0.000770807265271656),.UNSPECIFIED.);
#89=B_SPLINE_CURVE_WITH_KNOTS('',3,(#6475,#6476,#6477,#6478),
 .UNSPECIFIED.,.F.,.F.,(4,4),(0.,0.000770807265271623),.UNSPECIFIED.);
#90=B_SPLINE_CURVE_WITH_KNOTS('',3,(#6480,#6481,#6482,#6483),
 .UNSPECIFIED.,.F.,.F.,(4,4),(0.,0.00077080726527161),.UNSPECIFIED.);
#91=B_SPLINE_CURVE_WITH_KNOTS('',3,(#6489,#6490,#6491,#6492),
 .UNSPECIFIED.,.F.,.F.,(4,4),(0.,0.000770807265271693),.UNSPECIFIED.);
#92=B_SPLINE_CURVE_WITH_KNOTS('',3,(#6494,#6495,#6496,#6497),
 .UNSPECIFIED.,.F.,.F.,(4,4),(0.,0.000770807265271632),.UNSPECIFIED.);
#93=B_SPLINE_CURVE_WITH_KNOTS('',3,(#6503,#6504,#6505,#6506),
 .UNSPECIFIED.,.F.,.F.,(4,4),(0.,0.000770807265271514),.UNSPECIFIED.);
#94=B_SPLINE_CURVE_WITH_KNOTS('',3,(#6508,#6509,#6510,#6511),
 .UNSPECIFIED.,.F.,.F.,(4,4),(0.,0.000770807265271644),.UNSPECIFIED.);
#95=B_SPLINE_CURVE_WITH_KNOTS('',3,(#6517,#6518,#6519,#6520),
 .UNSPECIFIED.,.F.,.F.,(4,4),(0.,0.000770807265271589),.UNSPECIFIED.);
#96=B_SPLINE_CURVE_WITH_KNOTS('',3,(#6522,#6523,#6524,#6525),
 .UNSPECIFIED.,.F.,.F.,(4,4),(0.,0.000770807265271588),.UNSPECIFIED.);
#97=B_SPLINE_CURVE_WITH_KNOTS('',3,(#6531,#6532,#6533,#6534),
 .UNSPECIFIED.,.F.,.F.,(4,4),(0.,0.000770807265271613),.UNSPECIFIED.);
#98=B_SPLINE_CURVE_WITH_KNOTS('',3,(#6536,#6537,#6538,#6539),
 .UNSPECIFIED.,.F.,.F.,(4,4),(0.,0.000770807265271649),.UNSPECIFIED.);
#99=B_SPLINE_CURVE_WITH_KNOTS('',3,(#6545,#6546,#6547,#6548),
 .UNSPECIFIED.,.F.,.F.,(4,4),(0.,0.000770807265271765),.UNSPECIFIED.);
#100=B_SPLINE_CURVE_WITH_KNOTS('',3,(#6550,#6551,#6552,#6553),
 .UNSPECIFIED.,.F.,.F.,(4,4),(0.,0.000770807265271566),.UNSPECIFIED.);
#101=B_SPLINE_CURVE_WITH_KNOTS('',3,(#6559,#6560,#6561,#6562),
 .UNSPECIFIED.,.F.,.F.,(4,4),(0.,0.000770807265271637),.UNSPECIFIED.);
#102=B_SPLINE_CURVE_WITH_KNOTS('',3,(#6564,#6565,#6566,#6567),
 .UNSPECIFIED.,.F.,.F.,(4,4),(0.,0.000770807265271742),.UNSPECIFIED.);
#103=B_SPLINE_CURVE_WITH_KNOTS('',3,(#6573,#6574,#6575,#6576),
 .UNSPECIFIED.,.F.,.F.,(4,4),(0.,0.0007708072652716),.UNSPECIFIED.);
#104=B_SPLINE_CURVE_WITH_KNOTS('',3,(#6578,#6579,#6580,#6581),
 .UNSPECIFIED.,.F.,.F.,(4,4),(0.,0.000770807265271572),.UNSPECIFIED.);
#105=B_SPLINE_CURVE_WITH_KNOTS('',3,(#6587,#6588,#6589,#6590),
 .UNSPECIFIED.,.F.,.F.,(4,4),(0.,0.000770807265271596),.UNSPECIFIED.);
#106=B_SPLINE_CURVE_WITH_KNOTS('',3,(#6592,#6593,#6594,#6595),
 .UNSPECIFIED.,.F.,.F.,(4,4),(0.,0.000770807265271636),.UNSPECIFIED.);
#107=B_SPLINE_CURVE_WITH_KNOTS('',3,(#6601,#6602,#6603,#6604),
 .UNSPECIFIED.,.F.,.F.,(4,4),(0.,0.0007708072652717),.UNSPECIFIED.);
#108=B_SPLINE_CURVE_WITH_KNOTS('',3,(#6606,#6607,#6608,#6609),
 .UNSPECIFIED.,.F.,.F.,(4,4),(0.,0.000770807265271757),.UNSPECIFIED.);
#109=B_SPLINE_CURVE_WITH_KNOTS('',3,(#6615,#6616,#6617,#6618),
 .UNSPECIFIED.,.F.,.F.,(4,4),(0.,0.000770807265271667),.UNSPECIFIED.);
#110=B_SPLINE_CURVE_WITH_KNOTS('',3,(#6620,#6621,#6622,#6623),
 .UNSPECIFIED.,.F.,.F.,(4,4),(3.73670872517614E-17,0.000770807265271707),
 .UNSPECIFIED.);
#111=B_SPLINE_CURVE_WITH_KNOTS('',3,(#6629,#6630,#6631,#6632),
 .UNSPECIFIED.,.F.,.F.,(4,4),(0.,0.00077080726527164),.UNSPECIFIED.);
#112=B_SPLINE_CURVE_WITH_KNOTS('',3,(#6634,#6635,#6636,#6637),
 .UNSPECIFIED.,.F.,.F.,(4,4),(0.,0.000770807265271595),.UNSPECIFIED.);
#113=B_SPLINE_CURVE_WITH_KNOTS('',3,(#6643,#6644,#6645,#6646),
 .UNSPECIFIED.,.F.,.F.,(4,4),(6.50925946452584E-17,0.000770807265271643),
 .UNSPECIFIED.);
#114=B_SPLINE_CURVE_WITH_KNOTS('',3,(#6648,#6649,#6650,#6651),
 .UNSPECIFIED.,.F.,.F.,(4,4),(0.,0.000770807265271514),.UNSPECIFIED.);
#115=B_SPLINE_CURVE_WITH_KNOTS('',3,(#6657,#6658,#6659,#6660),
 .UNSPECIFIED.,.F.,.F.,(4,4),(0.,0.000770807265271587),.UNSPECIFIED.);
#116=B_SPLINE_CURVE_WITH_KNOTS('',3,(#6662,#6663,#6664,#6665),
 .UNSPECIFIED.,.F.,.F.,(4,4),(0.,0.000770807265271665),.UNSPECIFIED.);
#117=B_SPLINE_CURVE_WITH_KNOTS('',3,(#6671,#6672,#6673,#6674),
 .UNSPECIFIED.,.F.,.F.,(4,4),(0.,0.000770807265271595),.UNSPECIFIED.);
#118=B_SPLINE_CURVE_WITH_KNOTS('',3,(#6676,#6677,#6678,#6679),
 .UNSPECIFIED.,.F.,.F.,(4,4),(0.,0.000770807265271582),.UNSPECIFIED.);
#119=B_SPLINE_CURVE_WITH_KNOTS('',3,(#6685,#6686,#6687,#6688),
 .UNSPECIFIED.,.F.,.F.,(4,4),(0.,0.000770807265271618),.UNSPECIFIED.);
#120=B_SPLINE_CURVE_WITH_KNOTS('',3,(#6690,#6691,#6692,#6693),
 .UNSPECIFIED.,.F.,.F.,(4,4),(0.,0.000770807265271704),.UNSPECIFIED.);
#121=B_SPLINE_CURVE_WITH_KNOTS('',3,(#6699,#6700,#6701,#6702),
 .UNSPECIFIED.,.F.,.F.,(4,4),(0.,0.000770807265271609),.UNSPECIFIED.);
#122=B_SPLINE_CURVE_WITH_KNOTS('',3,(#6704,#6705,#6706,#6707),
 .UNSPECIFIED.,.F.,.F.,(4,4),(0.,0.000770807265271473),.UNSPECIFIED.);
#123=B_SPLINE_CURVE_WITH_KNOTS('',3,(#6713,#6714,#6715,#6716),
 .UNSPECIFIED.,.F.,.F.,(4,4),(0.,0.000770807265271655),.UNSPECIFIED.);
#124=B_SPLINE_CURVE_WITH_KNOTS('',3,(#6718,#6719,#6720,#6721),
 .UNSPECIFIED.,.F.,.F.,(4,4),(0.,0.000770807265271588),.UNSPECIFIED.);
#125=B_SPLINE_CURVE_WITH_KNOTS('',3,(#6727,#6728,#6729,#6730),
 .UNSPECIFIED.,.F.,.F.,(4,4),(0.,0.000770807265271662),.UNSPECIFIED.);
#126=B_SPLINE_CURVE_WITH_KNOTS('',3,(#6732,#6733,#6734,#6735),
 .UNSPECIFIED.,.F.,.F.,(4,4),(0.,0.000770807265271614),.UNSPECIFIED.);
#127=B_SPLINE_CURVE_WITH_KNOTS('',3,(#6741,#6742,#6743,#6744),
 .UNSPECIFIED.,.F.,.F.,(4,4),(0.,0.000770807265271674),.UNSPECIFIED.);
#128=B_SPLINE_CURVE_WITH_KNOTS('',3,(#6746,#6747,#6748,#6749),
 .UNSPECIFIED.,.F.,.F.,(4,4),(0.,0.000770807265271701),.UNSPECIFIED.);
#129=B_SPLINE_CURVE_WITH_KNOTS('',3,(#6755,#6756,#6757,#6758),
 .UNSPECIFIED.,.F.,.F.,(4,4),(0.,0.000770807265271632),.UNSPECIFIED.);
#130=B_SPLINE_CURVE_WITH_KNOTS('',3,(#6760,#6761,#6762,#6763),
 .UNSPECIFIED.,.F.,.F.,(4,4),(0.,0.000770807265271662),.UNSPECIFIED.);
#131=B_SPLINE_CURVE_WITH_KNOTS('',3,(#6769,#6770,#6771,#6772),
 .UNSPECIFIED.,.F.,.F.,(4,4),(7.37614539776294E-17,0.000770807265271724),
 .UNSPECIFIED.);
#132=B_SPLINE_CURVE_WITH_KNOTS('',3,(#6774,#6775,#6776,#6777),
 .UNSPECIFIED.,.F.,.F.,(4,4),(0.,0.000770807265271755),.UNSPECIFIED.);
#133=B_SPLINE_CURVE_WITH_KNOTS('',3,(#6783,#6784,#6785,#6786),
 .UNSPECIFIED.,.F.,.F.,(4,4),(7.152448122691E-17,0.00077080726527166),
 .UNSPECIFIED.);
#134=B_SPLINE_CURVE_WITH_KNOTS('',3,(#6788,#6789,#6790,#6791),
 .UNSPECIFIED.,.F.,.F.,(4,4),(0.,0.000770807265271735),.UNSPECIFIED.);
#135=B_SPLINE_CURVE_WITH_KNOTS('',3,(#6797,#6798,#6799,#6800),
 .UNSPECIFIED.,.F.,.F.,(4,4),(0.,0.000770807265271704),.UNSPECIFIED.);
#136=B_SPLINE_CURVE_WITH_KNOTS('',3,(#6802,#6803,#6804,#6805),
 .UNSPECIFIED.,.F.,.F.,(4,4),(0.,0.000770807265271591),.UNSPECIFIED.);
#137=B_SPLINE_CURVE_WITH_KNOTS('',3,(#6811,#6812,#6813,#6814),
 .UNSPECIFIED.,.F.,.F.,(4,4),(0.,0.000770807265271661),.UNSPECIFIED.);
#138=B_SPLINE_CURVE_WITH_KNOTS('',3,(#6816,#6817,#6818,#6819),
 .UNSPECIFIED.,.F.,.F.,(4,4),(0.,0.000770807265271738),.UNSPECIFIED.);
#139=B_SPLINE_CURVE_WITH_KNOTS('',3,(#6825,#6826,#6827,#6828),
 .UNSPECIFIED.,.F.,.F.,(4,4),(7.88106850030428E-17,0.000770807265271657),
 .UNSPECIFIED.);
#140=B_SPLINE_CURVE_WITH_KNOTS('',3,(#6830,#6831,#6832,#6833),
 .UNSPECIFIED.,.F.,.F.,(4,4),(0.,0.000770807265271671),.UNSPECIFIED.);
#141=B_SPLINE_CURVE_WITH_KNOTS('',3,(#6839,#6840,#6841,#6842),
 .UNSPECIFIED.,.F.,.F.,(4,4),(0.,0.000770807265271683),.UNSPECIFIED.);
#142=B_SPLINE_CURVE_WITH_KNOTS('',3,(#6844,#6845,#6846,#6847),
 .UNSPECIFIED.,.F.,.F.,(4,4),(0.,0.000770807265271643),.UNSPECIFIED.);
#143=B_SPLINE_CURVE_WITH_KNOTS('',3,(#6853,#6854,#6855,#6856),
 .UNSPECIFIED.,.F.,.F.,(4,4),(0.,0.000770807265271714),.UNSPECIFIED.);
#144=B_SPLINE_CURVE_WITH_KNOTS('',3,(#6858,#6859,#6860,#6861),
 .UNSPECIFIED.,.F.,.F.,(4,4),(0.,0.000770807265271715),.UNSPECIFIED.);
#145=B_SPLINE_CURVE_WITH_KNOTS('',3,(#6867,#6868,#6869,#6870),
 .UNSPECIFIED.,.F.,.F.,(4,4),(0.,0.000770807265271628),.UNSPECIFIED.);
#146=B_SPLINE_CURVE_WITH_KNOTS('',3,(#6872,#6873,#6874,#6875),
 .UNSPECIFIED.,.F.,.F.,(4,4),(0.,0.000770807265271772),.UNSPECIFIED.);
#147=B_SPLINE_CURVE_WITH_KNOTS('',3,(#6881,#6882,#6883,#6884),
 .UNSPECIFIED.,.F.,.F.,(4,4),(0.,0.0007708072652717),.UNSPECIFIED.);
#148=B_SPLINE_CURVE_WITH_KNOTS('',3,(#6886,#6887,#6888,#6889),
 .UNSPECIFIED.,.F.,.F.,(4,4),(3.73670872517614E-17,0.000770807265271738),
 .UNSPECIFIED.);
#149=B_SPLINE_CURVE_WITH_KNOTS('',3,(#6895,#6896,#6897,#6898),
 .UNSPECIFIED.,.F.,.F.,(4,4),(0.,0.000770807265271545),.UNSPECIFIED.);
#150=B_SPLINE_CURVE_WITH_KNOTS('',3,(#6900,#6901,#6902,#6903),
 .UNSPECIFIED.,.F.,.F.,(4,4),(0.,0.000770807265271665),.UNSPECIFIED.);
#151=B_SPLINE_CURVE_WITH_KNOTS('',3,(#6909,#6910,#6911,#6912),
 .UNSPECIFIED.,.F.,.F.,(4,4),(0.,0.000770807265271695),.UNSPECIFIED.);
#152=B_SPLINE_CURVE_WITH_KNOTS('',3,(#6914,#6915,#6916,#6917),
 .UNSPECIFIED.,.F.,.F.,(4,4),(0.,0.000770807265271674),.UNSPECIFIED.);
#153=B_SPLINE_CURVE_WITH_KNOTS('',3,(#6923,#6924,#6925,#6926),
 .UNSPECIFIED.,.F.,.F.,(4,4),(0.,0.000387017508345348),.UNSPECIFIED.);
#154=B_SPLINE_CURVE_WITH_KNOTS('',3,(#6928,#6929,#6930,#6931),
 .UNSPECIFIED.,.F.,.F.,(4,4),(0.,0.000386437886834394),.UNSPECIFIED.);
#155=B_SPLINE_CURVE_WITH_KNOTS('',3,(#6933,#6934,#6935,#6936),
 .UNSPECIFIED.,.F.,.F.,(4,4),(0.,0.000770807265271608),.UNSPECIFIED.);
#156=B_SPLINE_CURVE_WITH_KNOTS('',3,(#6942,#6943,#6944,#6945),
 .UNSPECIFIED.,.F.,.F.,(4,4),(0.,0.000770807265271529),.UNSPECIFIED.);
#157=B_SPLINE_CURVE_WITH_KNOTS('',3,(#6947,#6948,#6949,#6950),
 .UNSPECIFIED.,.F.,.F.,(4,4),(0.,0.000770807265271504),.UNSPECIFIED.);
#158=B_SPLINE_CURVE_WITH_KNOTS('',3,(#6956,#6957,#6958,#6959),
 .UNSPECIFIED.,.F.,.F.,(4,4),(0.,0.000770807265271706),.UNSPECIFIED.);
#159=B_SPLINE_CURVE_WITH_KNOTS('',3,(#6961,#6962,#6963,#6964),
 .UNSPECIFIED.,.F.,.F.,(4,4),(0.,0.000770807265271615),.UNSPECIFIED.);
#160=B_SPLINE_CURVE_WITH_KNOTS('',3,(#6970,#6971,#6972,#6973),
 .UNSPECIFIED.,.F.,.F.,(4,4),(0.,0.000770807265271618),.UNSPECIFIED.);
#161=B_SPLINE_CURVE_WITH_KNOTS('',3,(#6975,#6976,#6977,#6978),
 .UNSPECIFIED.,.F.,.F.,(4,4),(0.,0.000770807265271652),.UNSPECIFIED.);
#162=B_SPLINE_CURVE_WITH_KNOTS('',3,(#6984,#6985,#6986,#6987),
 .UNSPECIFIED.,.F.,.F.,(4,4),(0.,0.000770807265271566),.UNSPECIFIED.);
#163=B_SPLINE_CURVE_WITH_KNOTS('',3,(#6989,#6990,#6991,#6992),
 .UNSPECIFIED.,.F.,.F.,(4,4),(0.,0.000770807265271685),.UNSPECIFIED.);
#164=B_SPLINE_CURVE_WITH_KNOTS('',3,(#6998,#6999,#7000,#7001),
 .UNSPECIFIED.,.F.,.F.,(4,4),(0.,0.000770807265271615),.UNSPECIFIED.);
#165=B_SPLINE_CURVE_WITH_KNOTS('',3,(#7003,#7004,#7005,#7006),
 .UNSPECIFIED.,.F.,.F.,(4,4),(0.,0.000770807265271573),.UNSPECIFIED.);
#166=B_SPLINE_CURVE_WITH_KNOTS('',3,(#7012,#7013,#7014,#7015),
 .UNSPECIFIED.,.F.,.F.,(4,4),(0.,0.000770807265271729),.UNSPECIFIED.);
#167=B_SPLINE_CURVE_WITH_KNOTS('',3,(#7017,#7018,#7019,#7020),
 .UNSPECIFIED.,.F.,.F.,(4,4),(0.,0.000770807265271611),.UNSPECIFIED.);
#168=B_SPLINE_CURVE_WITH_KNOTS('',3,(#7026,#7027,#7028,#7029),
 .UNSPECIFIED.,.F.,.F.,(4,4),(0.,0.000770807265271513),.UNSPECIFIED.);
#169=B_SPLINE_CURVE_WITH_KNOTS('',3,(#7031,#7032,#7033,#7034),
 .UNSPECIFIED.,.F.,.F.,(4,4),(0.,0.000770807265271616),.UNSPECIFIED.);
#170=B_SPLINE_CURVE_WITH_KNOTS('',3,(#7040,#7041,#7042,#7043),
 .UNSPECIFIED.,.F.,.F.,(4,4),(0.,0.000770807265271601),.UNSPECIFIED.);
#171=B_SPLINE_CURVE_WITH_KNOTS('',3,(#7045,#7046,#7047,#7048),
 .UNSPECIFIED.,.F.,.F.,(4,4),(0.,0.000770807265271721),.UNSPECIFIED.);
#172=B_SPLINE_CURVE_WITH_KNOTS('',3,(#7054,#7055,#7056,#7057),
 .UNSPECIFIED.,.F.,.F.,(4,4),(0.,0.000770807265271656),.UNSPECIFIED.);
#173=B_SPLINE_CURVE_WITH_KNOTS('',3,(#7059,#7060,#7061,#7062),
 .UNSPECIFIED.,.F.,.F.,(4,4),(0.,0.000770807265271652),.UNSPECIFIED.);
#174=B_SPLINE_CURVE_WITH_KNOTS('',3,(#7068,#7069,#7070,#7071),
 .UNSPECIFIED.,.F.,.F.,(4,4),(0.,0.00077080726527169),.UNSPECIFIED.);
#175=B_SPLINE_CURVE_WITH_KNOTS('',3,(#7073,#7074,#7075,#7076),
 .UNSPECIFIED.,.F.,.F.,(4,4),(0.,0.000770807265271693),.UNSPECIFIED.);
#176=B_SPLINE_CURVE_WITH_KNOTS('',3,(#7082,#7083,#7084,#7085),
 .UNSPECIFIED.,.F.,.F.,(4,4),(0.,0.000770807265271659),.UNSPECIFIED.);
#177=B_SPLINE_CURVE_WITH_KNOTS('',3,(#7087,#7088,#7089,#7090),
 .UNSPECIFIED.,.F.,.F.,(4,4),(0.,0.000770807265271629),.UNSPECIFIED.);
#178=B_SPLINE_CURVE_WITH_KNOTS('',3,(#7096,#7097,#7098,#7099),
 .UNSPECIFIED.,.F.,.F.,(4,4),(0.,0.000770807265271579),.UNSPECIFIED.);
#179=B_SPLINE_CURVE_WITH_KNOTS('',3,(#7101,#7102,#7103,#7104),
 .UNSPECIFIED.,.F.,.F.,(4,4),(0.,0.000770807265271676),.UNSPECIFIED.);
#180=B_SPLINE_CURVE_WITH_KNOTS('',3,(#7110,#7111,#7112,#7113),
 .UNSPECIFIED.,.F.,.F.,(4,4),(0.,0.000770807265271612),.UNSPECIFIED.);
#181=B_SPLINE_CURVE_WITH_KNOTS('',3,(#7115,#7116,#7117,#7118),
 .UNSPECIFIED.,.F.,.F.,(4,4),(0.,0.000770807265271615),.UNSPECIFIED.);
#182=B_SPLINE_CURVE_WITH_KNOTS('',3,(#7124,#7125,#7126,#7127),
 .UNSPECIFIED.,.F.,.F.,(4,4),(0.,0.000770807265271586),.UNSPECIFIED.);
#183=B_SPLINE_CURVE_WITH_KNOTS('',3,(#7129,#7130,#7131,#7132),
 .UNSPECIFIED.,.F.,.F.,(4,4),(0.,0.000770807265271648),.UNSPECIFIED.);
#184=B_SPLINE_CURVE_WITH_KNOTS('',3,(#7138,#7139,#7140,#7141),
 .UNSPECIFIED.,.F.,.F.,(4,4),(0.,0.000770807265271651),.UNSPECIFIED.);
#185=B_SPLINE_CURVE_WITH_KNOTS('',3,(#7143,#7144,#7145,#7146),
 .UNSPECIFIED.,.F.,.F.,(4,4),(0.,0.000770807265271654),.UNSPECIFIED.);
#186=B_SPLINE_CURVE_WITH_KNOTS('',3,(#7152,#7153,#7154,#7155),
 .UNSPECIFIED.,.F.,.F.,(4,4),(0.,0.000770807265271607),.UNSPECIFIED.);
#187=B_SPLINE_CURVE_WITH_KNOTS('',3,(#7157,#7158,#7159,#7160),
 .UNSPECIFIED.,.F.,.F.,(4,4),(0.,0.000770807265271583),.UNSPECIFIED.);
#188=B_SPLINE_CURVE_WITH_KNOTS('',3,(#7166,#7167,#7168,#7169),
 .UNSPECIFIED.,.F.,.F.,(4,4),(0.,0.000770807265271512),.UNSPECIFIED.);
#189=B_SPLINE_CURVE_WITH_KNOTS('',3,(#7171,#7172,#7173,#7174),
 .UNSPECIFIED.,.F.,.F.,(4,4),(0.,0.000770807265271615),.UNSPECIFIED.);
#190=B_SPLINE_CURVE_WITH_KNOTS('',3,(#7180,#7181,#7182,#7183),
 .UNSPECIFIED.,.F.,.F.,(4,4),(0.,0.000770807265271556),.UNSPECIFIED.);
#191=B_SPLINE_CURVE_WITH_KNOTS('',3,(#7185,#7186,#7187,#7188),
 .UNSPECIFIED.,.F.,.F.,(4,4),(0.,0.00077080726527172),.UNSPECIFIED.);
#192=B_SPLINE_CURVE_WITH_KNOTS('',3,(#7192,#7193,#7194,#7195),
 .UNSPECIFIED.,.F.,.F.,(4,4),(4.66766349428497E-17,0.000770807265271665),
 .UNSPECIFIED.);
#193=B_SPLINE_CURVE_WITH_KNOTS('',3,(#7197,#7198,#7199,#7200),
 .UNSPECIFIED.,.F.,.F.,(4,4),(0.,0.000770807265271593),.UNSPECIFIED.);
#194=CYLINDRICAL_SURFACE('',#4261,0.003);
#195=LINE('',#5562,#559);
#196=LINE('',#5570,#560);
#197=LINE('',#5572,#561);
#198=LINE('',#5573,#562);
#199=LINE('',#5576,#563);
#200=LINE('',#5579,#564);
#201=LINE('',#5581,#565);
#202=LINE('',#5588,#566);
#203=LINE('',#5595,#567);
#204=LINE('',#5597,#568);
#205=LINE('',#5599,#569);
#206=LINE('',#5601,#570);
#207=LINE('',#5603,#571);
#208=LINE('',#5605,#572);
#209=LINE('',#5607,#573);
#210=LINE('',#5609,#574);
#211=LINE('',#5611,#575);
#212=LINE('',#5613,#576);
#213=LINE('',#5615,#577);
#214=LINE('',#5617,#578);
#215=LINE('',#5619,#579);
#216=LINE('',#5621,#580);
#217=LINE('',#5623,#581);
#218=LINE('',#5625,#582);
#219=LINE('',#5627,#583);
#220=LINE('',#5629,#584);
#221=LINE('',#5631,#585);
#222=LINE('',#5633,#586);
#223=LINE('',#5635,#587);
#224=LINE('',#5637,#588);
#225=LINE('',#5639,#589);
#226=LINE('',#5641,#590);
#227=LINE('',#5643,#591);
#228=LINE('',#5645,#592);
#229=LINE('',#5647,#593);
#230=LINE('',#5649,#594);
#231=LINE('',#5651,#595);
#232=LINE('',#5653,#596);
#233=LINE('',#5655,#597);
#234=LINE('',#5657,#598);
#235=LINE('',#5659,#599);
#236=LINE('',#5661,#600);
#237=LINE('',#5663,#601);
#238=LINE('',#5665,#602);
#239=LINE('',#5667,#603);
#240=LINE('',#5669,#604);
#241=LINE('',#5671,#605);
#242=LINE('',#5673,#606);
#243=LINE('',#5675,#607);
#244=LINE('',#5677,#608);
#245=LINE('',#5679,#609);
#246=LINE('',#5681,#610);
#247=LINE('',#5683,#611);
#248=LINE('',#5685,#612);
#249=LINE('',#5687,#613);
#250=LINE('',#5689,#614);
#251=LINE('',#5691,#615);
#252=LINE('',#5693,#616);
#253=LINE('',#5695,#617);
#254=LINE('',#5697,#618);
#255=LINE('',#5699,#619);
#256=LINE('',#5701,#620);
#257=LINE('',#5703,#621);
#258=LINE('',#5705,#622);
#259=LINE('',#5707,#623);
#260=LINE('',#5709,#624);
#261=LINE('',#5711,#625);
#262=LINE('',#5713,#626);
#263=LINE('',#5715,#627);
#264=LINE('',#5717,#628);
#265=LINE('',#5719,#629);
#266=LINE('',#5721,#630);
#267=LINE('',#5723,#631);
#268=LINE('',#5725,#632);
#269=LINE('',#5727,#633);
#270=LINE('',#5729,#634);
#271=LINE('',#5731,#635);
#272=LINE('',#5733,#636);
#273=LINE('',#5735,#637);
#274=LINE('',#5737,#638);
#275=LINE('',#5739,#639);
#276=LINE('',#5741,#640);
#277=LINE('',#5743,#641);
#278=LINE('',#5745,#642);
#279=LINE('',#5747,#643);
#280=LINE('',#5749,#644);
#281=LINE('',#5751,#645);
#282=LINE('',#5753,#646);
#283=LINE('',#5755,#647);
#284=LINE('',#5757,#648);
#285=LINE('',#5759,#649);
#286=LINE('',#5761,#650);
#287=LINE('',#5763,#651);
#288=LINE('',#5765,#652);
#289=LINE('',#5767,#653);
#290=LINE('',#5769,#654);
#291=LINE('',#5771,#655);
#292=LINE('',#5773,#656);
#293=LINE('',#5775,#657);
#294=LINE('',#5777,#658);
#295=LINE('',#5779,#659);
#296=LINE('',#5781,#660);
#297=LINE('',#5783,#661);
#298=LINE('',#5785,#662);
#299=LINE('',#5787,#663);
#300=LINE('',#5789,#664);
#301=LINE('',#5791,#665);
#302=LINE('',#5793,#666);
#303=LINE('',#5795,#667);
#304=LINE('',#5797,#668);
#305=LINE('',#5799,#669);
#306=LINE('',#5801,#670);
#307=LINE('',#5803,#671);
#308=LINE('',#5805,#672);
#309=LINE('',#5807,#673);
#310=LINE('',#5809,#674);
#311=LINE('',#5811,#675);
#312=LINE('',#5813,#676);
#313=LINE('',#5815,#677);
#314=LINE('',#5817,#678);
#315=LINE('',#5819,#679);
#316=LINE('',#5821,#680);
#317=LINE('',#5823,#681);
#318=LINE('',#5825,#682);
#319=LINE('',#5827,#683);
#320=LINE('',#5829,#684);
#321=LINE('',#5831,#685);
#322=LINE('',#5833,#686);
#323=LINE('',#5835,#687);
#324=LINE('',#5837,#688);
#325=LINE('',#5839,#689);
#326=LINE('',#5841,#690);
#327=LINE('',#5843,#691);
#328=LINE('',#5845,#692);
#329=LINE('',#5847,#693);
#330=LINE('',#5849,#694);
#331=LINE('',#5851,#695);
#332=LINE('',#5853,#696);
#333=LINE('',#5855,#697);
#334=LINE('',#5857,#698);
#335=LINE('',#5859,#699);
#336=LINE('',#5861,#700);
#337=LINE('',#5863,#701);
#338=LINE('',#5865,#702);
#339=LINE('',#5867,#703);
#340=LINE('',#5869,#704);
#341=LINE('',#5871,#705);
#342=LINE('',#5873,#706);
#343=LINE('',#5875,#707);
#344=LINE('',#5877,#708);
#345=LINE('',#5879,#709);
#346=LINE('',#5881,#710);
#347=LINE('',#5883,#711);
#348=LINE('',#5885,#712);
#349=LINE('',#5887,#713);
#350=LINE('',#5889,#714);
#351=LINE('',#5891,#715);
#352=LINE('',#5893,#716);
#353=LINE('',#5895,#717);
#354=LINE('',#5897,#718);
#355=LINE('',#5899,#719);
#356=LINE('',#5901,#720);
#357=LINE('',#5903,#721);
#358=LINE('',#5905,#722);
#359=LINE('',#5907,#723);
#360=LINE('',#5909,#724);
#361=LINE('',#5911,#725);
#362=LINE('',#5913,#726);
#363=LINE('',#5915,#727);
#364=LINE('',#5917,#728);
#365=LINE('',#5919,#729);
#366=LINE('',#5921,#730);
#367=LINE('',#5923,#731);
#368=LINE('',#5925,#732);
#369=LINE('',#5927,#733);
#370=LINE('',#5929,#734);
#371=LINE('',#5931,#735);
#372=LINE('',#5933,#736);
#373=LINE('',#5935,#737);
#374=LINE('',#5937,#738);
#375=LINE('',#5939,#739);
#376=LINE('',#5941,#740);
#377=LINE('',#5943,#741);
#378=LINE('',#5945,#742);
#379=LINE('',#5947,#743);
#380=LINE('',#5949,#744);
#381=LINE('',#5951,#745);
#382=LINE('',#5953,#746);
#383=LINE('',#5955,#747);
#384=LINE('',#5967,#748);
#385=LINE('',#5969,#749);
#386=LINE('',#5981,#750);
#387=LINE('',#5983,#751);
#388=LINE('',#5995,#752);
#389=LINE('',#5997,#753);
#390=LINE('',#6009,#754);
#391=LINE('',#6011,#755);
#392=LINE('',#6023,#756);
#393=LINE('',#6025,#757);
#394=LINE('',#6037,#758);
#395=LINE('',#6039,#759);
#396=LINE('',#6051,#760);
#397=LINE('',#6053,#761);
#398=LINE('',#6065,#762);
#399=LINE('',#6067,#763);
#400=LINE('',#6079,#764);
#401=LINE('',#6081,#765);
#402=LINE('',#6093,#766);
#403=LINE('',#6095,#767);
#404=LINE('',#6107,#768);
#405=LINE('',#6109,#769);
#406=LINE('',#6121,#770);
#407=LINE('',#6123,#771);
#408=LINE('',#6135,#772);
#409=LINE('',#6137,#773);
#410=LINE('',#6149,#774);
#411=LINE('',#6151,#775);
#412=LINE('',#6163,#776);
#413=LINE('',#6165,#777);
#414=LINE('',#6177,#778);
#415=LINE('',#6179,#779);
#416=LINE('',#6191,#780);
#417=LINE('',#6193,#781);
#418=LINE('',#6205,#782);
#419=LINE('',#6207,#783);
#420=LINE('',#6219,#784);
#421=LINE('',#6221,#785);
#422=LINE('',#6233,#786);
#423=LINE('',#6235,#787);
#424=LINE('',#6247,#788);
#425=LINE('',#6249,#789);
#426=LINE('',#6261,#790);
#427=LINE('',#6263,#791);
#428=LINE('',#6275,#792);
#429=LINE('',#6277,#793);
#430=LINE('',#6289,#794);
#431=LINE('',#6291,#795);
#432=LINE('',#6303,#796);
#433=LINE('',#6305,#797);
#434=LINE('',#6317,#798);
#435=LINE('',#6319,#799);
#436=LINE('',#6331,#800);
#437=LINE('',#6333,#801);
#438=LINE('',#6345,#802);
#439=LINE('',#6347,#803);
#440=LINE('',#6359,#804);
#441=LINE('',#6361,#805);
#442=LINE('',#6373,#806);
#443=LINE('',#6375,#807);
#444=LINE('',#6387,#808);
#445=LINE('',#6389,#809);
#446=LINE('',#6401,#810);
#447=LINE('',#6403,#811);
#448=LINE('',#6415,#812);
#449=LINE('',#6417,#813);
#450=LINE('',#6429,#814);
#451=LINE('',#6431,#815);
#452=LINE('',#6443,#816);
#453=LINE('',#6445,#817);
#454=LINE('',#6457,#818);
#455=LINE('',#6459,#819);
#456=LINE('',#6471,#820);
#457=LINE('',#6473,#821);
#458=LINE('',#6485,#822);
#459=LINE('',#6487,#823);
#460=LINE('',#6499,#824);
#461=LINE('',#6501,#825);
#462=LINE('',#6513,#826);
#463=LINE('',#6515,#827);
#464=LINE('',#6527,#828);
#465=LINE('',#6529,#829);
#466=LINE('',#6541,#830);
#467=LINE('',#6543,#831);
#468=LINE('',#6555,#832);
#469=LINE('',#6557,#833);
#470=LINE('',#6569,#834);
#471=LINE('',#6571,#835);
#472=LINE('',#6583,#836);
#473=LINE('',#6585,#837);
#474=LINE('',#6597,#838);
#475=LINE('',#6599,#839);
#476=LINE('',#6611,#840);
#477=LINE('',#6613,#841);
#478=LINE('',#6625,#842);
#479=LINE('',#6627,#843);
#480=LINE('',#6639,#844);
#481=LINE('',#6641,#845);
#482=LINE('',#6653,#846);
#483=LINE('',#6655,#847);
#484=LINE('',#6667,#848);
#485=LINE('',#6669,#849);
#486=LINE('',#6681,#850);
#487=LINE('',#6683,#851);
#488=LINE('',#6695,#852);
#489=LINE('',#6697,#853);
#490=LINE('',#6709,#854);
#491=LINE('',#6711,#855);
#492=LINE('',#6723,#856);
#493=LINE('',#6725,#857);
#494=LINE('',#6737,#858);
#495=LINE('',#6739,#859);
#496=LINE('',#6751,#860);
#497=LINE('',#6753,#861);
#498=LINE('',#6765,#862);
#499=LINE('',#6767,#863);
#500=LINE('',#6779,#864);
#501=LINE('',#6781,#865);
#502=LINE('',#6793,#866);
#503=LINE('',#6795,#867);
#504=LINE('',#6807,#868);
#505=LINE('',#6809,#869);
#506=LINE('',#6821,#870);
#507=LINE('',#6823,#871);
#508=LINE('',#6835,#872);
#509=LINE('',#6837,#873);
#510=LINE('',#6849,#874);
#511=LINE('',#6851,#875);
#512=LINE('',#6863,#876);
#513=LINE('',#6865,#877);
#514=LINE('',#6877,#878);
#515=LINE('',#6879,#879);
#516=LINE('',#6891,#880);
#517=LINE('',#6893,#881);
#518=LINE('',#6905,#882);
#519=LINE('',#6907,#883);
#520=LINE('',#6919,#884);
#521=LINE('',#6921,#885);
#522=LINE('',#6938,#886);
#523=LINE('',#6940,#887);
#524=LINE('',#6952,#888);
#525=LINE('',#6954,#889);
#526=LINE('',#6966,#890);
#527=LINE('',#6968,#891);
#528=LINE('',#6980,#892);
#529=LINE('',#6982,#893);
#530=LINE('',#6994,#894);
#531=LINE('',#6996,#895);
#532=LINE('',#7008,#896);
#533=LINE('',#7010,#897);
#534=LINE('',#7022,#898);
#535=LINE('',#7024,#899);
#536=LINE('',#7036,#900);
#537=LINE('',#7038,#901);
#538=LINE('',#7050,#902);
#539=LINE('',#7052,#903);
#540=LINE('',#7064,#904);
#541=LINE('',#7066,#905);
#542=LINE('',#7078,#906);
#543=LINE('',#7080,#907);
#544=LINE('',#7092,#908);
#545=LINE('',#7094,#909);
#546=LINE('',#7106,#910);
#547=LINE('',#7108,#911);
#548=LINE('',#7120,#912);
#549=LINE('',#7122,#913);
#550=LINE('',#7134,#914);
#551=LINE('',#7136,#915);
#552=LINE('',#7148,#916);
#553=LINE('',#7150,#917);
#554=LINE('',#7162,#918);
#555=LINE('',#7164,#919);
#556=LINE('',#7176,#920);
#557=LINE('',#7178,#921);
#558=LINE('',#7190,#922);
#559=VECTOR('',#4636,1.);
#560=VECTOR('',#4643,1.);
#561=VECTOR('',#4646,1.);
#562=VECTOR('',#4647,1.);
#563=VECTOR('',#4652,1.);
#564=VECTOR('',#4653,1.);
#565=VECTOR('',#4654,1.);
#566=VECTOR('',#4657,1.);
#567=VECTOR('',#4658,1.);
#568=VECTOR('',#4661,1.);
#569=VECTOR('',#4662,1.);
#570=VECTOR('',#4663,1.);
#571=VECTOR('',#4664,1.);
#572=VECTOR('',#4665,1.);
#573=VECTOR('',#4666,1.);
#574=VECTOR('',#4667,1.);
#575=VECTOR('',#4668,1.);
#576=VECTOR('',#4669,1.);
#577=VECTOR('',#4670,1.);
#578=VECTOR('',#4671,1.);
#579=VECTOR('',#4672,1.);
#580=VECTOR('',#4673,1.);
#581=VECTOR('',#4674,1.);
#582=VECTOR('',#4675,1.);
#583=VECTOR('',#4676,1.);
#584=VECTOR('',#4677,1.);
#585=VECTOR('',#4678,1.);
#586=VECTOR('',#4679,1.);
#587=VECTOR('',#4680,1.);
#588=VECTOR('',#4681,1.);
#589=VECTOR('',#4682,1.);
#590=VECTOR('',#4683,1.);
#591=VECTOR('',#4684,1.);
#592=VECTOR('',#4685,1.);
#593=VECTOR('',#4686,1.);
#594=VECTOR('',#4687,1.);
#595=VECTOR('',#4688,1.);
#596=VECTOR('',#4689,1.);
#597=VECTOR('',#4690,1.);
#598=VECTOR('',#4691,1.);
#599=VECTOR('',#4692,1.);
#600=VECTOR('',#4693,1.);
#601=VECTOR('',#4694,1.);
#602=VECTOR('',#4695,1.);
#603=VECTOR('',#4696,1.);
#604=VECTOR('',#4697,1.);
#605=VECTOR('',#4698,1.);
#606=VECTOR('',#4699,1.);
#607=VECTOR('',#4700,1.);
#608=VECTOR('',#4701,1.);
#609=VECTOR('',#4702,1.);
#610=VECTOR('',#4703,1.);
#611=VECTOR('',#4704,1.);
#612=VECTOR('',#4705,1.);
#613=VECTOR('',#4706,1.);
#614=VECTOR('',#4707,1.);
#615=VECTOR('',#4708,1.);
#616=VECTOR('',#4709,1.);
#617=VECTOR('',#4710,1.);
#618=VECTOR('',#4711,1.);
#619=VECTOR('',#4712,1.);
#620=VECTOR('',#4713,1.);
#621=VECTOR('',#4714,1.);
#622=VECTOR('',#4715,1.);
#623=VECTOR('',#4716,1.);
#624=VECTOR('',#4717,1.);
#625=VECTOR('',#4718,1.);
#626=VECTOR('',#4719,1.);
#627=VECTOR('',#4720,1.);
#628=VECTOR('',#4721,1.);
#629=VECTOR('',#4722,1.);
#630=VECTOR('',#4723,1.);
#631=VECTOR('',#4724,1.);
#632=VECTOR('',#4725,1.);
#633=VECTOR('',#4726,1.);
#634=VECTOR('',#4727,1.);
#635=VECTOR('',#4728,1.);
#636=VECTOR('',#4729,1.);
#637=VECTOR('',#4730,1.);
#638=VECTOR('',#4731,1.);
#639=VECTOR('',#4732,1.);
#640=VECTOR('',#4733,1.);
#641=VECTOR('',#4734,1.);
#642=VECTOR('',#4735,1.);
#643=VECTOR('',#4736,1.);
#644=VECTOR('',#4737,1.);
#645=VECTOR('',#4738,1.);
#646=VECTOR('',#4739,1.);
#647=VECTOR('',#4740,1.);
#648=VECTOR('',#4741,1.);
#649=VECTOR('',#4742,1.);
#650=VECTOR('',#4743,1.);
#651=VECTOR('',#4744,1.);
#652=VECTOR('',#4745,1.);
#653=VECTOR('',#4746,1.);
#654=VECTOR('',#4747,1.);
#655=VECTOR('',#4748,1.);
#656=VECTOR('',#4749,1.);
#657=VECTOR('',#4750,1.);
#658=VECTOR('',#4751,1.);
#659=VECTOR('',#4752,1.);
#660=VECTOR('',#4753,1.);
#661=VECTOR('',#4754,1.);
#662=VECTOR('',#4755,1.);
#663=VECTOR('',#4756,1.);
#664=VECTOR('',#4757,1.);
#665=VECTOR('',#4758,1.);
#666=VECTOR('',#4759,1.);
#667=VECTOR('',#4760,1.);
#668=VECTOR('',#4761,1.);
#669=VECTOR('',#4762,1.);
#670=VECTOR('',#4763,1.);
#671=VECTOR('',#4764,1.);
#672=VECTOR('',#4765,1.);
#673=VECTOR('',#4766,1.);
#674=VECTOR('',#4767,1.);
#675=VECTOR('',#4768,1.);
#676=VECTOR('',#4769,1.);
#677=VECTOR('',#4770,1.);
#678=VECTOR('',#4771,1.);
#679=VECTOR('',#4772,1.);
#680=VECTOR('',#4773,1.);
#681=VECTOR('',#4774,1.);
#682=VECTOR('',#4775,1.);
#683=VECTOR('',#4776,1.);
#684=VECTOR('',#4777,1.);
#685=VECTOR('',#4778,1.);
#686=VECTOR('',#4779,1.);
#687=VECTOR('',#4780,1.);
#688=VECTOR('',#4781,1.);
#689=VECTOR('',#4782,1.);
#690=VECTOR('',#4783,1.);
#691=VECTOR('',#4784,1.);
#692=VECTOR('',#4785,1.);
#693=VECTOR('',#4786,1.);
#694=VECTOR('',#4787,1.);
#695=VECTOR('',#4788,1.);
#696=VECTOR('',#4789,1.);
#697=VECTOR('',#4790,1.);
#698=VECTOR('',#4791,1.);
#699=VECTOR('',#4792,1.);
#700=VECTOR('',#4793,1.);
#701=VECTOR('',#4794,1.);
#702=VECTOR('',#4795,1.);
#703=VECTOR('',#4796,1.);
#704=VECTOR('',#4797,1.);
#705=VECTOR('',#4798,1.);
#706=VECTOR('',#4799,1.);
#707=VECTOR('',#4800,1.);
#708=VECTOR('',#4801,1.);
#709=VECTOR('',#4802,1.);
#710=VECTOR('',#4803,1.);
#711=VECTOR('',#4804,1.);
#712=VECTOR('',#4805,1.);
#713=VECTOR('',#4806,1.);
#714=VECTOR('',#4807,1.);
#715=VECTOR('',#4808,1.);
#716=VECTOR('',#4809,1.);
#717=VECTOR('',#4810,1.);
#718=VECTOR('',#4811,1.);
#719=VECTOR('',#4812,1.);
#720=VECTOR('',#4813,1.);
#721=VECTOR('',#4814,1.);
#722=VECTOR('',#4815,1.);
#723=VECTOR('',#4816,1.);
#724=VECTOR('',#4817,1.);
#725=VECTOR('',#4818,1.);
#726=VECTOR('',#4819,1.);
#727=VECTOR('',#4820,1.);
#728=VECTOR('',#4821,1.);
#729=VECTOR('',#4822,1.);
#730=VECTOR('',#4823,1.);
#731=VECTOR('',#4824,1.);
#732=VECTOR('',#4825,1.);
#733=VECTOR('',#4826,1.);
#734=VECTOR('',#4827,1.);
#735=VECTOR('',#4828,1.);
#736=VECTOR('',#4829,1.);
#737=VECTOR('',#4830,1.);
#738=VECTOR('',#4831,1.);
#739=VECTOR('',#4832,1.);
#740=VECTOR('',#4833,1.);
#741=VECTOR('',#4834,1.);
#742=VECTOR('',#4835,1.);
#743=VECTOR('',#4836,1.);
#744=VECTOR('',#4837,1.);
#745=VECTOR('',#4838,1.);
#746=VECTOR('',#4841,1.);
#747=VECTOR('',#4842,1.);
#748=VECTOR('',#4847,1.);
#749=VECTOR('',#4848,1.);
#750=VECTOR('',#4853,1.);
#751=VECTOR('',#4854,1.);
#752=VECTOR('',#4859,1.);
#753=VECTOR('',#4860,1.);
#754=VECTOR('',#4865,1.);
#755=VECTOR('',#4866,1.);
#756=VECTOR('',#4871,1.);
#757=VECTOR('',#4872,1.);
#758=VECTOR('',#4877,1.);
#759=VECTOR('',#4878,1.);
#760=VECTOR('',#4883,1.);
#761=VECTOR('',#4884,1.);
#762=VECTOR('',#4889,1.);
#763=VECTOR('',#4890,1.);
#764=VECTOR('',#4895,1.);
#765=VECTOR('',#4896,1.);
#766=VECTOR('',#4901,1.);
#767=VECTOR('',#4902,1.);
#768=VECTOR('',#4907,1.);
#769=VECTOR('',#4908,1.);
#770=VECTOR('',#4913,1.);
#771=VECTOR('',#4914,1.);
#772=VECTOR('',#4919,1.);
#773=VECTOR('',#4920,1.);
#774=VECTOR('',#4925,1.);
#775=VECTOR('',#4926,1.);
#776=VECTOR('',#4931,1.);
#777=VECTOR('',#4932,1.);
#778=VECTOR('',#4937,1.);
#779=VECTOR('',#4938,1.);
#780=VECTOR('',#4943,1.);
#781=VECTOR('',#4944,1.);
#782=VECTOR('',#4949,1.);
#783=VECTOR('',#4950,1.);
#784=VECTOR('',#4955,1.);
#785=VECTOR('',#4956,1.);
#786=VECTOR('',#4961,1.);
#787=VECTOR('',#4962,1.);
#788=VECTOR('',#4967,1.);
#789=VECTOR('',#4968,1.);
#790=VECTOR('',#4973,1.);
#791=VECTOR('',#4974,1.);
#792=VECTOR('',#4979,1.);
#793=VECTOR('',#4980,1.);
#794=VECTOR('',#4985,1.);
#795=VECTOR('',#4986,1.);
#796=VECTOR('',#4991,1.);
#797=VECTOR('',#4992,1.);
#798=VECTOR('',#4997,1.);
#799=VECTOR('',#4998,1.);
#800=VECTOR('',#5003,1.);
#801=VECTOR('',#5004,1.);
#802=VECTOR('',#5009,1.);
#803=VECTOR('',#5010,1.);
#804=VECTOR('',#5015,1.);
#805=VECTOR('',#5016,1.);
#806=VECTOR('',#5021,1.);
#807=VECTOR('',#5022,1.);
#808=VECTOR('',#5027,1.);
#809=VECTOR('',#5028,1.);
#810=VECTOR('',#5033,1.);
#811=VECTOR('',#5034,1.);
#812=VECTOR('',#5039,1.);
#813=VECTOR('',#5040,1.);
#814=VECTOR('',#5045,1.);
#815=VECTOR('',#5046,1.);
#816=VECTOR('',#5051,1.);
#817=VECTOR('',#5052,1.);
#818=VECTOR('',#5057,1.);
#819=VECTOR('',#5058,1.);
#820=VECTOR('',#5063,1.);
#821=VECTOR('',#5064,1.);
#822=VECTOR('',#5069,1.);
#823=VECTOR('',#5070,1.);
#824=VECTOR('',#5075,1.);
#825=VECTOR('',#5076,1.);
#826=VECTOR('',#5081,1.);
#827=VECTOR('',#5082,1.);
#828=VECTOR('',#5087,1.);
#829=VECTOR('',#5088,1.);
#830=VECTOR('',#5093,1.);
#831=VECTOR('',#5094,1.);
#832=VECTOR('',#5099,1.);
#833=VECTOR('',#5100,1.);
#834=VECTOR('',#5105,1.);
#835=VECTOR('',#5106,1.);
#836=VECTOR('',#5111,1.);
#837=VECTOR('',#5112,1.);
#838=VECTOR('',#5117,1.);
#839=VECTOR('',#5118,1.);
#840=VECTOR('',#5123,1.);
#841=VECTOR('',#5124,1.);
#842=VECTOR('',#5129,1.);
#843=VECTOR('',#5130,1.);
#844=VECTOR('',#5135,1.);
#845=VECTOR('',#5136,1.);
#846=VECTOR('',#5141,1.);
#847=VECTOR('',#5142,1.);
#848=VECTOR('',#5147,1.);
#849=VECTOR('',#5148,1.);
#850=VECTOR('',#5153,1.);
#851=VECTOR('',#5154,1.);
#852=VECTOR('',#5159,1.);
#853=VECTOR('',#5160,1.);
#854=VECTOR('',#5165,1.);
#855=VECTOR('',#5166,1.);
#856=VECTOR('',#5171,1.);
#857=VECTOR('',#5172,1.);
#858=VECTOR('',#5177,1.);
#859=VECTOR('',#5178,1.);
#860=VECTOR('',#5183,1.);
#861=VECTOR('',#5184,1.);
#862=VECTOR('',#5189,1.);
#863=VECTOR('',#5190,1.);
#864=VECTOR('',#5195,1.);
#865=VECTOR('',#5196,1.);
#866=VECTOR('',#5201,1.);
#867=VECTOR('',#5202,1.);
#868=VECTOR('',#5207,1.);
#869=VECTOR('',#5208,1.);
#870=VECTOR('',#5213,1.);
#871=VECTOR('',#5214,1.);
#872=VECTOR('',#5219,1.);
#873=VECTOR('',#5220,1.);
#874=VECTOR('',#5225,1.);
#875=VECTOR('',#5226,1.);
#876=VECTOR('',#5231,1.);
#877=VECTOR('',#5232,1.);
#878=VECTOR('',#5237,1.);
#879=VECTOR('',#5238,1.);
#880=VECTOR('',#5243,1.);
#881=VECTOR('',#5244,1.);
#882=VECTOR('',#5249,1.);
#883=VECTOR('',#5250,1.);
#884=VECTOR('',#5255,1.);
#885=VECTOR('',#5256,1.);
#886=VECTOR('',#5261,1.);
#887=VECTOR('',#5262,1.);
#888=VECTOR('',#5267,1.);
#889=VECTOR('',#5268,1.);
#890=VECTOR('',#5273,1.);
#891=VECTOR('',#5274,1.);
#892=VECTOR('',#5279,1.);
#893=VECTOR('',#5280,1.);
#894=VECTOR('',#5285,1.);
#895=VECTOR('',#5286,1.);
#896=VECTOR('',#5291,1.);
#897=VECTOR('',#5292,1.);
#898=VECTOR('',#5297,1.);
#899=VECTOR('',#5298,1.);
#900=VECTOR('',#5303,1.);
#901=VECTOR('',#5304,1.);
#902=VECTOR('',#5309,1.);
#903=VECTOR('',#5310,1.);
#904=VECTOR('',#5315,1.);
#905=VECTOR('',#5316,1.);
#906=VECTOR('',#5321,1.);
#907=VECTOR('',#5322,1.);
#908=VECTOR('',#5327,1.);
#909=VECTOR('',#5328,1.);
#910=VECTOR('',#5333,1.);
#911=VECTOR('',#5334,1.);
#912=VECTOR('',#5339,1.);
#913=VECTOR('',#5340,1.);
#914=VECTOR('',#5345,1.);
#915=VECTOR('',#5346,1.);
#916=VECTOR('',#5351,1.);
#917=VECTOR('',#5352,1.);
#918=VECTOR('',#5357,1.);
#919=VECTOR('',#5358,1.);
#920=VECTOR('',#5363,1.);
#921=VECTOR('',#5364,1.);
#922=VECTOR('',#5369,1.);
#923=ORIENTED_EDGE('',*,*,#2201,.T.);
#924=ORIENTED_EDGE('',*,*,#2202,.T.);
#925=ORIENTED_EDGE('',*,*,#2203,.T.);
#926=ORIENTED_EDGE('',*,*,#2204,.T.);
#927=ORIENTED_EDGE('',*,*,#2205,.T.);
#928=ORIENTED_EDGE('',*,*,#2206,.T.);
#929=ORIENTED_EDGE('',*,*,#2207,.T.);
#930=ORIENTED_EDGE('',*,*,#2208,.T.);
#931=ORIENTED_EDGE('',*,*,#2209,.T.);
#932=ORIENTED_EDGE('',*,*,#2210,.T.);
#933=ORIENTED_EDGE('',*,*,#2211,.T.);
#934=ORIENTED_EDGE('',*,*,#2212,.T.);
#935=ORIENTED_EDGE('',*,*,#2213,.T.);
#936=ORIENTED_EDGE('',*,*,#2214,.T.);
#937=ORIENTED_EDGE('',*,*,#2215,.T.);
#938=ORIENTED_EDGE('',*,*,#2216,.T.);
#939=ORIENTED_EDGE('',*,*,#2217,.T.);
#940=ORIENTED_EDGE('',*,*,#2218,.T.);
#941=ORIENTED_EDGE('',*,*,#2219,.T.);
#942=ORIENTED_EDGE('',*,*,#2220,.T.);
#943=ORIENTED_EDGE('',*,*,#2221,.T.);
#944=ORIENTED_EDGE('',*,*,#2222,.T.);
#945=ORIENTED_EDGE('',*,*,#2223,.T.);
#946=ORIENTED_EDGE('',*,*,#2224,.T.);
#947=ORIENTED_EDGE('',*,*,#2225,.T.);
#948=ORIENTED_EDGE('',*,*,#2226,.T.);
#949=ORIENTED_EDGE('',*,*,#2227,.T.);
#950=ORIENTED_EDGE('',*,*,#2228,.T.);
#951=ORIENTED_EDGE('',*,*,#2229,.T.);
#952=ORIENTED_EDGE('',*,*,#2230,.T.);
#953=ORIENTED_EDGE('',*,*,#2231,.T.);
#954=ORIENTED_EDGE('',*,*,#2232,.T.);
#955=ORIENTED_EDGE('',*,*,#2233,.T.);
#956=ORIENTED_EDGE('',*,*,#2234,.T.);
#957=ORIENTED_EDGE('',*,*,#2235,.T.);
#958=ORIENTED_EDGE('',*,*,#2236,.T.);
#959=ORIENTED_EDGE('',*,*,#2237,.T.);
#960=ORIENTED_EDGE('',*,*,#2238,.T.);
#961=ORIENTED_EDGE('',*,*,#2239,.T.);
#962=ORIENTED_EDGE('',*,*,#2240,.T.);
#963=ORIENTED_EDGE('',*,*,#2241,.T.);
#964=ORIENTED_EDGE('',*,*,#2242,.T.);
#965=ORIENTED_EDGE('',*,*,#2243,.T.);
#966=ORIENTED_EDGE('',*,*,#2244,.T.);
#967=ORIENTED_EDGE('',*,*,#2245,.T.);
#968=ORIENTED_EDGE('',*,*,#2246,.T.);
#969=ORIENTED_EDGE('',*,*,#2247,.T.);
#970=ORIENTED_EDGE('',*,*,#2248,.T.);
#971=ORIENTED_EDGE('',*,*,#2249,.T.);
#972=ORIENTED_EDGE('',*,*,#2250,.T.);
#973=ORIENTED_EDGE('',*,*,#2251,.T.);
#974=ORIENTED_EDGE('',*,*,#2252,.T.);
#975=ORIENTED_EDGE('',*,*,#2253,.T.);
#976=ORIENTED_EDGE('',*,*,#2254,.T.);
#977=ORIENTED_EDGE('',*,*,#2255,.T.);
#978=ORIENTED_EDGE('',*,*,#2256,.T.);
#979=ORIENTED_EDGE('',*,*,#2257,.T.);
#980=ORIENTED_EDGE('',*,*,#2258,.T.);
#981=ORIENTED_EDGE('',*,*,#2259,.T.);
#982=ORIENTED_EDGE('',*,*,#2260,.T.);
#983=ORIENTED_EDGE('',*,*,#2261,.T.);
#984=ORIENTED_EDGE('',*,*,#2262,.T.);
#985=ORIENTED_EDGE('',*,*,#2263,.T.);
#986=ORIENTED_EDGE('',*,*,#2264,.T.);
#987=ORIENTED_EDGE('',*,*,#2265,.T.);
#988=ORIENTED_EDGE('',*,*,#2266,.T.);
#989=ORIENTED_EDGE('',*,*,#2267,.T.);
#990=ORIENTED_EDGE('',*,*,#2268,.T.);
#991=ORIENTED_EDGE('',*,*,#2269,.T.);
#992=ORIENTED_EDGE('',*,*,#2270,.T.);
#993=ORIENTED_EDGE('',*,*,#2271,.T.);
#994=ORIENTED_EDGE('',*,*,#2272,.T.);
#995=ORIENTED_EDGE('',*,*,#2273,.T.);
#996=ORIENTED_EDGE('',*,*,#2274,.T.);
#997=ORIENTED_EDGE('',*,*,#2275,.T.);
#998=ORIENTED_EDGE('',*,*,#2276,.T.);
#999=ORIENTED_EDGE('',*,*,#2277,.T.);
#1000=ORIENTED_EDGE('',*,*,#2278,.T.);
#1001=ORIENTED_EDGE('',*,*,#2279,.T.);
#1002=ORIENTED_EDGE('',*,*,#2280,.T.);
#1003=ORIENTED_EDGE('',*,*,#2281,.T.);
#1004=ORIENTED_EDGE('',*,*,#2282,.T.);
#1005=ORIENTED_EDGE('',*,*,#2283,.T.);
#1006=ORIENTED_EDGE('',*,*,#2284,.T.);
#1007=ORIENTED_EDGE('',*,*,#2285,.T.);
#1008=ORIENTED_EDGE('',*,*,#2286,.T.);
#1009=ORIENTED_EDGE('',*,*,#2287,.T.);
#1010=ORIENTED_EDGE('',*,*,#2288,.T.);
#1011=ORIENTED_EDGE('',*,*,#2289,.T.);
#1012=ORIENTED_EDGE('',*,*,#2290,.T.);
#1013=ORIENTED_EDGE('',*,*,#2291,.F.);
#1014=ORIENTED_EDGE('',*,*,#2292,.T.);
#1015=ORIENTED_EDGE('',*,*,#2293,.F.);
#1016=ORIENTED_EDGE('',*,*,#2294,.F.);
#1017=ORIENTED_EDGE('',*,*,#2295,.F.);
#1018=ORIENTED_EDGE('',*,*,#2296,.T.);
#1019=ORIENTED_EDGE('',*,*,#2296,.F.);
#1020=ORIENTED_EDGE('',*,*,#2297,.F.);
#1021=ORIENTED_EDGE('',*,*,#2293,.T.);
#1022=ORIENTED_EDGE('',*,*,#2298,.T.);
#1023=ORIENTED_EDGE('',*,*,#2297,.T.);
#1024=ORIENTED_EDGE('',*,*,#2295,.T.);
#1025=ORIENTED_EDGE('',*,*,#2298,.F.);
#1026=ORIENTED_EDGE('',*,*,#2294,.T.);
#1027=ORIENTED_EDGE('',*,*,#2292,.F.);
#1028=ORIENTED_EDGE('',*,*,#2299,.F.);
#1029=ORIENTED_EDGE('',*,*,#2300,.T.);
#1030=ORIENTED_EDGE('',*,*,#2301,.T.);
#1031=ORIENTED_EDGE('',*,*,#2302,.T.);
#1032=ORIENTED_EDGE('',*,*,#2303,.F.);
#1033=ORIENTED_EDGE('',*,*,#2304,.T.);
#1034=ORIENTED_EDGE('',*,*,#2301,.F.);
#1035=ORIENTED_EDGE('',*,*,#2305,.T.);
#1036=ORIENTED_EDGE('',*,*,#2201,.F.);
#1037=ORIENTED_EDGE('',*,*,#2290,.F.);
#1038=ORIENTED_EDGE('',*,*,#2289,.F.);
#1039=ORIENTED_EDGE('',*,*,#2288,.F.);
#1040=ORIENTED_EDGE('',*,*,#2287,.F.);
#1041=ORIENTED_EDGE('',*,*,#2286,.F.);
#1042=ORIENTED_EDGE('',*,*,#2285,.F.);
#1043=ORIENTED_EDGE('',*,*,#2284,.F.);
#1044=ORIENTED_EDGE('',*,*,#2283,.F.);
#1045=ORIENTED_EDGE('',*,*,#2282,.F.);
#1046=ORIENTED_EDGE('',*,*,#2281,.F.);
#1047=ORIENTED_EDGE('',*,*,#2280,.F.);
#1048=ORIENTED_EDGE('',*,*,#2279,.F.);
#1049=ORIENTED_EDGE('',*,*,#2278,.F.);
#1050=ORIENTED_EDGE('',*,*,#2277,.F.);
#1051=ORIENTED_EDGE('',*,*,#2276,.F.);
#1052=ORIENTED_EDGE('',*,*,#2275,.F.);
#1053=ORIENTED_EDGE('',*,*,#2274,.F.);
#1054=ORIENTED_EDGE('',*,*,#2273,.F.);
#1055=ORIENTED_EDGE('',*,*,#2272,.F.);
#1056=ORIENTED_EDGE('',*,*,#2271,.F.);
#1057=ORIENTED_EDGE('',*,*,#2270,.F.);
#1058=ORIENTED_EDGE('',*,*,#2269,.F.);
#1059=ORIENTED_EDGE('',*,*,#2268,.F.);
#1060=ORIENTED_EDGE('',*,*,#2267,.F.);
#1061=ORIENTED_EDGE('',*,*,#2266,.F.);
#1062=ORIENTED_EDGE('',*,*,#2265,.F.);
#1063=ORIENTED_EDGE('',*,*,#2264,.F.);
#1064=ORIENTED_EDGE('',*,*,#2263,.F.);
#1065=ORIENTED_EDGE('',*,*,#2262,.F.);
#1066=ORIENTED_EDGE('',*,*,#2261,.F.);
#1067=ORIENTED_EDGE('',*,*,#2260,.F.);
#1068=ORIENTED_EDGE('',*,*,#2259,.F.);
#1069=ORIENTED_EDGE('',*,*,#2258,.F.);
#1070=ORIENTED_EDGE('',*,*,#2257,.F.);
#1071=ORIENTED_EDGE('',*,*,#2256,.F.);
#1072=ORIENTED_EDGE('',*,*,#2255,.F.);
#1073=ORIENTED_EDGE('',*,*,#2254,.F.);
#1074=ORIENTED_EDGE('',*,*,#2253,.F.);
#1075=ORIENTED_EDGE('',*,*,#2252,.F.);
#1076=ORIENTED_EDGE('',*,*,#2251,.F.);
#1077=ORIENTED_EDGE('',*,*,#2250,.F.);
#1078=ORIENTED_EDGE('',*,*,#2249,.F.);
#1079=ORIENTED_EDGE('',*,*,#2248,.F.);
#1080=ORIENTED_EDGE('',*,*,#2247,.F.);
#1081=ORIENTED_EDGE('',*,*,#2246,.F.);
#1082=ORIENTED_EDGE('',*,*,#2245,.F.);
#1083=ORIENTED_EDGE('',*,*,#2244,.F.);
#1084=ORIENTED_EDGE('',*,*,#2243,.F.);
#1085=ORIENTED_EDGE('',*,*,#2242,.F.);
#1086=ORIENTED_EDGE('',*,*,#2241,.F.);
#1087=ORIENTED_EDGE('',*,*,#2240,.F.);
#1088=ORIENTED_EDGE('',*,*,#2239,.F.);
#1089=ORIENTED_EDGE('',*,*,#2238,.F.);
#1090=ORIENTED_EDGE('',*,*,#2237,.F.);
#1091=ORIENTED_EDGE('',*,*,#2236,.F.);
#1092=ORIENTED_EDGE('',*,*,#2235,.F.);
#1093=ORIENTED_EDGE('',*,*,#2234,.F.);
#1094=ORIENTED_EDGE('',*,*,#2233,.F.);
#1095=ORIENTED_EDGE('',*,*,#2232,.F.);
#1096=ORIENTED_EDGE('',*,*,#2231,.F.);
#1097=ORIENTED_EDGE('',*,*,#2230,.F.);
#1098=ORIENTED_EDGE('',*,*,#2229,.F.);
#1099=ORIENTED_EDGE('',*,*,#2228,.F.);
#1100=ORIENTED_EDGE('',*,*,#2227,.F.);
#1101=ORIENTED_EDGE('',*,*,#2226,.F.);
#1102=ORIENTED_EDGE('',*,*,#2225,.F.);
#1103=ORIENTED_EDGE('',*,*,#2224,.F.);
#1104=ORIENTED_EDGE('',*,*,#2223,.F.);
#1105=ORIENTED_EDGE('',*,*,#2222,.F.);
#1106=ORIENTED_EDGE('',*,*,#2221,.F.);
#1107=ORIENTED_EDGE('',*,*,#2220,.F.);
#1108=ORIENTED_EDGE('',*,*,#2219,.F.);
#1109=ORIENTED_EDGE('',*,*,#2218,.F.);
#1110=ORIENTED_EDGE('',*,*,#2217,.F.);
#1111=ORIENTED_EDGE('',*,*,#2216,.F.);
#1112=ORIENTED_EDGE('',*,*,#2215,.F.);
#1113=ORIENTED_EDGE('',*,*,#2214,.F.);
#1114=ORIENTED_EDGE('',*,*,#2213,.F.);
#1115=ORIENTED_EDGE('',*,*,#2212,.F.);
#1116=ORIENTED_EDGE('',*,*,#2211,.F.);
#1117=ORIENTED_EDGE('',*,*,#2210,.F.);
#1118=ORIENTED_EDGE('',*,*,#2209,.F.);
#1119=ORIENTED_EDGE('',*,*,#2208,.F.);
#1120=ORIENTED_EDGE('',*,*,#2207,.F.);
#1121=ORIENTED_EDGE('',*,*,#2206,.F.);
#1122=ORIENTED_EDGE('',*,*,#2205,.F.);
#1123=ORIENTED_EDGE('',*,*,#2204,.F.);
#1124=ORIENTED_EDGE('',*,*,#2203,.F.);
#1125=ORIENTED_EDGE('',*,*,#2202,.F.);
#1126=ORIENTED_EDGE('',*,*,#2306,.F.);
#1127=ORIENTED_EDGE('',*,*,#2305,.F.);
#1128=ORIENTED_EDGE('',*,*,#2300,.F.);
#1129=ORIENTED_EDGE('',*,*,#2307,.F.);
#1130=ORIENTED_EDGE('',*,*,#2308,.F.);
#1131=ORIENTED_EDGE('',*,*,#2309,.F.);
#1132=ORIENTED_EDGE('',*,*,#2310,.F.);
#1133=ORIENTED_EDGE('',*,*,#2311,.F.);
#1134=ORIENTED_EDGE('',*,*,#2312,.F.);
#1135=ORIENTED_EDGE('',*,*,#2313,.F.);
#1136=ORIENTED_EDGE('',*,*,#2314,.F.);
#1137=ORIENTED_EDGE('',*,*,#2315,.F.);
#1138=ORIENTED_EDGE('',*,*,#2316,.F.);
#1139=ORIENTED_EDGE('',*,*,#2317,.F.);
#1140=ORIENTED_EDGE('',*,*,#2318,.F.);
#1141=ORIENTED_EDGE('',*,*,#2319,.F.);
#1142=ORIENTED_EDGE('',*,*,#2320,.F.);
#1143=ORIENTED_EDGE('',*,*,#2321,.F.);
#1144=ORIENTED_EDGE('',*,*,#2322,.F.);
#1145=ORIENTED_EDGE('',*,*,#2323,.F.);
#1146=ORIENTED_EDGE('',*,*,#2324,.F.);
#1147=ORIENTED_EDGE('',*,*,#2325,.F.);
#1148=ORIENTED_EDGE('',*,*,#2326,.F.);
#1149=ORIENTED_EDGE('',*,*,#2327,.F.);
#1150=ORIENTED_EDGE('',*,*,#2328,.F.);
#1151=ORIENTED_EDGE('',*,*,#2329,.F.);
#1152=ORIENTED_EDGE('',*,*,#2330,.F.);
#1153=ORIENTED_EDGE('',*,*,#2331,.F.);
#1154=ORIENTED_EDGE('',*,*,#2332,.F.);
#1155=ORIENTED_EDGE('',*,*,#2333,.F.);
#1156=ORIENTED_EDGE('',*,*,#2334,.F.);
#1157=ORIENTED_EDGE('',*,*,#2335,.F.);
#1158=ORIENTED_EDGE('',*,*,#2336,.F.);
#1159=ORIENTED_EDGE('',*,*,#2337,.F.);
#1160=ORIENTED_EDGE('',*,*,#2338,.F.);
#1161=ORIENTED_EDGE('',*,*,#2339,.F.);
#1162=ORIENTED_EDGE('',*,*,#2340,.F.);
#1163=ORIENTED_EDGE('',*,*,#2341,.F.);
#1164=ORIENTED_EDGE('',*,*,#2342,.F.);
#1165=ORIENTED_EDGE('',*,*,#2343,.F.);
#1166=ORIENTED_EDGE('',*,*,#2344,.F.);
#1167=ORIENTED_EDGE('',*,*,#2345,.F.);
#1168=ORIENTED_EDGE('',*,*,#2346,.F.);
#1169=ORIENTED_EDGE('',*,*,#2347,.F.);
#1170=ORIENTED_EDGE('',*,*,#2348,.F.);
#1171=ORIENTED_EDGE('',*,*,#2349,.F.);
#1172=ORIENTED_EDGE('',*,*,#2350,.F.);
#1173=ORIENTED_EDGE('',*,*,#2351,.F.);
#1174=ORIENTED_EDGE('',*,*,#2352,.F.);
#1175=ORIENTED_EDGE('',*,*,#2353,.F.);
#1176=ORIENTED_EDGE('',*,*,#2354,.F.);
#1177=ORIENTED_EDGE('',*,*,#2355,.F.);
#1178=ORIENTED_EDGE('',*,*,#2356,.F.);
#1179=ORIENTED_EDGE('',*,*,#2357,.F.);
#1180=ORIENTED_EDGE('',*,*,#2358,.F.);
#1181=ORIENTED_EDGE('',*,*,#2359,.F.);
#1182=ORIENTED_EDGE('',*,*,#2360,.F.);
#1183=ORIENTED_EDGE('',*,*,#2361,.F.);
#1184=ORIENTED_EDGE('',*,*,#2362,.F.);
#1185=ORIENTED_EDGE('',*,*,#2363,.F.);
#1186=ORIENTED_EDGE('',*,*,#2364,.F.);
#1187=ORIENTED_EDGE('',*,*,#2365,.F.);
#1188=ORIENTED_EDGE('',*,*,#2366,.F.);
#1189=ORIENTED_EDGE('',*,*,#2367,.F.);
#1190=ORIENTED_EDGE('',*,*,#2368,.F.);
#1191=ORIENTED_EDGE('',*,*,#2369,.F.);
#1192=ORIENTED_EDGE('',*,*,#2370,.F.);
#1193=ORIENTED_EDGE('',*,*,#2371,.F.);
#1194=ORIENTED_EDGE('',*,*,#2372,.F.);
#1195=ORIENTED_EDGE('',*,*,#2373,.F.);
#1196=ORIENTED_EDGE('',*,*,#2374,.F.);
#1197=ORIENTED_EDGE('',*,*,#2375,.F.);
#1198=ORIENTED_EDGE('',*,*,#2376,.F.);
#1199=ORIENTED_EDGE('',*,*,#2377,.F.);
#1200=ORIENTED_EDGE('',*,*,#2378,.F.);
#1201=ORIENTED_EDGE('',*,*,#2379,.F.);
#1202=ORIENTED_EDGE('',*,*,#2380,.F.);
#1203=ORIENTED_EDGE('',*,*,#2381,.F.);
#1204=ORIENTED_EDGE('',*,*,#2382,.F.);
#1205=ORIENTED_EDGE('',*,*,#2383,.F.);
#1206=ORIENTED_EDGE('',*,*,#2384,.F.);
#1207=ORIENTED_EDGE('',*,*,#2385,.F.);
#1208=ORIENTED_EDGE('',*,*,#2386,.F.);
#1209=ORIENTED_EDGE('',*,*,#2387,.F.);
#1210=ORIENTED_EDGE('',*,*,#2388,.F.);
#1211=ORIENTED_EDGE('',*,*,#2389,.F.);
#1212=ORIENTED_EDGE('',*,*,#2390,.F.);
#1213=ORIENTED_EDGE('',*,*,#2391,.F.);
#1214=ORIENTED_EDGE('',*,*,#2392,.F.);
#1215=ORIENTED_EDGE('',*,*,#2393,.F.);
#1216=ORIENTED_EDGE('',*,*,#2394,.F.);
#1217=ORIENTED_EDGE('',*,*,#2395,.F.);
#1218=ORIENTED_EDGE('',*,*,#2396,.F.);
#1219=ORIENTED_EDGE('',*,*,#2397,.F.);
#1220=ORIENTED_EDGE('',*,*,#2398,.F.);
#1221=ORIENTED_EDGE('',*,*,#2399,.F.);
#1222=ORIENTED_EDGE('',*,*,#2400,.F.);
#1223=ORIENTED_EDGE('',*,*,#2401,.F.);
#1224=ORIENTED_EDGE('',*,*,#2402,.F.);
#1225=ORIENTED_EDGE('',*,*,#2403,.F.);
#1226=ORIENTED_EDGE('',*,*,#2404,.F.);
#1227=ORIENTED_EDGE('',*,*,#2405,.F.);
#1228=ORIENTED_EDGE('',*,*,#2406,.F.);
#1229=ORIENTED_EDGE('',*,*,#2407,.F.);
#1230=ORIENTED_EDGE('',*,*,#2408,.F.);
#1231=ORIENTED_EDGE('',*,*,#2409,.F.);
#1232=ORIENTED_EDGE('',*,*,#2410,.F.);
#1233=ORIENTED_EDGE('',*,*,#2411,.F.);
#1234=ORIENTED_EDGE('',*,*,#2412,.F.);
#1235=ORIENTED_EDGE('',*,*,#2413,.F.);
#1236=ORIENTED_EDGE('',*,*,#2414,.F.);
#1237=ORIENTED_EDGE('',*,*,#2415,.F.);
#1238=ORIENTED_EDGE('',*,*,#2416,.F.);
#1239=ORIENTED_EDGE('',*,*,#2417,.F.);
#1240=ORIENTED_EDGE('',*,*,#2418,.F.);
#1241=ORIENTED_EDGE('',*,*,#2419,.F.);
#1242=ORIENTED_EDGE('',*,*,#2420,.F.);
#1243=ORIENTED_EDGE('',*,*,#2421,.F.);
#1244=ORIENTED_EDGE('',*,*,#2422,.F.);
#1245=ORIENTED_EDGE('',*,*,#2423,.F.);
#1246=ORIENTED_EDGE('',*,*,#2424,.F.);
#1247=ORIENTED_EDGE('',*,*,#2425,.F.);
#1248=ORIENTED_EDGE('',*,*,#2426,.F.);
#1249=ORIENTED_EDGE('',*,*,#2427,.F.);
#1250=ORIENTED_EDGE('',*,*,#2428,.F.);
#1251=ORIENTED_EDGE('',*,*,#2429,.F.);
#1252=ORIENTED_EDGE('',*,*,#2430,.F.);
#1253=ORIENTED_EDGE('',*,*,#2431,.F.);
#1254=ORIENTED_EDGE('',*,*,#2432,.F.);
#1255=ORIENTED_EDGE('',*,*,#2433,.F.);
#1256=ORIENTED_EDGE('',*,*,#2434,.F.);
#1257=ORIENTED_EDGE('',*,*,#2435,.F.);
#1258=ORIENTED_EDGE('',*,*,#2436,.F.);
#1259=ORIENTED_EDGE('',*,*,#2437,.F.);
#1260=ORIENTED_EDGE('',*,*,#2438,.F.);
#1261=ORIENTED_EDGE('',*,*,#2439,.F.);
#1262=ORIENTED_EDGE('',*,*,#2440,.F.);
#1263=ORIENTED_EDGE('',*,*,#2441,.F.);
#1264=ORIENTED_EDGE('',*,*,#2442,.F.);
#1265=ORIENTED_EDGE('',*,*,#2443,.F.);
#1266=ORIENTED_EDGE('',*,*,#2444,.F.);
#1267=ORIENTED_EDGE('',*,*,#2445,.F.);
#1268=ORIENTED_EDGE('',*,*,#2446,.F.);
#1269=ORIENTED_EDGE('',*,*,#2447,.F.);
#1270=ORIENTED_EDGE('',*,*,#2448,.F.);
#1271=ORIENTED_EDGE('',*,*,#2449,.F.);
#1272=ORIENTED_EDGE('',*,*,#2450,.F.);
#1273=ORIENTED_EDGE('',*,*,#2451,.F.);
#1274=ORIENTED_EDGE('',*,*,#2452,.F.);
#1275=ORIENTED_EDGE('',*,*,#2453,.F.);
#1276=ORIENTED_EDGE('',*,*,#2454,.F.);
#1277=ORIENTED_EDGE('',*,*,#2455,.F.);
#1278=ORIENTED_EDGE('',*,*,#2456,.F.);
#1279=ORIENTED_EDGE('',*,*,#2457,.F.);
#1280=ORIENTED_EDGE('',*,*,#2458,.F.);
#1281=ORIENTED_EDGE('',*,*,#2459,.F.);
#1282=ORIENTED_EDGE('',*,*,#2460,.F.);
#1283=ORIENTED_EDGE('',*,*,#2461,.F.);
#1284=ORIENTED_EDGE('',*,*,#2462,.F.);
#1285=ORIENTED_EDGE('',*,*,#2463,.F.);
#1286=ORIENTED_EDGE('',*,*,#2464,.F.);
#1287=ORIENTED_EDGE('',*,*,#2465,.F.);
#1288=ORIENTED_EDGE('',*,*,#2466,.F.);
#1289=ORIENTED_EDGE('',*,*,#2467,.F.);
#1290=ORIENTED_EDGE('',*,*,#2468,.F.);
#1291=ORIENTED_EDGE('',*,*,#2469,.F.);
#1292=ORIENTED_EDGE('',*,*,#2470,.F.);
#1293=ORIENTED_EDGE('',*,*,#2471,.F.);
#1294=ORIENTED_EDGE('',*,*,#2472,.F.);
#1295=ORIENTED_EDGE('',*,*,#2473,.F.);
#1296=ORIENTED_EDGE('',*,*,#2474,.F.);
#1297=ORIENTED_EDGE('',*,*,#2475,.F.);
#1298=ORIENTED_EDGE('',*,*,#2476,.F.);
#1299=ORIENTED_EDGE('',*,*,#2477,.F.);
#1300=ORIENTED_EDGE('',*,*,#2478,.F.);
#1301=ORIENTED_EDGE('',*,*,#2479,.F.);
#1302=ORIENTED_EDGE('',*,*,#2480,.F.);
#1303=ORIENTED_EDGE('',*,*,#2481,.F.);
#1304=ORIENTED_EDGE('',*,*,#2482,.F.);
#1305=ORIENTED_EDGE('',*,*,#2483,.F.);
#1306=ORIENTED_EDGE('',*,*,#2484,.F.);
#1307=ORIENTED_EDGE('',*,*,#2308,.T.);
#1308=ORIENTED_EDGE('',*,*,#2485,.T.);
#1309=ORIENTED_EDGE('',*,*,#2486,.T.);
#1310=ORIENTED_EDGE('',*,*,#2307,.T.);
#1311=ORIENTED_EDGE('',*,*,#2299,.T.);
#1312=ORIENTED_EDGE('',*,*,#2487,.T.);
#1313=ORIENTED_EDGE('',*,*,#2485,.F.);
#1314=ORIENTED_EDGE('',*,*,#2488,.F.);
#1315=ORIENTED_EDGE('',*,*,#2310,.T.);
#1316=ORIENTED_EDGE('',*,*,#2489,.T.);
#1317=ORIENTED_EDGE('',*,*,#2490,.T.);
#1318=ORIENTED_EDGE('',*,*,#2309,.T.);
#1319=ORIENTED_EDGE('',*,*,#2484,.T.);
#1320=ORIENTED_EDGE('',*,*,#2491,.T.);
#1321=ORIENTED_EDGE('',*,*,#2489,.F.);
#1322=ORIENTED_EDGE('',*,*,#2492,.F.);
#1323=ORIENTED_EDGE('',*,*,#2312,.T.);
#1324=ORIENTED_EDGE('',*,*,#2493,.T.);
#1325=ORIENTED_EDGE('',*,*,#2494,.T.);
#1326=ORIENTED_EDGE('',*,*,#2311,.T.);
#1327=ORIENTED_EDGE('',*,*,#2488,.T.);
#1328=ORIENTED_EDGE('',*,*,#2495,.T.);
#1329=ORIENTED_EDGE('',*,*,#2493,.F.);
#1330=ORIENTED_EDGE('',*,*,#2496,.F.);
#1331=ORIENTED_EDGE('',*,*,#2314,.T.);
#1332=ORIENTED_EDGE('',*,*,#2497,.T.);
#1333=ORIENTED_EDGE('',*,*,#2498,.T.);
#1334=ORIENTED_EDGE('',*,*,#2313,.T.);
#1335=ORIENTED_EDGE('',*,*,#2492,.T.);
#1336=ORIENTED_EDGE('',*,*,#2499,.T.);
#1337=ORIENTED_EDGE('',*,*,#2497,.F.);
#1338=ORIENTED_EDGE('',*,*,#2500,.F.);
#1339=ORIENTED_EDGE('',*,*,#2316,.T.);
#1340=ORIENTED_EDGE('',*,*,#2501,.T.);
#1341=ORIENTED_EDGE('',*,*,#2502,.T.);
#1342=ORIENTED_EDGE('',*,*,#2315,.T.);
#1343=ORIENTED_EDGE('',*,*,#2496,.T.);
#1344=ORIENTED_EDGE('',*,*,#2503,.T.);
#1345=ORIENTED_EDGE('',*,*,#2501,.F.);
#1346=ORIENTED_EDGE('',*,*,#2504,.F.);
#1347=ORIENTED_EDGE('',*,*,#2318,.T.);
#1348=ORIENTED_EDGE('',*,*,#2505,.T.);
#1349=ORIENTED_EDGE('',*,*,#2506,.T.);
#1350=ORIENTED_EDGE('',*,*,#2317,.T.);
#1351=ORIENTED_EDGE('',*,*,#2500,.T.);
#1352=ORIENTED_EDGE('',*,*,#2507,.T.);
#1353=ORIENTED_EDGE('',*,*,#2505,.F.);
#1354=ORIENTED_EDGE('',*,*,#2508,.F.);
#1355=ORIENTED_EDGE('',*,*,#2320,.T.);
#1356=ORIENTED_EDGE('',*,*,#2509,.T.);
#1357=ORIENTED_EDGE('',*,*,#2510,.T.);
#1358=ORIENTED_EDGE('',*,*,#2319,.T.);
#1359=ORIENTED_EDGE('',*,*,#2504,.T.);
#1360=ORIENTED_EDGE('',*,*,#2511,.T.);
#1361=ORIENTED_EDGE('',*,*,#2509,.F.);
#1362=ORIENTED_EDGE('',*,*,#2512,.F.);
#1363=ORIENTED_EDGE('',*,*,#2322,.T.);
#1364=ORIENTED_EDGE('',*,*,#2513,.T.);
#1365=ORIENTED_EDGE('',*,*,#2514,.T.);
#1366=ORIENTED_EDGE('',*,*,#2321,.T.);
#1367=ORIENTED_EDGE('',*,*,#2508,.T.);
#1368=ORIENTED_EDGE('',*,*,#2515,.T.);
#1369=ORIENTED_EDGE('',*,*,#2513,.F.);
#1370=ORIENTED_EDGE('',*,*,#2516,.F.);
#1371=ORIENTED_EDGE('',*,*,#2324,.T.);
#1372=ORIENTED_EDGE('',*,*,#2517,.T.);
#1373=ORIENTED_EDGE('',*,*,#2518,.T.);
#1374=ORIENTED_EDGE('',*,*,#2323,.T.);
#1375=ORIENTED_EDGE('',*,*,#2512,.T.);
#1376=ORIENTED_EDGE('',*,*,#2519,.T.);
#1377=ORIENTED_EDGE('',*,*,#2517,.F.);
#1378=ORIENTED_EDGE('',*,*,#2520,.F.);
#1379=ORIENTED_EDGE('',*,*,#2326,.T.);
#1380=ORIENTED_EDGE('',*,*,#2521,.T.);
#1381=ORIENTED_EDGE('',*,*,#2522,.T.);
#1382=ORIENTED_EDGE('',*,*,#2325,.T.);
#1383=ORIENTED_EDGE('',*,*,#2516,.T.);
#1384=ORIENTED_EDGE('',*,*,#2523,.T.);
#1385=ORIENTED_EDGE('',*,*,#2521,.F.);
#1386=ORIENTED_EDGE('',*,*,#2524,.F.);
#1387=ORIENTED_EDGE('',*,*,#2328,.T.);
#1388=ORIENTED_EDGE('',*,*,#2525,.T.);
#1389=ORIENTED_EDGE('',*,*,#2526,.T.);
#1390=ORIENTED_EDGE('',*,*,#2327,.T.);
#1391=ORIENTED_EDGE('',*,*,#2520,.T.);
#1392=ORIENTED_EDGE('',*,*,#2527,.T.);
#1393=ORIENTED_EDGE('',*,*,#2525,.F.);
#1394=ORIENTED_EDGE('',*,*,#2528,.F.);
#1395=ORIENTED_EDGE('',*,*,#2330,.T.);
#1396=ORIENTED_EDGE('',*,*,#2529,.T.);
#1397=ORIENTED_EDGE('',*,*,#2530,.T.);
#1398=ORIENTED_EDGE('',*,*,#2329,.T.);
#1399=ORIENTED_EDGE('',*,*,#2524,.T.);
#1400=ORIENTED_EDGE('',*,*,#2531,.T.);
#1401=ORIENTED_EDGE('',*,*,#2529,.F.);
#1402=ORIENTED_EDGE('',*,*,#2532,.F.);
#1403=ORIENTED_EDGE('',*,*,#2332,.T.);
#1404=ORIENTED_EDGE('',*,*,#2533,.T.);
#1405=ORIENTED_EDGE('',*,*,#2534,.T.);
#1406=ORIENTED_EDGE('',*,*,#2331,.T.);
#1407=ORIENTED_EDGE('',*,*,#2528,.T.);
#1408=ORIENTED_EDGE('',*,*,#2535,.T.);
#1409=ORIENTED_EDGE('',*,*,#2533,.F.);
#1410=ORIENTED_EDGE('',*,*,#2536,.F.);
#1411=ORIENTED_EDGE('',*,*,#2334,.T.);
#1412=ORIENTED_EDGE('',*,*,#2537,.T.);
#1413=ORIENTED_EDGE('',*,*,#2538,.T.);
#1414=ORIENTED_EDGE('',*,*,#2333,.T.);
#1415=ORIENTED_EDGE('',*,*,#2532,.T.);
#1416=ORIENTED_EDGE('',*,*,#2539,.T.);
#1417=ORIENTED_EDGE('',*,*,#2537,.F.);
#1418=ORIENTED_EDGE('',*,*,#2540,.F.);
#1419=ORIENTED_EDGE('',*,*,#2336,.T.);
#1420=ORIENTED_EDGE('',*,*,#2541,.T.);
#1421=ORIENTED_EDGE('',*,*,#2542,.T.);
#1422=ORIENTED_EDGE('',*,*,#2335,.T.);
#1423=ORIENTED_EDGE('',*,*,#2536,.T.);
#1424=ORIENTED_EDGE('',*,*,#2543,.T.);
#1425=ORIENTED_EDGE('',*,*,#2541,.F.);
#1426=ORIENTED_EDGE('',*,*,#2544,.F.);
#1427=ORIENTED_EDGE('',*,*,#2338,.T.);
#1428=ORIENTED_EDGE('',*,*,#2545,.T.);
#1429=ORIENTED_EDGE('',*,*,#2546,.T.);
#1430=ORIENTED_EDGE('',*,*,#2337,.T.);
#1431=ORIENTED_EDGE('',*,*,#2540,.T.);
#1432=ORIENTED_EDGE('',*,*,#2547,.T.);
#1433=ORIENTED_EDGE('',*,*,#2545,.F.);
#1434=ORIENTED_EDGE('',*,*,#2548,.F.);
#1435=ORIENTED_EDGE('',*,*,#2340,.T.);
#1436=ORIENTED_EDGE('',*,*,#2549,.T.);
#1437=ORIENTED_EDGE('',*,*,#2550,.T.);
#1438=ORIENTED_EDGE('',*,*,#2339,.T.);
#1439=ORIENTED_EDGE('',*,*,#2544,.T.);
#1440=ORIENTED_EDGE('',*,*,#2551,.T.);
#1441=ORIENTED_EDGE('',*,*,#2549,.F.);
#1442=ORIENTED_EDGE('',*,*,#2552,.F.);
#1443=ORIENTED_EDGE('',*,*,#2342,.T.);
#1444=ORIENTED_EDGE('',*,*,#2553,.T.);
#1445=ORIENTED_EDGE('',*,*,#2554,.T.);
#1446=ORIENTED_EDGE('',*,*,#2341,.T.);
#1447=ORIENTED_EDGE('',*,*,#2548,.T.);
#1448=ORIENTED_EDGE('',*,*,#2555,.T.);
#1449=ORIENTED_EDGE('',*,*,#2553,.F.);
#1450=ORIENTED_EDGE('',*,*,#2556,.F.);
#1451=ORIENTED_EDGE('',*,*,#2344,.T.);
#1452=ORIENTED_EDGE('',*,*,#2557,.T.);
#1453=ORIENTED_EDGE('',*,*,#2558,.T.);
#1454=ORIENTED_EDGE('',*,*,#2343,.T.);
#1455=ORIENTED_EDGE('',*,*,#2552,.T.);
#1456=ORIENTED_EDGE('',*,*,#2559,.T.);
#1457=ORIENTED_EDGE('',*,*,#2557,.F.);
#1458=ORIENTED_EDGE('',*,*,#2560,.F.);
#1459=ORIENTED_EDGE('',*,*,#2346,.T.);
#1460=ORIENTED_EDGE('',*,*,#2561,.T.);
#1461=ORIENTED_EDGE('',*,*,#2562,.T.);
#1462=ORIENTED_EDGE('',*,*,#2345,.T.);
#1463=ORIENTED_EDGE('',*,*,#2556,.T.);
#1464=ORIENTED_EDGE('',*,*,#2563,.T.);
#1465=ORIENTED_EDGE('',*,*,#2561,.F.);
#1466=ORIENTED_EDGE('',*,*,#2564,.F.);
#1467=ORIENTED_EDGE('',*,*,#2348,.T.);
#1468=ORIENTED_EDGE('',*,*,#2565,.T.);
#1469=ORIENTED_EDGE('',*,*,#2566,.T.);
#1470=ORIENTED_EDGE('',*,*,#2347,.T.);
#1471=ORIENTED_EDGE('',*,*,#2560,.T.);
#1472=ORIENTED_EDGE('',*,*,#2567,.T.);
#1473=ORIENTED_EDGE('',*,*,#2565,.F.);
#1474=ORIENTED_EDGE('',*,*,#2568,.F.);
#1475=ORIENTED_EDGE('',*,*,#2350,.T.);
#1476=ORIENTED_EDGE('',*,*,#2569,.T.);
#1477=ORIENTED_EDGE('',*,*,#2570,.T.);
#1478=ORIENTED_EDGE('',*,*,#2349,.T.);
#1479=ORIENTED_EDGE('',*,*,#2564,.T.);
#1480=ORIENTED_EDGE('',*,*,#2571,.T.);
#1481=ORIENTED_EDGE('',*,*,#2569,.F.);
#1482=ORIENTED_EDGE('',*,*,#2572,.F.);
#1483=ORIENTED_EDGE('',*,*,#2352,.T.);
#1484=ORIENTED_EDGE('',*,*,#2573,.T.);
#1485=ORIENTED_EDGE('',*,*,#2574,.T.);
#1486=ORIENTED_EDGE('',*,*,#2351,.T.);
#1487=ORIENTED_EDGE('',*,*,#2568,.T.);
#1488=ORIENTED_EDGE('',*,*,#2575,.T.);
#1489=ORIENTED_EDGE('',*,*,#2573,.F.);
#1490=ORIENTED_EDGE('',*,*,#2576,.F.);
#1491=ORIENTED_EDGE('',*,*,#2354,.T.);
#1492=ORIENTED_EDGE('',*,*,#2577,.T.);
#1493=ORIENTED_EDGE('',*,*,#2578,.T.);
#1494=ORIENTED_EDGE('',*,*,#2353,.T.);
#1495=ORIENTED_EDGE('',*,*,#2572,.T.);
#1496=ORIENTED_EDGE('',*,*,#2579,.T.);
#1497=ORIENTED_EDGE('',*,*,#2577,.F.);
#1498=ORIENTED_EDGE('',*,*,#2580,.F.);
#1499=ORIENTED_EDGE('',*,*,#2356,.T.);
#1500=ORIENTED_EDGE('',*,*,#2581,.T.);
#1501=ORIENTED_EDGE('',*,*,#2582,.T.);
#1502=ORIENTED_EDGE('',*,*,#2355,.T.);
#1503=ORIENTED_EDGE('',*,*,#2576,.T.);
#1504=ORIENTED_EDGE('',*,*,#2583,.T.);
#1505=ORIENTED_EDGE('',*,*,#2581,.F.);
#1506=ORIENTED_EDGE('',*,*,#2584,.F.);
#1507=ORIENTED_EDGE('',*,*,#2358,.T.);
#1508=ORIENTED_EDGE('',*,*,#2585,.T.);
#1509=ORIENTED_EDGE('',*,*,#2586,.T.);
#1510=ORIENTED_EDGE('',*,*,#2357,.T.);
#1511=ORIENTED_EDGE('',*,*,#2580,.T.);
#1512=ORIENTED_EDGE('',*,*,#2587,.T.);
#1513=ORIENTED_EDGE('',*,*,#2585,.F.);
#1514=ORIENTED_EDGE('',*,*,#2588,.F.);
#1515=ORIENTED_EDGE('',*,*,#2360,.T.);
#1516=ORIENTED_EDGE('',*,*,#2589,.T.);
#1517=ORIENTED_EDGE('',*,*,#2590,.T.);
#1518=ORIENTED_EDGE('',*,*,#2359,.T.);
#1519=ORIENTED_EDGE('',*,*,#2584,.T.);
#1520=ORIENTED_EDGE('',*,*,#2591,.T.);
#1521=ORIENTED_EDGE('',*,*,#2589,.F.);
#1522=ORIENTED_EDGE('',*,*,#2592,.F.);
#1523=ORIENTED_EDGE('',*,*,#2362,.T.);
#1524=ORIENTED_EDGE('',*,*,#2593,.T.);
#1525=ORIENTED_EDGE('',*,*,#2594,.T.);
#1526=ORIENTED_EDGE('',*,*,#2361,.T.);
#1527=ORIENTED_EDGE('',*,*,#2588,.T.);
#1528=ORIENTED_EDGE('',*,*,#2595,.T.);
#1529=ORIENTED_EDGE('',*,*,#2593,.F.);
#1530=ORIENTED_EDGE('',*,*,#2596,.F.);
#1531=ORIENTED_EDGE('',*,*,#2364,.T.);
#1532=ORIENTED_EDGE('',*,*,#2597,.T.);
#1533=ORIENTED_EDGE('',*,*,#2598,.T.);
#1534=ORIENTED_EDGE('',*,*,#2363,.T.);
#1535=ORIENTED_EDGE('',*,*,#2592,.T.);
#1536=ORIENTED_EDGE('',*,*,#2599,.T.);
#1537=ORIENTED_EDGE('',*,*,#2597,.F.);
#1538=ORIENTED_EDGE('',*,*,#2600,.F.);
#1539=ORIENTED_EDGE('',*,*,#2366,.T.);
#1540=ORIENTED_EDGE('',*,*,#2601,.T.);
#1541=ORIENTED_EDGE('',*,*,#2602,.T.);
#1542=ORIENTED_EDGE('',*,*,#2365,.T.);
#1543=ORIENTED_EDGE('',*,*,#2596,.T.);
#1544=ORIENTED_EDGE('',*,*,#2603,.T.);
#1545=ORIENTED_EDGE('',*,*,#2601,.F.);
#1546=ORIENTED_EDGE('',*,*,#2604,.F.);
#1547=ORIENTED_EDGE('',*,*,#2368,.T.);
#1548=ORIENTED_EDGE('',*,*,#2605,.T.);
#1549=ORIENTED_EDGE('',*,*,#2606,.T.);
#1550=ORIENTED_EDGE('',*,*,#2367,.T.);
#1551=ORIENTED_EDGE('',*,*,#2600,.T.);
#1552=ORIENTED_EDGE('',*,*,#2607,.T.);
#1553=ORIENTED_EDGE('',*,*,#2605,.F.);
#1554=ORIENTED_EDGE('',*,*,#2608,.F.);
#1555=ORIENTED_EDGE('',*,*,#2370,.T.);
#1556=ORIENTED_EDGE('',*,*,#2609,.T.);
#1557=ORIENTED_EDGE('',*,*,#2610,.T.);
#1558=ORIENTED_EDGE('',*,*,#2369,.T.);
#1559=ORIENTED_EDGE('',*,*,#2604,.T.);
#1560=ORIENTED_EDGE('',*,*,#2611,.T.);
#1561=ORIENTED_EDGE('',*,*,#2609,.F.);
#1562=ORIENTED_EDGE('',*,*,#2612,.F.);
#1563=ORIENTED_EDGE('',*,*,#2372,.T.);
#1564=ORIENTED_EDGE('',*,*,#2613,.T.);
#1565=ORIENTED_EDGE('',*,*,#2614,.T.);
#1566=ORIENTED_EDGE('',*,*,#2371,.T.);
#1567=ORIENTED_EDGE('',*,*,#2608,.T.);
#1568=ORIENTED_EDGE('',*,*,#2615,.T.);
#1569=ORIENTED_EDGE('',*,*,#2613,.F.);
#1570=ORIENTED_EDGE('',*,*,#2616,.F.);
#1571=ORIENTED_EDGE('',*,*,#2374,.T.);
#1572=ORIENTED_EDGE('',*,*,#2617,.T.);
#1573=ORIENTED_EDGE('',*,*,#2618,.T.);
#1574=ORIENTED_EDGE('',*,*,#2373,.T.);
#1575=ORIENTED_EDGE('',*,*,#2612,.T.);
#1576=ORIENTED_EDGE('',*,*,#2619,.T.);
#1577=ORIENTED_EDGE('',*,*,#2617,.F.);
#1578=ORIENTED_EDGE('',*,*,#2620,.F.);
#1579=ORIENTED_EDGE('',*,*,#2376,.T.);
#1580=ORIENTED_EDGE('',*,*,#2621,.T.);
#1581=ORIENTED_EDGE('',*,*,#2622,.T.);
#1582=ORIENTED_EDGE('',*,*,#2375,.T.);
#1583=ORIENTED_EDGE('',*,*,#2616,.T.);
#1584=ORIENTED_EDGE('',*,*,#2623,.T.);
#1585=ORIENTED_EDGE('',*,*,#2621,.F.);
#1586=ORIENTED_EDGE('',*,*,#2624,.F.);
#1587=ORIENTED_EDGE('',*,*,#2378,.T.);
#1588=ORIENTED_EDGE('',*,*,#2625,.T.);
#1589=ORIENTED_EDGE('',*,*,#2626,.T.);
#1590=ORIENTED_EDGE('',*,*,#2377,.T.);
#1591=ORIENTED_EDGE('',*,*,#2620,.T.);
#1592=ORIENTED_EDGE('',*,*,#2627,.T.);
#1593=ORIENTED_EDGE('',*,*,#2625,.F.);
#1594=ORIENTED_EDGE('',*,*,#2628,.F.);
#1595=ORIENTED_EDGE('',*,*,#2380,.T.);
#1596=ORIENTED_EDGE('',*,*,#2629,.T.);
#1597=ORIENTED_EDGE('',*,*,#2630,.T.);
#1598=ORIENTED_EDGE('',*,*,#2379,.T.);
#1599=ORIENTED_EDGE('',*,*,#2624,.T.);
#1600=ORIENTED_EDGE('',*,*,#2631,.T.);
#1601=ORIENTED_EDGE('',*,*,#2629,.F.);
#1602=ORIENTED_EDGE('',*,*,#2632,.F.);
#1603=ORIENTED_EDGE('',*,*,#2382,.T.);
#1604=ORIENTED_EDGE('',*,*,#2633,.T.);
#1605=ORIENTED_EDGE('',*,*,#2634,.T.);
#1606=ORIENTED_EDGE('',*,*,#2381,.T.);
#1607=ORIENTED_EDGE('',*,*,#2628,.T.);
#1608=ORIENTED_EDGE('',*,*,#2635,.T.);
#1609=ORIENTED_EDGE('',*,*,#2633,.F.);
#1610=ORIENTED_EDGE('',*,*,#2636,.F.);
#1611=ORIENTED_EDGE('',*,*,#2384,.T.);
#1612=ORIENTED_EDGE('',*,*,#2637,.T.);
#1613=ORIENTED_EDGE('',*,*,#2638,.T.);
#1614=ORIENTED_EDGE('',*,*,#2383,.T.);
#1615=ORIENTED_EDGE('',*,*,#2632,.T.);
#1616=ORIENTED_EDGE('',*,*,#2639,.T.);
#1617=ORIENTED_EDGE('',*,*,#2637,.F.);
#1618=ORIENTED_EDGE('',*,*,#2640,.F.);
#1619=ORIENTED_EDGE('',*,*,#2386,.T.);
#1620=ORIENTED_EDGE('',*,*,#2641,.T.);
#1621=ORIENTED_EDGE('',*,*,#2642,.T.);
#1622=ORIENTED_EDGE('',*,*,#2385,.T.);
#1623=ORIENTED_EDGE('',*,*,#2636,.T.);
#1624=ORIENTED_EDGE('',*,*,#2643,.T.);
#1625=ORIENTED_EDGE('',*,*,#2641,.F.);
#1626=ORIENTED_EDGE('',*,*,#2644,.F.);
#1627=ORIENTED_EDGE('',*,*,#2388,.T.);
#1628=ORIENTED_EDGE('',*,*,#2645,.T.);
#1629=ORIENTED_EDGE('',*,*,#2646,.T.);
#1630=ORIENTED_EDGE('',*,*,#2387,.T.);
#1631=ORIENTED_EDGE('',*,*,#2640,.T.);
#1632=ORIENTED_EDGE('',*,*,#2647,.T.);
#1633=ORIENTED_EDGE('',*,*,#2645,.F.);
#1634=ORIENTED_EDGE('',*,*,#2648,.F.);
#1635=ORIENTED_EDGE('',*,*,#2390,.T.);
#1636=ORIENTED_EDGE('',*,*,#2649,.T.);
#1637=ORIENTED_EDGE('',*,*,#2650,.T.);
#1638=ORIENTED_EDGE('',*,*,#2389,.T.);
#1639=ORIENTED_EDGE('',*,*,#2644,.T.);
#1640=ORIENTED_EDGE('',*,*,#2651,.T.);
#1641=ORIENTED_EDGE('',*,*,#2649,.F.);
#1642=ORIENTED_EDGE('',*,*,#2652,.F.);
#1643=ORIENTED_EDGE('',*,*,#2392,.T.);
#1644=ORIENTED_EDGE('',*,*,#2653,.T.);
#1645=ORIENTED_EDGE('',*,*,#2654,.T.);
#1646=ORIENTED_EDGE('',*,*,#2391,.T.);
#1647=ORIENTED_EDGE('',*,*,#2648,.T.);
#1648=ORIENTED_EDGE('',*,*,#2655,.T.);
#1649=ORIENTED_EDGE('',*,*,#2653,.F.);
#1650=ORIENTED_EDGE('',*,*,#2656,.F.);
#1651=ORIENTED_EDGE('',*,*,#2394,.T.);
#1652=ORIENTED_EDGE('',*,*,#2657,.T.);
#1653=ORIENTED_EDGE('',*,*,#2658,.T.);
#1654=ORIENTED_EDGE('',*,*,#2393,.T.);
#1655=ORIENTED_EDGE('',*,*,#2652,.T.);
#1656=ORIENTED_EDGE('',*,*,#2659,.T.);
#1657=ORIENTED_EDGE('',*,*,#2657,.F.);
#1658=ORIENTED_EDGE('',*,*,#2660,.F.);
#1659=ORIENTED_EDGE('',*,*,#2396,.T.);
#1660=ORIENTED_EDGE('',*,*,#2661,.T.);
#1661=ORIENTED_EDGE('',*,*,#2662,.T.);
#1662=ORIENTED_EDGE('',*,*,#2395,.T.);
#1663=ORIENTED_EDGE('',*,*,#2656,.T.);
#1664=ORIENTED_EDGE('',*,*,#2663,.T.);
#1665=ORIENTED_EDGE('',*,*,#2661,.F.);
#1666=ORIENTED_EDGE('',*,*,#2664,.F.);
#1667=ORIENTED_EDGE('',*,*,#2398,.T.);
#1668=ORIENTED_EDGE('',*,*,#2665,.T.);
#1669=ORIENTED_EDGE('',*,*,#2666,.T.);
#1670=ORIENTED_EDGE('',*,*,#2397,.T.);
#1671=ORIENTED_EDGE('',*,*,#2660,.T.);
#1672=ORIENTED_EDGE('',*,*,#2667,.T.);
#1673=ORIENTED_EDGE('',*,*,#2665,.F.);
#1674=ORIENTED_EDGE('',*,*,#2668,.F.);
#1675=ORIENTED_EDGE('',*,*,#2400,.T.);
#1676=ORIENTED_EDGE('',*,*,#2669,.T.);
#1677=ORIENTED_EDGE('',*,*,#2670,.T.);
#1678=ORIENTED_EDGE('',*,*,#2399,.T.);
#1679=ORIENTED_EDGE('',*,*,#2664,.T.);
#1680=ORIENTED_EDGE('',*,*,#2671,.T.);
#1681=ORIENTED_EDGE('',*,*,#2669,.F.);
#1682=ORIENTED_EDGE('',*,*,#2672,.F.);
#1683=ORIENTED_EDGE('',*,*,#2402,.T.);
#1684=ORIENTED_EDGE('',*,*,#2673,.T.);
#1685=ORIENTED_EDGE('',*,*,#2674,.T.);
#1686=ORIENTED_EDGE('',*,*,#2401,.T.);
#1687=ORIENTED_EDGE('',*,*,#2668,.T.);
#1688=ORIENTED_EDGE('',*,*,#2675,.T.);
#1689=ORIENTED_EDGE('',*,*,#2673,.F.);
#1690=ORIENTED_EDGE('',*,*,#2676,.F.);
#1691=ORIENTED_EDGE('',*,*,#2404,.T.);
#1692=ORIENTED_EDGE('',*,*,#2677,.T.);
#1693=ORIENTED_EDGE('',*,*,#2678,.T.);
#1694=ORIENTED_EDGE('',*,*,#2403,.T.);
#1695=ORIENTED_EDGE('',*,*,#2672,.T.);
#1696=ORIENTED_EDGE('',*,*,#2679,.T.);
#1697=ORIENTED_EDGE('',*,*,#2677,.F.);
#1698=ORIENTED_EDGE('',*,*,#2680,.F.);
#1699=ORIENTED_EDGE('',*,*,#2406,.T.);
#1700=ORIENTED_EDGE('',*,*,#2681,.T.);
#1701=ORIENTED_EDGE('',*,*,#2682,.T.);
#1702=ORIENTED_EDGE('',*,*,#2405,.T.);
#1703=ORIENTED_EDGE('',*,*,#2676,.T.);
#1704=ORIENTED_EDGE('',*,*,#2683,.T.);
#1705=ORIENTED_EDGE('',*,*,#2681,.F.);
#1706=ORIENTED_EDGE('',*,*,#2684,.F.);
#1707=ORIENTED_EDGE('',*,*,#2408,.T.);
#1708=ORIENTED_EDGE('',*,*,#2685,.T.);
#1709=ORIENTED_EDGE('',*,*,#2686,.T.);
#1710=ORIENTED_EDGE('',*,*,#2407,.T.);
#1711=ORIENTED_EDGE('',*,*,#2680,.T.);
#1712=ORIENTED_EDGE('',*,*,#2687,.T.);
#1713=ORIENTED_EDGE('',*,*,#2685,.F.);
#1714=ORIENTED_EDGE('',*,*,#2688,.F.);
#1715=ORIENTED_EDGE('',*,*,#2410,.T.);
#1716=ORIENTED_EDGE('',*,*,#2689,.T.);
#1717=ORIENTED_EDGE('',*,*,#2690,.T.);
#1718=ORIENTED_EDGE('',*,*,#2409,.T.);
#1719=ORIENTED_EDGE('',*,*,#2684,.T.);
#1720=ORIENTED_EDGE('',*,*,#2691,.T.);
#1721=ORIENTED_EDGE('',*,*,#2689,.F.);
#1722=ORIENTED_EDGE('',*,*,#2692,.F.);
#1723=ORIENTED_EDGE('',*,*,#2412,.T.);
#1724=ORIENTED_EDGE('',*,*,#2693,.T.);
#1725=ORIENTED_EDGE('',*,*,#2694,.T.);
#1726=ORIENTED_EDGE('',*,*,#2411,.T.);
#1727=ORIENTED_EDGE('',*,*,#2688,.T.);
#1728=ORIENTED_EDGE('',*,*,#2695,.T.);
#1729=ORIENTED_EDGE('',*,*,#2693,.F.);
#1730=ORIENTED_EDGE('',*,*,#2696,.F.);
#1731=ORIENTED_EDGE('',*,*,#2414,.T.);
#1732=ORIENTED_EDGE('',*,*,#2697,.T.);
#1733=ORIENTED_EDGE('',*,*,#2698,.T.);
#1734=ORIENTED_EDGE('',*,*,#2413,.T.);
#1735=ORIENTED_EDGE('',*,*,#2692,.T.);
#1736=ORIENTED_EDGE('',*,*,#2699,.T.);
#1737=ORIENTED_EDGE('',*,*,#2697,.F.);
#1738=ORIENTED_EDGE('',*,*,#2700,.F.);
#1739=ORIENTED_EDGE('',*,*,#2416,.T.);
#1740=ORIENTED_EDGE('',*,*,#2701,.T.);
#1741=ORIENTED_EDGE('',*,*,#2702,.T.);
#1742=ORIENTED_EDGE('',*,*,#2415,.T.);
#1743=ORIENTED_EDGE('',*,*,#2696,.T.);
#1744=ORIENTED_EDGE('',*,*,#2703,.T.);
#1745=ORIENTED_EDGE('',*,*,#2701,.F.);
#1746=ORIENTED_EDGE('',*,*,#2704,.F.);
#1747=ORIENTED_EDGE('',*,*,#2418,.T.);
#1748=ORIENTED_EDGE('',*,*,#2705,.T.);
#1749=ORIENTED_EDGE('',*,*,#2706,.T.);
#1750=ORIENTED_EDGE('',*,*,#2417,.T.);
#1751=ORIENTED_EDGE('',*,*,#2700,.T.);
#1752=ORIENTED_EDGE('',*,*,#2707,.T.);
#1753=ORIENTED_EDGE('',*,*,#2705,.F.);
#1754=ORIENTED_EDGE('',*,*,#2708,.F.);
#1755=ORIENTED_EDGE('',*,*,#2420,.T.);
#1756=ORIENTED_EDGE('',*,*,#2709,.T.);
#1757=ORIENTED_EDGE('',*,*,#2710,.T.);
#1758=ORIENTED_EDGE('',*,*,#2419,.T.);
#1759=ORIENTED_EDGE('',*,*,#2704,.T.);
#1760=ORIENTED_EDGE('',*,*,#2711,.T.);
#1761=ORIENTED_EDGE('',*,*,#2709,.F.);
#1762=ORIENTED_EDGE('',*,*,#2712,.F.);
#1763=ORIENTED_EDGE('',*,*,#2422,.T.);
#1764=ORIENTED_EDGE('',*,*,#2713,.T.);
#1765=ORIENTED_EDGE('',*,*,#2714,.T.);
#1766=ORIENTED_EDGE('',*,*,#2421,.T.);
#1767=ORIENTED_EDGE('',*,*,#2708,.T.);
#1768=ORIENTED_EDGE('',*,*,#2715,.T.);
#1769=ORIENTED_EDGE('',*,*,#2713,.F.);
#1770=ORIENTED_EDGE('',*,*,#2716,.F.);
#1771=ORIENTED_EDGE('',*,*,#2424,.T.);
#1772=ORIENTED_EDGE('',*,*,#2717,.T.);
#1773=ORIENTED_EDGE('',*,*,#2718,.T.);
#1774=ORIENTED_EDGE('',*,*,#2423,.T.);
#1775=ORIENTED_EDGE('',*,*,#2712,.T.);
#1776=ORIENTED_EDGE('',*,*,#2719,.T.);
#1777=ORIENTED_EDGE('',*,*,#2717,.F.);
#1778=ORIENTED_EDGE('',*,*,#2720,.F.);
#1779=ORIENTED_EDGE('',*,*,#2426,.T.);
#1780=ORIENTED_EDGE('',*,*,#2721,.T.);
#1781=ORIENTED_EDGE('',*,*,#2722,.T.);
#1782=ORIENTED_EDGE('',*,*,#2425,.T.);
#1783=ORIENTED_EDGE('',*,*,#2716,.T.);
#1784=ORIENTED_EDGE('',*,*,#2723,.T.);
#1785=ORIENTED_EDGE('',*,*,#2721,.F.);
#1786=ORIENTED_EDGE('',*,*,#2724,.F.);
#1787=ORIENTED_EDGE('',*,*,#2428,.T.);
#1788=ORIENTED_EDGE('',*,*,#2725,.T.);
#1789=ORIENTED_EDGE('',*,*,#2726,.T.);
#1790=ORIENTED_EDGE('',*,*,#2427,.T.);
#1791=ORIENTED_EDGE('',*,*,#2720,.T.);
#1792=ORIENTED_EDGE('',*,*,#2727,.T.);
#1793=ORIENTED_EDGE('',*,*,#2725,.F.);
#1794=ORIENTED_EDGE('',*,*,#2728,.F.);
#1795=ORIENTED_EDGE('',*,*,#2430,.T.);
#1796=ORIENTED_EDGE('',*,*,#2729,.T.);
#1797=ORIENTED_EDGE('',*,*,#2730,.T.);
#1798=ORIENTED_EDGE('',*,*,#2429,.T.);
#1799=ORIENTED_EDGE('',*,*,#2724,.T.);
#1800=ORIENTED_EDGE('',*,*,#2731,.T.);
#1801=ORIENTED_EDGE('',*,*,#2729,.F.);
#1802=ORIENTED_EDGE('',*,*,#2732,.F.);
#1803=ORIENTED_EDGE('',*,*,#2432,.T.);
#1804=ORIENTED_EDGE('',*,*,#2733,.T.);
#1805=ORIENTED_EDGE('',*,*,#2734,.T.);
#1806=ORIENTED_EDGE('',*,*,#2431,.T.);
#1807=ORIENTED_EDGE('',*,*,#2728,.T.);
#1808=ORIENTED_EDGE('',*,*,#2735,.T.);
#1809=ORIENTED_EDGE('',*,*,#2733,.F.);
#1810=ORIENTED_EDGE('',*,*,#2736,.F.);
#1811=ORIENTED_EDGE('',*,*,#2434,.T.);
#1812=ORIENTED_EDGE('',*,*,#2737,.T.);
#1813=ORIENTED_EDGE('',*,*,#2738,.T.);
#1814=ORIENTED_EDGE('',*,*,#2433,.T.);
#1815=ORIENTED_EDGE('',*,*,#2732,.T.);
#1816=ORIENTED_EDGE('',*,*,#2739,.T.);
#1817=ORIENTED_EDGE('',*,*,#2737,.F.);
#1818=ORIENTED_EDGE('',*,*,#2740,.F.);
#1819=ORIENTED_EDGE('',*,*,#2436,.T.);
#1820=ORIENTED_EDGE('',*,*,#2741,.T.);
#1821=ORIENTED_EDGE('',*,*,#2742,.T.);
#1822=ORIENTED_EDGE('',*,*,#2435,.T.);
#1823=ORIENTED_EDGE('',*,*,#2736,.T.);
#1824=ORIENTED_EDGE('',*,*,#2743,.T.);
#1825=ORIENTED_EDGE('',*,*,#2741,.F.);
#1826=ORIENTED_EDGE('',*,*,#2744,.F.);
#1827=ORIENTED_EDGE('',*,*,#2438,.T.);
#1828=ORIENTED_EDGE('',*,*,#2745,.T.);
#1829=ORIENTED_EDGE('',*,*,#2746,.T.);
#1830=ORIENTED_EDGE('',*,*,#2437,.T.);
#1831=ORIENTED_EDGE('',*,*,#2740,.T.);
#1832=ORIENTED_EDGE('',*,*,#2747,.T.);
#1833=ORIENTED_EDGE('',*,*,#2745,.F.);
#1834=ORIENTED_EDGE('',*,*,#2748,.F.);
#1835=ORIENTED_EDGE('',*,*,#2440,.T.);
#1836=ORIENTED_EDGE('',*,*,#2749,.T.);
#1837=ORIENTED_EDGE('',*,*,#2750,.T.);
#1838=ORIENTED_EDGE('',*,*,#2439,.T.);
#1839=ORIENTED_EDGE('',*,*,#2744,.T.);
#1840=ORIENTED_EDGE('',*,*,#2751,.T.);
#1841=ORIENTED_EDGE('',*,*,#2749,.F.);
#1842=ORIENTED_EDGE('',*,*,#2752,.F.);
#1843=ORIENTED_EDGE('',*,*,#2442,.T.);
#1844=ORIENTED_EDGE('',*,*,#2753,.T.);
#1845=ORIENTED_EDGE('',*,*,#2754,.T.);
#1846=ORIENTED_EDGE('',*,*,#2441,.T.);
#1847=ORIENTED_EDGE('',*,*,#2748,.T.);
#1848=ORIENTED_EDGE('',*,*,#2755,.T.);
#1849=ORIENTED_EDGE('',*,*,#2753,.F.);
#1850=ORIENTED_EDGE('',*,*,#2756,.F.);
#1851=ORIENTED_EDGE('',*,*,#2444,.T.);
#1852=ORIENTED_EDGE('',*,*,#2757,.T.);
#1853=ORIENTED_EDGE('',*,*,#2758,.T.);
#1854=ORIENTED_EDGE('',*,*,#2443,.T.);
#1855=ORIENTED_EDGE('',*,*,#2752,.T.);
#1856=ORIENTED_EDGE('',*,*,#2759,.T.);
#1857=ORIENTED_EDGE('',*,*,#2757,.F.);
#1858=ORIENTED_EDGE('',*,*,#2760,.F.);
#1859=ORIENTED_EDGE('',*,*,#2446,.T.);
#1860=ORIENTED_EDGE('',*,*,#2761,.T.);
#1861=ORIENTED_EDGE('',*,*,#2762,.T.);
#1862=ORIENTED_EDGE('',*,*,#2763,.T.);
#1863=ORIENTED_EDGE('',*,*,#2445,.T.);
#1864=ORIENTED_EDGE('',*,*,#2756,.T.);
#1865=ORIENTED_EDGE('',*,*,#2764,.T.);
#1866=ORIENTED_EDGE('',*,*,#2761,.F.);
#1867=ORIENTED_EDGE('',*,*,#2765,.F.);
#1868=ORIENTED_EDGE('',*,*,#2448,.T.);
#1869=ORIENTED_EDGE('',*,*,#2766,.T.);
#1870=ORIENTED_EDGE('',*,*,#2767,.T.);
#1871=ORIENTED_EDGE('',*,*,#2447,.T.);
#1872=ORIENTED_EDGE('',*,*,#2760,.T.);
#1873=ORIENTED_EDGE('',*,*,#2768,.T.);
#1874=ORIENTED_EDGE('',*,*,#2766,.F.);
#1875=ORIENTED_EDGE('',*,*,#2769,.F.);
#1876=ORIENTED_EDGE('',*,*,#2450,.T.);
#1877=ORIENTED_EDGE('',*,*,#2770,.T.);
#1878=ORIENTED_EDGE('',*,*,#2771,.T.);
#1879=ORIENTED_EDGE('',*,*,#2449,.T.);
#1880=ORIENTED_EDGE('',*,*,#2765,.T.);
#1881=ORIENTED_EDGE('',*,*,#2772,.T.);
#1882=ORIENTED_EDGE('',*,*,#2770,.F.);
#1883=ORIENTED_EDGE('',*,*,#2773,.F.);
#1884=ORIENTED_EDGE('',*,*,#2452,.T.);
#1885=ORIENTED_EDGE('',*,*,#2774,.T.);
#1886=ORIENTED_EDGE('',*,*,#2775,.T.);
#1887=ORIENTED_EDGE('',*,*,#2451,.T.);
#1888=ORIENTED_EDGE('',*,*,#2769,.T.);
#1889=ORIENTED_EDGE('',*,*,#2776,.T.);
#1890=ORIENTED_EDGE('',*,*,#2774,.F.);
#1891=ORIENTED_EDGE('',*,*,#2777,.F.);
#1892=ORIENTED_EDGE('',*,*,#2454,.T.);
#1893=ORIENTED_EDGE('',*,*,#2778,.T.);
#1894=ORIENTED_EDGE('',*,*,#2779,.T.);
#1895=ORIENTED_EDGE('',*,*,#2453,.T.);
#1896=ORIENTED_EDGE('',*,*,#2773,.T.);
#1897=ORIENTED_EDGE('',*,*,#2780,.T.);
#1898=ORIENTED_EDGE('',*,*,#2778,.F.);
#1899=ORIENTED_EDGE('',*,*,#2781,.F.);
#1900=ORIENTED_EDGE('',*,*,#2456,.T.);
#1901=ORIENTED_EDGE('',*,*,#2782,.T.);
#1902=ORIENTED_EDGE('',*,*,#2783,.T.);
#1903=ORIENTED_EDGE('',*,*,#2455,.T.);
#1904=ORIENTED_EDGE('',*,*,#2777,.T.);
#1905=ORIENTED_EDGE('',*,*,#2784,.T.);
#1906=ORIENTED_EDGE('',*,*,#2782,.F.);
#1907=ORIENTED_EDGE('',*,*,#2785,.F.);
#1908=ORIENTED_EDGE('',*,*,#2458,.T.);
#1909=ORIENTED_EDGE('',*,*,#2786,.T.);
#1910=ORIENTED_EDGE('',*,*,#2787,.T.);
#1911=ORIENTED_EDGE('',*,*,#2457,.T.);
#1912=ORIENTED_EDGE('',*,*,#2781,.T.);
#1913=ORIENTED_EDGE('',*,*,#2788,.T.);
#1914=ORIENTED_EDGE('',*,*,#2786,.F.);
#1915=ORIENTED_EDGE('',*,*,#2789,.F.);
#1916=ORIENTED_EDGE('',*,*,#2460,.T.);
#1917=ORIENTED_EDGE('',*,*,#2790,.T.);
#1918=ORIENTED_EDGE('',*,*,#2791,.T.);
#1919=ORIENTED_EDGE('',*,*,#2459,.T.);
#1920=ORIENTED_EDGE('',*,*,#2785,.T.);
#1921=ORIENTED_EDGE('',*,*,#2792,.T.);
#1922=ORIENTED_EDGE('',*,*,#2790,.F.);
#1923=ORIENTED_EDGE('',*,*,#2793,.F.);
#1924=ORIENTED_EDGE('',*,*,#2462,.T.);
#1925=ORIENTED_EDGE('',*,*,#2794,.T.);
#1926=ORIENTED_EDGE('',*,*,#2795,.T.);
#1927=ORIENTED_EDGE('',*,*,#2461,.T.);
#1928=ORIENTED_EDGE('',*,*,#2789,.T.);
#1929=ORIENTED_EDGE('',*,*,#2796,.T.);
#1930=ORIENTED_EDGE('',*,*,#2794,.F.);
#1931=ORIENTED_EDGE('',*,*,#2797,.F.);
#1932=ORIENTED_EDGE('',*,*,#2464,.T.);
#1933=ORIENTED_EDGE('',*,*,#2798,.T.);
#1934=ORIENTED_EDGE('',*,*,#2799,.T.);
#1935=ORIENTED_EDGE('',*,*,#2463,.T.);
#1936=ORIENTED_EDGE('',*,*,#2793,.T.);
#1937=ORIENTED_EDGE('',*,*,#2800,.T.);
#1938=ORIENTED_EDGE('',*,*,#2798,.F.);
#1939=ORIENTED_EDGE('',*,*,#2801,.F.);
#1940=ORIENTED_EDGE('',*,*,#2466,.T.);
#1941=ORIENTED_EDGE('',*,*,#2802,.T.);
#1942=ORIENTED_EDGE('',*,*,#2803,.T.);
#1943=ORIENTED_EDGE('',*,*,#2465,.T.);
#1944=ORIENTED_EDGE('',*,*,#2797,.T.);
#1945=ORIENTED_EDGE('',*,*,#2804,.T.);
#1946=ORIENTED_EDGE('',*,*,#2802,.F.);
#1947=ORIENTED_EDGE('',*,*,#2805,.F.);
#1948=ORIENTED_EDGE('',*,*,#2468,.T.);
#1949=ORIENTED_EDGE('',*,*,#2806,.T.);
#1950=ORIENTED_EDGE('',*,*,#2807,.T.);
#1951=ORIENTED_EDGE('',*,*,#2467,.T.);
#1952=ORIENTED_EDGE('',*,*,#2801,.T.);
#1953=ORIENTED_EDGE('',*,*,#2808,.T.);
#1954=ORIENTED_EDGE('',*,*,#2806,.F.);
#1955=ORIENTED_EDGE('',*,*,#2809,.F.);
#1956=ORIENTED_EDGE('',*,*,#2470,.T.);
#1957=ORIENTED_EDGE('',*,*,#2810,.T.);
#1958=ORIENTED_EDGE('',*,*,#2811,.T.);
#1959=ORIENTED_EDGE('',*,*,#2469,.T.);
#1960=ORIENTED_EDGE('',*,*,#2805,.T.);
#1961=ORIENTED_EDGE('',*,*,#2812,.T.);
#1962=ORIENTED_EDGE('',*,*,#2810,.F.);
#1963=ORIENTED_EDGE('',*,*,#2813,.F.);
#1964=ORIENTED_EDGE('',*,*,#2472,.T.);
#1965=ORIENTED_EDGE('',*,*,#2814,.T.);
#1966=ORIENTED_EDGE('',*,*,#2815,.T.);
#1967=ORIENTED_EDGE('',*,*,#2471,.T.);
#1968=ORIENTED_EDGE('',*,*,#2809,.T.);
#1969=ORIENTED_EDGE('',*,*,#2816,.T.);
#1970=ORIENTED_EDGE('',*,*,#2814,.F.);
#1971=ORIENTED_EDGE('',*,*,#2817,.F.);
#1972=ORIENTED_EDGE('',*,*,#2474,.T.);
#1973=ORIENTED_EDGE('',*,*,#2818,.T.);
#1974=ORIENTED_EDGE('',*,*,#2819,.T.);
#1975=ORIENTED_EDGE('',*,*,#2473,.T.);
#1976=ORIENTED_EDGE('',*,*,#2813,.T.);
#1977=ORIENTED_EDGE('',*,*,#2820,.T.);
#1978=ORIENTED_EDGE('',*,*,#2818,.F.);
#1979=ORIENTED_EDGE('',*,*,#2821,.F.);
#1980=ORIENTED_EDGE('',*,*,#2476,.T.);
#1981=ORIENTED_EDGE('',*,*,#2822,.T.);
#1982=ORIENTED_EDGE('',*,*,#2823,.T.);
#1983=ORIENTED_EDGE('',*,*,#2475,.T.);
#1984=ORIENTED_EDGE('',*,*,#2817,.T.);
#1985=ORIENTED_EDGE('',*,*,#2824,.T.);
#1986=ORIENTED_EDGE('',*,*,#2822,.F.);
#1987=ORIENTED_EDGE('',*,*,#2825,.F.);
#1988=ORIENTED_EDGE('',*,*,#2478,.T.);
#1989=ORIENTED_EDGE('',*,*,#2826,.T.);
#1990=ORIENTED_EDGE('',*,*,#2827,.T.);
#1991=ORIENTED_EDGE('',*,*,#2477,.T.);
#1992=ORIENTED_EDGE('',*,*,#2821,.T.);
#1993=ORIENTED_EDGE('',*,*,#2828,.T.);
#1994=ORIENTED_EDGE('',*,*,#2826,.F.);
#1995=ORIENTED_EDGE('',*,*,#2829,.F.);
#1996=ORIENTED_EDGE('',*,*,#2480,.T.);
#1997=ORIENTED_EDGE('',*,*,#2830,.T.);
#1998=ORIENTED_EDGE('',*,*,#2831,.T.);
#1999=ORIENTED_EDGE('',*,*,#2479,.T.);
#2000=ORIENTED_EDGE('',*,*,#2825,.T.);
#2001=ORIENTED_EDGE('',*,*,#2832,.T.);
#2002=ORIENTED_EDGE('',*,*,#2830,.F.);
#2003=ORIENTED_EDGE('',*,*,#2833,.F.);
#2004=ORIENTED_EDGE('',*,*,#2482,.T.);
#2005=ORIENTED_EDGE('',*,*,#2834,.T.);
#2006=ORIENTED_EDGE('',*,*,#2835,.T.);
#2007=ORIENTED_EDGE('',*,*,#2481,.T.);
#2008=ORIENTED_EDGE('',*,*,#2829,.T.);
#2009=ORIENTED_EDGE('',*,*,#2836,.T.);
#2010=ORIENTED_EDGE('',*,*,#2834,.F.);
#2011=ORIENTED_EDGE('',*,*,#2837,.T.);
#2012=ORIENTED_EDGE('',*,*,#2838,.T.);
#2013=ORIENTED_EDGE('',*,*,#2303,.T.);
#2014=ORIENTED_EDGE('',*,*,#2306,.T.);
#2015=ORIENTED_EDGE('',*,*,#2483,.T.);
#2016=ORIENTED_EDGE('',*,*,#2833,.T.);
#2017=ORIENTED_EDGE('',*,*,#2839,.T.);
#2018=ORIENTED_EDGE('',*,*,#2837,.F.);
#2019=ORIENTED_EDGE('',*,*,#2291,.T.);
#2020=ORIENTED_EDGE('',*,*,#2768,.F.);
#2021=ORIENTED_EDGE('',*,*,#2763,.F.);
#2022=ORIENTED_EDGE('',*,*,#2762,.F.);
#2023=ORIENTED_EDGE('',*,*,#2764,.F.);
#2024=ORIENTED_EDGE('',*,*,#2758,.F.);
#2025=ORIENTED_EDGE('',*,*,#2759,.F.);
#2026=ORIENTED_EDGE('',*,*,#2754,.F.);
#2027=ORIENTED_EDGE('',*,*,#2755,.F.);
#2028=ORIENTED_EDGE('',*,*,#2750,.F.);
#2029=ORIENTED_EDGE('',*,*,#2751,.F.);
#2030=ORIENTED_EDGE('',*,*,#2746,.F.);
#2031=ORIENTED_EDGE('',*,*,#2747,.F.);
#2032=ORIENTED_EDGE('',*,*,#2742,.F.);
#2033=ORIENTED_EDGE('',*,*,#2743,.F.);
#2034=ORIENTED_EDGE('',*,*,#2738,.F.);
#2035=ORIENTED_EDGE('',*,*,#2739,.F.);
#2036=ORIENTED_EDGE('',*,*,#2734,.F.);
#2037=ORIENTED_EDGE('',*,*,#2735,.F.);
#2038=ORIENTED_EDGE('',*,*,#2730,.F.);
#2039=ORIENTED_EDGE('',*,*,#2731,.F.);
#2040=ORIENTED_EDGE('',*,*,#2726,.F.);
#2041=ORIENTED_EDGE('',*,*,#2727,.F.);
#2042=ORIENTED_EDGE('',*,*,#2722,.F.);
#2043=ORIENTED_EDGE('',*,*,#2723,.F.);
#2044=ORIENTED_EDGE('',*,*,#2718,.F.);
#2045=ORIENTED_EDGE('',*,*,#2719,.F.);
#2046=ORIENTED_EDGE('',*,*,#2714,.F.);
#2047=ORIENTED_EDGE('',*,*,#2715,.F.);
#2048=ORIENTED_EDGE('',*,*,#2710,.F.);
#2049=ORIENTED_EDGE('',*,*,#2711,.F.);
#2050=ORIENTED_EDGE('',*,*,#2706,.F.);
#2051=ORIENTED_EDGE('',*,*,#2707,.F.);
#2052=ORIENTED_EDGE('',*,*,#2702,.F.);
#2053=ORIENTED_EDGE('',*,*,#2703,.F.);
#2054=ORIENTED_EDGE('',*,*,#2698,.F.);
#2055=ORIENTED_EDGE('',*,*,#2699,.F.);
#2056=ORIENTED_EDGE('',*,*,#2694,.F.);
#2057=ORIENTED_EDGE('',*,*,#2695,.F.);
#2058=ORIENTED_EDGE('',*,*,#2690,.F.);
#2059=ORIENTED_EDGE('',*,*,#2691,.F.);
#2060=ORIENTED_EDGE('',*,*,#2686,.F.);
#2061=ORIENTED_EDGE('',*,*,#2687,.F.);
#2062=ORIENTED_EDGE('',*,*,#2682,.F.);
#2063=ORIENTED_EDGE('',*,*,#2683,.F.);
#2064=ORIENTED_EDGE('',*,*,#2678,.F.);
#2065=ORIENTED_EDGE('',*,*,#2679,.F.);
#2066=ORIENTED_EDGE('',*,*,#2674,.F.);
#2067=ORIENTED_EDGE('',*,*,#2675,.F.);
#2068=ORIENTED_EDGE('',*,*,#2670,.F.);
#2069=ORIENTED_EDGE('',*,*,#2671,.F.);
#2070=ORIENTED_EDGE('',*,*,#2666,.F.);
#2071=ORIENTED_EDGE('',*,*,#2667,.F.);
#2072=ORIENTED_EDGE('',*,*,#2662,.F.);
#2073=ORIENTED_EDGE('',*,*,#2663,.F.);
#2074=ORIENTED_EDGE('',*,*,#2658,.F.);
#2075=ORIENTED_EDGE('',*,*,#2659,.F.);
#2076=ORIENTED_EDGE('',*,*,#2654,.F.);
#2077=ORIENTED_EDGE('',*,*,#2655,.F.);
#2078=ORIENTED_EDGE('',*,*,#2650,.F.);
#2079=ORIENTED_EDGE('',*,*,#2651,.F.);
#2080=ORIENTED_EDGE('',*,*,#2646,.F.);
#2081=ORIENTED_EDGE('',*,*,#2647,.F.);
#2082=ORIENTED_EDGE('',*,*,#2642,.F.);
#2083=ORIENTED_EDGE('',*,*,#2643,.F.);
#2084=ORIENTED_EDGE('',*,*,#2638,.F.);
#2085=ORIENTED_EDGE('',*,*,#2639,.F.);
#2086=ORIENTED_EDGE('',*,*,#2634,.F.);
#2087=ORIENTED_EDGE('',*,*,#2635,.F.);
#2088=ORIENTED_EDGE('',*,*,#2630,.F.);
#2089=ORIENTED_EDGE('',*,*,#2631,.F.);
#2090=ORIENTED_EDGE('',*,*,#2626,.F.);
#2091=ORIENTED_EDGE('',*,*,#2627,.F.);
#2092=ORIENTED_EDGE('',*,*,#2622,.F.);
#2093=ORIENTED_EDGE('',*,*,#2623,.F.);
#2094=ORIENTED_EDGE('',*,*,#2618,.F.);
#2095=ORIENTED_EDGE('',*,*,#2619,.F.);
#2096=ORIENTED_EDGE('',*,*,#2614,.F.);
#2097=ORIENTED_EDGE('',*,*,#2615,.F.);
#2098=ORIENTED_EDGE('',*,*,#2610,.F.);
#2099=ORIENTED_EDGE('',*,*,#2611,.F.);
#2100=ORIENTED_EDGE('',*,*,#2606,.F.);
#2101=ORIENTED_EDGE('',*,*,#2607,.F.);
#2102=ORIENTED_EDGE('',*,*,#2602,.F.);
#2103=ORIENTED_EDGE('',*,*,#2603,.F.);
#2104=ORIENTED_EDGE('',*,*,#2598,.F.);
#2105=ORIENTED_EDGE('',*,*,#2599,.F.);
#2106=ORIENTED_EDGE('',*,*,#2594,.F.);
#2107=ORIENTED_EDGE('',*,*,#2595,.F.);
#2108=ORIENTED_EDGE('',*,*,#2590,.F.);
#2109=ORIENTED_EDGE('',*,*,#2591,.F.);
#2110=ORIENTED_EDGE('',*,*,#2586,.F.);
#2111=ORIENTED_EDGE('',*,*,#2587,.F.);
#2112=ORIENTED_EDGE('',*,*,#2582,.F.);
#2113=ORIENTED_EDGE('',*,*,#2583,.F.);
#2114=ORIENTED_EDGE('',*,*,#2578,.F.);
#2115=ORIENTED_EDGE('',*,*,#2579,.F.);
#2116=ORIENTED_EDGE('',*,*,#2574,.F.);
#2117=ORIENTED_EDGE('',*,*,#2575,.F.);
#2118=ORIENTED_EDGE('',*,*,#2570,.F.);
#2119=ORIENTED_EDGE('',*,*,#2571,.F.);
#2120=ORIENTED_EDGE('',*,*,#2566,.F.);
#2121=ORIENTED_EDGE('',*,*,#2567,.F.);
#2122=ORIENTED_EDGE('',*,*,#2562,.F.);
#2123=ORIENTED_EDGE('',*,*,#2563,.F.);
#2124=ORIENTED_EDGE('',*,*,#2558,.F.);
#2125=ORIENTED_EDGE('',*,*,#2559,.F.);
#2126=ORIENTED_EDGE('',*,*,#2554,.F.);
#2127=ORIENTED_EDGE('',*,*,#2555,.F.);
#2128=ORIENTED_EDGE('',*,*,#2550,.F.);
#2129=ORIENTED_EDGE('',*,*,#2551,.F.);
#2130=ORIENTED_EDGE('',*,*,#2546,.F.);
#2131=ORIENTED_EDGE('',*,*,#2547,.F.);
#2132=ORIENTED_EDGE('',*,*,#2542,.F.);
#2133=ORIENTED_EDGE('',*,*,#2543,.F.);
#2134=ORIENTED_EDGE('',*,*,#2538,.F.);
#2135=ORIENTED_EDGE('',*,*,#2539,.F.);
#2136=ORIENTED_EDGE('',*,*,#2534,.F.);
#2137=ORIENTED_EDGE('',*,*,#2535,.F.);
#2138=ORIENTED_EDGE('',*,*,#2530,.F.);
#2139=ORIENTED_EDGE('',*,*,#2531,.F.);
#2140=ORIENTED_EDGE('',*,*,#2526,.F.);
#2141=ORIENTED_EDGE('',*,*,#2527,.F.);
#2142=ORIENTED_EDGE('',*,*,#2522,.F.);
#2143=ORIENTED_EDGE('',*,*,#2523,.F.);
#2144=ORIENTED_EDGE('',*,*,#2518,.F.);
#2145=ORIENTED_EDGE('',*,*,#2519,.F.);
#2146=ORIENTED_EDGE('',*,*,#2514,.F.);
#2147=ORIENTED_EDGE('',*,*,#2515,.F.);
#2148=ORIENTED_EDGE('',*,*,#2510,.F.);
#2149=ORIENTED_EDGE('',*,*,#2511,.F.);
#2150=ORIENTED_EDGE('',*,*,#2506,.F.);
#2151=ORIENTED_EDGE('',*,*,#2507,.F.);
#2152=ORIENTED_EDGE('',*,*,#2502,.F.);
#2153=ORIENTED_EDGE('',*,*,#2503,.F.);
#2154=ORIENTED_EDGE('',*,*,#2498,.F.);
#2155=ORIENTED_EDGE('',*,*,#2499,.F.);
#2156=ORIENTED_EDGE('',*,*,#2494,.F.);
#2157=ORIENTED_EDGE('',*,*,#2495,.F.);
#2158=ORIENTED_EDGE('',*,*,#2490,.F.);
#2159=ORIENTED_EDGE('',*,*,#2491,.F.);
#2160=ORIENTED_EDGE('',*,*,#2486,.F.);
#2161=ORIENTED_EDGE('',*,*,#2487,.F.);
#2162=ORIENTED_EDGE('',*,*,#2302,.F.);
#2163=ORIENTED_EDGE('',*,*,#2304,.F.);
#2164=ORIENTED_EDGE('',*,*,#2838,.F.);
#2165=ORIENTED_EDGE('',*,*,#2839,.F.);
#2166=ORIENTED_EDGE('',*,*,#2835,.F.);
#2167=ORIENTED_EDGE('',*,*,#2836,.F.);
#2168=ORIENTED_EDGE('',*,*,#2831,.F.);
#2169=ORIENTED_EDGE('',*,*,#2832,.F.);
#2170=ORIENTED_EDGE('',*,*,#2827,.F.);
#2171=ORIENTED_EDGE('',*,*,#2828,.F.);
#2172=ORIENTED_EDGE('',*,*,#2823,.F.);
#2173=ORIENTED_EDGE('',*,*,#2824,.F.);
#2174=ORIENTED_EDGE('',*,*,#2819,.F.);
#2175=ORIENTED_EDGE('',*,*,#2820,.F.);
#2176=ORIENTED_EDGE('',*,*,#2815,.F.);
#2177=ORIENTED_EDGE('',*,*,#2816,.F.);
#2178=ORIENTED_EDGE('',*,*,#2811,.F.);
#2179=ORIENTED_EDGE('',*,*,#2812,.F.);
#2180=ORIENTED_EDGE('',*,*,#2807,.F.);
#2181=ORIENTED_EDGE('',*,*,#2808,.F.);
#2182=ORIENTED_EDGE('',*,*,#2803,.F.);
#2183=ORIENTED_EDGE('',*,*,#2804,.F.);
#2184=ORIENTED_EDGE('',*,*,#2799,.F.);
#2185=ORIENTED_EDGE('',*,*,#2800,.F.);
#2186=ORIENTED_EDGE('',*,*,#2795,.F.);
#2187=ORIENTED_EDGE('',*,*,#2796,.F.);
#2188=ORIENTED_EDGE('',*,*,#2791,.F.);
#2189=ORIENTED_EDGE('',*,*,#2792,.F.);
#2190=ORIENTED_EDGE('',*,*,#2787,.F.);
#2191=ORIENTED_EDGE('',*,*,#2788,.F.);
#2192=ORIENTED_EDGE('',*,*,#2783,.F.);
#2193=ORIENTED_EDGE('',*,*,#2784,.F.);
#2194=ORIENTED_EDGE('',*,*,#2779,.F.);
#2195=ORIENTED_EDGE('',*,*,#2780,.F.);
#2196=ORIENTED_EDGE('',*,*,#2775,.F.);
#2197=ORIENTED_EDGE('',*,*,#2776,.F.);
#2198=ORIENTED_EDGE('',*,*,#2771,.F.);
#2199=ORIENTED_EDGE('',*,*,#2772,.F.);
#2200=ORIENTED_EDGE('',*,*,#2767,.F.);
#2201=EDGE_CURVE('',#2840,#2841,#3297,.T.);
#2202=EDGE_CURVE('',#2841,#2842,#3298,.T.);
#2203=EDGE_CURVE('',#2842,#2843,#3299,.T.);
#2204=EDGE_CURVE('',#2843,#2844,#3300,.T.);
#2205=EDGE_CURVE('',#2844,#2845,#3301,.T.);
#2206=EDGE_CURVE('',#2845,#2846,#3302,.T.);
#2207=EDGE_CURVE('',#2846,#2847,#3303,.T.);
#2208=EDGE_CURVE('',#2847,#2848,#3304,.T.);
#2209=EDGE_CURVE('',#2848,#2849,#3305,.T.);
#2210=EDGE_CURVE('',#2849,#2850,#3306,.T.);
#2211=EDGE_CURVE('',#2850,#2851,#3307,.T.);
#2212=EDGE_CURVE('',#2851,#2852,#3308,.T.);
#2213=EDGE_CURVE('',#2852,#2853,#3309,.T.);
#2214=EDGE_CURVE('',#2853,#2854,#3310,.T.);
#2215=EDGE_CURVE('',#2854,#2855,#3311,.T.);
#2216=EDGE_CURVE('',#2855,#2856,#3312,.T.);
#2217=EDGE_CURVE('',#2856,#2857,#3313,.T.);
#2218=EDGE_CURVE('',#2857,#2858,#3314,.T.);
#2219=EDGE_CURVE('',#2858,#2859,#3315,.T.);
#2220=EDGE_CURVE('',#2859,#2860,#3316,.T.);
#2221=EDGE_CURVE('',#2860,#2861,#3317,.T.);
#2222=EDGE_CURVE('',#2861,#2862,#3318,.T.);
#2223=EDGE_CURVE('',#2862,#2863,#3319,.T.);
#2224=EDGE_CURVE('',#2863,#2864,#3320,.T.);
#2225=EDGE_CURVE('',#2864,#2865,#3321,.T.);
#2226=EDGE_CURVE('',#2865,#2866,#3322,.T.);
#2227=EDGE_CURVE('',#2866,#2867,#3323,.T.);
#2228=EDGE_CURVE('',#2867,#2868,#3324,.T.);
#2229=EDGE_CURVE('',#2868,#2869,#3325,.T.);
#2230=EDGE_CURVE('',#2869,#2870,#3326,.T.);
#2231=EDGE_CURVE('',#2870,#2871,#3327,.T.);
#2232=EDGE_CURVE('',#2871,#2872,#3328,.T.);
#2233=EDGE_CURVE('',#2872,#2873,#3329,.T.);
#2234=EDGE_CURVE('',#2873,#2874,#3330,.T.);
#2235=EDGE_CURVE('',#2874,#2875,#3331,.T.);
#2236=EDGE_CURVE('',#2875,#2876,#3332,.T.);
#2237=EDGE_CURVE('',#2876,#2877,#3333,.T.);
#2238=EDGE_CURVE('',#2877,#2878,#3334,.T.);
#2239=EDGE_CURVE('',#2878,#2879,#3335,.T.);
#2240=EDGE_CURVE('',#2879,#2880,#3336,.T.);
#2241=EDGE_CURVE('',#2880,#2881,#3337,.T.);
#2242=EDGE_CURVE('',#2881,#2882,#3338,.T.);
#2243=EDGE_CURVE('',#2882,#2883,#3339,.T.);
#2244=EDGE_CURVE('',#2883,#2884,#3340,.T.);
#2245=EDGE_CURVE('',#2884,#2885,#3341,.T.);
#2246=EDGE_CURVE('',#2885,#2886,#3342,.T.);
#2247=EDGE_CURVE('',#2886,#2887,#3343,.T.);
#2248=EDGE_CURVE('',#2887,#2888,#3344,.T.);
#2249=EDGE_CURVE('',#2888,#2889,#3345,.T.);
#2250=EDGE_CURVE('',#2889,#2890,#3346,.T.);
#2251=EDGE_CURVE('',#2890,#2891,#3347,.T.);
#2252=EDGE_CURVE('',#2891,#2892,#3348,.T.);
#2253=EDGE_CURVE('',#2892,#2893,#3349,.T.);
#2254=EDGE_CURVE('',#2893,#2894,#3350,.T.);
#2255=EDGE_CURVE('',#2894,#2895,#3351,.T.);
#2256=EDGE_CURVE('',#2895,#2896,#3352,.T.);
#2257=EDGE_CURVE('',#2896,#2897,#3353,.T.);
#2258=EDGE_CURVE('',#2897,#2898,#3354,.T.);
#2259=EDGE_CURVE('',#2898,#2899,#3355,.T.);
#2260=EDGE_CURVE('',#2899,#2900,#3356,.T.);
#2261=EDGE_CURVE('',#2900,#2901,#3357,.T.);
#2262=EDGE_CURVE('',#2901,#2902,#3358,.T.);
#2263=EDGE_CURVE('',#2902,#2903,#3359,.T.);
#2264=EDGE_CURVE('',#2903,#2904,#3360,.T.);
#2265=EDGE_CURVE('',#2904,#2905,#3361,.T.);
#2266=EDGE_CURVE('',#2905,#2906,#3362,.T.);
#2267=EDGE_CURVE('',#2906,#2907,#3363,.T.);
#2268=EDGE_CURVE('',#2907,#2908,#3364,.T.);
#2269=EDGE_CURVE('',#2908,#2909,#3365,.T.);
#2270=EDGE_CURVE('',#2909,#2910,#3366,.T.);
#2271=EDGE_CURVE('',#2910,#2911,#3367,.T.);
#2272=EDGE_CURVE('',#2911,#2912,#3368,.T.);
#2273=EDGE_CURVE('',#2912,#2913,#3369,.T.);
#2274=EDGE_CURVE('',#2913,#2914,#3370,.T.);
#2275=EDGE_CURVE('',#2914,#2915,#3371,.T.);
#2276=EDGE_CURVE('',#2915,#2916,#3372,.T.);
#2277=EDGE_CURVE('',#2916,#2917,#3373,.T.);
#2278=EDGE_CURVE('',#2917,#2918,#3374,.T.);
#2279=EDGE_CURVE('',#2918,#2919,#3375,.T.);
#2280=EDGE_CURVE('',#2919,#2920,#3376,.T.);
#2281=EDGE_CURVE('',#2920,#2921,#3377,.T.);
#2282=EDGE_CURVE('',#2921,#2922,#3378,.T.);
#2283=EDGE_CURVE('',#2922,#2923,#3379,.T.);
#2284=EDGE_CURVE('',#2923,#2924,#3380,.T.);
#2285=EDGE_CURVE('',#2924,#2925,#3381,.T.);
#2286=EDGE_CURVE('',#2925,#2926,#3382,.T.);
#2287=EDGE_CURVE('',#2926,#2927,#3383,.T.);
#2288=EDGE_CURVE('',#2927,#2928,#3384,.T.);
#2289=EDGE_CURVE('',#2928,#2929,#3385,.T.);
#2290=EDGE_CURVE('',#2929,#2840,#3386,.T.);
#2291=EDGE_CURVE('',#2930,#2930,#3387,.T.);
#2292=EDGE_CURVE('',#2931,#2931,#3388,.T.);
#2293=EDGE_CURVE('',#2932,#2933,#195,.T.);
#2294=EDGE_CURVE('',#2933,#2932,#3389,.T.);
#2295=EDGE_CURVE('',#2934,#2935,#3390,.T.);
#2296=EDGE_CURVE('',#2934,#2935,#196,.T.);
#2297=EDGE_CURVE('',#2932,#2934,#197,.T.);
#2298=EDGE_CURVE('',#2933,#2935,#198,.T.);
#2299=EDGE_CURVE('',#2936,#2937,#199,.T.);
#2300=EDGE_CURVE('',#2936,#2938,#200,.T.);
#2301=EDGE_CURVE('',#2938,#2939,#201,.T.);
#2302=EDGE_CURVE('',#2939,#2937,#13,.T.);
#2303=EDGE_CURVE('',#2940,#2941,#202,.T.);
#2304=EDGE_CURVE('',#2940,#2939,#14,.T.);
#2305=EDGE_CURVE('',#2938,#2941,#203,.T.);
#2306=EDGE_CURVE('',#2941,#2942,#204,.T.);
#2307=EDGE_CURVE('',#2943,#2936,#205,.T.);
#2308=EDGE_CURVE('',#2944,#2943,#206,.T.);
#2309=EDGE_CURVE('',#2945,#2944,#207,.T.);
#2310=EDGE_CURVE('',#2946,#2945,#208,.T.);
#2311=EDGE_CURVE('',#2947,#2946,#209,.T.);
#2312=EDGE_CURVE('',#2948,#2947,#210,.T.);
#2313=EDGE_CURVE('',#2949,#2948,#211,.T.);
#2314=EDGE_CURVE('',#2950,#2949,#212,.T.);
#2315=EDGE_CURVE('',#2951,#2950,#213,.T.);
#2316=EDGE_CURVE('',#2952,#2951,#214,.T.);
#2317=EDGE_CURVE('',#2953,#2952,#215,.T.);
#2318=EDGE_CURVE('',#2954,#2953,#216,.T.);
#2319=EDGE_CURVE('',#2955,#2954,#217,.T.);
#2320=EDGE_CURVE('',#2956,#2955,#218,.T.);
#2321=EDGE_CURVE('',#2957,#2956,#219,.T.);
#2322=EDGE_CURVE('',#2958,#2957,#220,.T.);
#2323=EDGE_CURVE('',#2959,#2958,#221,.T.);
#2324=EDGE_CURVE('',#2960,#2959,#222,.T.);
#2325=EDGE_CURVE('',#2961,#2960,#223,.T.);
#2326=EDGE_CURVE('',#2962,#2961,#224,.T.);
#2327=EDGE_CURVE('',#2963,#2962,#225,.T.);
#2328=EDGE_CURVE('',#2964,#2963,#226,.T.);
#2329=EDGE_CURVE('',#2965,#2964,#227,.T.);
#2330=EDGE_CURVE('',#2966,#2965,#228,.T.);
#2331=EDGE_CURVE('',#2967,#2966,#229,.T.);
#2332=EDGE_CURVE('',#2968,#2967,#230,.T.);
#2333=EDGE_CURVE('',#2969,#2968,#231,.T.);
#2334=EDGE_CURVE('',#2970,#2969,#232,.T.);
#2335=EDGE_CURVE('',#2971,#2970,#233,.T.);
#2336=EDGE_CURVE('',#2972,#2971,#234,.T.);
#2337=EDGE_CURVE('',#2973,#2972,#235,.T.);
#2338=EDGE_CURVE('',#2974,#2973,#236,.T.);
#2339=EDGE_CURVE('',#2975,#2974,#237,.T.);
#2340=EDGE_CURVE('',#2976,#2975,#238,.T.);
#2341=EDGE_CURVE('',#2977,#2976,#239,.T.);
#2342=EDGE_CURVE('',#2978,#2977,#240,.T.);
#2343=EDGE_CURVE('',#2979,#2978,#241,.T.);
#2344=EDGE_CURVE('',#2980,#2979,#242,.T.);
#2345=EDGE_CURVE('',#2981,#2980,#243,.T.);
#2346=EDGE_CURVE('',#2982,#2981,#244,.T.);
#2347=EDGE_CURVE('',#2983,#2982,#245,.T.);
#2348=EDGE_CURVE('',#2984,#2983,#246,.T.);
#2349=EDGE_CURVE('',#2985,#2984,#247,.T.);
#2350=EDGE_CURVE('',#2986,#2985,#248,.T.);
#2351=EDGE_CURVE('',#2987,#2986,#249,.T.);
#2352=EDGE_CURVE('',#2988,#2987,#250,.T.);
#2353=EDGE_CURVE('',#2989,#2988,#251,.T.);
#2354=EDGE_CURVE('',#2990,#2989,#252,.T.);
#2355=EDGE_CURVE('',#2991,#2990,#253,.T.);
#2356=EDGE_CURVE('',#2992,#2991,#254,.T.);
#2357=EDGE_CURVE('',#2993,#2992,#255,.T.);
#2358=EDGE_CURVE('',#2994,#2993,#256,.T.);
#2359=EDGE_CURVE('',#2995,#2994,#257,.T.);
#2360=EDGE_CURVE('',#2996,#2995,#258,.T.);
#2361=EDGE_CURVE('',#2997,#2996,#259,.T.);
#2362=EDGE_CURVE('',#2998,#2997,#260,.T.);
#2363=EDGE_CURVE('',#2999,#2998,#261,.T.);
#2364=EDGE_CURVE('',#3000,#2999,#262,.T.);
#2365=EDGE_CURVE('',#3001,#3000,#263,.T.);
#2366=EDGE_CURVE('',#3002,#3001,#264,.T.);
#2367=EDGE_CURVE('',#3003,#3002,#265,.T.);
#2368=EDGE_CURVE('',#3004,#3003,#266,.T.);
#2369=EDGE_CURVE('',#3005,#3004,#267,.T.);
#2370=EDGE_CURVE('',#3006,#3005,#268,.T.);
#2371=EDGE_CURVE('',#3007,#3006,#269,.T.);
#2372=EDGE_CURVE('',#3008,#3007,#270,.T.);
#2373=EDGE_CURVE('',#3009,#3008,#271,.T.);
#2374=EDGE_CURVE('',#3010,#3009,#272,.T.);
#2375=EDGE_CURVE('',#3011,#3010,#273,.T.);
#2376=EDGE_CURVE('',#3012,#3011,#274,.T.);
#2377=EDGE_CURVE('',#3013,#3012,#275,.T.);
#2378=EDGE_CURVE('',#3014,#3013,#276,.T.);
#2379=EDGE_CURVE('',#3015,#3014,#277,.T.);
#2380=EDGE_CURVE('',#3016,#3015,#278,.T.);
#2381=EDGE_CURVE('',#3017,#3016,#279,.T.);
#2382=EDGE_CURVE('',#3018,#3017,#280,.T.);
#2383=EDGE_CURVE('',#3019,#3018,#281,.T.);
#2384=EDGE_CURVE('',#3020,#3019,#282,.T.);
#2385=EDGE_CURVE('',#3021,#3020,#283,.T.);
#2386=EDGE_CURVE('',#3022,#3021,#284,.T.);
#2387=EDGE_CURVE('',#3023,#3022,#285,.T.);
#2388=EDGE_CURVE('',#3024,#3023,#286,.T.);
#2389=EDGE_CURVE('',#3025,#3024,#287,.T.);
#2390=EDGE_CURVE('',#3026,#3025,#288,.T.);
#2391=EDGE_CURVE('',#3027,#3026,#289,.T.);
#2392=EDGE_CURVE('',#3028,#3027,#290,.T.);
#2393=EDGE_CURVE('',#3029,#3028,#291,.T.);
#2394=EDGE_CURVE('',#3030,#3029,#292,.T.);
#2395=EDGE_CURVE('',#3031,#3030,#293,.T.);
#2396=EDGE_CURVE('',#3032,#3031,#294,.T.);
#2397=EDGE_CURVE('',#3033,#3032,#295,.T.);
#2398=EDGE_CURVE('',#3034,#3033,#296,.T.);
#2399=EDGE_CURVE('',#3035,#3034,#297,.T.);
#2400=EDGE_CURVE('',#3036,#3035,#298,.T.);
#2401=EDGE_CURVE('',#3037,#3036,#299,.T.);
#2402=EDGE_CURVE('',#3038,#3037,#300,.T.);
#2403=EDGE_CURVE('',#3039,#3038,#301,.T.);
#2404=EDGE_CURVE('',#3040,#3039,#302,.T.);
#2405=EDGE_CURVE('',#3041,#3040,#303,.T.);
#2406=EDGE_CURVE('',#3042,#3041,#304,.T.);
#2407=EDGE_CURVE('',#3043,#3042,#305,.T.);
#2408=EDGE_CURVE('',#3044,#3043,#306,.T.);
#2409=EDGE_CURVE('',#3045,#3044,#307,.T.);
#2410=EDGE_CURVE('',#3046,#3045,#308,.T.);
#2411=EDGE_CURVE('',#3047,#3046,#309,.T.);
#2412=EDGE_CURVE('',#3048,#3047,#310,.T.);
#2413=EDGE_CURVE('',#3049,#3048,#311,.T.);
#2414=EDGE_CURVE('',#3050,#3049,#312,.T.);
#2415=EDGE_CURVE('',#3051,#3050,#313,.T.);
#2416=EDGE_CURVE('',#3052,#3051,#314,.T.);
#2417=EDGE_CURVE('',#3053,#3052,#315,.T.);
#2418=EDGE_CURVE('',#3054,#3053,#316,.T.);
#2419=EDGE_CURVE('',#3055,#3054,#317,.T.);
#2420=EDGE_CURVE('',#3056,#3055,#318,.T.);
#2421=EDGE_CURVE('',#3057,#3056,#319,.T.);
#2422=EDGE_CURVE('',#3058,#3057,#320,.T.);
#2423=EDGE_CURVE('',#3059,#3058,#321,.T.);
#2424=EDGE_CURVE('',#3060,#3059,#322,.T.);
#2425=EDGE_CURVE('',#3061,#3060,#323,.T.);
#2426=EDGE_CURVE('',#3062,#3061,#324,.T.);
#2427=EDGE_CURVE('',#3063,#3062,#325,.T.);
#2428=EDGE_CURVE('',#3064,#3063,#326,.T.);
#2429=EDGE_CURVE('',#3065,#3064,#327,.T.);
#2430=EDGE_CURVE('',#3066,#3065,#328,.T.);
#2431=EDGE_CURVE('',#3067,#3066,#329,.T.);
#2432=EDGE_CURVE('',#3068,#3067,#330,.T.);
#2433=EDGE_CURVE('',#3069,#3068,#331,.T.);
#2434=EDGE_CURVE('',#3070,#3069,#332,.T.);
#2435=EDGE_CURVE('',#3071,#3070,#333,.T.);
#2436=EDGE_CURVE('',#3072,#3071,#334,.T.);
#2437=EDGE_CURVE('',#3073,#3072,#335,.T.);
#2438=EDGE_CURVE('',#3074,#3073,#336,.T.);
#2439=EDGE_CURVE('',#3075,#3074,#337,.T.);
#2440=EDGE_CURVE('',#3076,#3075,#338,.T.);
#2441=EDGE_CURVE('',#3077,#3076,#339,.T.);
#2442=EDGE_CURVE('',#3078,#3077,#340,.T.);
#2443=EDGE_CURVE('',#3079,#3078,#341,.T.);
#2444=EDGE_CURVE('',#3080,#3079,#342,.T.);
#2445=EDGE_CURVE('',#3081,#3080,#343,.T.);
#2446=EDGE_CURVE('',#3082,#3081,#344,.T.);
#2447=EDGE_CURVE('',#3083,#3082,#345,.T.);
#2448=EDGE_CURVE('',#3084,#3083,#346,.T.);
#2449=EDGE_CURVE('',#3085,#3084,#347,.T.);
#2450=EDGE_CURVE('',#3086,#3085,#348,.T.);
#2451=EDGE_CURVE('',#3087,#3086,#349,.T.);
#2452=EDGE_CURVE('',#3088,#3087,#350,.T.);
#2453=EDGE_CURVE('',#3089,#3088,#351,.T.);
#2454=EDGE_CURVE('',#3090,#3089,#352,.T.);
#2455=EDGE_CURVE('',#3091,#3090,#353,.T.);
#2456=EDGE_CURVE('',#3092,#3091,#354,.T.);
#2457=EDGE_CURVE('',#3093,#3092,#355,.T.);
#2458=EDGE_CURVE('',#3094,#3093,#356,.T.);
#2459=EDGE_CURVE('',#3095,#3094,#357,.T.);
#2460=EDGE_CURVE('',#3096,#3095,#358,.T.);
#2461=EDGE_CURVE('',#3097,#3096,#359,.T.);
#2462=EDGE_CURVE('',#3098,#3097,#360,.T.);
#2463=EDGE_CURVE('',#3099,#3098,#361,.T.);
#2464=EDGE_CURVE('',#3100,#3099,#362,.T.);
#2465=EDGE_CURVE('',#3101,#3100,#363,.T.);
#2466=EDGE_CURVE('',#3102,#3101,#364,.T.);
#2467=EDGE_CURVE('',#3103,#3102,#365,.T.);
#2468=EDGE_CURVE('',#3104,#3103,#366,.T.);
#2469=EDGE_CURVE('',#3105,#3104,#367,.T.);
#2470=EDGE_CURVE('',#3106,#3105,#368,.T.);
#2471=EDGE_CURVE('',#3107,#3106,#369,.T.);
#2472=EDGE_CURVE('',#3108,#3107,#370,.T.);
#2473=EDGE_CURVE('',#3109,#3108,#371,.T.);
#2474=EDGE_CURVE('',#3110,#3109,#372,.T.);
#2475=EDGE_CURVE('',#3111,#3110,#373,.T.);
#2476=EDGE_CURVE('',#3112,#3111,#374,.T.);
#2477=EDGE_CURVE('',#3113,#3112,#375,.T.);
#2478=EDGE_CURVE('',#3114,#3113,#376,.T.);
#2479=EDGE_CURVE('',#3115,#3114,#377,.T.);
#2480=EDGE_CURVE('',#3116,#3115,#378,.T.);
#2481=EDGE_CURVE('',#3117,#3116,#379,.T.);
#2482=EDGE_CURVE('',#3118,#3117,#380,.T.);
#2483=EDGE_CURVE('',#2942,#3118,#381,.T.);
#2484=EDGE_CURVE('',#2944,#3119,#382,.T.);
#2485=EDGE_CURVE('',#2943,#3120,#383,.T.);
#2486=EDGE_CURVE('',#3120,#3119,#15,.T.);
#2487=EDGE_CURVE('',#2937,#3120,#16,.T.);
#2488=EDGE_CURVE('',#2946,#3121,#384,.T.);
#2489=EDGE_CURVE('',#2945,#3122,#385,.T.);
#2490=EDGE_CURVE('',#3122,#3121,#17,.T.);
#2491=EDGE_CURVE('',#3119,#3122,#18,.T.);
#2492=EDGE_CURVE('',#2948,#3123,#386,.T.);
#2493=EDGE_CURVE('',#2947,#3124,#387,.T.);
#2494=EDGE_CURVE('',#3124,#3123,#19,.T.);
#2495=EDGE_CURVE('',#3121,#3124,#20,.T.);
#2496=EDGE_CURVE('',#2950,#3125,#388,.T.);
#2497=EDGE_CURVE('',#2949,#3126,#389,.T.);
#2498=EDGE_CURVE('',#3126,#3125,#21,.T.);
#2499=EDGE_CURVE('',#3123,#3126,#22,.T.);
#2500=EDGE_CURVE('',#2952,#3127,#390,.T.);
#2501=EDGE_CURVE('',#2951,#3128,#391,.T.);
#2502=EDGE_CURVE('',#3128,#3127,#23,.T.);
#2503=EDGE_CURVE('',#3125,#3128,#24,.T.);
#2504=EDGE_CURVE('',#2954,#3129,#392,.T.);
#2505=EDGE_CURVE('',#2953,#3130,#393,.T.);
#2506=EDGE_CURVE('',#3130,#3129,#25,.T.);
#2507=EDGE_CURVE('',#3127,#3130,#26,.T.);
#2508=EDGE_CURVE('',#2956,#3131,#394,.T.);
#2509=EDGE_CURVE('',#2955,#3132,#395,.T.);
#2510=EDGE_CURVE('',#3132,#3131,#27,.T.);
#2511=EDGE_CURVE('',#3129,#3132,#28,.T.);
#2512=EDGE_CURVE('',#2958,#3133,#396,.T.);
#2513=EDGE_CURVE('',#2957,#3134,#397,.T.);
#2514=EDGE_CURVE('',#3134,#3133,#29,.T.);
#2515=EDGE_CURVE('',#3131,#3134,#30,.T.);
#2516=EDGE_CURVE('',#2960,#3135,#398,.T.);
#2517=EDGE_CURVE('',#2959,#3136,#399,.T.);
#2518=EDGE_CURVE('',#3136,#3135,#31,.T.);
#2519=EDGE_CURVE('',#3133,#3136,#32,.T.);
#2520=EDGE_CURVE('',#2962,#3137,#400,.T.);
#2521=EDGE_CURVE('',#2961,#3138,#401,.T.);
#2522=EDGE_CURVE('',#3138,#3137,#33,.T.);
#2523=EDGE_CURVE('',#3135,#3138,#34,.T.);
#2524=EDGE_CURVE('',#2964,#3139,#402,.T.);
#2525=EDGE_CURVE('',#2963,#3140,#403,.T.);
#2526=EDGE_CURVE('',#3140,#3139,#35,.T.);
#2527=EDGE_CURVE('',#3137,#3140,#36,.T.);
#2528=EDGE_CURVE('',#2966,#3141,#404,.T.);
#2529=EDGE_CURVE('',#2965,#3142,#405,.T.);
#2530=EDGE_CURVE('',#3142,#3141,#37,.T.);
#2531=EDGE_CURVE('',#3139,#3142,#38,.T.);
#2532=EDGE_CURVE('',#2968,#3143,#406,.T.);
#2533=EDGE_CURVE('',#2967,#3144,#407,.T.);
#2534=EDGE_CURVE('',#3144,#3143,#39,.T.);
#2535=EDGE_CURVE('',#3141,#3144,#40,.T.);
#2536=EDGE_CURVE('',#2970,#3145,#408,.T.);
#2537=EDGE_CURVE('',#2969,#3146,#409,.T.);
#2538=EDGE_CURVE('',#3146,#3145,#41,.T.);
#2539=EDGE_CURVE('',#3143,#3146,#42,.T.);
#2540=EDGE_CURVE('',#2972,#3147,#410,.T.);
#2541=EDGE_CURVE('',#2971,#3148,#411,.T.);
#2542=EDGE_CURVE('',#3148,#3147,#43,.T.);
#2543=EDGE_CURVE('',#3145,#3148,#44,.T.);
#2544=EDGE_CURVE('',#2974,#3149,#412,.T.);
#2545=EDGE_CURVE('',#2973,#3150,#413,.T.);
#2546=EDGE_CURVE('',#3150,#3149,#45,.T.);
#2547=EDGE_CURVE('',#3147,#3150,#46,.T.);
#2548=EDGE_CURVE('',#2976,#3151,#414,.T.);
#2549=EDGE_CURVE('',#2975,#3152,#415,.T.);
#2550=EDGE_CURVE('',#3152,#3151,#47,.T.);
#2551=EDGE_CURVE('',#3149,#3152,#48,.T.);
#2552=EDGE_CURVE('',#2978,#3153,#416,.T.);
#2553=EDGE_CURVE('',#2977,#3154,#417,.T.);
#2554=EDGE_CURVE('',#3154,#3153,#49,.T.);
#2555=EDGE_CURVE('',#3151,#3154,#50,.T.);
#2556=EDGE_CURVE('',#2980,#3155,#418,.T.);
#2557=EDGE_CURVE('',#2979,#3156,#419,.T.);
#2558=EDGE_CURVE('',#3156,#3155,#51,.T.);
#2559=EDGE_CURVE('',#3153,#3156,#52,.T.);
#2560=EDGE_CURVE('',#2982,#3157,#420,.T.);
#2561=EDGE_CURVE('',#2981,#3158,#421,.T.);
#2562=EDGE_CURVE('',#3158,#3157,#53,.T.);
#2563=EDGE_CURVE('',#3155,#3158,#54,.T.);
#2564=EDGE_CURVE('',#2984,#3159,#422,.T.);
#2565=EDGE_CURVE('',#2983,#3160,#423,.T.);
#2566=EDGE_CURVE('',#3160,#3159,#55,.T.);
#2567=EDGE_CURVE('',#3157,#3160,#56,.T.);
#2568=EDGE_CURVE('',#2986,#3161,#424,.T.);
#2569=EDGE_CURVE('',#2985,#3162,#425,.T.);
#2570=EDGE_CURVE('',#3162,#3161,#57,.T.);
#2571=EDGE_CURVE('',#3159,#3162,#58,.T.);
#2572=EDGE_CURVE('',#2988,#3163,#426,.T.);
#2573=EDGE_CURVE('',#2987,#3164,#427,.T.);
#2574=EDGE_CURVE('',#3164,#3163,#59,.T.);
#2575=EDGE_CURVE('',#3161,#3164,#60,.T.);
#2576=EDGE_CURVE('',#2990,#3165,#428,.T.);
#2577=EDGE_CURVE('',#2989,#3166,#429,.T.);
#2578=EDGE_CURVE('',#3166,#3165,#61,.T.);
#2579=EDGE_CURVE('',#3163,#3166,#62,.T.);
#2580=EDGE_CURVE('',#2992,#3167,#430,.T.);
#2581=EDGE_CURVE('',#2991,#3168,#431,.T.);
#2582=EDGE_CURVE('',#3168,#3167,#63,.T.);
#2583=EDGE_CURVE('',#3165,#3168,#64,.T.);
#2584=EDGE_CURVE('',#2994,#3169,#432,.T.);
#2585=EDGE_CURVE('',#2993,#3170,#433,.T.);
#2586=EDGE_CURVE('',#3170,#3169,#65,.T.);
#2587=EDGE_CURVE('',#3167,#3170,#66,.T.);
#2588=EDGE_CURVE('',#2996,#3171,#434,.T.);
#2589=EDGE_CURVE('',#2995,#3172,#435,.T.);
#2590=EDGE_CURVE('',#3172,#3171,#67,.T.);
#2591=EDGE_CURVE('',#3169,#3172,#68,.T.);
#2592=EDGE_CURVE('',#2998,#3173,#436,.T.);
#2593=EDGE_CURVE('',#2997,#3174,#437,.T.);
#2594=EDGE_CURVE('',#3174,#3173,#69,.T.);
#2595=EDGE_CURVE('',#3171,#3174,#70,.T.);
#2596=EDGE_CURVE('',#3000,#3175,#438,.T.);
#2597=EDGE_CURVE('',#2999,#3176,#439,.T.);
#2598=EDGE_CURVE('',#3176,#3175,#71,.T.);
#2599=EDGE_CURVE('',#3173,#3176,#72,.T.);
#2600=EDGE_CURVE('',#3002,#3177,#440,.T.);
#2601=EDGE_CURVE('',#3001,#3178,#441,.T.);
#2602=EDGE_CURVE('',#3178,#3177,#73,.T.);
#2603=EDGE_CURVE('',#3175,#3178,#74,.T.);
#2604=EDGE_CURVE('',#3004,#3179,#442,.T.);
#2605=EDGE_CURVE('',#3003,#3180,#443,.T.);
#2606=EDGE_CURVE('',#3180,#3179,#75,.T.);
#2607=EDGE_CURVE('',#3177,#3180,#76,.T.);
#2608=EDGE_CURVE('',#3006,#3181,#444,.T.);
#2609=EDGE_CURVE('',#3005,#3182,#445,.T.);
#2610=EDGE_CURVE('',#3182,#3181,#77,.T.);
#2611=EDGE_CURVE('',#3179,#3182,#78,.T.);
#2612=EDGE_CURVE('',#3008,#3183,#446,.T.);
#2613=EDGE_CURVE('',#3007,#3184,#447,.T.);
#2614=EDGE_CURVE('',#3184,#3183,#79,.T.);
#2615=EDGE_CURVE('',#3181,#3184,#80,.T.);
#2616=EDGE_CURVE('',#3010,#3185,#448,.T.);
#2617=EDGE_CURVE('',#3009,#3186,#449,.T.);
#2618=EDGE_CURVE('',#3186,#3185,#81,.T.);
#2619=EDGE_CURVE('',#3183,#3186,#82,.T.);
#2620=EDGE_CURVE('',#3012,#3187,#450,.T.);
#2621=EDGE_CURVE('',#3011,#3188,#451,.T.);
#2622=EDGE_CURVE('',#3188,#3187,#83,.T.);
#2623=EDGE_CURVE('',#3185,#3188,#84,.T.);
#2624=EDGE_CURVE('',#3014,#3189,#452,.T.);
#2625=EDGE_CURVE('',#3013,#3190,#453,.T.);
#2626=EDGE_CURVE('',#3190,#3189,#85,.T.);
#2627=EDGE_CURVE('',#3187,#3190,#86,.T.);
#2628=EDGE_CURVE('',#3016,#3191,#454,.T.);
#2629=EDGE_CURVE('',#3015,#3192,#455,.T.);
#2630=EDGE_CURVE('',#3192,#3191,#87,.T.);
#2631=EDGE_CURVE('',#3189,#3192,#88,.T.);
#2632=EDGE_CURVE('',#3018,#3193,#456,.T.);
#2633=EDGE_CURVE('',#3017,#3194,#457,.T.);
#2634=EDGE_CURVE('',#3194,#3193,#89,.T.);
#2635=EDGE_CURVE('',#3191,#3194,#90,.T.);
#2636=EDGE_CURVE('',#3020,#3195,#458,.T.);
#2637=EDGE_CURVE('',#3019,#3196,#459,.T.);
#2638=EDGE_CURVE('',#3196,#3195,#91,.T.);
#2639=EDGE_CURVE('',#3193,#3196,#92,.T.);
#2640=EDGE_CURVE('',#3022,#3197,#460,.T.);
#2641=EDGE_CURVE('',#3021,#3198,#461,.T.);
#2642=EDGE_CURVE('',#3198,#3197,#93,.T.);
#2643=EDGE_CURVE('',#3195,#3198,#94,.T.);
#2644=EDGE_CURVE('',#3024,#3199,#462,.T.);
#2645=EDGE_CURVE('',#3023,#3200,#463,.T.);
#2646=EDGE_CURVE('',#3200,#3199,#95,.T.);
#2647=EDGE_CURVE('',#3197,#3200,#96,.T.);
#2648=EDGE_CURVE('',#3026,#3201,#464,.T.);
#2649=EDGE_CURVE('',#3025,#3202,#465,.T.);
#2650=EDGE_CURVE('',#3202,#3201,#97,.T.);
#2651=EDGE_CURVE('',#3199,#3202,#98,.T.);
#2652=EDGE_CURVE('',#3028,#3203,#466,.T.);
#2653=EDGE_CURVE('',#3027,#3204,#467,.T.);
#2654=EDGE_CURVE('',#3204,#3203,#99,.T.);
#2655=EDGE_CURVE('',#3201,#3204,#100,.T.);
#2656=EDGE_CURVE('',#3030,#3205,#468,.T.);
#2657=EDGE_CURVE('',#3029,#3206,#469,.T.);
#2658=EDGE_CURVE('',#3206,#3205,#101,.T.);
#2659=EDGE_CURVE('',#3203,#3206,#102,.T.);
#2660=EDGE_CURVE('',#3032,#3207,#470,.T.);
#2661=EDGE_CURVE('',#3031,#3208,#471,.T.);
#2662=EDGE_CURVE('',#3208,#3207,#103,.T.);
#2663=EDGE_CURVE('',#3205,#3208,#104,.T.);
#2664=EDGE_CURVE('',#3034,#3209,#472,.T.);
#2665=EDGE_CURVE('',#3033,#3210,#473,.T.);
#2666=EDGE_CURVE('',#3210,#3209,#105,.T.);
#2667=EDGE_CURVE('',#3207,#3210,#106,.T.);
#2668=EDGE_CURVE('',#3036,#3211,#474,.T.);
#2669=EDGE_CURVE('',#3035,#3212,#475,.T.);
#2670=EDGE_CURVE('',#3212,#3211,#107,.T.);
#2671=EDGE_CURVE('',#3209,#3212,#108,.T.);
#2672=EDGE_CURVE('',#3038,#3213,#476,.T.);
#2673=EDGE_CURVE('',#3037,#3214,#477,.T.);
#2674=EDGE_CURVE('',#3214,#3213,#109,.T.);
#2675=EDGE_CURVE('',#3211,#3214,#110,.T.);
#2676=EDGE_CURVE('',#3040,#3215,#478,.T.);
#2677=EDGE_CURVE('',#3039,#3216,#479,.T.);
#2678=EDGE_CURVE('',#3216,#3215,#111,.T.);
#2679=EDGE_CURVE('',#3213,#3216,#112,.T.);
#2680=EDGE_CURVE('',#3042,#3217,#480,.T.);
#2681=EDGE_CURVE('',#3041,#3218,#481,.T.);
#2682=EDGE_CURVE('',#3218,#3217,#113,.T.);
#2683=EDGE_CURVE('',#3215,#3218,#114,.T.);
#2684=EDGE_CURVE('',#3044,#3219,#482,.T.);
#2685=EDGE_CURVE('',#3043,#3220,#483,.T.);
#2686=EDGE_CURVE('',#3220,#3219,#115,.T.);
#2687=EDGE_CURVE('',#3217,#3220,#116,.T.);
#2688=EDGE_CURVE('',#3046,#3221,#484,.T.);
#2689=EDGE_CURVE('',#3045,#3222,#485,.T.);
#2690=EDGE_CURVE('',#3222,#3221,#117,.T.);
#2691=EDGE_CURVE('',#3219,#3222,#118,.T.);
#2692=EDGE_CURVE('',#3048,#3223,#486,.T.);
#2693=EDGE_CURVE('',#3047,#3224,#487,.T.);
#2694=EDGE_CURVE('',#3224,#3223,#119,.T.);
#2695=EDGE_CURVE('',#3221,#3224,#120,.T.);
#2696=EDGE_CURVE('',#3050,#3225,#488,.T.);
#2697=EDGE_CURVE('',#3049,#3226,#489,.T.);
#2698=EDGE_CURVE('',#3226,#3225,#121,.T.);
#2699=EDGE_CURVE('',#3223,#3226,#122,.T.);
#2700=EDGE_CURVE('',#3052,#3227,#490,.T.);
#2701=EDGE_CURVE('',#3051,#3228,#491,.T.);
#2702=EDGE_CURVE('',#3228,#3227,#123,.T.);
#2703=EDGE_CURVE('',#3225,#3228,#124,.T.);
#2704=EDGE_CURVE('',#3054,#3229,#492,.T.);
#2705=EDGE_CURVE('',#3053,#3230,#493,.T.);
#2706=EDGE_CURVE('',#3230,#3229,#125,.T.);
#2707=EDGE_CURVE('',#3227,#3230,#126,.T.);
#2708=EDGE_CURVE('',#3056,#3231,#494,.T.);
#2709=EDGE_CURVE('',#3055,#3232,#495,.T.);
#2710=EDGE_CURVE('',#3232,#3231,#127,.T.);
#2711=EDGE_CURVE('',#3229,#3232,#128,.T.);
#2712=EDGE_CURVE('',#3058,#3233,#496,.T.);
#2713=EDGE_CURVE('',#3057,#3234,#497,.T.);
#2714=EDGE_CURVE('',#3234,#3233,#129,.T.);
#2715=EDGE_CURVE('',#3231,#3234,#130,.T.);
#2716=EDGE_CURVE('',#3060,#3235,#498,.T.);
#2717=EDGE_CURVE('',#3059,#3236,#499,.T.);
#2718=EDGE_CURVE('',#3236,#3235,#131,.T.);
#2719=EDGE_CURVE('',#3233,#3236,#132,.T.);
#2720=EDGE_CURVE('',#3062,#3237,#500,.T.);
#2721=EDGE_CURVE('',#3061,#3238,#501,.T.);
#2722=EDGE_CURVE('',#3238,#3237,#133,.T.);
#2723=EDGE_CURVE('',#3235,#3238,#134,.T.);
#2724=EDGE_CURVE('',#3064,#3239,#502,.T.);
#2725=EDGE_CURVE('',#3063,#3240,#503,.T.);
#2726=EDGE_CURVE('',#3240,#3239,#135,.T.);
#2727=EDGE_CURVE('',#3237,#3240,#136,.T.);
#2728=EDGE_CURVE('',#3066,#3241,#504,.T.);
#2729=EDGE_CURVE('',#3065,#3242,#505,.T.);
#2730=EDGE_CURVE('',#3242,#3241,#137,.T.);
#2731=EDGE_CURVE('',#3239,#3242,#138,.T.);
#2732=EDGE_CURVE('',#3068,#3243,#506,.T.);
#2733=EDGE_CURVE('',#3067,#3244,#507,.T.);
#2734=EDGE_CURVE('',#3244,#3243,#139,.T.);
#2735=EDGE_CURVE('',#3241,#3244,#140,.T.);
#2736=EDGE_CURVE('',#3070,#3245,#508,.T.);
#2737=EDGE_CURVE('',#3069,#3246,#509,.T.);
#2738=EDGE_CURVE('',#3246,#3245,#141,.T.);
#2739=EDGE_CURVE('',#3243,#3246,#142,.T.);
#2740=EDGE_CURVE('',#3072,#3247,#510,.T.);
#2741=EDGE_CURVE('',#3071,#3248,#511,.T.);
#2742=EDGE_CURVE('',#3248,#3247,#143,.T.);
#2743=EDGE_CURVE('',#3245,#3248,#144,.T.);
#2744=EDGE_CURVE('',#3074,#3249,#512,.T.);
#2745=EDGE_CURVE('',#3073,#3250,#513,.T.);
#2746=EDGE_CURVE('',#3250,#3249,#145,.T.);
#2747=EDGE_CURVE('',#3247,#3250,#146,.T.);
#2748=EDGE_CURVE('',#3076,#3251,#514,.T.);
#2749=EDGE_CURVE('',#3075,#3252,#515,.T.);
#2750=EDGE_CURVE('',#3252,#3251,#147,.T.);
#2751=EDGE_CURVE('',#3249,#3252,#148,.T.);
#2752=EDGE_CURVE('',#3078,#3253,#516,.T.);
#2753=EDGE_CURVE('',#3077,#3254,#517,.T.);
#2754=EDGE_CURVE('',#3254,#3253,#149,.T.);
#2755=EDGE_CURVE('',#3251,#3254,#150,.T.);
#2756=EDGE_CURVE('',#3080,#3255,#518,.T.);
#2757=EDGE_CURVE('',#3079,#3256,#519,.T.);
#2758=EDGE_CURVE('',#3256,#3255,#151,.T.);
#2759=EDGE_CURVE('',#3253,#3256,#152,.T.);
#2760=EDGE_CURVE('',#3082,#3257,#520,.T.);
#2761=EDGE_CURVE('',#3081,#3258,#521,.T.);
#2762=EDGE_CURVE('',#3258,#3259,#153,.T.);
#2763=EDGE_CURVE('',#3259,#3257,#154,.T.);
#2764=EDGE_CURVE('',#3255,#3258,#155,.T.);
#2765=EDGE_CURVE('',#3084,#3260,#522,.T.);
#2766=EDGE_CURVE('',#3083,#3261,#523,.T.);
#2767=EDGE_CURVE('',#3261,#3260,#156,.T.);
#2768=EDGE_CURVE('',#3257,#3261,#157,.T.);
#2769=EDGE_CURVE('',#3086,#3262,#524,.T.);
#2770=EDGE_CURVE('',#3085,#3263,#525,.T.);
#2771=EDGE_CURVE('',#3263,#3262,#158,.T.);
#2772=EDGE_CURVE('',#3260,#3263,#159,.T.);
#2773=EDGE_CURVE('',#3088,#3264,#526,.T.);
#2774=EDGE_CURVE('',#3087,#3265,#527,.T.);
#2775=EDGE_CURVE('',#3265,#3264,#160,.T.);
#2776=EDGE_CURVE('',#3262,#3265,#161,.T.);
#2777=EDGE_CURVE('',#3090,#3266,#528,.T.);
#2778=EDGE_CURVE('',#3089,#3267,#529,.T.);
#2779=EDGE_CURVE('',#3267,#3266,#162,.T.);
#2780=EDGE_CURVE('',#3264,#3267,#163,.T.);
#2781=EDGE_CURVE('',#3092,#3268,#530,.T.);
#2782=EDGE_CURVE('',#3091,#3269,#531,.T.);
#2783=EDGE_CURVE('',#3269,#3268,#164,.T.);
#2784=EDGE_CURVE('',#3266,#3269,#165,.T.);
#2785=EDGE_CURVE('',#3094,#3270,#532,.T.);
#2786=EDGE_CURVE('',#3093,#3271,#533,.T.);
#2787=EDGE_CURVE('',#3271,#3270,#166,.T.);
#2788=EDGE_CURVE('',#3268,#3271,#167,.T.);
#2789=EDGE_CURVE('',#3096,#3272,#534,.T.);
#2790=EDGE_CURVE('',#3095,#3273,#535,.T.);
#2791=EDGE_CURVE('',#3273,#3272,#168,.T.);
#2792=EDGE_CURVE('',#3270,#3273,#169,.T.);
#2793=EDGE_CURVE('',#3098,#3274,#536,.T.);
#2794=EDGE_CURVE('',#3097,#3275,#537,.T.);
#2795=EDGE_CURVE('',#3275,#3274,#170,.T.);
#2796=EDGE_CURVE('',#3272,#3275,#171,.T.);
#2797=EDGE_CURVE('',#3100,#3276,#538,.T.);
#2798=EDGE_CURVE('',#3099,#3277,#539,.T.);
#2799=EDGE_CURVE('',#3277,#3276,#172,.T.);
#2800=EDGE_CURVE('',#3274,#3277,#173,.T.);
#2801=EDGE_CURVE('',#3102,#3278,#540,.T.);
#2802=EDGE_CURVE('',#3101,#3279,#541,.T.);
#2803=EDGE_CURVE('',#3279,#3278,#174,.T.);
#2804=EDGE_CURVE('',#3276,#3279,#175,.T.);
#2805=EDGE_CURVE('',#3104,#3280,#542,.T.);
#2806=EDGE_CURVE('',#3103,#3281,#543,.T.);
#2807=EDGE_CURVE('',#3281,#3280,#176,.T.);
#2808=EDGE_CURVE('',#3278,#3281,#177,.T.);
#2809=EDGE_CURVE('',#3106,#3282,#544,.T.);
#2810=EDGE_CURVE('',#3105,#3283,#545,.T.);
#2811=EDGE_CURVE('',#3283,#3282,#178,.T.);
#2812=EDGE_CURVE('',#3280,#3283,#179,.T.);
#2813=EDGE_CURVE('',#3108,#3284,#546,.T.);
#2814=EDGE_CURVE('',#3107,#3285,#547,.T.);
#2815=EDGE_CURVE('',#3285,#3284,#180,.T.);
#2816=EDGE_CURVE('',#3282,#3285,#181,.T.);
#2817=EDGE_CURVE('',#3110,#3286,#548,.T.);
#2818=EDGE_CURVE('',#3109,#3287,#549,.T.);
#2819=EDGE_CURVE('',#3287,#3286,#182,.T.);
#2820=EDGE_CURVE('',#3284,#3287,#183,.T.);
#2821=EDGE_CURVE('',#3112,#3288,#550,.T.);
#2822=EDGE_CURVE('',#3111,#3289,#551,.T.);
#2823=EDGE_CURVE('',#3289,#3288,#184,.T.);
#2824=EDGE_CURVE('',#3286,#3289,#185,.T.);
#2825=EDGE_CURVE('',#3114,#3290,#552,.T.);
#2826=EDGE_CURVE('',#3113,#3291,#553,.T.);
#2827=EDGE_CURVE('',#3291,#3290,#186,.T.);
#2828=EDGE_CURVE('',#3288,#3291,#187,.T.);
#2829=EDGE_CURVE('',#3116,#3292,#554,.T.);
#2830=EDGE_CURVE('',#3115,#3293,#555,.T.);
#2831=EDGE_CURVE('',#3293,#3292,#188,.T.);
#2832=EDGE_CURVE('',#3290,#3293,#189,.T.);
#2833=EDGE_CURVE('',#3118,#3294,#556,.T.);
#2834=EDGE_CURVE('',#3117,#3295,#557,.T.);
#2835=EDGE_CURVE('',#3295,#3294,#190,.T.);
#2836=EDGE_CURVE('',#3292,#3295,#191,.T.);
#2837=EDGE_CURVE('',#2942,#3296,#558,.T.);
#2838=EDGE_CURVE('',#3296,#2940,#192,.T.);
#2839=EDGE_CURVE('',#3294,#3296,#193,.T.);
#2840=VERTEX_POINT('',#5377);
#2841=VERTEX_POINT('',#5378);
#2842=VERTEX_POINT('',#5380);
#2843=VERTEX_POINT('',#5382);
#2844=VERTEX_POINT('',#5384);
#2845=VERTEX_POINT('',#5386);
#2846=VERTEX_POINT('',#5388);
#2847=VERTEX_POINT('',#5390);
#2848=VERTEX_POINT('',#5392);
#2849=VERTEX_POINT('',#5394);
#2850=VERTEX_POINT('',#5396);
#2851=VERTEX_POINT('',#5398);
#2852=VERTEX_POINT('',#5400);
#2853=VERTEX_POINT('',#5402);
#2854=VERTEX_POINT('',#5404);
#2855=VERTEX_POINT('',#5406);
#2856=VERTEX_POINT('',#5408);
#2857=VERTEX_POINT('',#5410);
#2858=VERTEX_POINT('',#5412);
#2859=VERTEX_POINT('',#5414);
#2860=VERTEX_POINT('',#5416);
#2861=VERTEX_POINT('',#5418);
#2862=VERTEX_POINT('',#5420);
#2863=VERTEX_POINT('',#5422);
#2864=VERTEX_POINT('',#5424);
#2865=VERTEX_POINT('',#5426);
#2866=VERTEX_POINT('',#5428);
#2867=VERTEX_POINT('',#5430);
#2868=VERTEX_POINT('',#5432);
#2869=VERTEX_POINT('',#5434);
#2870=VERTEX_POINT('',#5436);
#2871=VERTEX_POINT('',#5438);
#2872=VERTEX_POINT('',#5440);
#2873=VERTEX_POINT('',#5442);
#2874=VERTEX_POINT('',#5444);
#2875=VERTEX_POINT('',#5446);
#2876=VERTEX_POINT('',#5448);
#2877=VERTEX_POINT('',#5450);
#2878=VERTEX_POINT('',#5452);
#2879=VERTEX_POINT('',#5454);
#2880=VERTEX_POINT('',#5456);
#2881=VERTEX_POINT('',#5458);
#2882=VERTEX_POINT('',#5460);
#2883=VERTEX_POINT('',#5462);
#2884=VERTEX_POINT('',#5464);
#2885=VERTEX_POINT('',#5466);
#2886=VERTEX_POINT('',#5468);
#2887=VERTEX_POINT('',#5470);
#2888=VERTEX_POINT('',#5472);
#2889=VERTEX_POINT('',#5474);
#2890=VERTEX_POINT('',#5476);
#2891=VERTEX_POINT('',#5478);
#2892=VERTEX_POINT('',#5480);
#2893=VERTEX_POINT('',#5482);
#2894=VERTEX_POINT('',#5484);
#2895=VERTEX_POINT('',#5486);
#2896=VERTEX_POINT('',#5488);
#2897=VERTEX_POINT('',#5490);
#2898=VERTEX_POINT('',#5492);
#2899=VERTEX_POINT('',#5494);
#2900=VERTEX_POINT('',#5496);
#2901=VERTEX_POINT('',#5498);
#2902=VERTEX_POINT('',#5500);
#2903=VERTEX_POINT('',#5502);
#2904=VERTEX_POINT('',#5504);
#2905=VERTEX_POINT('',#5506);
#2906=VERTEX_POINT('',#5508);
#2907=VERTEX_POINT('',#5510);
#2908=VERTEX_POINT('',#5512);
#2909=VERTEX_POINT('',#5514);
#2910=VERTEX_POINT('',#5516);
#2911=VERTEX_POINT('',#5518);
#2912=VERTEX_POINT('',#5520);
#2913=VERTEX_POINT('',#5522);
#2914=VERTEX_POINT('',#5524);
#2915=VERTEX_POINT('',#5526);
#2916=VERTEX_POINT('',#5528);
#2917=VERTEX_POINT('',#5530);
#2918=VERTEX_POINT('',#5532);
#2919=VERTEX_POINT('',#5534);
#2920=VERTEX_POINT('',#5536);
#2921=VERTEX_POINT('',#5538);
#2922=VERTEX_POINT('',#5540);
#2923=VERTEX_POINT('',#5542);
#2924=VERTEX_POINT('',#5544);
#2925=VERTEX_POINT('',#5546);
#2926=VERTEX_POINT('',#5548);
#2927=VERTEX_POINT('',#5550);
#2928=VERTEX_POINT('',#5552);
#2929=VERTEX_POINT('',#5554);
#2930=VERTEX_POINT('',#5558);
#2931=VERTEX_POINT('',#5560);
#2932=VERTEX_POINT('',#5563);
#2933=VERTEX_POINT('',#5564);
#2934=VERTEX_POINT('',#5568);
#2935=VERTEX_POINT('',#5569);
#2936=VERTEX_POINT('',#5577);
#2937=VERTEX_POINT('',#5578);
#2938=VERTEX_POINT('',#5580);
#2939=VERTEX_POINT('',#5582);
#2940=VERTEX_POINT('',#5589);
#2941=VERTEX_POINT('',#5590);
#2942=VERTEX_POINT('',#5598);
#2943=VERTEX_POINT('',#5600);
#2944=VERTEX_POINT('',#5602);
#2945=VERTEX_POINT('',#5604);
#2946=VERTEX_POINT('',#5606);
#2947=VERTEX_POINT('',#5608);
#2948=VERTEX_POINT('',#5610);
#2949=VERTEX_POINT('',#5612);
#2950=VERTEX_POINT('',#5614);
#2951=VERTEX_POINT('',#5616);
#2952=VERTEX_POINT('',#5618);
#2953=VERTEX_POINT('',#5620);
#2954=VERTEX_POINT('',#5622);
#2955=VERTEX_POINT('',#5624);
#2956=VERTEX_POINT('',#5626);
#2957=VERTEX_POINT('',#5628);
#2958=VERTEX_POINT('',#5630);
#2959=VERTEX_POINT('',#5632);
#2960=VERTEX_POINT('',#5634);
#2961=VERTEX_POINT('',#5636);
#2962=VERTEX_POINT('',#5638);
#2963=VERTEX_POINT('',#5640);
#2964=VERTEX_POINT('',#5642);
#2965=VERTEX_POINT('',#5644);
#2966=VERTEX_POINT('',#5646);
#2967=VERTEX_POINT('',#5648);
#2968=VERTEX_POINT('',#5650);
#2969=VERTEX_POINT('',#5652);
#2970=VERTEX_POINT('',#5654);
#2971=VERTEX_POINT('',#5656);
#2972=VERTEX_POINT('',#5658);
#2973=VERTEX_POINT('',#5660);
#2974=VERTEX_POINT('',#5662);
#2975=VERTEX_POINT('',#5664);
#2976=VERTEX_POINT('',#5666);
#2977=VERTEX_POINT('',#5668);
#2978=VERTEX_POINT('',#5670);
#2979=VERTEX_POINT('',#5672);
#2980=VERTEX_POINT('',#5674);
#2981=VERTEX_POINT('',#5676);
#2982=VERTEX_POINT('',#5678);
#2983=VERTEX_POINT('',#5680);
#2984=VERTEX_POINT('',#5682);
#2985=VERTEX_POINT('',#5684);
#2986=VERTEX_POINT('',#5686);
#2987=VERTEX_POINT('',#5688);
#2988=VERTEX_POINT('',#5690);
#2989=VERTEX_POINT('',#5692);
#2990=VERTEX_POINT('',#5694);
#2991=VERTEX_POINT('',#5696);
#2992=VERTEX_POINT('',#5698);
#2993=VERTEX_POINT('',#5700);
#2994=VERTEX_POINT('',#5702);
#2995=VERTEX_POINT('',#5704);
#2996=VERTEX_POINT('',#5706);
#2997=VERTEX_POINT('',#5708);
#2998=VERTEX_POINT('',#5710);
#2999=VERTEX_POINT('',#5712);
#3000=VERTEX_POINT('',#5714);
#3001=VERTEX_POINT('',#5716);
#3002=VERTEX_POINT('',#5718);
#3003=VERTEX_POINT('',#5720);
#3004=VERTEX_POINT('',#5722);
#3005=VERTEX_POINT('',#5724);
#3006=VERTEX_POINT('',#5726);
#3007=VERTEX_POINT('',#5728);
#3008=VERTEX_POINT('',#5730);
#3009=VERTEX_POINT('',#5732);
#3010=VERTEX_POINT('',#5734);
#3011=VERTEX_POINT('',#5736);
#3012=VERTEX_POINT('',#5738);
#3013=VERTEX_POINT('',#5740);
#3014=VERTEX_POINT('',#5742);
#3015=VERTEX_POINT('',#5744);
#3016=VERTEX_POINT('',#5746);
#3017=VERTEX_POINT('',#5748);
#3018=VERTEX_POINT('',#5750);
#3019=VERTEX_POINT('',#5752);
#3020=VERTEX_POINT('',#5754);
#3021=VERTEX_POINT('',#5756);
#3022=VERTEX_POINT('',#5758);
#3023=VERTEX_POINT('',#5760);
#3024=VERTEX_POINT('',#5762);
#3025=VERTEX_POINT('',#5764);
#3026=VERTEX_POINT('',#5766);
#3027=VERTEX_POINT('',#5768);
#3028=VERTEX_POINT('',#5770);
#3029=VERTEX_POINT('',#5772);
#3030=VERTEX_POINT('',#5774);
#3031=VERTEX_POINT('',#5776);
#3032=VERTEX_POINT('',#5778);
#3033=VERTEX_POINT('',#5780);
#3034=VERTEX_POINT('',#5782);
#3035=VERTEX_POINT('',#5784);
#3036=VERTEX_POINT('',#5786);
#3037=VERTEX_POINT('',#5788);
#3038=VERTEX_POINT('',#5790);
#3039=VERTEX_POINT('',#5792);
#3040=VERTEX_POINT('',#5794);
#3041=VERTEX_POINT('',#5796);
#3042=VERTEX_POINT('',#5798);
#3043=VERTEX_POINT('',#5800);
#3044=VERTEX_POINT('',#5802);
#3045=VERTEX_POINT('',#5804);
#3046=VERTEX_POINT('',#5806);
#3047=VERTEX_POINT('',#5808);
#3048=VERTEX_POINT('',#5810);
#3049=VERTEX_POINT('',#5812);
#3050=VERTEX_POINT('',#5814);
#3051=VERTEX_POINT('',#5816);
#3052=VERTEX_POINT('',#5818);
#3053=VERTEX_POINT('',#5820);
#3054=VERTEX_POINT('',#5822);
#3055=VERTEX_POINT('',#5824);
#3056=VERTEX_POINT('',#5826);
#3057=VERTEX_POINT('',#5828);
#3058=VERTEX_POINT('',#5830);
#3059=VERTEX_POINT('',#5832);
#3060=VERTEX_POINT('',#5834);
#3061=VERTEX_POINT('',#5836);
#3062=VERTEX_POINT('',#5838);
#3063=VERTEX_POINT('',#5840);
#3064=VERTEX_POINT('',#5842);
#3065=VERTEX_POINT('',#5844);
#3066=VERTEX_POINT('',#5846);
#3067=VERTEX_POINT('',#5848);
#3068=VERTEX_POINT('',#5850);
#3069=VERTEX_POINT('',#5852);
#3070=VERTEX_POINT('',#5854);
#3071=VERTEX_POINT('',#5856);
#3072=VERTEX_POINT('',#5858);
#3073=VERTEX_POINT('',#5860);
#3074=VERTEX_POINT('',#5862);
#3075=VERTEX_POINT('',#5864);
#3076=VERTEX_POINT('',#5866);
#3077=VERTEX_POINT('',#5868);
#3078=VERTEX_POINT('',#5870);
#3079=VERTEX_POINT('',#5872);
#3080=VERTEX_POINT('',#5874);
#3081=VERTEX_POINT('',#5876);
#3082=VERTEX_POINT('',#5878);
#3083=VERTEX_POINT('',#5880);
#3084=VERTEX_POINT('',#5882);
#3085=VERTEX_POINT('',#5884);
#3086=VERTEX_POINT('',#5886);
#3087=VERTEX_POINT('',#5888);
#3088=VERTEX_POINT('',#5890);
#3089=VERTEX_POINT('',#5892);
#3090=VERTEX_POINT('',#5894);
#3091=VERTEX_POINT('',#5896);
#3092=VERTEX_POINT('',#5898);
#3093=VERTEX_POINT('',#5900);
#3094=VERTEX_POINT('',#5902);
#3095=VERTEX_POINT('',#5904);
#3096=VERTEX_POINT('',#5906);
#3097=VERTEX_POINT('',#5908);
#3098=VERTEX_POINT('',#5910);
#3099=VERTEX_POINT('',#5912);
#3100=VERTEX_POINT('',#5914);
#3101=VERTEX_POINT('',#5916);
#3102=VERTEX_POINT('',#5918);
#3103=VERTEX_POINT('',#5920);
#3104=VERTEX_POINT('',#5922);
#3105=VERTEX_POINT('',#5924);
#3106=VERTEX_POINT('',#5926);
#3107=VERTEX_POINT('',#5928);
#3108=VERTEX_POINT('',#5930);
#3109=VERTEX_POINT('',#5932);
#3110=VERTEX_POINT('',#5934);
#3111=VERTEX_POINT('',#5936);
#3112=VERTEX_POINT('',#5938);
#3113=VERTEX_POINT('',#5940);
#3114=VERTEX_POINT('',#5942);
#3115=VERTEX_POINT('',#5944);
#3116=VERTEX_POINT('',#5946);
#3117=VERTEX_POINT('',#5948);
#3118=VERTEX_POINT('',#5950);
#3119=VERTEX_POINT('',#5954);
#3120=VERTEX_POINT('',#5956);
#3121=VERTEX_POINT('',#5968);
#3122=VERTEX_POINT('',#5970);
#3123=VERTEX_POINT('',#5982);
#3124=VERTEX_POINT('',#5984);
#3125=VERTEX_POINT('',#5996);
#3126=VERTEX_POINT('',#5998);
#3127=VERTEX_POINT('',#6010);
#3128=VERTEX_POINT('',#6012);
#3129=VERTEX_POINT('',#6024);
#3130=VERTEX_POINT('',#6026);
#3131=VERTEX_POINT('',#6038);
#3132=VERTEX_POINT('',#6040);
#3133=VERTEX_POINT('',#6052);
#3134=VERTEX_POINT('',#6054);
#3135=VERTEX_POINT('',#6066);
#3136=VERTEX_POINT('',#6068);
#3137=VERTEX_POINT('',#6080);
#3138=VERTEX_POINT('',#6082);
#3139=VERTEX_POINT('',#6094);
#3140=VERTEX_POINT('',#6096);
#3141=VERTEX_POINT('',#6108);
#3142=VERTEX_POINT('',#6110);
#3143=VERTEX_POINT('',#6122);
#3144=VERTEX_POINT('',#6124);
#3145=VERTEX_POINT('',#6136);
#3146=VERTEX_POINT('',#6138);
#3147=VERTEX_POINT('',#6150);
#3148=VERTEX_POINT('',#6152);
#3149=VERTEX_POINT('',#6164);
#3150=VERTEX_POINT('',#6166);
#3151=VERTEX_POINT('',#6178);
#3152=VERTEX_POINT('',#6180);
#3153=VERTEX_POINT('',#6192);
#3154=VERTEX_POINT('',#6194);
#3155=VERTEX_POINT('',#6206);
#3156=VERTEX_POINT('',#6208);
#3157=VERTEX_POINT('',#6220);
#3158=VERTEX_POINT('',#6222);
#3159=VERTEX_POINT('',#6234);
#3160=VERTEX_POINT('',#6236);
#3161=VERTEX_POINT('',#6248);
#3162=VERTEX_POINT('',#6250);
#3163=VERTEX_POINT('',#6262);
#3164=VERTEX_POINT('',#6264);
#3165=VERTEX_POINT('',#6276);
#3166=VERTEX_POINT('',#6278);
#3167=VERTEX_POINT('',#6290);
#3168=VERTEX_POINT('',#6292);
#3169=VERTEX_POINT('',#6304);
#3170=VERTEX_POINT('',#6306);
#3171=VERTEX_POINT('',#6318);
#3172=VERTEX_POINT('',#6320);
#3173=VERTEX_POINT('',#6332);
#3174=VERTEX_POINT('',#6334);
#3175=VERTEX_POINT('',#6346);
#3176=VERTEX_POINT('',#6348);
#3177=VERTEX_POINT('',#6360);
#3178=VERTEX_POINT('',#6362);
#3179=VERTEX_POINT('',#6374);
#3180=VERTEX_POINT('',#6376);
#3181=VERTEX_POINT('',#6388);
#3182=VERTEX_POINT('',#6390);
#3183=VERTEX_POINT('',#6402);
#3184=VERTEX_POINT('',#6404);
#3185=VERTEX_POINT('',#6416);
#3186=VERTEX_POINT('',#6418);
#3187=VERTEX_POINT('',#6430);
#3188=VERTEX_POINT('',#6432);
#3189=VERTEX_POINT('',#6444);
#3190=VERTEX_POINT('',#6446);
#3191=VERTEX_POINT('',#6458);
#3192=VERTEX_POINT('',#6460);
#3193=VERTEX_POINT('',#6472);
#3194=VERTEX_POINT('',#6474);
#3195=VERTEX_POINT('',#6486);
#3196=VERTEX_POINT('',#6488);
#3197=VERTEX_POINT('',#6500);
#3198=VERTEX_POINT('',#6502);
#3199=VERTEX_POINT('',#6514);
#3200=VERTEX_POINT('',#6516);
#3201=VERTEX_POINT('',#6528);
#3202=VERTEX_POINT('',#6530);
#3203=VERTEX_POINT('',#6542);
#3204=VERTEX_POINT('',#6544);
#3205=VERTEX_POINT('',#6556);
#3206=VERTEX_POINT('',#6558);
#3207=VERTEX_POINT('',#6570);
#3208=VERTEX_POINT('',#6572);
#3209=VERTEX_POINT('',#6584);
#3210=VERTEX_POINT('',#6586);
#3211=VERTEX_POINT('',#6598);
#3212=VERTEX_POINT('',#6600);
#3213=VERTEX_POINT('',#6612);
#3214=VERTEX_POINT('',#6614);
#3215=VERTEX_POINT('',#6626);
#3216=VERTEX_POINT('',#6628);
#3217=VERTEX_POINT('',#6640);
#3218=VERTEX_POINT('',#6642);
#3219=VERTEX_POINT('',#6654);
#3220=VERTEX_POINT('',#6656);
#3221=VERTEX_POINT('',#6668);
#3222=VERTEX_POINT('',#6670);
#3223=VERTEX_POINT('',#6682);
#3224=VERTEX_POINT('',#6684);
#3225=VERTEX_POINT('',#6696);
#3226=VERTEX_POINT('',#6698);
#3227=VERTEX_POINT('',#6710);
#3228=VERTEX_POINT('',#6712);
#3229=VERTEX_POINT('',#6724);
#3230=VERTEX_POINT('',#6726);
#3231=VERTEX_POINT('',#6738);
#3232=VERTEX_POINT('',#6740);
#3233=VERTEX_POINT('',#6752);
#3234=VERTEX_POINT('',#6754);
#3235=VERTEX_POINT('',#6766);
#3236=VERTEX_POINT('',#6768);
#3237=VERTEX_POINT('',#6780);
#3238=VERTEX_POINT('',#6782);
#3239=VERTEX_POINT('',#6794);
#3240=VERTEX_POINT('',#6796);
#3241=VERTEX_POINT('',#6808);
#3242=VERTEX_POINT('',#6810);
#3243=VERTEX_POINT('',#6822);
#3244=VERTEX_POINT('',#6824);
#3245=VERTEX_POINT('',#6836);
#3246=VERTEX_POINT('',#6838);
#3247=VERTEX_POINT('',#6850);
#3248=VERTEX_POINT('',#6852);
#3249=VERTEX_POINT('',#6864);
#3250=VERTEX_POINT('',#6866);
#3251=VERTEX_POINT('',#6878);
#3252=VERTEX_POINT('',#6880);
#3253=VERTEX_POINT('',#6892);
#3254=VERTEX_POINT('',#6894);
#3255=VERTEX_POINT('',#6906);
#3256=VERTEX_POINT('',#6908);
#3257=VERTEX_POINT('',#6920);
#3258=VERTEX_POINT('',#6922);
#3259=VERTEX_POINT('',#6927);
#3260=VERTEX_POINT('',#6939);
#3261=VERTEX_POINT('',#6941);
#3262=VERTEX_POINT('',#6953);
#3263=VERTEX_POINT('',#6955);
#3264=VERTEX_POINT('',#6967);
#3265=VERTEX_POINT('',#6969);
#3266=VERTEX_POINT('',#6981);
#3267=VERTEX_POINT('',#6983);
#3268=VERTEX_POINT('',#6995);
#3269=VERTEX_POINT('',#6997);
#3270=VERTEX_POINT('',#7009);
#3271=VERTEX_POINT('',#7011);
#3272=VERTEX_POINT('',#7023);
#3273=VERTEX_POINT('',#7025);
#3274=VERTEX_POINT('',#7037);
#3275=VERTEX_POINT('',#7039);
#3276=VERTEX_POINT('',#7051);
#3277=VERTEX_POINT('',#7053);
#3278=VERTEX_POINT('',#7065);
#3279=VERTEX_POINT('',#7067);
#3280=VERTEX_POINT('',#7079);
#3281=VERTEX_POINT('',#7081);
#3282=VERTEX_POINT('',#7093);
#3283=VERTEX_POINT('',#7095);
#3284=VERTEX_POINT('',#7107);
#3285=VERTEX_POINT('',#7109);
#3286=VERTEX_POINT('',#7121);
#3287=VERTEX_POINT('',#7123);
#3288=VERTEX_POINT('',#7135);
#3289=VERTEX_POINT('',#7137);
#3290=VERTEX_POINT('',#7149);
#3291=VERTEX_POINT('',#7151);
#3292=VERTEX_POINT('',#7163);
#3293=VERTEX_POINT('',#7165);
#3294=VERTEX_POINT('',#7177);
#3295=VERTEX_POINT('',#7179);
#3296=VERTEX_POINT('',#7191);
#3297=CIRCLE('',#4163,0.009275);
#3298=CIRCLE('',#4164,0.009275);
#3299=CIRCLE('',#4165,0.009275);
#3300=CIRCLE('',#4166,0.009275);
#3301=CIRCLE('',#4167,0.009275);
#3302=CIRCLE('',#4168,0.009275);
#3303=CIRCLE('',#4169,0.009275);
#3304=CIRCLE('',#4170,0.009275);
#3305=CIRCLE('',#4171,0.009275);
#3306=CIRCLE('',#4172,0.009275);
#3307=CIRCLE('',#4173,0.009275);
#3308=CIRCLE('',#4174,0.009275);
#3309=CIRCLE('',#4175,0.009275);
#3310=CIRCLE('',#4176,0.009275);
#3311=CIRCLE('',#4177,0.009275);
#3312=CIRCLE('',#4178,0.009275);
#3313=CIRCLE('',#4179,0.009275);
#3314=CIRCLE('',#4180,0.009275);
#3315=CIRCLE('',#4181,0.009275);
#3316=CIRCLE('',#4182,0.009275);
#3317=CIRCLE('',#4183,0.009275);
#3318=CIRCLE('',#4184,0.009275);
#3319=CIRCLE('',#4185,0.009275);
#3320=CIRCLE('',#4186,0.009275);
#3321=CIRCLE('',#4187,0.009275);
#3322=CIRCLE('',#4188,0.009275);
#3323=CIRCLE('',#4189,0.009275);
#3324=CIRCLE('',#4190,0.009275);
#3325=CIRCLE('',#4191,0.009275);
#3326=CIRCLE('',#4192,0.009275);
#3327=CIRCLE('',#4193,0.009275);
#3328=CIRCLE('',#4194,0.009275);
#3329=CIRCLE('',#4195,0.009275);
#3330=CIRCLE('',#4196,0.009275);
#3331=CIRCLE('',#4197,0.009275);
#3332=CIRCLE('',#4198,0.009275);
#3333=CIRCLE('',#4199,0.009275);
#3334=CIRCLE('',#4200,0.009275);
#3335=CIRCLE('',#4201,0.009275);
#3336=CIRCLE('',#4202,0.009275);
#3337=CIRCLE('',#4203,0.009275);
#3338=CIRCLE('',#4204,0.009275);
#3339=CIRCLE('',#4205,0.009275);
#3340=CIRCLE('',#4206,0.009275);
#3341=CIRCLE('',#4207,0.009275);
#3342=CIRCLE('',#4208,0.009275);
#3343=CIRCLE('',#4209,0.009275);
#3344=CIRCLE('',#4210,0.009275);
#3345=CIRCLE('',#4211,0.009275);
#3346=CIRCLE('',#4212,0.009275);
#3347=CIRCLE('',#4213,0.009275);
#3348=CIRCLE('',#4214,0.009275);
#3349=CIRCLE('',#4215,0.009275);
#3350=CIRCLE('',#4216,0.009275);
#3351=CIRCLE('',#4217,0.009275);
#3352=CIRCLE('',#4218,0.009275);
#3353=CIRCLE('',#4219,0.009275);
#3354=CIRCLE('',#4220,0.009275);
#3355=CIRCLE('',#4221,0.009275);
#3356=CIRCLE('',#4222,0.009275);
#3357=CIRCLE('',#4223,0.009275);
#3358=CIRCLE('',#4224,0.009275);
#3359=CIRCLE('',#4225,0.009275);
#3360=CIRCLE('',#4226,0.009275);
#3361=CIRCLE('',#4227,0.009275);
#3362=CIRCLE('',#4228,0.009275);
#3363=CIRCLE('',#4229,0.009275);
#3364=CIRCLE('',#4230,0.009275);
#3365=CIRCLE('',#4231,0.009275);
#3366=CIRCLE('',#4232,0.009275);
#3367=CIRCLE('',#4233,0.009275);
#3368=CIRCLE('',#4234,0.009275);
#3369=CIRCLE('',#4235,0.009275);
#3370=CIRCLE('',#4236,0.009275);
#3371=CIRCLE('',#4237,0.009275);
#3372=CIRCLE('',#4238,0.009275);
#3373=CIRCLE('',#4239,0.009275);
#3374=CIRCLE('',#4240,0.009275);
#3375=CIRCLE('',#4241,0.009275);
#3376=CIRCLE('',#4242,0.009275);
#3377=CIRCLE('',#4243,0.009275);
#3378=CIRCLE('',#4244,0.009275);
#3379=CIRCLE('',#4245,0.009275);
#3380=CIRCLE('',#4246,0.009275);
#3381=CIRCLE('',#4247,0.009275);
#3382=CIRCLE('',#4248,0.009275);
#3383=CIRCLE('',#4249,0.009275);
#3384=CIRCLE('',#4250,0.009275);
#3385=CIRCLE('',#4251,0.009275);
#3386=CIRCLE('',#4252,0.009275);
#3387=CIRCLE('',#4254,0.009275);
#3388=CIRCLE('',#4255,0.003);
#3389=CIRCLE('',#4257,0.003);
#3390=CIRCLE('',#4259,0.003);
#3391=EDGE_LOOP('',(#923,#924,#925,#926,#927,#928,#929,#930,#931,#932,#933,
#934,#935,#936,#937,#938,#939,#940,#941,#942,#943,#944,#945,#946,#947,#948,
#949,#950,#951,#952,#953,#954,#955,#956,#957,#958,#959,#960,#961,#962,#963,
#964,#965,#966,#967,#968,#969,#970,#971,#972,#973,#974,#975,#976,#977,#978,
#979,#980,#981,#982,#983,#984,#985,#986,#987,#988,#989,#990,#991,#992,#993,
#994,#995,#996,#997,#998,#999,#1000,#1001,#1002,#1003,#1004,#1005,#1006,
#1007,#1008,#1009,#1010,#1011,#1012));
#3392=EDGE_LOOP('',(#1013));
#3393=EDGE_LOOP('',(#1014));
#3394=EDGE_LOOP('',(#1015,#1016));
#3395=EDGE_LOOP('',(#1017,#1018));
#3396=EDGE_LOOP('',(#1019,#1020,#1021,#1022));
#3397=EDGE_LOOP('',(#1023,#1024,#1025,#1026));
#3398=EDGE_LOOP('',(#1027));
#3399=EDGE_LOOP('',(#1028,#1029,#1030,#1031));
#3400=EDGE_LOOP('',(#1032,#1033,#1034,#1035));
#3401=EDGE_LOOP('',(#1036,#1037,#1038,#1039,#1040,#1041,#1042,#1043,#1044,
#1045,#1046,#1047,#1048,#1049,#1050,#1051,#1052,#1053,#1054,#1055,#1056,
#1057,#1058,#1059,#1060,#1061,#1062,#1063,#1064,#1065,#1066,#1067,#1068,
#1069,#1070,#1071,#1072,#1073,#1074,#1075,#1076,#1077,#1078,#1079,#1080,
#1081,#1082,#1083,#1084,#1085,#1086,#1087,#1088,#1089,#1090,#1091,#1092,
#1093,#1094,#1095,#1096,#1097,#1098,#1099,#1100,#1101,#1102,#1103,#1104,
#1105,#1106,#1107,#1108,#1109,#1110,#1111,#1112,#1113,#1114,#1115,#1116,
#1117,#1118,#1119,#1120,#1121,#1122,#1123,#1124,#1125));
#3402=EDGE_LOOP('',(#1126,#1127,#1128,#1129,#1130,#1131,#1132,#1133,#1134,
#1135,#1136,#1137,#1138,#1139,#1140,#1141,#1142,#1143,#1144,#1145,#1146,
#1147,#1148,#1149,#1150,#1151,#1152,#1153,#1154,#1155,#1156,#1157,#1158,
#1159,#1160,#1161,#1162,#1163,#1164,#1165,#1166,#1167,#1168,#1169,#1170,
#1171,#1172,#1173,#1174,#1175,#1176,#1177,#1178,#1179,#1180,#1181,#1182,
#1183,#1184,#1185,#1186,#1187,#1188,#1189,#1190,#1191,#1192,#1193,#1194,
#1195,#1196,#1197,#1198,#1199,#1200,#1201,#1202,#1203,#1204,#1205,#1206,
#1207,#1208,#1209,#1210,#1211,#1212,#1213,#1214,#1215,#1216,#1217,#1218,
#1219,#1220,#1221,#1222,#1223,#1224,#1225,#1226,#1227,#1228,#1229,#1230,
#1231,#1232,#1233,#1234,#1235,#1236,#1237,#1238,#1239,#1240,#1241,#1242,
#1243,#1244,#1245,#1246,#1247,#1248,#1249,#1250,#1251,#1252,#1253,#1254,
#1255,#1256,#1257,#1258,#1259,#1260,#1261,#1262,#1263,#1264,#1265,#1266,
#1267,#1268,#1269,#1270,#1271,#1272,#1273,#1274,#1275,#1276,#1277,#1278,
#1279,#1280,#1281,#1282,#1283,#1284,#1285,#1286,#1287,#1288,#1289,#1290,
#1291,#1292,#1293,#1294,#1295,#1296,#1297,#1298,#1299,#1300,#1301,#1302,
#1303,#1304,#1305));
#3403=EDGE_LOOP('',(#1306,#1307,#1308,#1309));
#3404=EDGE_LOOP('',(#1310,#1311,#1312,#1313));
#3405=EDGE_LOOP('',(#1314,#1315,#1316,#1317));
#3406=EDGE_LOOP('',(#1318,#1319,#1320,#1321));
#3407=EDGE_LOOP('',(#1322,#1323,#1324,#1325));
#3408=EDGE_LOOP('',(#1326,#1327,#1328,#1329));
#3409=EDGE_LOOP('',(#1330,#1331,#1332,#1333));
#3410=EDGE_LOOP('',(#1334,#1335,#1336,#1337));
#3411=EDGE_LOOP('',(#1338,#1339,#1340,#1341));
#3412=EDGE_LOOP('',(#1342,#1343,#1344,#1345));
#3413=EDGE_LOOP('',(#1346,#1347,#1348,#1349));
#3414=EDGE_LOOP('',(#1350,#1351,#1352,#1353));
#3415=EDGE_LOOP('',(#1354,#1355,#1356,#1357));
#3416=EDGE_LOOP('',(#1358,#1359,#1360,#1361));
#3417=EDGE_LOOP('',(#1362,#1363,#1364,#1365));
#3418=EDGE_LOOP('',(#1366,#1367,#1368,#1369));
#3419=EDGE_LOOP('',(#1370,#1371,#1372,#1373));
#3420=EDGE_LOOP('',(#1374,#1375,#1376,#1377));
#3421=EDGE_LOOP('',(#1378,#1379,#1380,#1381));
#3422=EDGE_LOOP('',(#1382,#1383,#1384,#1385));
#3423=EDGE_LOOP('',(#1386,#1387,#1388,#1389));
#3424=EDGE_LOOP('',(#1390,#1391,#1392,#1393));
#3425=EDGE_LOOP('',(#1394,#1395,#1396,#1397));
#3426=EDGE_LOOP('',(#1398,#1399,#1400,#1401));
#3427=EDGE_LOOP('',(#1402,#1403,#1404,#1405));
#3428=EDGE_LOOP('',(#1406,#1407,#1408,#1409));
#3429=EDGE_LOOP('',(#1410,#1411,#1412,#1413));
#3430=EDGE_LOOP('',(#1414,#1415,#1416,#1417));
#3431=EDGE_LOOP('',(#1418,#1419,#1420,#1421));
#3432=EDGE_LOOP('',(#1422,#1423,#1424,#1425));
#3433=EDGE_LOOP('',(#1426,#1427,#1428,#1429));
#3434=EDGE_LOOP('',(#1430,#1431,#1432,#1433));
#3435=EDGE_LOOP('',(#1434,#1435,#1436,#1437));
#3436=EDGE_LOOP('',(#1438,#1439,#1440,#1441));
#3437=EDGE_LOOP('',(#1442,#1443,#1444,#1445));
#3438=EDGE_LOOP('',(#1446,#1447,#1448,#1449));
#3439=EDGE_LOOP('',(#1450,#1451,#1452,#1453));
#3440=EDGE_LOOP('',(#1454,#1455,#1456,#1457));
#3441=EDGE_LOOP('',(#1458,#1459,#1460,#1461));
#3442=EDGE_LOOP('',(#1462,#1463,#1464,#1465));
#3443=EDGE_LOOP('',(#1466,#1467,#1468,#1469));
#3444=EDGE_LOOP('',(#1470,#1471,#1472,#1473));
#3445=EDGE_LOOP('',(#1474,#1475,#1476,#1477));
#3446=EDGE_LOOP('',(#1478,#1479,#1480,#1481));
#3447=EDGE_LOOP('',(#1482,#1483,#1484,#1485));
#3448=EDGE_LOOP('',(#1486,#1487,#1488,#1489));
#3449=EDGE_LOOP('',(#1490,#1491,#1492,#1493));
#3450=EDGE_LOOP('',(#1494,#1495,#1496,#1497));
#3451=EDGE_LOOP('',(#1498,#1499,#1500,#1501));
#3452=EDGE_LOOP('',(#1502,#1503,#1504,#1505));
#3453=EDGE_LOOP('',(#1506,#1507,#1508,#1509));
#3454=EDGE_LOOP('',(#1510,#1511,#1512,#1513));
#3455=EDGE_LOOP('',(#1514,#1515,#1516,#1517));
#3456=EDGE_LOOP('',(#1518,#1519,#1520,#1521));
#3457=EDGE_LOOP('',(#1522,#1523,#1524,#1525));
#3458=EDGE_LOOP('',(#1526,#1527,#1528,#1529));
#3459=EDGE_LOOP('',(#1530,#1531,#1532,#1533));
#3460=EDGE_LOOP('',(#1534,#1535,#1536,#1537));
#3461=EDGE_LOOP('',(#1538,#1539,#1540,#1541));
#3462=EDGE_LOOP('',(#1542,#1543,#1544,#1545));
#3463=EDGE_LOOP('',(#1546,#1547,#1548,#1549));
#3464=EDGE_LOOP('',(#1550,#1551,#1552,#1553));
#3465=EDGE_LOOP('',(#1554,#1555,#1556,#1557));
#3466=EDGE_LOOP('',(#1558,#1559,#1560,#1561));
#3467=EDGE_LOOP('',(#1562,#1563,#1564,#1565));
#3468=EDGE_LOOP('',(#1566,#1567,#1568,#1569));
#3469=EDGE_LOOP('',(#1570,#1571,#1572,#1573));
#3470=EDGE_LOOP('',(#1574,#1575,#1576,#1577));
#3471=EDGE_LOOP('',(#1578,#1579,#1580,#1581));
#3472=EDGE_LOOP('',(#1582,#1583,#1584,#1585));
#3473=EDGE_LOOP('',(#1586,#1587,#1588,#1589));
#3474=EDGE_LOOP('',(#1590,#1591,#1592,#1593));
#3475=EDGE_LOOP('',(#1594,#1595,#1596,#1597));
#3476=EDGE_LOOP('',(#1598,#1599,#1600,#1601));
#3477=EDGE_LOOP('',(#1602,#1603,#1604,#1605));
#3478=EDGE_LOOP('',(#1606,#1607,#1608,#1609));
#3479=EDGE_LOOP('',(#1610,#1611,#1612,#1613));
#3480=EDGE_LOOP('',(#1614,#1615,#1616,#1617));
#3481=EDGE_LOOP('',(#1618,#1619,#1620,#1621));
#3482=EDGE_LOOP('',(#1622,#1623,#1624,#1625));
#3483=EDGE_LOOP('',(#1626,#1627,#1628,#1629));
#3484=EDGE_LOOP('',(#1630,#1631,#1632,#1633));
#3485=EDGE_LOOP('',(#1634,#1635,#1636,#1637));
#3486=EDGE_LOOP('',(#1638,#1639,#1640,#1641));
#3487=EDGE_LOOP('',(#1642,#1643,#1644,#1645));
#3488=EDGE_LOOP('',(#1646,#1647,#1648,#1649));
#3489=EDGE_LOOP('',(#1650,#1651,#1652,#1653));
#3490=EDGE_LOOP('',(#1654,#1655,#1656,#1657));
#3491=EDGE_LOOP('',(#1658,#1659,#1660,#1661));
#3492=EDGE_LOOP('',(#1662,#1663,#1664,#1665));
#3493=EDGE_LOOP('',(#1666,#1667,#1668,#1669));
#3494=EDGE_LOOP('',(#1670,#1671,#1672,#1673));
#3495=EDGE_LOOP('',(#1674,#1675,#1676,#1677));
#3496=EDGE_LOOP('',(#1678,#1679,#1680,#1681));
#3497=EDGE_LOOP('',(#1682,#1683,#1684,#1685));
#3498=EDGE_LOOP('',(#1686,#1687,#1688,#1689));
#3499=EDGE_LOOP('',(#1690,#1691,#1692,#1693));
#3500=EDGE_LOOP('',(#1694,#1695,#1696,#1697));
#3501=EDGE_LOOP('',(#1698,#1699,#1700,#1701));
#3502=EDGE_LOOP('',(#1702,#1703,#1704,#1705));
#3503=EDGE_LOOP('',(#1706,#1707,#1708,#1709));
#3504=EDGE_LOOP('',(#1710,#1711,#1712,#1713));
#3505=EDGE_LOOP('',(#1714,#1715,#1716,#1717));
#3506=EDGE_LOOP('',(#1718,#1719,#1720,#1721));
#3507=EDGE_LOOP('',(#1722,#1723,#1724,#1725));
#3508=EDGE_LOOP('',(#1726,#1727,#1728,#1729));
#3509=EDGE_LOOP('',(#1730,#1731,#1732,#1733));
#3510=EDGE_LOOP('',(#1734,#1735,#1736,#1737));
#3511=EDGE_LOOP('',(#1738,#1739,#1740,#1741));
#3512=EDGE_LOOP('',(#1742,#1743,#1744,#1745));
#3513=EDGE_LOOP('',(#1746,#1747,#1748,#1749));
#3514=EDGE_LOOP('',(#1750,#1751,#1752,#1753));
#3515=EDGE_LOOP('',(#1754,#1755,#1756,#1757));
#3516=EDGE_LOOP('',(#1758,#1759,#1760,#1761));
#3517=EDGE_LOOP('',(#1762,#1763,#1764,#1765));
#3518=EDGE_LOOP('',(#1766,#1767,#1768,#1769));
#3519=EDGE_LOOP('',(#1770,#1771,#1772,#1773));
#3520=EDGE_LOOP('',(#1774,#1775,#1776,#1777));
#3521=EDGE_LOOP('',(#1778,#1779,#1780,#1781));
#3522=EDGE_LOOP('',(#1782,#1783,#1784,#1785));
#3523=EDGE_LOOP('',(#1786,#1787,#1788,#1789));
#3524=EDGE_LOOP('',(#1790,#1791,#1792,#1793));
#3525=EDGE_LOOP('',(#1794,#1795,#1796,#1797));
#3526=EDGE_LOOP('',(#1798,#1799,#1800,#1801));
#3527=EDGE_LOOP('',(#1802,#1803,#1804,#1805));
#3528=EDGE_LOOP('',(#1806,#1807,#1808,#1809));
#3529=EDGE_LOOP('',(#1810,#1811,#1812,#1813));
#3530=EDGE_LOOP('',(#1814,#1815,#1816,#1817));
#3531=EDGE_LOOP('',(#1818,#1819,#1820,#1821));
#3532=EDGE_LOOP('',(#1822,#1823,#1824,#1825));
#3533=EDGE_LOOP('',(#1826,#1827,#1828,#1829));
#3534=EDGE_LOOP('',(#1830,#1831,#1832,#1833));
#3535=EDGE_LOOP('',(#1834,#1835,#1836,#1837));
#3536=EDGE_LOOP('',(#1838,#1839,#1840,#1841));
#3537=EDGE_LOOP('',(#1842,#1843,#1844,#1845));
#3538=EDGE_LOOP('',(#1846,#1847,#1848,#1849));
#3539=EDGE_LOOP('',(#1850,#1851,#1852,#1853));
#3540=EDGE_LOOP('',(#1854,#1855,#1856,#1857));
#3541=EDGE_LOOP('',(#1858,#1859,#1860,#1861,#1862));
#3542=EDGE_LOOP('',(#1863,#1864,#1865,#1866));
#3543=EDGE_LOOP('',(#1867,#1868,#1869,#1870));
#3544=EDGE_LOOP('',(#1871,#1872,#1873,#1874));
#3545=EDGE_LOOP('',(#1875,#1876,#1877,#1878));
#3546=EDGE_LOOP('',(#1879,#1880,#1881,#1882));
#3547=EDGE_LOOP('',(#1883,#1884,#1885,#1886));
#3548=EDGE_LOOP('',(#1887,#1888,#1889,#1890));
#3549=EDGE_LOOP('',(#1891,#1892,#1893,#1894));
#3550=EDGE_LOOP('',(#1895,#1896,#1897,#1898));
#3551=EDGE_LOOP('',(#1899,#1900,#1901,#1902));
#3552=EDGE_LOOP('',(#1903,#1904,#1905,#1906));
#3553=EDGE_LOOP('',(#1907,#1908,#1909,#1910));
#3554=EDGE_LOOP('',(#1911,#1912,#1913,#1914));
#3555=EDGE_LOOP('',(#1915,#1916,#1917,#1918));
#3556=EDGE_LOOP('',(#1919,#1920,#1921,#1922));
#3557=EDGE_LOOP('',(#1923,#1924,#1925,#1926));
#3558=EDGE_LOOP('',(#1927,#1928,#1929,#1930));
#3559=EDGE_LOOP('',(#1931,#1932,#1933,#1934));
#3560=EDGE_LOOP('',(#1935,#1936,#1937,#1938));
#3561=EDGE_LOOP('',(#1939,#1940,#1941,#1942));
#3562=EDGE_LOOP('',(#1943,#1944,#1945,#1946));
#3563=EDGE_LOOP('',(#1947,#1948,#1949,#1950));
#3564=EDGE_LOOP('',(#1951,#1952,#1953,#1954));
#3565=EDGE_LOOP('',(#1955,#1956,#1957,#1958));
#3566=EDGE_LOOP('',(#1959,#1960,#1961,#1962));
#3567=EDGE_LOOP('',(#1963,#1964,#1965,#1966));
#3568=EDGE_LOOP('',(#1967,#1968,#1969,#1970));
#3569=EDGE_LOOP('',(#1971,#1972,#1973,#1974));
#3570=EDGE_LOOP('',(#1975,#1976,#1977,#1978));
#3571=EDGE_LOOP('',(#1979,#1980,#1981,#1982));
#3572=EDGE_LOOP('',(#1983,#1984,#1985,#1986));
#3573=EDGE_LOOP('',(#1987,#1988,#1989,#1990));
#3574=EDGE_LOOP('',(#1991,#1992,#1993,#1994));
#3575=EDGE_LOOP('',(#1995,#1996,#1997,#1998));
#3576=EDGE_LOOP('',(#1999,#2000,#2001,#2002));
#3577=EDGE_LOOP('',(#2003,#2004,#2005,#2006));
#3578=EDGE_LOOP('',(#2007,#2008,#2009,#2010));
#3579=EDGE_LOOP('',(#2011,#2012,#2013,#2014));
#3580=EDGE_LOOP('',(#2015,#2016,#2017,#2018));
#3581=EDGE_LOOP('',(#2019));
#3582=EDGE_LOOP('',(#2020,#2021,#2022,#2023,#2024,#2025,#2026,#2027,#2028,
#2029,#2030,#2031,#2032,#2033,#2034,#2035,#2036,#2037,#2038,#2039,#2040,
#2041,#2042,#2043,#2044,#2045,#2046,#2047,#2048,#2049,#2050,#2051,#2052,
#2053,#2054,#2055,#2056,#2057,#2058,#2059,#2060,#2061,#2062,#2063,#2064,
#2065,#2066,#2067,#2068,#2069,#2070,#2071,#2072,#2073,#2074,#2075,#2076,
#2077,#2078,#2079,#2080,#2081,#2082,#2083,#2084,#2085,#2086,#2087,#2088,
#2089,#2090,#2091,#2092,#2093,#2094,#2095,#2096,#2097,#2098,#2099,#2100,
#2101,#2102,#2103,#2104,#2105,#2106,#2107,#2108,#2109,#2110,#2111,#2112,
#2113,#2114,#2115,#2116,#2117,#2118,#2119,#2120,#2121,#2122,#2123,#2124,
#2125,#2126,#2127,#2128,#2129,#2130,#2131,#2132,#2133,#2134,#2135,#2136,
#2137,#2138,#2139,#2140,#2141,#2142,#2143,#2144,#2145,#2146,#2147,#2148,
#2149,#2150,#2151,#2152,#2153,#2154,#2155,#2156,#2157,#2158,#2159,#2160,
#2161,#2162,#2163,#2164,#2165,#2166,#2167,#2168,#2169,#2170,#2171,#2172,
#2173,#2174,#2175,#2176,#2177,#2178,#2179,#2180,#2181,#2182,#2183,#2184,
#2185,#2186,#2187,#2188,#2189,#2190,#2191,#2192,#2193,#2194,#2195,#2196,
#2197,#2198,#2199,#2200));
#3583=FACE_BOUND('',#3391,.T.);
#3584=FACE_BOUND('',#3392,.T.);
#3585=FACE_BOUND('',#3393,.T.);
#3586=FACE_BOUND('',#3394,.T.);
#3587=FACE_BOUND('',#3395,.T.);
#3588=FACE_BOUND('',#3396,.T.);
#3589=FACE_BOUND('',#3397,.T.);
#3590=FACE_BOUND('',#3398,.T.);
#3591=FACE_BOUND('',#3399,.T.);
#3592=FACE_BOUND('',#3400,.T.);
#3593=FACE_BOUND('',#3401,.T.);
#3594=FACE_BOUND('',#3402,.T.);
#3595=FACE_BOUND('',#3403,.T.);
#3596=FACE_BOUND('',#3404,.T.);
#3597=FACE_BOUND('',#3405,.T.);
#3598=FACE_BOUND('',#3406,.T.);
#3599=FACE_BOUND('',#3407,.T.);
#3600=FACE_BOUND('',#3408,.T.);
#3601=FACE_BOUND('',#3409,.T.);
#3602=FACE_BOUND('',#3410,.T.);
#3603=FACE_BOUND('',#3411,.T.);
#3604=FACE_BOUND('',#3412,.T.);
#3605=FACE_BOUND('',#3413,.T.);
#3606=FACE_BOUND('',#3414,.T.);
#3607=FACE_BOUND('',#3415,.T.);
#3608=FACE_BOUND('',#3416,.T.);
#3609=FACE_BOUND('',#3417,.T.);
#3610=FACE_BOUND('',#3418,.T.);
#3611=FACE_BOUND('',#3419,.T.);
#3612=FACE_BOUND('',#3420,.T.);
#3613=FACE_BOUND('',#3421,.T.);
#3614=FACE_BOUND('',#3422,.T.);
#3615=FACE_BOUND('',#3423,.T.);
#3616=FACE_BOUND('',#3424,.T.);
#3617=FACE_BOUND('',#3425,.T.);
#3618=FACE_BOUND('',#3426,.T.);
#3619=FACE_BOUND('',#3427,.T.);
#3620=FACE_BOUND('',#3428,.T.);
#3621=FACE_BOUND('',#3429,.T.);
#3622=FACE_BOUND('',#3430,.T.);
#3623=FACE_BOUND('',#3431,.T.);
#3624=FACE_BOUND('',#3432,.T.);
#3625=FACE_BOUND('',#3433,.T.);
#3626=FACE_BOUND('',#3434,.T.);
#3627=FACE_BOUND('',#3435,.T.);
#3628=FACE_BOUND('',#3436,.T.);
#3629=FACE_BOUND('',#3437,.T.);
#3630=FACE_BOUND('',#3438,.T.);
#3631=FACE_BOUND('',#3439,.T.);
#3632=FACE_BOUND('',#3440,.T.);
#3633=FACE_BOUND('',#3441,.T.);
#3634=FACE_BOUND('',#3442,.T.);
#3635=FACE_BOUND('',#3443,.T.);
#3636=FACE_BOUND('',#3444,.T.);
#3637=FACE_BOUND('',#3445,.T.);
#3638=FACE_BOUND('',#3446,.T.);
#3639=FACE_BOUND('',#3447,.T.);
#3640=FACE_BOUND('',#3448,.T.);
#3641=FACE_BOUND('',#3449,.T.);
#3642=FACE_BOUND('',#3450,.T.);
#3643=FACE_BOUND('',#3451,.T.);
#3644=FACE_BOUND('',#3452,.T.);
#3645=FACE_BOUND('',#3453,.T.);
#3646=FACE_BOUND('',#3454,.T.);
#3647=FACE_BOUND('',#3455,.T.);
#3648=FACE_BOUND('',#3456,.T.);
#3649=FACE_BOUND('',#3457,.T.);
#3650=FACE_BOUND('',#3458,.T.);
#3651=FACE_BOUND('',#3459,.T.);
#3652=FACE_BOUND('',#3460,.T.);
#3653=FACE_BOUND('',#3461,.T.);
#3654=FACE_BOUND('',#3462,.T.);
#3655=FACE_BOUND('',#3463,.T.);
#3656=FACE_BOUND('',#3464,.T.);
#3657=FACE_BOUND('',#3465,.T.);
#3658=FACE_BOUND('',#3466,.T.);
#3659=FACE_BOUND('',#3467,.T.);
#3660=FACE_BOUND('',#3468,.T.);
#3661=FACE_BOUND('',#3469,.T.);
#3662=FACE_BOUND('',#3470,.T.);
#3663=FACE_BOUND('',#3471,.T.);
#3664=FACE_BOUND('',#3472,.T.);
#3665=FACE_BOUND('',#3473,.T.);
#3666=FACE_BOUND('',#3474,.T.);
#3667=FACE_BOUND('',#3475,.T.);
#3668=FACE_BOUND('',#3476,.T.);
#3669=FACE_BOUND('',#3477,.T.);
#3670=FACE_BOUND('',#3478,.T.);
#3671=FACE_BOUND('',#3479,.T.);
#3672=FACE_BOUND('',#3480,.T.);
#3673=FACE_BOUND('',#3481,.T.);
#3674=FACE_BOUND('',#3482,.T.);
#3675=FACE_BOUND('',#3483,.T.);
#3676=FACE_BOUND('',#3484,.T.);
#3677=FACE_BOUND('',#3485,.T.);
#3678=FACE_BOUND('',#3486,.T.);
#3679=FACE_BOUND('',#3487,.T.);
#3680=FACE_BOUND('',#3488,.T.);
#3681=FACE_BOUND('',#3489,.T.);
#3682=FACE_BOUND('',#3490,.T.);
#3683=FACE_BOUND('',#3491,.T.);
#3684=FACE_BOUND('',#3492,.T.);
#3685=FACE_BOUND('',#3493,.T.);
#3686=FACE_BOUND('',#3494,.T.);
#3687=FACE_BOUND('',#3495,.T.);
#3688=FACE_BOUND('',#3496,.T.);
#3689=FACE_BOUND('',#3497,.T.);
#3690=FACE_BOUND('',#3498,.T.);
#3691=FACE_BOUND('',#3499,.T.);
#3692=FACE_BOUND('',#3500,.T.);
#3693=FACE_BOUND('',#3501,.T.);
#3694=FACE_BOUND('',#3502,.T.);
#3695=FACE_BOUND('',#3503,.T.);
#3696=FACE_BOUND('',#3504,.T.);
#3697=FACE_BOUND('',#3505,.T.);
#3698=FACE_BOUND('',#3506,.T.);
#3699=FACE_BOUND('',#3507,.T.);
#3700=FACE_BOUND('',#3508,.T.);
#3701=FACE_BOUND('',#3509,.T.);
#3702=FACE_BOUND('',#3510,.T.);
#3703=FACE_BOUND('',#3511,.T.);
#3704=FACE_BOUND('',#3512,.T.);
#3705=FACE_BOUND('',#3513,.T.);
#3706=FACE_BOUND('',#3514,.T.);
#3707=FACE_BOUND('',#3515,.T.);
#3708=FACE_BOUND('',#3516,.T.);
#3709=FACE_BOUND('',#3517,.T.);
#3710=FACE_BOUND('',#3518,.T.);
#3711=FACE_BOUND('',#3519,.T.);
#3712=FACE_BOUND('',#3520,.T.);
#3713=FACE_BOUND('',#3521,.T.);
#3714=FACE_BOUND('',#3522,.T.);
#3715=FACE_BOUND('',#3523,.T.);
#3716=FACE_BOUND('',#3524,.T.);
#3717=FACE_BOUND('',#3525,.T.);
#3718=FACE_BOUND('',#3526,.T.);
#3719=FACE_BOUND('',#3527,.T.);
#3720=FACE_BOUND('',#3528,.T.);
#3721=FACE_BOUND('',#3529,.T.);
#3722=FACE_BOUND('',#3530,.T.);
#3723=FACE_BOUND('',#3531,.T.);
#3724=FACE_BOUND('',#3532,.T.);
#3725=FACE_BOUND('',#3533,.T.);
#3726=FACE_BOUND('',#3534,.T.);
#3727=FACE_BOUND('',#3535,.T.);
#3728=FACE_BOUND('',#3536,.T.);
#3729=FACE_BOUND('',#3537,.T.);
#3730=FACE_BOUND('',#3538,.T.);
#3731=FACE_BOUND('',#3539,.T.);
#3732=FACE_BOUND('',#3540,.T.);
#3733=FACE_BOUND('',#3541,.T.);
#3734=FACE_BOUND('',#3542,.T.);
#3735=FACE_BOUND('',#3543,.T.);
#3736=FACE_BOUND('',#3544,.T.);
#3737=FACE_BOUND('',#3545,.T.);
#3738=FACE_BOUND('',#3546,.T.);
#3739=FACE_BOUND('',#3547,.T.);
#3740=FACE_BOUND('',#3548,.T.);
#3741=FACE_BOUND('',#3549,.T.);
#3742=FACE_BOUND('',#3550,.T.);
#3743=FACE_BOUND('',#3551,.T.);
#3744=FACE_BOUND('',#3552,.T.);
#3745=FACE_BOUND('',#3553,.T.);
#3746=FACE_BOUND('',#3554,.T.);
#3747=FACE_BOUND('',#3555,.T.);
#3748=FACE_BOUND('',#3556,.T.);
#3749=FACE_BOUND('',#3557,.T.);
#3750=FACE_BOUND('',#3558,.T.);
#3751=FACE_BOUND('',#3559,.T.);
#3752=FACE_BOUND('',#3560,.T.);
#3753=FACE_BOUND('',#3561,.T.);
#3754=FACE_BOUND('',#3562,.T.);
#3755=FACE_BOUND('',#3563,.T.);
#3756=FACE_BOUND('',#3564,.T.);
#3757=FACE_BOUND('',#3565,.T.);
#3758=FACE_BOUND('',#3566,.T.);
#3759=FACE_BOUND('',#3567,.T.);
#3760=FACE_BOUND('',#3568,.T.);
#3761=FACE_BOUND('',#3569,.T.);
#3762=FACE_BOUND('',#3570,.T.);
#3763=FACE_BOUND('',#3571,.T.);
#3764=FACE_BOUND('',#3572,.T.);
#3765=FACE_BOUND('',#3573,.T.);
#3766=FACE_BOUND('',#3574,.T.);
#3767=FACE_BOUND('',#3575,.T.);
#3768=FACE_BOUND('',#3576,.T.);
#3769=FACE_BOUND('',#3577,.T.);
#3770=FACE_BOUND('',#3578,.T.);
#3771=FACE_BOUND('',#3579,.T.);
#3772=FACE_BOUND('',#3580,.T.);
#3773=FACE_BOUND('',#3581,.T.);
#3774=FACE_BOUND('',#3582,.T.);
#3775=PLANE('',#4162);
#3776=PLANE('',#4253);
#3777=PLANE('',#4256);
#3778=PLANE('',#4258);
#3779=PLANE('',#4260);
#3780=PLANE('',#4262);
#3781=PLANE('',#4263);
#3782=PLANE('',#4264);
#3783=PLANE('',#4265);
#3784=PLANE('',#4266);
#3785=PLANE('',#4267);
#3786=PLANE('',#4268);
#3787=PLANE('',#4269);
#3788=PLANE('',#4270);
#3789=PLANE('',#4271);
#3790=PLANE('',#4272);
#3791=PLANE('',#4273);
#3792=PLANE('',#4274);
#3793=PLANE('',#4275);
#3794=PLANE('',#4276);
#3795=PLANE('',#4277);
#3796=PLANE('',#4278);
#3797=PLANE('',#4279);
#3798=PLANE('',#4280);
#3799=PLANE('',#4281);
#3800=PLANE('',#4282);
#3801=PLANE('',#4283);
#3802=PLANE('',#4284);
#3803=PLANE('',#4285);
#3804=PLANE('',#4286);
#3805=PLANE('',#4287);
#3806=PLANE('',#4288);
#3807=PLANE('',#4289);
#3808=PLANE('',#4290);
#3809=PLANE('',#4291);
#3810=PLANE('',#4292);
#3811=PLANE('',#4293);
#3812=PLANE('',#4294);
#3813=PLANE('',#4295);
#3814=PLANE('',#4296);
#3815=PLANE('',#4297);
#3816=PLANE('',#4298);
#3817=PLANE('',#4299);
#3818=PLANE('',#4300);
#3819=PLANE('',#4301);
#3820=PLANE('',#4302);
#3821=PLANE('',#4303);
#3822=PLANE('',#4304);
#3823=PLANE('',#4305);
#3824=PLANE('',#4306);
#3825=PLANE('',#4307);
#3826=PLANE('',#4308);
#3827=PLANE('',#4309);
#3828=PLANE('',#4310);
#3829=PLANE('',#4311);
#3830=PLANE('',#4312);
#3831=PLANE('',#4313);
#3832=PLANE('',#4314);
#3833=PLANE('',#4315);
#3834=PLANE('',#4316);
#3835=PLANE('',#4317);
#3836=PLANE('',#4318);
#3837=PLANE('',#4319);
#3838=PLANE('',#4320);
#3839=PLANE('',#4321);
#3840=PLANE('',#4322);
#3841=PLANE('',#4323);
#3842=PLANE('',#4324);
#3843=PLANE('',#4325);
#3844=PLANE('',#4326);
#3845=PLANE('',#4327);
#3846=PLANE('',#4328);
#3847=PLANE('',#4329);
#3848=PLANE('',#4330);
#3849=PLANE('',#4331);
#3850=PLANE('',#4332);
#3851=PLANE('',#4333);
#3852=PLANE('',#4334);
#3853=PLANE('',#4335);
#3854=PLANE('',#4336);
#3855=PLANE('',#4337);
#3856=PLANE('',#4338);
#3857=PLANE('',#4339);
#3858=PLANE('',#4340);
#3859=PLANE('',#4341);
#3860=PLANE('',#4342);
#3861=PLANE('',#4343);
#3862=PLANE('',#4344);
#3863=PLANE('',#4345);
#3864=PLANE('',#4346);
#3865=PLANE('',#4347);
#3866=PLANE('',#4348);
#3867=PLANE('',#4349);
#3868=PLANE('',#4350);
#3869=PLANE('',#4351);
#3870=PLANE('',#4352);
#3871=PLANE('',#4353);
#3872=PLANE('',#4354);
#3873=PLANE('',#4355);
#3874=PLANE('',#4356);
#3875=PLANE('',#4357);
#3876=PLANE('',#4358);
#3877=PLANE('',#4359);
#3878=PLANE('',#4360);
#3879=PLANE('',#4361);
#3880=PLANE('',#4362);
#3881=PLANE('',#4363);
#3882=PLANE('',#4364);
#3883=PLANE('',#4365);
#3884=PLANE('',#4366);
#3885=PLANE('',#4367);
#3886=PLANE('',#4368);
#3887=PLANE('',#4369);
#3888=PLANE('',#4370);
#3889=PLANE('',#4371);
#3890=PLANE('',#4372);
#3891=PLANE('',#4373);
#3892=PLANE('',#4374);
#3893=PLANE('',#4375);
#3894=PLANE('',#4376);
#3895=PLANE('',#4377);
#3896=PLANE('',#4378);
#3897=PLANE('',#4379);
#3898=PLANE('',#4380);
#3899=PLANE('',#4381);
#3900=PLANE('',#4382);
#3901=PLANE('',#4383);
#3902=PLANE('',#4384);
#3903=PLANE('',#4385);
#3904=PLANE('',#4386);
#3905=PLANE('',#4387);
#3906=PLANE('',#4388);
#3907=PLANE('',#4389);
#3908=PLANE('',#4390);
#3909=PLANE('',#4391);
#3910=PLANE('',#4392);
#3911=PLANE('',#4393);
#3912=PLANE('',#4394);
#3913=PLANE('',#4395);
#3914=PLANE('',#4396);
#3915=PLANE('',#4397);
#3916=PLANE('',#4398);
#3917=PLANE('',#4399);
#3918=PLANE('',#4400);
#3919=PLANE('',#4401);
#3920=PLANE('',#4402);
#3921=PLANE('',#4403);
#3922=PLANE('',#4404);
#3923=PLANE('',#4405);
#3924=PLANE('',#4406);
#3925=PLANE('',#4407);
#3926=PLANE('',#4408);
#3927=PLANE('',#4409);
#3928=PLANE('',#4410);
#3929=PLANE('',#4411);
#3930=PLANE('',#4412);
#3931=PLANE('',#4413);
#3932=PLANE('',#4414);
#3933=PLANE('',#4415);
#3934=PLANE('',#4416);
#3935=PLANE('',#4417);
#3936=PLANE('',#4418);
#3937=PLANE('',#4419);
#3938=PLANE('',#4420);
#3939=PLANE('',#4421);
#3940=PLANE('',#4422);
#3941=PLANE('',#4423);
#3942=PLANE('',#4424);
#3943=PLANE('',#4425);
#3944=PLANE('',#4426);
#3945=PLANE('',#4427);
#3946=PLANE('',#4428);
#3947=PLANE('',#4429);
#3948=PLANE('',#4430);
#3949=PLANE('',#4431);
#3950=PLANE('',#4432);
#3951=PLANE('',#4433);
#3952=PLANE('',#4434);
#3953=PLANE('',#4435);
#3954=PLANE('',#4436);
#3955=PLANE('',#4437);
#3956=PLANE('',#4438);
#3957=PLANE('',#4439);
#3958=PLANE('',#4440);
#3959=PLANE('',#4441);
#3960=PLANE('',#4442);
#3961=ADVANCED_FACE('',(#3583),#3775,.T.);
#3962=ADVANCED_FACE('',(#3584,#3585),#3776,.F.);
#3963=ADVANCED_FACE('',(#3586),#3777,.F.);
#3964=ADVANCED_FACE('',(#3587),#3778,.F.);
#3965=ADVANCED_FACE('',(#3588),#3779,.T.);
#3966=ADVANCED_FACE('',(#3589,#3590),#194,.F.);
#3967=ADVANCED_FACE('',(#3591),#3780,.T.);
#3968=ADVANCED_FACE('',(#3592),#3781,.T.);
#3969=ADVANCED_FACE('',(#3593,#3594),#3782,.T.);
#3970=ADVANCED_FACE('',(#3595),#3783,.T.);
#3971=ADVANCED_FACE('',(#3596),#3784,.T.);
#3972=ADVANCED_FACE('',(#3597),#3785,.T.);
#3973=ADVANCED_FACE('',(#3598),#3786,.T.);
#3974=ADVANCED_FACE('',(#3599),#3787,.T.);
#3975=ADVANCED_FACE('',(#3600),#3788,.T.);
#3976=ADVANCED_FACE('',(#3601),#3789,.T.);
#3977=ADVANCED_FACE('',(#3602),#3790,.T.);
#3978=ADVANCED_FACE('',(#3603),#3791,.T.);
#3979=ADVANCED_FACE('',(#3604),#3792,.T.);
#3980=ADVANCED_FACE('',(#3605),#3793,.T.);
#3981=ADVANCED_FACE('',(#3606),#3794,.T.);
#3982=ADVANCED_FACE('',(#3607),#3795,.T.);
#3983=ADVANCED_FACE('',(#3608),#3796,.T.);
#3984=ADVANCED_FACE('',(#3609),#3797,.T.);
#3985=ADVANCED_FACE('',(#3610),#3798,.T.);
#3986=ADVANCED_FACE('',(#3611),#3799,.T.);
#3987=ADVANCED_FACE('',(#3612),#3800,.T.);
#3988=ADVANCED_FACE('',(#3613),#3801,.T.);
#3989=ADVANCED_FACE('',(#3614),#3802,.T.);
#3990=ADVANCED_FACE('',(#3615),#3803,.T.);
#3991=ADVANCED_FACE('',(#3616),#3804,.T.);
#3992=ADVANCED_FACE('',(#3617),#3805,.T.);
#3993=ADVANCED_FACE('',(#3618),#3806,.T.);
#3994=ADVANCED_FACE('',(#3619),#3807,.T.);
#3995=ADVANCED_FACE('',(#3620),#3808,.T.);
#3996=ADVANCED_FACE('',(#3621),#3809,.T.);
#3997=ADVANCED_FACE('',(#3622),#3810,.T.);
#3998=ADVANCED_FACE('',(#3623),#3811,.T.);
#3999=ADVANCED_FACE('',(#3624),#3812,.T.);
#4000=ADVANCED_FACE('',(#3625),#3813,.T.);
#4001=ADVANCED_FACE('',(#3626),#3814,.T.);
#4002=ADVANCED_FACE('',(#3627),#3815,.T.);
#4003=ADVANCED_FACE('',(#3628),#3816,.T.);
#4004=ADVANCED_FACE('',(#3629),#3817,.T.);
#4005=ADVANCED_FACE('',(#3630),#3818,.T.);
#4006=ADVANCED_FACE('',(#3631),#3819,.T.);
#4007=ADVANCED_FACE('',(#3632),#3820,.T.);
#4008=ADVANCED_FACE('',(#3633),#3821,.T.);
#4009=ADVANCED_FACE('',(#3634),#3822,.T.);
#4010=ADVANCED_FACE('',(#3635),#3823,.T.);
#4011=ADVANCED_FACE('',(#3636),#3824,.T.);
#4012=ADVANCED_FACE('',(#3637),#3825,.T.);
#4013=ADVANCED_FACE('',(#3638),#3826,.T.);
#4014=ADVANCED_FACE('',(#3639),#3827,.T.);
#4015=ADVANCED_FACE('',(#3640),#3828,.T.);
#4016=ADVANCED_FACE('',(#3641),#3829,.T.);
#4017=ADVANCED_FACE('',(#3642),#3830,.T.);
#4018=ADVANCED_FACE('',(#3643),#3831,.T.);
#4019=ADVANCED_FACE('',(#3644),#3832,.T.);
#4020=ADVANCED_FACE('',(#3645),#3833,.T.);
#4021=ADVANCED_FACE('',(#3646),#3834,.T.);
#4022=ADVANCED_FACE('',(#3647),#3835,.T.);
#4023=ADVANCED_FACE('',(#3648),#3836,.T.);
#4024=ADVANCED_FACE('',(#3649),#3837,.T.);
#4025=ADVANCED_FACE('',(#3650),#3838,.T.);
#4026=ADVANCED_FACE('',(#3651),#3839,.T.);
#4027=ADVANCED_FACE('',(#3652),#3840,.T.);
#4028=ADVANCED_FACE('',(#3653),#3841,.T.);
#4029=ADVANCED_FACE('',(#3654),#3842,.T.);
#4030=ADVANCED_FACE('',(#3655),#3843,.T.);
#4031=ADVANCED_FACE('',(#3656),#3844,.T.);
#4032=ADVANCED_FACE('',(#3657),#3845,.T.);
#4033=ADVANCED_FACE('',(#3658),#3846,.T.);
#4034=ADVANCED_FACE('',(#3659),#3847,.T.);
#4035=ADVANCED_FACE('',(#3660),#3848,.T.);
#4036=ADVANCED_FACE('',(#3661),#3849,.T.);
#4037=ADVANCED_FACE('',(#3662),#3850,.T.);
#4038=ADVANCED_FACE('',(#3663),#3851,.T.);
#4039=ADVANCED_FACE('',(#3664),#3852,.T.);
#4040=ADVANCED_FACE('',(#3665),#3853,.T.);
#4041=ADVANCED_FACE('',(#3666),#3854,.T.);
#4042=ADVANCED_FACE('',(#3667),#3855,.T.);
#4043=ADVANCED_FACE('',(#3668),#3856,.T.);
#4044=ADVANCED_FACE('',(#3669),#3857,.T.);
#4045=ADVANCED_FACE('',(#3670),#3858,.T.);
#4046=ADVANCED_FACE('',(#3671),#3859,.T.);
#4047=ADVANCED_FACE('',(#3672),#3860,.T.);
#4048=ADVANCED_FACE('',(#3673),#3861,.T.);
#4049=ADVANCED_FACE('',(#3674),#3862,.T.);
#4050=ADVANCED_FACE('',(#3675),#3863,.T.);
#4051=ADVANCED_FACE('',(#3676),#3864,.T.);
#4052=ADVANCED_FACE('',(#3677),#3865,.T.);
#4053=ADVANCED_FACE('',(#3678),#3866,.T.);
#4054=ADVANCED_FACE('',(#3679),#3867,.T.);
#4055=ADVANCED_FACE('',(#3680),#3868,.T.);
#4056=ADVANCED_FACE('',(#3681),#3869,.T.);
#4057=ADVANCED_FACE('',(#3682),#3870,.T.);
#4058=ADVANCED_FACE('',(#3683),#3871,.T.);
#4059=ADVANCED_FACE('',(#3684),#3872,.T.);
#4060=ADVANCED_FACE('',(#3685),#3873,.T.);
#4061=ADVANCED_FACE('',(#3686),#3874,.T.);
#4062=ADVANCED_FACE('',(#3687),#3875,.T.);
#4063=ADVANCED_FACE('',(#3688),#3876,.T.);
#4064=ADVANCED_FACE('',(#3689),#3877,.T.);
#4065=ADVANCED_FACE('',(#3690),#3878,.T.);
#4066=ADVANCED_FACE('',(#3691),#3879,.T.);
#4067=ADVANCED_FACE('',(#3692),#3880,.T.);
#4068=ADVANCED_FACE('',(#3693),#3881,.T.);
#4069=ADVANCED_FACE('',(#3694),#3882,.T.);
#4070=ADVANCED_FACE('',(#3695),#3883,.T.);
#4071=ADVANCED_FACE('',(#3696),#3884,.T.);
#4072=ADVANCED_FACE('',(#3697),#3885,.T.);
#4073=ADVANCED_FACE('',(#3698),#3886,.T.);
#4074=ADVANCED_FACE('',(#3699),#3887,.T.);
#4075=ADVANCED_FACE('',(#3700),#3888,.T.);
#4076=ADVANCED_FACE('',(#3701),#3889,.T.);
#4077=ADVANCED_FACE('',(#3702),#3890,.T.);
#4078=ADVANCED_FACE('',(#3703),#3891,.T.);
#4079=ADVANCED_FACE('',(#3704),#3892,.T.);
#4080=ADVANCED_FACE('',(#3705),#3893,.T.);
#4081=ADVANCED_FACE('',(#3706),#3894,.T.);
#4082=ADVANCED_FACE('',(#3707),#3895,.T.);
#4083=ADVANCED_FACE('',(#3708),#3896,.T.);
#4084=ADVANCED_FACE('',(#3709),#3897,.T.);
#4085=ADVANCED_FACE('',(#3710),#3898,.T.);
#4086=ADVANCED_FACE('',(#3711),#3899,.T.);
#4087=ADVANCED_FACE('',(#3712),#3900,.T.);
#4088=ADVANCED_FACE('',(#3713),#3901,.T.);
#4089=ADVANCED_FACE('',(#3714),#3902,.T.);
#4090=ADVANCED_FACE('',(#3715),#3903,.T.);
#4091=ADVANCED_FACE('',(#3716),#3904,.T.);
#4092=ADVANCED_FACE('',(#3717),#3905,.T.);
#4093=ADVANCED_FACE('',(#3718),#3906,.T.);
#4094=ADVANCED_FACE('',(#3719),#3907,.T.);
#4095=ADVANCED_FACE('',(#3720),#3908,.T.);
#4096=ADVANCED_FACE('',(#3721),#3909,.T.);
#4097=ADVANCED_FACE('',(#3722),#3910,.T.);
#4098=ADVANCED_FACE('',(#3723),#3911,.T.);
#4099=ADVANCED_FACE('',(#3724),#3912,.T.);
#4100=ADVANCED_FACE('',(#3725),#3913,.T.);
#4101=ADVANCED_FACE('',(#3726),#3914,.T.);
#4102=ADVANCED_FACE('',(#3727),#3915,.T.);
#4103=ADVANCED_FACE('',(#3728),#3916,.T.);
#4104=ADVANCED_FACE('',(#3729),#3917,.T.);
#4105=ADVANCED_FACE('',(#3730),#3918,.T.);
#4106=ADVANCED_FACE('',(#3731),#3919,.T.);
#4107=ADVANCED_FACE('',(#3732),#3920,.T.);
#4108=ADVANCED_FACE('',(#3733),#3921,.T.);
#4109=ADVANCED_FACE('',(#3734),#3922,.T.);
#4110=ADVANCED_FACE('',(#3735),#3923,.T.);
#4111=ADVANCED_FACE('',(#3736),#3924,.T.);
#4112=ADVANCED_FACE('',(#3737),#3925,.T.);
#4113=ADVANCED_FACE('',(#3738),#3926,.T.);
#4114=ADVANCED_FACE('',(#3739),#3927,.T.);
#4115=ADVANCED_FACE('',(#3740),#3928,.T.);
#4116=ADVANCED_FACE('',(#3741),#3929,.T.);
#4117=ADVANCED_FACE('',(#3742),#3930,.T.);
#4118=ADVANCED_FACE('',(#3743),#3931,.T.);
#4119=ADVANCED_FACE('',(#3744),#3932,.T.);
#4120=ADVANCED_FACE('',(#3745),#3933,.T.);
#4121=ADVANCED_FACE('',(#3746),#3934,.T.);
#4122=ADVANCED_FACE('',(#3747),#3935,.T.);
#4123=ADVANCED_FACE('',(#3748),#3936,.T.);
#4124=ADVANCED_FACE('',(#3749),#3937,.T.);
#4125=ADVANCED_FACE('',(#3750),#3938,.T.);
#4126=ADVANCED_FACE('',(#3751),#3939,.T.);
#4127=ADVANCED_FACE('',(#3752),#3940,.T.);
#4128=ADVANCED_FACE('',(#3753),#3941,.T.);
#4129=ADVANCED_FACE('',(#3754),#3942,.T.);
#4130=ADVANCED_FACE('',(#3755),#3943,.T.);
#4131=ADVANCED_FACE('',(#3756),#3944,.T.);
#4132=ADVANCED_FACE('',(#3757),#3945,.T.);
#4133=ADVANCED_FACE('',(#3758),#3946,.T.);
#4134=ADVANCED_FACE('',(#3759),#3947,.T.);
#4135=ADVANCED_FACE('',(#3760),#3948,.T.);
#4136=ADVANCED_FACE('',(#3761),#3949,.T.);
#4137=ADVANCED_FACE('',(#3762),#3950,.T.);
#4138=ADVANCED_FACE('',(#3763),#3951,.T.);
#4139=ADVANCED_FACE('',(#3764),#3952,.T.);
#4140=ADVANCED_FACE('',(#3765),#3953,.T.);
#4141=ADVANCED_FACE('',(#3766),#3954,.T.);
#4142=ADVANCED_FACE('',(#3767),#3955,.T.);
#4143=ADVANCED_FACE('',(#3768),#3956,.T.);
#4144=ADVANCED_FACE('',(#3769),#3957,.T.);
#4145=ADVANCED_FACE('',(#3770),#3958,.T.);
#4146=ADVANCED_FACE('',(#3771),#3959,.T.);
#4147=ADVANCED_FACE('',(#3772),#3960,.T.);
#4148=ADVANCED_FACE('',(#3773,#3774),#12,.F.);
#4149=CLOSED_SHELL('',(#3961,#3962,#3963,#3964,#3965,#3966,#3967,#3968,
#3969,#3970,#3971,#3972,#3973,#3974,#3975,#3976,#3977,#3978,#3979,#3980,
#3981,#3982,#3983,#3984,#3985,#3986,#3987,#3988,#3989,#3990,#3991,#3992,
#3993,#3994,#3995,#3996,#3997,#3998,#3999,#4000,#4001,#4002,#4003,#4004,
#4005,#4006,#4007,#4008,#4009,#4010,#4011,#4012,#4013,#4014,#4015,#4016,
#4017,#4018,#4019,#4020,#4021,#4022,#4023,#4024,#4025,#4026,#4027,#4028,
#4029,#4030,#4031,#4032,#4033,#4034,#4035,#4036,#4037,#4038,#4039,#4040,
#4041,#4042,#4043,#4044,#4045,#4046,#4047,#4048,#4049,#4050,#4051,#4052,
#4053,#4054,#4055,#4056,#4057,#4058,#4059,#4060,#4061,#4062,#4063,#4064,
#4065,#4066,#4067,#4068,#4069,#4070,#4071,#4072,#4073,#4074,#4075,#4076,
#4077,#4078,#4079,#4080,#4081,#4082,#4083,#4084,#4085,#4086,#4087,#4088,
#4089,#4090,#4091,#4092,#4093,#4094,#4095,#4096,#4097,#4098,#4099,#4100,
#4101,#4102,#4103,#4104,#4105,#4106,#4107,#4108,#4109,#4110,#4111,#4112,
#4113,#4114,#4115,#4116,#4117,#4118,#4119,#4120,#4121,#4122,#4123,#4124,
#4125,#4126,#4127,#4128,#4129,#4130,#4131,#4132,#4133,#4134,#4135,#4136,
#4137,#4138,#4139,#4140,#4141,#4142,#4143,#4144,#4145,#4146,#4147,#4148));
#4150=STYLED_ITEM('',(#4151),#4158);
#4151=PRESENTATION_STYLE_ASSIGNMENT((#4152));
#4152=SURFACE_STYLE_USAGE(.BOTH.,#4153);
#4153=SURFACE_SIDE_STYLE('',(#4154));
#4154=SURFACE_STYLE_FILL_AREA(#4155);
#4155=FILL_AREA_STYLE('',(#4156));
#4156=FILL_AREA_STYLE_COLOUR('',#4157);
#4157=COLOUR_RGB('',0.615686274509804,0.811764705882353,0.929411764705882);
#4158=MANIFOLD_SOLID_BREP('Encoder Knob',#4149);
#4159=SHAPE_DEFINITION_REPRESENTATION(#7208,#4160);
#4160=SHAPE_REPRESENTATION('Encoder Knob',(#4161),#7203);
#4161=AXIS2_PLACEMENT_3D('',#5374,#4444,#4445);
#4162=AXIS2_PLACEMENT_3D('',#5375,#4446,#4447);
#4163=AXIS2_PLACEMENT_3D('',#5376,#4448,#4449);
#4164=AXIS2_PLACEMENT_3D('',#5379,#4450,#4451);
#4165=AXIS2_PLACEMENT_3D('',#5381,#4452,#4453);
#4166=AXIS2_PLACEMENT_3D('',#5383,#4454,#4455);
#4167=AXIS2_PLACEMENT_3D('',#5385,#4456,#4457);
#4168=AXIS2_PLACEMENT_3D('',#5387,#4458,#4459);
#4169=AXIS2_PLACEMENT_3D('',#5389,#4460,#4461);
#4170=AXIS2_PLACEMENT_3D('',#5391,#4462,#4463);
#4171=AXIS2_PLACEMENT_3D('',#5393,#4464,#4465);
#4172=AXIS2_PLACEMENT_3D('',#5395,#4466,#4467);
#4173=AXIS2_PLACEMENT_3D('',#5397,#4468,#4469);
#4174=AXIS2_PLACEMENT_3D('',#5399,#4470,#4471);
#4175=AXIS2_PLACEMENT_3D('',#5401,#4472,#4473);
#4176=AXIS2_PLACEMENT_3D('',#5403,#4474,#4475);
#4177=AXIS2_PLACEMENT_3D('',#5405,#4476,#4477);
#4178=AXIS2_PLACEMENT_3D('',#5407,#4478,#4479);
#4179=AXIS2_PLACEMENT_3D('',#5409,#4480,#4481);
#4180=AXIS2_PLACEMENT_3D('',#5411,#4482,#4483);
#4181=AXIS2_PLACEMENT_3D('',#5413,#4484,#4485);
#4182=AXIS2_PLACEMENT_3D('',#5415,#4486,#4487);
#4183=AXIS2_PLACEMENT_3D('',#5417,#4488,#4489);
#4184=AXIS2_PLACEMENT_3D('',#5419,#4490,#4491);
#4185=AXIS2_PLACEMENT_3D('',#5421,#4492,#4493);
#4186=AXIS2_PLACEMENT_3D('',#5423,#4494,#4495);
#4187=AXIS2_PLACEMENT_3D('',#5425,#4496,#4497);
#4188=AXIS2_PLACEMENT_3D('',#5427,#4498,#4499);
#4189=AXIS2_PLACEMENT_3D('',#5429,#4500,#4501);
#4190=AXIS2_PLACEMENT_3D('',#5431,#4502,#4503);
#4191=AXIS2_PLACEMENT_3D('',#5433,#4504,#4505);
#4192=AXIS2_PLACEMENT_3D('',#5435,#4506,#4507);
#4193=AXIS2_PLACEMENT_3D('',#5437,#4508,#4509);
#4194=AXIS2_PLACEMENT_3D('',#5439,#4510,#4511);
#4195=AXIS2_PLACEMENT_3D('',#5441,#4512,#4513);
#4196=AXIS2_PLACEMENT_3D('',#5443,#4514,#4515);
#4197=AXIS2_PLACEMENT_3D('',#5445,#4516,#4517);
#4198=AXIS2_PLACEMENT_3D('',#5447,#4518,#4519);
#4199=AXIS2_PLACEMENT_3D('',#5449,#4520,#4521);
#4200=AXIS2_PLACEMENT_3D('',#5451,#4522,#4523);
#4201=AXIS2_PLACEMENT_3D('',#5453,#4524,#4525);
#4202=AXIS2_PLACEMENT_3D('',#5455,#4526,#4527);
#4203=AXIS2_PLACEMENT_3D('',#5457,#4528,#4529);
#4204=AXIS2_PLACEMENT_3D('',#5459,#4530,#4531);
#4205=AXIS2_PLACEMENT_3D('',#5461,#4532,#4533);
#4206=AXIS2_PLACEMENT_3D('',#5463,#4534,#4535);
#4207=AXIS2_PLACEMENT_3D('',#5465,#4536,#4537);
#4208=AXIS2_PLACEMENT_3D('',#5467,#4538,#4539);
#4209=AXIS2_PLACEMENT_3D('',#5469,#4540,#4541);
#4210=AXIS2_PLACEMENT_3D('',#5471,#4542,#4543);
#4211=AXIS2_PLACEMENT_3D('',#5473,#4544,#4545);
#4212=AXIS2_PLACEMENT_3D('',#5475,#4546,#4547);
#4213=AXIS2_PLACEMENT_3D('',#5477,#4548,#4549);
#4214=AXIS2_PLACEMENT_3D('',#5479,#4550,#4551);
#4215=AXIS2_PLACEMENT_3D('',#5481,#4552,#4553);
#4216=AXIS2_PLACEMENT_3D('',#5483,#4554,#4555);
#4217=AXIS2_PLACEMENT_3D('',#5485,#4556,#4557);
#4218=AXIS2_PLACEMENT_3D('',#5487,#4558,#4559);
#4219=AXIS2_PLACEMENT_3D('',#5489,#4560,#4561);
#4220=AXIS2_PLACEMENT_3D('',#5491,#4562,#4563);
#4221=AXIS2_PLACEMENT_3D('',#5493,#4564,#4565);
#4222=AXIS2_PLACEMENT_3D('',#5495,#4566,#4567);
#4223=AXIS2_PLACEMENT_3D('',#5497,#4568,#4569);
#4224=AXIS2_PLACEMENT_3D('',#5499,#4570,#4571);
#4225=AXIS2_PLACEMENT_3D('',#5501,#4572,#4573);
#4226=AXIS2_PLACEMENT_3D('',#5503,#4574,#4575);
#4227=AXIS2_PLACEMENT_3D('',#5505,#4576,#4577);
#4228=AXIS2_PLACEMENT_3D('',#5507,#4578,#4579);
#4229=AXIS2_PLACEMENT_3D('',#5509,#4580,#4581);
#4230=AXIS2_PLACEMENT_3D('',#5511,#4582,#4583);
#4231=AXIS2_PLACEMENT_3D('',#5513,#4584,#4585);
#4232=AXIS2_PLACEMENT_3D('',#5515,#4586,#4587);
#4233=AXIS2_PLACEMENT_3D('',#5517,#4588,#4589);
#4234=AXIS2_PLACEMENT_3D('',#5519,#4590,#4591);
#4235=AXIS2_PLACEMENT_3D('',#5521,#4592,#4593);
#4236=AXIS2_PLACEMENT_3D('',#5523,#4594,#4595);
#4237=AXIS2_PLACEMENT_3D('',#5525,#4596,#4597);
#4238=AXIS2_PLACEMENT_3D('',#5527,#4598,#4599);
#4239=AXIS2_PLACEMENT_3D('',#5529,#4600,#4601);
#4240=AXIS2_PLACEMENT_3D('',#5531,#4602,#4603);
#4241=AXIS2_PLACEMENT_3D('',#5533,#4604,#4605);
#4242=AXIS2_PLACEMENT_3D('',#5535,#4606,#4607);
#4243=AXIS2_PLACEMENT_3D('',#5537,#4608,#4609);
#4244=AXIS2_PLACEMENT_3D('',#5539,#4610,#4611);
#4245=AXIS2_PLACEMENT_3D('',#5541,#4612,#4613);
#4246=AXIS2_PLACEMENT_3D('',#5543,#4614,#4615);
#4247=AXIS2_PLACEMENT_3D('',#5545,#4616,#4617);
#4248=AXIS2_PLACEMENT_3D('',#5547,#4618,#4619);
#4249=AXIS2_PLACEMENT_3D('',#5549,#4620,#4621);
#4250=AXIS2_PLACEMENT_3D('',#5551,#4622,#4623);
#4251=AXIS2_PLACEMENT_3D('',#5553,#4624,#4625);
#4252=AXIS2_PLACEMENT_3D('',#5555,#4626,#4627);
#4253=AXIS2_PLACEMENT_3D('',#5556,#4628,#4629);
#4254=AXIS2_PLACEMENT_3D('',#5557,#4630,#4631);
#4255=AXIS2_PLACEMENT_3D('',#5559,#4632,#4633);
#4256=AXIS2_PLACEMENT_3D('',#5561,#4634,#4635);
#4257=AXIS2_PLACEMENT_3D('',#5565,#4637,#4638);
#4258=AXIS2_PLACEMENT_3D('',#5566,#4639,#4640);
#4259=AXIS2_PLACEMENT_3D('',#5567,#4641,#4642);
#4260=AXIS2_PLACEMENT_3D('',#5571,#4644,#4645);
#4261=AXIS2_PLACEMENT_3D('',#5574,#4648,#4649);
#4262=AXIS2_PLACEMENT_3D('',#5575,#4650,#4651);
#4263=AXIS2_PLACEMENT_3D('',#5587,#4655,#4656);
#4264=AXIS2_PLACEMENT_3D('',#5596,#4659,#4660);
#4265=AXIS2_PLACEMENT_3D('',#5952,#4839,#4840);
#4266=AXIS2_PLACEMENT_3D('',#5961,#4843,#4844);
#4267=AXIS2_PLACEMENT_3D('',#5966,#4845,#4846);
#4268=AXIS2_PLACEMENT_3D('',#5975,#4849,#4850);
#4269=AXIS2_PLACEMENT_3D('',#5980,#4851,#4852);
#4270=AXIS2_PLACEMENT_3D('',#5989,#4855,#4856);
#4271=AXIS2_PLACEMENT_3D('',#5994,#4857,#4858);
#4272=AXIS2_PLACEMENT_3D('',#6003,#4861,#4862);
#4273=AXIS2_PLACEMENT_3D('',#6008,#4863,#4864);
#4274=AXIS2_PLACEMENT_3D('',#6017,#4867,#4868);
#4275=AXIS2_PLACEMENT_3D('',#6022,#4869,#4870);
#4276=AXIS2_PLACEMENT_3D('',#6031,#4873,#4874);
#4277=AXIS2_PLACEMENT_3D('',#6036,#4875,#4876);
#4278=AXIS2_PLACEMENT_3D('',#6045,#4879,#4880);
#4279=AXIS2_PLACEMENT_3D('',#6050,#4881,#4882);
#4280=AXIS2_PLACEMENT_3D('',#6059,#4885,#4886);
#4281=AXIS2_PLACEMENT_3D('',#6064,#4887,#4888);
#4282=AXIS2_PLACEMENT_3D('',#6073,#4891,#4892);
#4283=AXIS2_PLACEMENT_3D('',#6078,#4893,#4894);
#4284=AXIS2_PLACEMENT_3D('',#6087,#4897,#4898);
#4285=AXIS2_PLACEMENT_3D('',#6092,#4899,#4900);
#4286=AXIS2_PLACEMENT_3D('',#6101,#4903,#4904);
#4287=AXIS2_PLACEMENT_3D('',#6106,#4905,#4906);
#4288=AXIS2_PLACEMENT_3D('',#6115,#4909,#4910);
#4289=AXIS2_PLACEMENT_3D('',#6120,#4911,#4912);
#4290=AXIS2_PLACEMENT_3D('',#6129,#4915,#4916);
#4291=AXIS2_PLACEMENT_3D('',#6134,#4917,#4918);
#4292=AXIS2_PLACEMENT_3D('',#6143,#4921,#4922);
#4293=AXIS2_PLACEMENT_3D('',#6148,#4923,#4924);
#4294=AXIS2_PLACEMENT_3D('',#6157,#4927,#4928);
#4295=AXIS2_PLACEMENT_3D('',#6162,#4929,#4930);
#4296=AXIS2_PLACEMENT_3D('',#6171,#4933,#4934);
#4297=AXIS2_PLACEMENT_3D('',#6176,#4935,#4936);
#4298=AXIS2_PLACEMENT_3D('',#6185,#4939,#4940);
#4299=AXIS2_PLACEMENT_3D('',#6190,#4941,#4942);
#4300=AXIS2_PLACEMENT_3D('',#6199,#4945,#4946);
#4301=AXIS2_PLACEMENT_3D('',#6204,#4947,#4948);
#4302=AXIS2_PLACEMENT_3D('',#6213,#4951,#4952);
#4303=AXIS2_PLACEMENT_3D('',#6218,#4953,#4954);
#4304=AXIS2_PLACEMENT_3D('',#6227,#4957,#4958);
#4305=AXIS2_PLACEMENT_3D('',#6232,#4959,#4960);
#4306=AXIS2_PLACEMENT_3D('',#6241,#4963,#4964);
#4307=AXIS2_PLACEMENT_3D('',#6246,#4965,#4966);
#4308=AXIS2_PLACEMENT_3D('',#6255,#4969,#4970);
#4309=AXIS2_PLACEMENT_3D('',#6260,#4971,#4972);
#4310=AXIS2_PLACEMENT_3D('',#6269,#4975,#4976);
#4311=AXIS2_PLACEMENT_3D('',#6274,#4977,#4978);
#4312=AXIS2_PLACEMENT_3D('',#6283,#4981,#4982);
#4313=AXIS2_PLACEMENT_3D('',#6288,#4983,#4984);
#4314=AXIS2_PLACEMENT_3D('',#6297,#4987,#4988);
#4315=AXIS2_PLACEMENT_3D('',#6302,#4989,#4990);
#4316=AXIS2_PLACEMENT_3D('',#6311,#4993,#4994);
#4317=AXIS2_PLACEMENT_3D('',#6316,#4995,#4996);
#4318=AXIS2_PLACEMENT_3D('',#6325,#4999,#5000);
#4319=AXIS2_PLACEMENT_3D('',#6330,#5001,#5002);
#4320=AXIS2_PLACEMENT_3D('',#6339,#5005,#5006);
#4321=AXIS2_PLACEMENT_3D('',#6344,#5007,#5008);
#4322=AXIS2_PLACEMENT_3D('',#6353,#5011,#5012);
#4323=AXIS2_PLACEMENT_3D('',#6358,#5013,#5014);
#4324=AXIS2_PLACEMENT_3D('',#6367,#5017,#5018);
#4325=AXIS2_PLACEMENT_3D('',#6372,#5019,#5020);
#4326=AXIS2_PLACEMENT_3D('',#6381,#5023,#5024);
#4327=AXIS2_PLACEMENT_3D('',#6386,#5025,#5026);
#4328=AXIS2_PLACEMENT_3D('',#6395,#5029,#5030);
#4329=AXIS2_PLACEMENT_3D('',#6400,#5031,#5032);
#4330=AXIS2_PLACEMENT_3D('',#6409,#5035,#5036);
#4331=AXIS2_PLACEMENT_3D('',#6414,#5037,#5038);
#4332=AXIS2_PLACEMENT_3D('',#6423,#5041,#5042);
#4333=AXIS2_PLACEMENT_3D('',#6428,#5043,#5044);
#4334=AXIS2_PLACEMENT_3D('',#6437,#5047,#5048);
#4335=AXIS2_PLACEMENT_3D('',#6442,#5049,#5050);
#4336=AXIS2_PLACEMENT_3D('',#6451,#5053,#5054);
#4337=AXIS2_PLACEMENT_3D('',#6456,#5055,#5056);
#4338=AXIS2_PLACEMENT_3D('',#6465,#5059,#5060);
#4339=AXIS2_PLACEMENT_3D('',#6470,#5061,#5062);
#4340=AXIS2_PLACEMENT_3D('',#6479,#5065,#5066);
#4341=AXIS2_PLACEMENT_3D('',#6484,#5067,#5068);
#4342=AXIS2_PLACEMENT_3D('',#6493,#5071,#5072);
#4343=AXIS2_PLACEMENT_3D('',#6498,#5073,#5074);
#4344=AXIS2_PLACEMENT_3D('',#6507,#5077,#5078);
#4345=AXIS2_PLACEMENT_3D('',#6512,#5079,#5080);
#4346=AXIS2_PLACEMENT_3D('',#6521,#5083,#5084);
#4347=AXIS2_PLACEMENT_3D('',#6526,#5085,#5086);
#4348=AXIS2_PLACEMENT_3D('',#6535,#5089,#5090);
#4349=AXIS2_PLACEMENT_3D('',#6540,#5091,#5092);
#4350=AXIS2_PLACEMENT_3D('',#6549,#5095,#5096);
#4351=AXIS2_PLACEMENT_3D('',#6554,#5097,#5098);
#4352=AXIS2_PLACEMENT_3D('',#6563,#5101,#5102);
#4353=AXIS2_PLACEMENT_3D('',#6568,#5103,#5104);
#4354=AXIS2_PLACEMENT_3D('',#6577,#5107,#5108);
#4355=AXIS2_PLACEMENT_3D('',#6582,#5109,#5110);
#4356=AXIS2_PLACEMENT_3D('',#6591,#5113,#5114);
#4357=AXIS2_PLACEMENT_3D('',#6596,#5115,#5116);
#4358=AXIS2_PLACEMENT_3D('',#6605,#5119,#5120);
#4359=AXIS2_PLACEMENT_3D('',#6610,#5121,#5122);
#4360=AXIS2_PLACEMENT_3D('',#6619,#5125,#5126);
#4361=AXIS2_PLACEMENT_3D('',#6624,#5127,#5128);
#4362=AXIS2_PLACEMENT_3D('',#6633,#5131,#5132);
#4363=AXIS2_PLACEMENT_3D('',#6638,#5133,#5134);
#4364=AXIS2_PLACEMENT_3D('',#6647,#5137,#5138);
#4365=AXIS2_PLACEMENT_3D('',#6652,#5139,#5140);
#4366=AXIS2_PLACEMENT_3D('',#6661,#5143,#5144);
#4367=AXIS2_PLACEMENT_3D('',#6666,#5145,#5146);
#4368=AXIS2_PLACEMENT_3D('',#6675,#5149,#5150);
#4369=AXIS2_PLACEMENT_3D('',#6680,#5151,#5152);
#4370=AXIS2_PLACEMENT_3D('',#6689,#5155,#5156);
#4371=AXIS2_PLACEMENT_3D('',#6694,#5157,#5158);
#4372=AXIS2_PLACEMENT_3D('',#6703,#5161,#5162);
#4373=AXIS2_PLACEMENT_3D('',#6708,#5163,#5164);
#4374=AXIS2_PLACEMENT_3D('',#6717,#5167,#5168);
#4375=AXIS2_PLACEMENT_3D('',#6722,#5169,#5170);
#4376=AXIS2_PLACEMENT_3D('',#6731,#5173,#5174);
#4377=AXIS2_PLACEMENT_3D('',#6736,#5175,#5176);
#4378=AXIS2_PLACEMENT_3D('',#6745,#5179,#5180);
#4379=AXIS2_PLACEMENT_3D('',#6750,#5181,#5182);
#4380=AXIS2_PLACEMENT_3D('',#6759,#5185,#5186);
#4381=AXIS2_PLACEMENT_3D('',#6764,#5187,#5188);
#4382=AXIS2_PLACEMENT_3D('',#6773,#5191,#5192);
#4383=AXIS2_PLACEMENT_3D('',#6778,#5193,#5194);
#4384=AXIS2_PLACEMENT_3D('',#6787,#5197,#5198);
#4385=AXIS2_PLACEMENT_3D('',#6792,#5199,#5200);
#4386=AXIS2_PLACEMENT_3D('',#6801,#5203,#5204);
#4387=AXIS2_PLACEMENT_3D('',#6806,#5205,#5206);
#4388=AXIS2_PLACEMENT_3D('',#6815,#5209,#5210);
#4389=AXIS2_PLACEMENT_3D('',#6820,#5211,#5212);
#4390=AXIS2_PLACEMENT_3D('',#6829,#5215,#5216);
#4391=AXIS2_PLACEMENT_3D('',#6834,#5217,#5218);
#4392=AXIS2_PLACEMENT_3D('',#6843,#5221,#5222);
#4393=AXIS2_PLACEMENT_3D('',#6848,#5223,#5224);
#4394=AXIS2_PLACEMENT_3D('',#6857,#5227,#5228);
#4395=AXIS2_PLACEMENT_3D('',#6862,#5229,#5230);
#4396=AXIS2_PLACEMENT_3D('',#6871,#5233,#5234);
#4397=AXIS2_PLACEMENT_3D('',#6876,#5235,#5236);
#4398=AXIS2_PLACEMENT_3D('',#6885,#5239,#5240);
#4399=AXIS2_PLACEMENT_3D('',#6890,#5241,#5242);
#4400=AXIS2_PLACEMENT_3D('',#6899,#5245,#5246);
#4401=AXIS2_PLACEMENT_3D('',#6904,#5247,#5248);
#4402=AXIS2_PLACEMENT_3D('',#6913,#5251,#5252);
#4403=AXIS2_PLACEMENT_3D('',#6918,#5253,#5254);
#4404=AXIS2_PLACEMENT_3D('',#6932,#5257,#5258);
#4405=AXIS2_PLACEMENT_3D('',#6937,#5259,#5260);
#4406=AXIS2_PLACEMENT_3D('',#6946,#5263,#5264);
#4407=AXIS2_PLACEMENT_3D('',#6951,#5265,#5266);
#4408=AXIS2_PLACEMENT_3D('',#6960,#5269,#5270);
#4409=AXIS2_PLACEMENT_3D('',#6965,#5271,#5272);
#4410=AXIS2_PLACEMENT_3D('',#6974,#5275,#5276);
#4411=AXIS2_PLACEMENT_3D('',#6979,#5277,#5278);
#4412=AXIS2_PLACEMENT_3D('',#6988,#5281,#5282);
#4413=AXIS2_PLACEMENT_3D('',#6993,#5283,#5284);
#4414=AXIS2_PLACEMENT_3D('',#7002,#5287,#5288);
#4415=AXIS2_PLACEMENT_3D('',#7007,#5289,#5290);
#4416=AXIS2_PLACEMENT_3D('',#7016,#5293,#5294);
#4417=AXIS2_PLACEMENT_3D('',#7021,#5295,#5296);
#4418=AXIS2_PLACEMENT_3D('',#7030,#5299,#5300);
#4419=AXIS2_PLACEMENT_3D('',#7035,#5301,#5302);
#4420=AXIS2_PLACEMENT_3D('',#7044,#5305,#5306);
#4421=AXIS2_PLACEMENT_3D('',#7049,#5307,#5308);
#4422=AXIS2_PLACEMENT_3D('',#7058,#5311,#5312);
#4423=AXIS2_PLACEMENT_3D('',#7063,#5313,#5314);
#4424=AXIS2_PLACEMENT_3D('',#7072,#5317,#5318);
#4425=AXIS2_PLACEMENT_3D('',#7077,#5319,#5320);
#4426=AXIS2_PLACEMENT_3D('',#7086,#5323,#5324);
#4427=AXIS2_PLACEMENT_3D('',#7091,#5325,#5326);
#4428=AXIS2_PLACEMENT_3D('',#7100,#5329,#5330);
#4429=AXIS2_PLACEMENT_3D('',#7105,#5331,#5332);
#4430=AXIS2_PLACEMENT_3D('',#7114,#5335,#5336);
#4431=AXIS2_PLACEMENT_3D('',#7119,#5337,#5338);
#4432=AXIS2_PLACEMENT_3D('',#7128,#5341,#5342);
#4433=AXIS2_PLACEMENT_3D('',#7133,#5343,#5344);
#4434=AXIS2_PLACEMENT_3D('',#7142,#5347,#5348);
#4435=AXIS2_PLACEMENT_3D('',#7147,#5349,#5350);
#4436=AXIS2_PLACEMENT_3D('',#7156,#5353,#5354);
#4437=AXIS2_PLACEMENT_3D('',#7161,#5355,#5356);
#4438=AXIS2_PLACEMENT_3D('',#7170,#5359,#5360);
#4439=AXIS2_PLACEMENT_3D('',#7175,#5361,#5362);
#4440=AXIS2_PLACEMENT_3D('',#7184,#5365,#5366);
#4441=AXIS2_PLACEMENT_3D('',#7189,#5367,#5368);
#4442=AXIS2_PLACEMENT_3D('',#7196,#5370,#5371);
#4443=AXIS2_PLACEMENT_3D('',#7201,#5372,#5373);
#4444=DIRECTION('',(0.,0.,1.));
#4445=DIRECTION('',(1.,0.,0.));
#4446=DIRECTION('',(0.,0.,1.));
#4447=DIRECTION('',(1.,0.,0.));
#4448=DIRECTION('',(0.,0.,1.));
#4449=DIRECTION('',(1.,0.,0.));
#4450=DIRECTION('',(0.,0.,1.));
#4451=DIRECTION('',(1.,0.,0.));
#4452=DIRECTION('',(0.,0.,1.));
#4453=DIRECTION('',(1.,0.,0.));
#4454=DIRECTION('',(0.,0.,1.));
#4455=DIRECTION('',(1.,0.,0.));
#4456=DIRECTION('',(0.,0.,1.));
#4457=DIRECTION('',(1.,0.,0.));
#4458=DIRECTION('',(0.,0.,1.));
#4459=DIRECTION('',(1.,0.,0.));
#4460=DIRECTION('',(0.,0.,1.));
#4461=DIRECTION('',(1.,0.,0.));
#4462=DIRECTION('',(0.,0.,1.));
#4463=DIRECTION('',(1.,0.,0.));
#4464=DIRECTION('',(0.,0.,1.));
#4465=DIRECTION('',(1.,0.,0.));
#4466=DIRECTION('',(0.,0.,1.));
#4467=DIRECTION('',(1.,0.,0.));
#4468=DIRECTION('',(0.,0.,1.));
#4469=DIRECTION('',(1.,0.,0.));
#4470=DIRECTION('',(0.,0.,1.));
#4471=DIRECTION('',(1.,0.,0.));
#4472=DIRECTION('',(0.,0.,1.));
#4473=DIRECTION('',(1.,0.,0.));
#4474=DIRECTION('',(0.,0.,1.));
#4475=DIRECTION('',(1.,0.,0.));
#4476=DIRECTION('',(0.,0.,1.));
#4477=DIRECTION('',(1.,0.,0.));
#4478=DIRECTION('',(0.,0.,1.));
#4479=DIRECTION('',(1.,0.,0.));
#4480=DIRECTION('',(0.,0.,1.));
#4481=DIRECTION('',(1.,0.,0.));
#4482=DIRECTION('',(0.,0.,1.));
#4483=DIRECTION('',(1.,0.,0.));
#4484=DIRECTION('',(0.,0.,1.));
#4485=DIRECTION('',(1.,0.,0.));
#4486=DIRECTION('',(0.,0.,1.));
#4487=DIRECTION('',(1.,0.,0.));
#4488=DIRECTION('',(0.,0.,1.));
#4489=DIRECTION('',(1.,0.,0.));
#4490=DIRECTION('',(0.,0.,1.));
#4491=DIRECTION('',(1.,0.,0.));
#4492=DIRECTION('',(0.,0.,1.));
#4493=DIRECTION('',(1.,0.,0.));
#4494=DIRECTION('',(0.,0.,1.));
#4495=DIRECTION('',(1.,0.,0.));
#4496=DIRECTION('',(0.,0.,1.));
#4497=DIRECTION('',(1.,0.,0.));
#4498=DIRECTION('',(0.,0.,1.));
#4499=DIRECTION('',(1.,0.,0.));
#4500=DIRECTION('',(0.,0.,1.));
#4501=DIRECTION('',(1.,0.,0.));
#4502=DIRECTION('',(0.,0.,1.));
#4503=DIRECTION('',(1.,0.,0.));
#4504=DIRECTION('',(0.,0.,1.));
#4505=DIRECTION('',(1.,0.,0.));
#4506=DIRECTION('',(0.,0.,1.));
#4507=DIRECTION('',(1.,0.,0.));
#4508=DIRECTION('',(0.,0.,1.));
#4509=DIRECTION('',(1.,0.,0.));
#4510=DIRECTION('',(0.,0.,1.));
#4511=DIRECTION('',(1.,0.,0.));
#4512=DIRECTION('',(0.,0.,1.));
#4513=DIRECTION('',(1.,0.,0.));
#4514=DIRECTION('',(0.,0.,1.));
#4515=DIRECTION('',(1.,0.,0.));
#4516=DIRECTION('',(0.,0.,1.));
#4517=DIRECTION('',(1.,0.,0.));
#4518=DIRECTION('',(0.,0.,1.));
#4519=DIRECTION('',(1.,0.,0.));
#4520=DIRECTION('',(0.,0.,1.));
#4521=DIRECTION('',(1.,0.,0.));
#4522=DIRECTION('',(0.,0.,1.));
#4523=DIRECTION('',(1.,0.,0.));
#4524=DIRECTION('',(0.,0.,1.));
#4525=DIRECTION('',(1.,0.,0.));
#4526=DIRECTION('',(0.,0.,1.));
#4527=DIRECTION('',(1.,0.,0.));
#4528=DIRECTION('',(0.,0.,1.));
#4529=DIRECTION('',(1.,0.,0.));
#4530=DIRECTION('',(0.,0.,1.));
#4531=DIRECTION('',(1.,0.,0.));
#4532=DIRECTION('',(0.,0.,1.));
#4533=DIRECTION('',(1.,0.,0.));
#4534=DIRECTION('',(0.,0.,1.));
#4535=DIRECTION('',(1.,0.,0.));
#4536=DIRECTION('',(0.,0.,1.));
#4537=DIRECTION('',(1.,0.,0.));
#4538=DIRECTION('',(0.,0.,1.));
#4539=DIRECTION('',(1.,0.,0.));
#4540=DIRECTION('',(0.,0.,1.));
#4541=DIRECTION('',(1.,0.,0.));
#4542=DIRECTION('',(0.,0.,1.));
#4543=DIRECTION('',(1.,0.,0.));
#4544=DIRECTION('',(0.,0.,1.));
#4545=DIRECTION('',(1.,0.,0.));
#4546=DIRECTION('',(0.,0.,1.));
#4547=DIRECTION('',(1.,0.,0.));
#4548=DIRECTION('',(0.,0.,1.));
#4549=DIRECTION('',(1.,0.,0.));
#4550=DIRECTION('',(0.,0.,1.));
#4551=DIRECTION('',(1.,0.,0.));
#4552=DIRECTION('',(0.,0.,1.));
#4553=DIRECTION('',(1.,0.,0.));
#4554=DIRECTION('',(0.,0.,1.));
#4555=DIRECTION('',(1.,0.,0.));
#4556=DIRECTION('',(0.,0.,1.));
#4557=DIRECTION('',(1.,0.,0.));
#4558=DIRECTION('',(0.,0.,1.));
#4559=DIRECTION('',(1.,0.,0.));
#4560=DIRECTION('',(0.,0.,1.));
#4561=DIRECTION('',(1.,0.,0.));
#4562=DIRECTION('',(0.,0.,1.));
#4563=DIRECTION('',(1.,0.,0.));
#4564=DIRECTION('',(0.,0.,1.));
#4565=DIRECTION('',(1.,0.,0.));
#4566=DIRECTION('',(0.,0.,1.));
#4567=DIRECTION('',(1.,0.,0.));
#4568=DIRECTION('',(0.,0.,1.));
#4569=DIRECTION('',(1.,0.,0.));
#4570=DIRECTION('',(0.,0.,1.));
#4571=DIRECTION('',(1.,0.,0.));
#4572=DIRECTION('',(0.,0.,1.));
#4573=DIRECTION('',(1.,0.,0.));
#4574=DIRECTION('',(0.,0.,1.));
#4575=DIRECTION('',(1.,0.,0.));
#4576=DIRECTION('',(0.,0.,1.));
#4577=DIRECTION('',(1.,0.,0.));
#4578=DIRECTION('',(0.,0.,1.));
#4579=DIRECTION('',(1.,0.,0.));
#4580=DIRECTION('',(0.,0.,1.));
#4581=DIRECTION('',(1.,0.,0.));
#4582=DIRECTION('',(0.,0.,1.));
#4583=DIRECTION('',(1.,0.,0.));
#4584=DIRECTION('',(0.,0.,1.));
#4585=DIRECTION('',(1.,0.,0.));
#4586=DIRECTION('',(0.,0.,1.));
#4587=DIRECTION('',(1.,0.,0.));
#4588=DIRECTION('',(0.,0.,1.));
#4589=DIRECTION('',(1.,0.,0.));
#4590=DIRECTION('',(0.,0.,1.));
#4591=DIRECTION('',(1.,0.,0.));
#4592=DIRECTION('',(0.,0.,1.));
#4593=DIRECTION('',(1.,0.,0.));
#4594=DIRECTION('',(0.,0.,1.));
#4595=DIRECTION('',(1.,0.,0.));
#4596=DIRECTION('',(0.,0.,1.));
#4597=DIRECTION('',(1.,0.,0.));
#4598=DIRECTION('',(0.,0.,1.));
#4599=DIRECTION('',(1.,0.,0.));
#4600=DIRECTION('',(0.,0.,1.));
#4601=DIRECTION('',(1.,0.,0.));
#4602=DIRECTION('',(0.,0.,1.));
#4603=DIRECTION('',(1.,0.,0.));
#4604=DIRECTION('',(0.,0.,1.));
#4605=DIRECTION('',(1.,0.,0.));
#4606=DIRECTION('',(0.,0.,1.));
#4607=DIRECTION('',(1.,0.,0.));
#4608=DIRECTION('',(0.,0.,1.));
#4609=DIRECTION('',(1.,0.,0.));
#4610=DIRECTION('',(0.,0.,1.));
#4611=DIRECTION('',(1.,0.,0.));
#4612=DIRECTION('',(0.,0.,1.));
#4613=DIRECTION('',(1.,0.,0.));
#4614=DIRECTION('',(0.,0.,1.));
#4615=DIRECTION('',(1.,0.,0.));
#4616=DIRECTION('',(0.,0.,1.));
#4617=DIRECTION('',(1.,0.,0.));
#4618=DIRECTION('',(0.,0.,1.));
#4619=DIRECTION('',(1.,0.,0.));
#4620=DIRECTION('',(0.,0.,1.));
#4621=DIRECTION('',(1.,0.,0.));
#4622=DIRECTION('',(0.,0.,1.));
#4623=DIRECTION('',(1.,0.,0.));
#4624=DIRECTION('',(0.,0.,1.));
#4625=DIRECTION('',(1.,0.,0.));
#4626=DIRECTION('',(0.,0.,1.));
#4627=DIRECTION('',(1.,0.,0.));
#4628=DIRECTION('',(0.,0.,1.));
#4629=DIRECTION('',(1.,0.,0.));
#4630=DIRECTION('',(0.,0.,1.));
#4631=DIRECTION('',(1.,0.,0.));
#4632=DIRECTION('',(0.,0.,1.));
#4633=DIRECTION('',(1.,0.,0.));
#4634=DIRECTION('',(0.,0.,1.));
#4635=DIRECTION('',(1.,0.,0.));
#4636=DIRECTION('',(1.,0.,0.));
#4637=DIRECTION('',(0.,0.,1.));
#4638=DIRECTION('',(1.,0.,0.));
#4639=DIRECTION('',(0.,0.,1.));
#4640=DIRECTION('',(1.,0.,0.));
#4641=DIRECTION('',(0.,0.,1.));
#4642=DIRECTION('',(1.,0.,0.));
#4643=DIRECTION('',(1.,0.,0.));
#4644=DIRECTION('',(0.,1.,0.));
#4645=DIRECTION('',(0.,0.,1.));
#4646=DIRECTION('',(0.,0.,-1.));
#4647=DIRECTION('',(0.,0.,-1.));
#4648=DIRECTION('',(0.,0.,-1.));
#4649=DIRECTION('',(-1.,0.,0.));
#4650=DIRECTION('',(-0.702274194859864,0.711906563555871,0.));
#4651=DIRECTION('',(-0.711906563555871,-0.702274194859864,0.));
#4652=DIRECTION('',(0.,0.,-1.));
#4653=DIRECTION('',(0.711906563555871,0.702274194859864,0.));
#4654=DIRECTION('',(0.,0.,-1.));
#4655=DIRECTION('',(0.909165265242398,0.416435493776311,0.));
#4656=DIRECTION('',(-0.416435493776311,0.909165265242398,0.));
#4657=DIRECTION('',(0.,0.,1.));
#4658=DIRECTION('',(0.416435493776311,-0.909165265242398,0.));
#4659=DIRECTION('',(0.,0.,1.));
#4660=DIRECTION('',(1.,0.,0.));
#4661=DIRECTION('',(0.759160566382267,0.650903398708407,0.));
#4662=DIRECTION('',(0.478841240797398,-0.877901512763025,0.));
#4663=DIRECTION('',(0.661184223512429,0.750223581726319,0.));
#4664=DIRECTION('',(0.538914121426274,-0.842360712359822,0.));
#4665=DIRECTION('',(0.60724066039404,0.794517954714814,0.));
#4666=DIRECTION('',(0.59636146662702,-0.802716015239805,0.));
#4667=DIRECTION('',(0.550338681817829,0.834941516092603,0.));
#4668=DIRECTION('',(0.650903398708403,-0.759160566382271,0.));
#4669=DIRECTION('',(0.490755508503652,0.871297326332017,0.));
#4670=DIRECTION('',(0.70227419485986,-0.711906563555875,0.));
#4671=DIRECTION('',(0.428781423682617,0.903408263580043,0.));
#4672=DIRECTION('',(0.750223581726315,-0.661184223512433,0.));
#4673=DIRECTION('',(0.364718358866358,0.931117886578187,0.));
#4674=DIRECTION('',(0.79451795471481,-0.607240660394045,0.));
#4675=DIRECTION('',(0.298878422867063,0.954291196828566,0.));
#4676=DIRECTION('',(0.8349415160926,-0.550338681817834,0.));
#4677=DIRECTION('',(0.231582381234715,0.972815296293011,0.));
#4678=DIRECTION('',(0.871297326332014,-0.490755508503658,0.));
#4679=DIRECTION('',(0.16315809351957,0.986599937420969,0.));
#4680=DIRECTION('',(0.90340826358004,-0.428781423682623,0.));
#4681=DIRECTION('',(0.0939389159733917,0.99557796282649,0.));
#4682=DIRECTION('',(0.931117886578185,-0.364718358866364,0.));
#4683=DIRECTION('',(0.0242620774712981,0.999705632472268,0.));
#4684=DIRECTION('',(0.954291196828564,-0.29887842286707,0.));
#4685=DIRECTION('',(-0.0455329634334202,0.998962836766699,0.));
#4686=DIRECTION('',(0.97281529629301,-0.23158238123472,0.));
#4687=DIRECTION('',(-0.115106172317248,0.993353194535797,0.));
#4688=DIRECTION('',(0.986599937420968,-0.163158093519575,0.));
#4689=DIRECTION('',(-0.184118595499979,0.982904035392629,0.));
#4690=DIRECTION('',(0.99557796282649,-0.0939389159733978,0.));
#4691=DIRECTION('',(-0.25223401139297,0.967666266590197,0.));
#4692=DIRECTION('',(0.999705632472268,-0.0242620774713041,0.));
#4693=DIRECTION('',(-0.319120568536928,0.947714125006411,0.));
#4694=DIRECTION('',(0.9989628367667,0.0455329634334142,0.));
#4695=DIRECTION('',(-0.384452402348863,0.923144815469484,0.));
#4696=DIRECTION('',(0.993353194535797,0.115106172317242,0.));
#4697=DIRECTION('',(-0.447911222701574,0.894078037185783,0.));
#4698=DIRECTION('',(0.98290403539263,0.184118595499973,0.));
#4699=DIRECTION('',(-0.509187864601161,0.860655400577322,0.));
#4700=DIRECTION('',(0.967666266590199,0.252234011392964,0.));
#4701=DIRECTION('',(-0.567983794407796,0.823039737370026,0.));
#4702=DIRECTION('',(0.947714125006413,0.319120568536923,0.));
#4703=DIRECTION('',(-0.624012564261609,0.781414307293929,0.));
#4704=DIRECTION('',(0.923144815469487,0.384452402348857,0.));
#4705=DIRECTION('',(-0.677001207627862,0.735981905260188,0.));
#4706=DIRECTION('',(0.894078037185785,0.447911222701568,0.));
#4707=DIRECTION('',(-0.726691569162476,0.686963873364661,0.));
#4708=DIRECTION('',(0.860655400577325,0.509187864601156,0.));
#4709=DIRECTION('',(-0.772841562418912,0.634599022531469,0.));
#4710=DIRECTION('',(0.82303973737003,0.567983794407792,0.));
#4711=DIRECTION('',(-0.815226349269004,0.579142469050174,0.));
#4712=DIRECTION('',(0.781414307293933,0.624012564261604,0.));
#4713=DIRECTION('',(-0.853639435291724,0.520864391674864,0.));
#4714=DIRECTION('',(0.735981905260192,0.677001207627858,0.));
#4715=DIRECTION('',(-0.887893675793239,0.46004871534042,0.));
#4716=DIRECTION('',(0.686963873364666,0.726691569162472,0.));
#4717=DIRECTION('',(-0.917822187557049,0.396991727908772,0.));
#4718=DIRECTION('',(0.634599022531474,0.772841562418908,0.));
#4719=DIRECTION('',(-0.943279161882245,0.332000636684222,0.));
#4720=DIRECTION('',(0.579142469050179,0.815226349269,0.));
#4721=DIRECTION('',(-0.964140574948841,0.265392071730334,0.));
#4722=DIRECTION('',(0.520864391674869,0.853639435291721,0.));
#4723=DIRECTION('',(-0.980304792049357,0.197490543280092,0.));
#4724=DIRECTION('',(0.460048715340425,0.887893675793236,0.));
#4725=DIRECTION('',(-0.991693062742903,0.128626860754671,0.));
#4726=DIRECTION('',(0.396991727908778,0.917822187557047,0.));
#4727=DIRECTION('',(-0.998249904519402,0.0591365210931796,0.));
#4728=DIRECTION('',(0.332000636684228,0.943279161882244,0.));
#4729=DIRECTION('',(-0.999943373104813,-0.0106419257546957,0.));
#4730=DIRECTION('',(0.26539207173034,0.964140574948839,0.));
#4731=DIRECTION('',(-0.996765218090414,-0.0803685262100162,0.));
#4732=DIRECTION('',(0.197490543280099,0.980304792049356,0.));
#4733=DIRECTION('',(-0.988730923127967,-0.149703579284258,0.));
#4734=DIRECTION('',(0.128626860754677,0.991693062742902,0.));
#4735=DIRECTION('',(-0.975879630494926,-0.218309291568378,0.));
#4736=DIRECTION('',(0.0591365210931855,0.998249904519402,0.));
#4737=DIRECTION('',(-0.958273950397191,-0.28585142292835,0.));
#4738=DIRECTION('',(-0.0106419257546894,0.999943373104813,0.));
#4739=DIRECTION('',(-0.935999655938481,-0.352000914889499,0.));
#4740=DIRECTION('',(-0.0803685262100103,0.996765218090414,0.));
#4741=DIRECTION('',(-0.909165265242396,-0.416435493776316,0.));
#4742=DIRECTION('',(-0.149703579284252,0.988730923127968,0.));
#4743=DIRECTION('',(-0.877901512763022,-0.478841240797404,0.));
#4744=DIRECTION('',(-0.218309291568372,0.975879630494927,0.));
#4745=DIRECTION('',(-0.842360712359819,-0.538914121426279,0.));
#4746=DIRECTION('',(-0.285851422928345,0.958273950397192,0.));
#4747=DIRECTION('',(-0.802716015239801,-0.596361466627025,0.));
#4748=DIRECTION('',(-0.352000914889494,0.935999655938483,0.));
#4749=DIRECTION('',(-0.759160566382267,-0.650903398708407,0.));
#4750=DIRECTION('',(-0.416435493776311,0.909165265242398,0.));
#4751=DIRECTION('',(-0.711906563555871,-0.702274194859864,0.));
#4752=DIRECTION('',(-0.478841240797398,0.877901512763025,0.));
#4753=DIRECTION('',(-0.661184223512429,-0.750223581726319,0.));
#4754=DIRECTION('',(-0.538914121426274,0.842360712359822,0.));
#4755=DIRECTION('',(-0.60724066039404,-0.794517954714814,0.));
#4756=DIRECTION('',(-0.59636146662702,0.802716015239805,0.));
#4757=DIRECTION('',(-0.550338681817829,-0.834941516092603,0.));
#4758=DIRECTION('',(-0.650903398708403,0.759160566382271,0.));
#4759=DIRECTION('',(-0.490755508503653,-0.871297326332017,0.));
#4760=DIRECTION('',(-0.70227419485986,0.711906563555875,0.));
#4761=DIRECTION('',(-0.428781423682617,-0.903408263580043,0.));
#4762=DIRECTION('',(-0.750223581726315,0.661184223512433,0.));
#4763=DIRECTION('',(-0.364718358866358,-0.931117886578187,0.));
#4764=DIRECTION('',(-0.79451795471481,0.607240660394045,0.));
#4765=DIRECTION('',(-0.298878422867063,-0.954291196828566,0.));
#4766=DIRECTION('',(-0.8349415160926,0.550338681817834,0.));
#4767=DIRECTION('',(-0.231582381234715,-0.972815296293011,0.));
#4768=DIRECTION('',(-0.871297326332014,0.490755508503658,0.));
#4769=DIRECTION('',(-0.16315809351957,-0.986599937420969,0.));
#4770=DIRECTION('',(-0.90340826358004,0.428781423682623,0.));
#4771=DIRECTION('',(-0.0939389159733917,-0.99557796282649,0.));
#4772=DIRECTION('',(-0.931117886578185,0.364718358866364,0.));
#4773=DIRECTION('',(-0.024262077471298,-0.999705632472268,0.));
#4774=DIRECTION('',(-0.954291196828564,0.298878422867069,0.));
#4775=DIRECTION('',(0.0455329634334203,-0.998962836766699,0.));
#4776=DIRECTION('',(-0.97281529629301,0.23158238123472,0.));
#4777=DIRECTION('',(0.115106172317248,-0.993353194535797,0.));
#4778=DIRECTION('',(-0.986599937420968,0.163158093519575,0.));
#4779=DIRECTION('',(0.184118595499979,-0.982904035392629,0.));
#4780=DIRECTION('',(-0.995577962826489,0.0939389159733982,0.));
#4781=DIRECTION('',(0.252234011392969,-0.967666266590198,0.));
#4782=DIRECTION('',(-0.999705632472268,0.0242620774713045,0.));
#4783=DIRECTION('',(0.319120568536928,-0.947714125006411,0.));
#4784=DIRECTION('',(-0.9989628367667,-0.0455329634334139,0.));
#4785=DIRECTION('',(0.384452402348863,-0.923144815469484,0.));
#4786=DIRECTION('',(-0.993353194535797,-0.115106172317242,0.));
#4787=DIRECTION('',(0.447911222701574,-0.894078037185783,0.));
#4788=DIRECTION('',(-0.98290403539263,-0.184118595499973,0.));
#4789=DIRECTION('',(0.509187864601161,-0.860655400577322,0.));
#4790=DIRECTION('',(-0.967666266590199,-0.252234011392964,0.));
#4791=DIRECTION('',(0.567983794407797,-0.823039737370026,0.));
#4792=DIRECTION('',(-0.947714125006413,-0.319120568536923,0.));
#4793=DIRECTION('',(0.624012564261609,-0.781414307293929,0.));
#4794=DIRECTION('',(-0.923144815469487,-0.384452402348858,0.));
#4795=DIRECTION('',(0.677001207627862,-0.735981905260188,0.));
#4796=DIRECTION('',(-0.894078037185785,-0.447911222701569,0.));
#4797=DIRECTION('',(0.726691569162476,-0.686963873364661,0.));
#4798=DIRECTION('',(-0.860655400577325,-0.509187864601155,0.));
#4799=DIRECTION('',(0.772841562418911,-0.634599022531469,0.));
#4800=DIRECTION('',(-0.82303973737003,-0.567983794407791,0.));
#4801=DIRECTION('',(0.815226349269004,-0.579142469050174,0.));
#4802=DIRECTION('',(-0.781414307293933,-0.624012564261604,0.));
#4803=DIRECTION('',(0.853639435291724,-0.520864391674864,0.));
#4804=DIRECTION('',(-0.735981905260192,-0.677001207627858,0.));
#4805=DIRECTION('',(0.887893675793239,-0.46004871534042,0.));
#4806=DIRECTION('',(-0.686963873364666,-0.726691569162472,0.));
#4807=DIRECTION('',(0.917822187557049,-0.396991727908772,0.));
#4808=DIRECTION('',(-0.634599022531474,-0.772841562418908,0.));
#4809=DIRECTION('',(0.943279161882245,-0.332000636684222,0.));
#4810=DIRECTION('',(-0.579142469050179,-0.815226349269001,0.));
#4811=DIRECTION('',(0.964140574948841,-0.265392071730334,0.));
#4812=DIRECTION('',(-0.520864391674869,-0.853639435291721,0.));
#4813=DIRECTION('',(0.980304792049357,-0.197490543280092,0.));
#4814=DIRECTION('',(-0.460048715340425,-0.887893675793236,0.));
#4815=DIRECTION('',(0.991693062742903,-0.128626860754671,0.));
#4816=DIRECTION('',(-0.396991727908778,-0.917822187557047,0.));
#4817=DIRECTION('',(0.998249904519402,-0.0591365210931801,0.));
#4818=DIRECTION('',(-0.332000636684228,-0.943279161882243,0.));
#4819=DIRECTION('',(0.999943373104813,0.0106419257546951,0.));
#4820=DIRECTION('',(-0.26539207173034,-0.964140574948839,0.));
#4821=DIRECTION('',(0.996765218090414,0.0803685262100162,0.));
#4822=DIRECTION('',(-0.197490543280099,-0.980304792049356,0.));
#4823=DIRECTION('',(0.988730923127967,0.149703579284258,0.));
#4824=DIRECTION('',(-0.128626860754677,-0.991693062742902,0.));
#4825=DIRECTION('',(0.975879630494926,0.218309291568378,0.));
#4826=DIRECTION('',(-0.0591365210931856,-0.998249904519402,0.));
#4827=DIRECTION('',(0.958273950397191,0.28585142292835,0.));
#4828=DIRECTION('',(0.0106419257546896,-0.999943373104813,0.));
#4829=DIRECTION('',(0.935999655938481,0.3520009148895,0.));
#4830=DIRECTION('',(0.0803685262100106,-0.996765218090414,0.));
#4831=DIRECTION('',(0.909165265242396,0.416435493776316,0.));
#4832=DIRECTION('',(0.149703579284252,-0.988730923127968,0.));
#4833=DIRECTION('',(0.877901512763022,0.478841240797404,0.));
#4834=DIRECTION('',(0.218309291568371,-0.975879630494927,0.));
#4835=DIRECTION('',(0.842360712359819,0.538914121426279,0.));
#4836=DIRECTION('',(0.285851422928344,-0.958273950397193,0.));
#4837=DIRECTION('',(0.802716015239801,0.596361466627024,0.));
#4838=DIRECTION('',(0.352000914889494,-0.935999655938483,0.));
#4839=DIRECTION('',(-0.750223581726319,0.661184223512429,0.));
#4840=DIRECTION('',(-0.661184223512429,-0.750223581726319,0.));
#4841=DIRECTION('',(0.,0.,-1.));
#4842=DIRECTION('',(0.,0.,-1.));
#4843=DIRECTION('',(0.877901512763025,0.478841240797398,0.));
#4844=DIRECTION('',(-0.478841240797398,0.877901512763025,0.));
#4845=DIRECTION('',(-0.794517954714813,0.60724066039404,0.));
#4846=DIRECTION('',(-0.60724066039404,-0.794517954714813,0.));
#4847=DIRECTION('',(0.,0.,-1.));
#4848=DIRECTION('',(0.,0.,-1.));
#4849=DIRECTION('',(0.842360712359822,0.538914121426274,0.));
#4850=DIRECTION('',(-0.538914121426274,0.842360712359822,0.));
#4851=DIRECTION('',(-0.834941516092603,0.550338681817829,0.));
#4852=DIRECTION('',(-0.550338681817829,-0.834941516092603,0.));
#4853=DIRECTION('',(0.,0.,-1.));
#4854=DIRECTION('',(0.,0.,-1.));
#4855=DIRECTION('',(0.802716015239805,0.59636146662702,0.));
#4856=DIRECTION('',(-0.59636146662702,0.802716015239805,0.));
#4857=DIRECTION('',(-0.871297326332017,0.490755508503652,0.));
#4858=DIRECTION('',(-0.490755508503652,-0.871297326332017,0.));
#4859=DIRECTION('',(0.,0.,-1.));
#4860=DIRECTION('',(0.,0.,-1.));
#4861=DIRECTION('',(0.759160566382271,0.650903398708403,0.));
#4862=DIRECTION('',(-0.650903398708403,0.759160566382271,0.));
#4863=DIRECTION('',(-0.903408263580043,0.428781423682617,0.));
#4864=DIRECTION('',(-0.428781423682617,-0.903408263580043,0.));
#4865=DIRECTION('',(0.,0.,-1.));
#4866=DIRECTION('',(0.,0.,-1.));
#4867=DIRECTION('',(0.711906563555875,0.70227419485986,0.));
#4868=DIRECTION('',(-0.70227419485986,0.711906563555875,0.));
#4869=DIRECTION('',(-0.931117886578188,0.364718358866358,0.));
#4870=DIRECTION('',(-0.364718358866358,-0.931117886578187,0.));
#4871=DIRECTION('',(0.,0.,-1.));
#4872=DIRECTION('',(0.,0.,-1.));
#4873=DIRECTION('',(0.661184223512433,0.750223581726315,0.));
#4874=DIRECTION('',(-0.750223581726315,0.661184223512433,0.));
#4875=DIRECTION('',(-0.954291196828566,0.298878422867063,0.));
#4876=DIRECTION('',(-0.298878422867063,-0.954291196828566,0.));
#4877=DIRECTION('',(0.,0.,-1.));
#4878=DIRECTION('',(0.,0.,-1.));
#4879=DIRECTION('',(0.607240660394045,0.79451795471481,0.));
#4880=DIRECTION('',(-0.79451795471481,0.607240660394045,0.));
#4881=DIRECTION('',(-0.972815296293011,0.231582381234715,0.));
#4882=DIRECTION('',(-0.231582381234715,-0.972815296293011,0.));
#4883=DIRECTION('',(0.,0.,-1.));
#4884=DIRECTION('',(0.,0.,-1.));
#4885=DIRECTION('',(0.550338681817834,0.8349415160926,0.));
#4886=DIRECTION('',(-0.8349415160926,0.550338681817834,0.));
#4887=DIRECTION('',(-0.986599937420969,0.16315809351957,0.));
#4888=DIRECTION('',(-0.16315809351957,-0.986599937420969,0.));
#4889=DIRECTION('',(0.,0.,-1.));
#4890=DIRECTION('',(0.,0.,-1.));
#4891=DIRECTION('',(0.490755508503658,0.871297326332014,0.));
#4892=DIRECTION('',(-0.871297326332014,0.490755508503658,0.));
#4893=DIRECTION('',(-0.99557796282649,0.0939389159733917,0.));
#4894=DIRECTION('',(-0.0939389159733917,-0.99557796282649,0.));
#4895=DIRECTION('',(0.,0.,-1.));
#4896=DIRECTION('',(0.,0.,-1.));
#4897=DIRECTION('',(0.428781423682623,0.90340826358004,0.));
#4898=DIRECTION('',(-0.90340826358004,0.428781423682623,0.));
#4899=DIRECTION('',(-0.999705632472268,0.0242620774712981,0.));
#4900=DIRECTION('',(-0.0242620774712981,-0.999705632472268,0.));
#4901=DIRECTION('',(0.,0.,-1.));
#4902=DIRECTION('',(0.,0.,-1.));
#4903=DIRECTION('',(0.364718358866364,0.931117886578185,0.));
#4904=DIRECTION('',(-0.931117886578185,0.364718358866364,0.));
#4905=DIRECTION('',(-0.998962836766699,-0.0455329634334202,0.));
#4906=DIRECTION('',(0.0455329634334202,-0.998962836766699,0.));
#4907=DIRECTION('',(0.,0.,-1.));
#4908=DIRECTION('',(0.,0.,-1.));
#4909=DIRECTION('',(0.29887842286707,0.954291196828564,0.));
#4910=DIRECTION('',(-0.954291196828564,0.29887842286707,0.));
#4911=DIRECTION('',(-0.993353194535796,-0.115106172317248,0.));
#4912=DIRECTION('',(0.115106172317248,-0.993353194535797,0.));
#4913=DIRECTION('',(0.,0.,-1.));
#4914=DIRECTION('',(0.,0.,-1.));
#4915=DIRECTION('',(0.23158238123472,0.97281529629301,0.));
#4916=DIRECTION('',(-0.97281529629301,0.23158238123472,0.));
#4917=DIRECTION('',(-0.982904035392629,-0.184118595499979,0.));
#4918=DIRECTION('',(0.184118595499979,-0.982904035392629,0.));
#4919=DIRECTION('',(0.,0.,-1.));
#4920=DIRECTION('',(0.,0.,-1.));
#4921=DIRECTION('',(0.163158093519575,0.986599937420968,0.));
#4922=DIRECTION('',(-0.986599937420968,0.163158093519575,0.));
#4923=DIRECTION('',(-0.967666266590198,-0.25223401139297,0.));
#4924=DIRECTION('',(0.25223401139297,-0.967666266590198,0.));
#4925=DIRECTION('',(0.,0.,-1.));
#4926=DIRECTION('',(0.,0.,-1.));
#4927=DIRECTION('',(0.0939389159733977,0.995577962826489,0.));
#4928=DIRECTION('',(-0.99557796282649,0.0939389159733978,0.));
#4929=DIRECTION('',(-0.947714125006411,-0.319120568536928,0.));
#4930=DIRECTION('',(0.319120568536928,-0.947714125006411,0.));
#4931=DIRECTION('',(0.,0.,-1.));
#4932=DIRECTION('',(0.,0.,-1.));
#4933=DIRECTION('',(0.0242620774713041,0.999705632472268,0.));
#4934=DIRECTION('',(-0.999705632472268,0.0242620774713041,0.));
#4935=DIRECTION('',(-0.923144815469484,-0.384452402348863,0.));
#4936=DIRECTION('',(0.384452402348863,-0.923144815469484,0.));
#4937=DIRECTION('',(0.,0.,-1.));
#4938=DIRECTION('',(0.,0.,-1.));
#4939=DIRECTION('',(-0.0455329634334142,0.998962836766699,0.));
#4940=DIRECTION('',(-0.9989628367667,-0.0455329634334142,0.));
#4941=DIRECTION('',(-0.894078037185783,-0.447911222701574,0.));
#4942=DIRECTION('',(0.447911222701574,-0.894078037185783,0.));
#4943=DIRECTION('',(0.,0.,-1.));
#4944=DIRECTION('',(0.,0.,-1.));
#4945=DIRECTION('',(-0.115106172317242,0.993353194535797,0.));
#4946=DIRECTION('',(-0.993353194535797,-0.115106172317242,0.));
#4947=DIRECTION('',(-0.860655400577322,-0.509187864601161,0.));
#4948=DIRECTION('',(0.509187864601161,-0.860655400577322,0.));
#4949=DIRECTION('',(0.,0.,-1.));
#4950=DIRECTION('',(0.,0.,-1.));
#4951=DIRECTION('',(-0.184118595499973,0.98290403539263,0.));
#4952=DIRECTION('',(-0.98290403539263,-0.184118595499973,0.));
#4953=DIRECTION('',(-0.823039737370026,-0.567983794407797,0.));
#4954=DIRECTION('',(0.567983794407797,-0.823039737370026,0.));
#4955=DIRECTION('',(0.,0.,-1.));
#4956=DIRECTION('',(0.,0.,-1.));
#4957=DIRECTION('',(-0.252234011392964,0.967666266590199,0.));
#4958=DIRECTION('',(-0.967666266590199,-0.252234011392964,0.));
#4959=DIRECTION('',(-0.781414307293929,-0.624012564261609,0.));
#4960=DIRECTION('',(0.624012564261609,-0.78141430729393,0.));
#4961=DIRECTION('',(0.,0.,-1.));
#4962=DIRECTION('',(0.,0.,-1.));
#4963=DIRECTION('',(-0.319120568536923,0.947714125006413,0.));
#4964=DIRECTION('',(-0.947714125006413,-0.319120568536923,0.));
#4965=DIRECTION('',(-0.735981905260188,-0.677001207627862,0.));
#4966=DIRECTION('',(0.677001207627862,-0.735981905260188,0.));
#4967=DIRECTION('',(0.,0.,-1.));
#4968=DIRECTION('',(0.,0.,-1.));
#4969=DIRECTION('',(-0.384452402348857,0.923144815469487,0.));
#4970=DIRECTION('',(-0.923144815469487,-0.384452402348857,0.));
#4971=DIRECTION('',(-0.686963873364661,-0.726691569162476,0.));
#4972=DIRECTION('',(0.726691569162476,-0.686963873364661,0.));
#4973=DIRECTION('',(0.,0.,-1.));
#4974=DIRECTION('',(0.,0.,-1.));
#4975=DIRECTION('',(-0.447911222701568,0.894078037185785,0.));
#4976=DIRECTION('',(-0.894078037185785,-0.447911222701568,0.));
#4977=DIRECTION('',(-0.634599022531469,-0.772841562418912,0.));
#4978=DIRECTION('',(0.772841562418912,-0.634599022531469,0.));
#4979=DIRECTION('',(0.,0.,-1.));
#4980=DIRECTION('',(0.,0.,-1.));
#4981=DIRECTION('',(-0.509187864601156,0.860655400577325,0.));
#4982=DIRECTION('',(-0.860655400577325,-0.509187864601156,0.));
#4983=DIRECTION('',(-0.579142469050174,-0.815226349269004,0.));
#4984=DIRECTION('',(0.815226349269004,-0.579142469050174,0.));
#4985=DIRECTION('',(0.,0.,-1.));
#4986=DIRECTION('',(0.,0.,-1.));
#4987=DIRECTION('',(-0.567983794407792,0.82303973737003,0.));
#4988=DIRECTION('',(-0.82303973737003,-0.567983794407792,0.));
#4989=DIRECTION('',(-0.520864391674864,-0.853639435291724,0.));
#4990=DIRECTION('',(0.853639435291724,-0.520864391674864,0.));
#4991=DIRECTION('',(0.,0.,-1.));
#4992=DIRECTION('',(0.,0.,-1.));
#4993=DIRECTION('',(-0.624012564261604,0.781414307293933,0.));
#4994=DIRECTION('',(-0.781414307293933,-0.624012564261604,0.));
#4995=DIRECTION('',(-0.46004871534042,-0.887893675793239,0.));
#4996=DIRECTION('',(0.887893675793239,-0.46004871534042,0.));
#4997=DIRECTION('',(0.,0.,-1.));
#4998=DIRECTION('',(0.,0.,-1.));
#4999=DIRECTION('',(-0.677001207627858,0.735981905260192,0.));
#5000=DIRECTION('',(-0.735981905260192,-0.677001207627858,0.));
#5001=DIRECTION('',(-0.396991727908772,-0.917822187557049,0.));
#5002=DIRECTION('',(0.917822187557049,-0.396991727908772,0.));
#5003=DIRECTION('',(0.,0.,-1.));
#5004=DIRECTION('',(0.,0.,-1.));
#5005=DIRECTION('',(-0.726691569162472,0.686963873364666,0.));
#5006=DIRECTION('',(-0.686963873364666,-0.726691569162472,0.));
#5007=DIRECTION('',(-0.332000636684222,-0.943279161882245,0.));
#5008=DIRECTION('',(0.943279161882245,-0.332000636684222,0.));
#5009=DIRECTION('',(0.,0.,-1.));
#5010=DIRECTION('',(0.,0.,-1.));
#5011=DIRECTION('',(-0.772841562418908,0.634599022531473,0.));
#5012=DIRECTION('',(-0.634599022531474,-0.772841562418908,0.));
#5013=DIRECTION('',(-0.265392071730334,-0.964140574948841,0.));
#5014=DIRECTION('',(0.964140574948841,-0.265392071730334,0.));
#5015=DIRECTION('',(0.,0.,-1.));
#5016=DIRECTION('',(0.,0.,-1.));
#5017=DIRECTION('',(-0.815226349269,0.579142469050179,0.));
#5018=DIRECTION('',(-0.579142469050179,-0.815226349269,0.));
#5019=DIRECTION('',(-0.197490543280092,-0.980304792049357,0.));
#5020=DIRECTION('',(0.980304792049357,-0.197490543280092,0.));
#5021=DIRECTION('',(0.,0.,-1.));
#5022=DIRECTION('',(0.,0.,-1.));
#5023=DIRECTION('',(-0.853639435291721,0.520864391674869,0.));
#5024=DIRECTION('',(-0.520864391674869,-0.853639435291721,0.));
#5025=DIRECTION('',(-0.128626860754671,-0.991693062742903,0.));
#5026=DIRECTION('',(0.991693062742903,-0.128626860754671,0.));
#5027=DIRECTION('',(0.,0.,-1.));
#5028=DIRECTION('',(0.,0.,-1.));
#5029=DIRECTION('',(-0.887893675793236,0.460048715340425,0.));
#5030=DIRECTION('',(-0.460048715340425,-0.887893675793236,0.));
#5031=DIRECTION('',(-0.0591365210931796,-0.998249904519402,0.));
#5032=DIRECTION('',(0.998249904519403,-0.0591365210931796,0.));
#5033=DIRECTION('',(0.,0.,-1.));
#5034=DIRECTION('',(0.,0.,-1.));
#5035=DIRECTION('',(-0.917822187557047,0.396991727908778,0.));
#5036=DIRECTION('',(-0.396991727908778,-0.917822187557047,0.));
#5037=DIRECTION('',(0.0106419257546957,-0.999943373104813,0.));
#5038=DIRECTION('',(0.999943373104813,0.0106419257546957,0.));
#5039=DIRECTION('',(0.,0.,-1.));
#5040=DIRECTION('',(0.,0.,-1.));
#5041=DIRECTION('',(-0.943279161882244,0.332000636684228,0.));
#5042=DIRECTION('',(-0.332000636684228,-0.943279161882244,0.));
#5043=DIRECTION('',(0.0803685262100162,-0.996765218090414,0.));
#5044=DIRECTION('',(0.996765218090414,0.0803685262100162,0.));
#5045=DIRECTION('',(0.,0.,-1.));
#5046=DIRECTION('',(0.,0.,-1.));
#5047=DIRECTION('',(-0.964140574948839,0.26539207173034,0.));
#5048=DIRECTION('',(-0.26539207173034,-0.964140574948839,0.));
#5049=DIRECTION('',(0.149703579284258,-0.988730923127967,0.));
#5050=DIRECTION('',(0.988730923127967,0.149703579284258,0.));
#5051=DIRECTION('',(0.,0.,-1.));
#5052=DIRECTION('',(0.,0.,-1.));
#5053=DIRECTION('',(-0.980304792049356,0.197490543280099,0.));
#5054=DIRECTION('',(-0.197490543280099,-0.980304792049356,0.));
#5055=DIRECTION('',(0.218309291568378,-0.975879630494926,0.));
#5056=DIRECTION('',(0.975879630494926,0.218309291568378,0.));
#5057=DIRECTION('',(0.,0.,-1.));
#5058=DIRECTION('',(0.,0.,-1.));
#5059=DIRECTION('',(-0.991693062742902,0.128626860754677,0.));
#5060=DIRECTION('',(-0.128626860754677,-0.991693062742902,0.));
#5061=DIRECTION('',(0.28585142292835,-0.958273950397191,0.));
#5062=DIRECTION('',(0.958273950397191,0.285851422928351,0.));
#5063=DIRECTION('',(0.,0.,-1.));
#5064=DIRECTION('',(0.,0.,-1.));
#5065=DIRECTION('',(-0.998249904519402,0.0591365210931855,0.));
#5066=DIRECTION('',(-0.0591365210931855,-0.998249904519402,0.));
#5067=DIRECTION('',(0.352000914889499,-0.935999655938481,0.));
#5068=DIRECTION('',(0.935999655938481,0.352000914889499,0.));
#5069=DIRECTION('',(0.,0.,-1.));
#5070=DIRECTION('',(0.,0.,-1.));
#5071=DIRECTION('',(-0.999943373104813,-0.0106419257546894,0.));
#5072=DIRECTION('',(0.0106419257546894,-0.999943373104813,0.));
#5073=DIRECTION('',(0.416435493776316,-0.909165265242396,0.));
#5074=DIRECTION('',(0.909165265242396,0.416435493776316,0.));
#5075=DIRECTION('',(0.,0.,-1.));
#5076=DIRECTION('',(0.,0.,-1.));
#5077=DIRECTION('',(-0.996765218090414,-0.0803685262100103,0.));
#5078=DIRECTION('',(0.0803685262100103,-0.996765218090414,0.));
#5079=DIRECTION('',(0.478841240797404,-0.877901512763022,0.));
#5080=DIRECTION('',(0.877901512763022,0.478841240797404,0.));
#5081=DIRECTION('',(0.,0.,-1.));
#5082=DIRECTION('',(0.,0.,-1.));
#5083=DIRECTION('',(-0.988730923127968,-0.149703579284252,0.));
#5084=DIRECTION('',(0.149703579284252,-0.988730923127968,0.));
#5085=DIRECTION('',(0.53891412142628,-0.842360712359819,0.));
#5086=DIRECTION('',(0.842360712359819,0.53891412142628,0.));
#5087=DIRECTION('',(0.,0.,-1.));
#5088=DIRECTION('',(0.,0.,-1.));
#5089=DIRECTION('',(-0.975879630494927,-0.218309291568372,0.));
#5090=DIRECTION('',(0.218309291568372,-0.975879630494927,0.));
#5091=DIRECTION('',(0.596361466627025,-0.802716015239801,0.));
#5092=DIRECTION('',(0.802716015239801,0.596361466627025,0.));
#5093=DIRECTION('',(0.,0.,-1.));
#5094=DIRECTION('',(0.,0.,-1.));
#5095=DIRECTION('',(-0.958273950397192,-0.285851422928345,0.));
#5096=DIRECTION('',(0.285851422928345,-0.958273950397192,0.));
#5097=DIRECTION('',(0.650903398708407,-0.759160566382267,0.));
#5098=DIRECTION('',(0.759160566382267,0.650903398708407,0.));
#5099=DIRECTION('',(0.,0.,-1.));
#5100=DIRECTION('',(0.,0.,-1.));
#5101=DIRECTION('',(-0.935999655938483,-0.352000914889494,0.));
#5102=DIRECTION('',(0.352000914889494,-0.935999655938483,0.));
#5103=DIRECTION('',(0.702274194859864,-0.711906563555871,0.));
#5104=DIRECTION('',(0.711906563555871,0.702274194859864,0.));
#5105=DIRECTION('',(0.,0.,-1.));
#5106=DIRECTION('',(0.,0.,-1.));
#5107=DIRECTION('',(-0.909165265242398,-0.416435493776311,0.));
#5108=DIRECTION('',(0.416435493776311,-0.909165265242398,0.));
#5109=DIRECTION('',(0.750223581726319,-0.661184223512429,0.));
#5110=DIRECTION('',(0.661184223512429,0.750223581726319,0.));
#5111=DIRECTION('',(0.,0.,-1.));
#5112=DIRECTION('',(0.,0.,-1.));
#5113=DIRECTION('',(-0.877901512763025,-0.478841240797398,0.));
#5114=DIRECTION('',(0.478841240797398,-0.877901512763025,0.));
#5115=DIRECTION('',(0.794517954714813,-0.60724066039404,0.));
#5116=DIRECTION('',(0.60724066039404,0.794517954714814,0.));
#5117=DIRECTION('',(0.,0.,-1.));
#5118=DIRECTION('',(0.,0.,-1.));
#5119=DIRECTION('',(-0.842360712359822,-0.538914121426274,0.));
#5120=DIRECTION('',(0.538914121426274,-0.842360712359822,0.));
#5121=DIRECTION('',(0.834941516092603,-0.550338681817829,0.));
#5122=DIRECTION('',(0.550338681817829,0.834941516092603,0.));
#5123=DIRECTION('',(0.,0.,-1.));
#5124=DIRECTION('',(0.,0.,-1.));
#5125=DIRECTION('',(-0.802716015239805,-0.59636146662702,0.));
#5126=DIRECTION('',(0.59636146662702,-0.802716015239805,0.));
#5127=DIRECTION('',(0.871297326332017,-0.490755508503653,0.));
#5128=DIRECTION('',(0.490755508503653,0.871297326332017,0.));
#5129=DIRECTION('',(0.,0.,-1.));
#5130=DIRECTION('',(0.,0.,-1.));
#5131=DIRECTION('',(-0.759160566382271,-0.650903398708403,0.));
#5132=DIRECTION('',(0.650903398708403,-0.759160566382271,0.));
#5133=DIRECTION('',(0.903408263580043,-0.428781423682617,0.));
#5134=DIRECTION('',(0.428781423682617,0.903408263580043,0.));
#5135=DIRECTION('',(0.,0.,-1.));
#5136=DIRECTION('',(0.,0.,-1.));
#5137=DIRECTION('',(-0.711906563555875,-0.70227419485986,0.));
#5138=DIRECTION('',(0.70227419485986,-0.711906563555875,0.));
#5139=DIRECTION('',(0.931117886578188,-0.364718358866358,0.));
#5140=DIRECTION('',(0.364718358866358,0.931117886578187,0.));
#5141=DIRECTION('',(0.,0.,-1.));
#5142=DIRECTION('',(0.,0.,-1.));
#5143=DIRECTION('',(-0.661184223512433,-0.750223581726315,0.));
#5144=DIRECTION('',(0.750223581726315,-0.661184223512433,0.));
#5145=DIRECTION('',(0.954291196828566,-0.298878422867063,0.));
#5146=DIRECTION('',(0.298878422867063,0.954291196828566,0.));
#5147=DIRECTION('',(0.,0.,-1.));
#5148=DIRECTION('',(0.,0.,-1.));
#5149=DIRECTION('',(-0.607240660394045,-0.79451795471481,0.));
#5150=DIRECTION('',(0.79451795471481,-0.607240660394045,0.));
#5151=DIRECTION('',(0.972815296293011,-0.231582381234715,0.));
#5152=DIRECTION('',(0.231582381234715,0.972815296293011,0.));
#5153=DIRECTION('',(0.,0.,-1.));
#5154=DIRECTION('',(0.,0.,-1.));
#5155=DIRECTION('',(-0.550338681817834,-0.8349415160926,0.));
#5156=DIRECTION('',(0.8349415160926,-0.550338681817834,0.));
#5157=DIRECTION('',(0.986599937420969,-0.16315809351957,0.));
#5158=DIRECTION('',(0.16315809351957,0.986599937420969,0.));
#5159=DIRECTION('',(0.,0.,-1.));
#5160=DIRECTION('',(0.,0.,-1.));
#5161=DIRECTION('',(-0.490755508503658,-0.871297326332014,0.));
#5162=DIRECTION('',(0.871297326332014,-0.490755508503658,0.));
#5163=DIRECTION('',(0.99557796282649,-0.0939389159733917,0.));
#5164=DIRECTION('',(0.0939389159733917,0.99557796282649,0.));
#5165=DIRECTION('',(0.,0.,-1.));
#5166=DIRECTION('',(0.,0.,-1.));
#5167=DIRECTION('',(-0.428781423682623,-0.90340826358004,0.));
#5168=DIRECTION('',(0.90340826358004,-0.428781423682623,0.));
#5169=DIRECTION('',(0.999705632472268,-0.024262077471298,0.));
#5170=DIRECTION('',(0.024262077471298,0.999705632472268,0.));
#5171=DIRECTION('',(0.,0.,-1.));
#5172=DIRECTION('',(0.,0.,-1.));
#5173=DIRECTION('',(-0.364718358866364,-0.931117886578185,0.));
#5174=DIRECTION('',(0.931117886578186,-0.364718358866364,0.));
#5175=DIRECTION('',(0.998962836766699,0.0455329634334203,0.));
#5176=DIRECTION('',(-0.0455329634334203,0.998962836766699,0.));
#5177=DIRECTION('',(0.,0.,-1.));
#5178=DIRECTION('',(0.,0.,-1.));
#5179=DIRECTION('',(-0.298878422867069,-0.954291196828564,0.));
#5180=DIRECTION('',(0.954291196828564,-0.298878422867069,0.));
#5181=DIRECTION('',(0.993353194535796,0.115106172317248,0.));
#5182=DIRECTION('',(-0.115106172317248,0.993353194535797,0.));
#5183=DIRECTION('',(0.,0.,-1.));
#5184=DIRECTION('',(0.,0.,-1.));
#5185=DIRECTION('',(-0.23158238123472,-0.97281529629301,0.));
#5186=DIRECTION('',(0.97281529629301,-0.23158238123472,0.));
#5187=DIRECTION('',(0.982904035392629,0.184118595499979,0.));
#5188=DIRECTION('',(-0.184118595499979,0.982904035392629,0.));
#5189=DIRECTION('',(0.,0.,-1.));
#5190=DIRECTION('',(0.,0.,-1.));
#5191=DIRECTION('',(-0.163158093519575,-0.986599937420968,0.));
#5192=DIRECTION('',(0.986599937420968,-0.163158093519575,0.));
#5193=DIRECTION('',(0.967666266590198,0.252234011392969,0.));
#5194=DIRECTION('',(-0.252234011392969,0.967666266590198,0.));
#5195=DIRECTION('',(0.,0.,-1.));
#5196=DIRECTION('',(0.,0.,-1.));
#5197=DIRECTION('',(-0.0939389159733982,-0.995577962826489,0.));
#5198=DIRECTION('',(0.995577962826489,-0.0939389159733982,0.));
#5199=DIRECTION('',(0.947714125006411,0.319120568536928,0.));
#5200=DIRECTION('',(-0.319120568536928,0.947714125006411,0.));
#5201=DIRECTION('',(0.,0.,-1.));
#5202=DIRECTION('',(0.,0.,-1.));
#5203=DIRECTION('',(-0.0242620774713045,-0.999705632472268,0.));
#5204=DIRECTION('',(0.999705632472268,-0.0242620774713045,0.));
#5205=DIRECTION('',(0.923144815469484,0.384452402348863,0.));
#5206=DIRECTION('',(-0.384452402348863,0.923144815469484,0.));
#5207=DIRECTION('',(0.,0.,-1.));
#5208=DIRECTION('',(0.,0.,-1.));
#5209=DIRECTION('',(0.0455329634334139,-0.998962836766699,0.));
#5210=DIRECTION('',(0.9989628367667,0.0455329634334139,0.));
#5211=DIRECTION('',(0.894078037185783,0.447911222701573,0.));
#5212=DIRECTION('',(-0.447911222701574,0.894078037185783,0.));
#5213=DIRECTION('',(0.,0.,-1.));
#5214=DIRECTION('',(0.,0.,-1.));
#5215=DIRECTION('',(0.115106172317242,-0.993353194535797,0.));
#5216=DIRECTION('',(0.993353194535797,0.115106172317242,0.));
#5217=DIRECTION('',(0.860655400577322,0.509187864601161,0.));
#5218=DIRECTION('',(-0.509187864601161,0.860655400577322,0.));
#5219=DIRECTION('',(0.,0.,-1.));
#5220=DIRECTION('',(0.,0.,-1.));
#5221=DIRECTION('',(0.184118595499973,-0.98290403539263,0.));
#5222=DIRECTION('',(0.98290403539263,0.184118595499973,0.));
#5223=DIRECTION('',(0.823039737370026,0.567983794407797,0.));
#5224=DIRECTION('',(-0.567983794407797,0.823039737370026,0.));
#5225=DIRECTION('',(0.,0.,-1.));
#5226=DIRECTION('',(0.,0.,-1.));
#5227=DIRECTION('',(0.252234011392964,-0.967666266590199,0.));
#5228=DIRECTION('',(0.967666266590199,0.252234011392964,0.));
#5229=DIRECTION('',(0.781414307293929,0.624012564261609,0.));
#5230=DIRECTION('',(-0.624012564261609,0.781414307293929,0.));
#5231=DIRECTION('',(0.,0.,-1.));
#5232=DIRECTION('',(0.,0.,-1.));
#5233=DIRECTION('',(0.319120568536923,-0.947714125006413,0.));
#5234=DIRECTION('',(0.947714125006413,0.319120568536923,0.));
#5235=DIRECTION('',(0.735981905260188,0.677001207627862,0.));
#5236=DIRECTION('',(-0.677001207627862,0.735981905260188,0.));
#5237=DIRECTION('',(0.,0.,-1.));
#5238=DIRECTION('',(0.,0.,-1.));
#5239=DIRECTION('',(0.384452402348858,-0.923144815469487,0.));
#5240=DIRECTION('',(0.923144815469487,0.384452402348858,0.));
#5241=DIRECTION('',(0.686963873364661,0.726691569162476,0.));
#5242=DIRECTION('',(-0.726691569162476,0.686963873364661,0.));
#5243=DIRECTION('',(0.,0.,-1.));
#5244=DIRECTION('',(0.,0.,-1.));
#5245=DIRECTION('',(0.447911222701569,-0.894078037185785,0.));
#5246=DIRECTION('',(0.894078037185785,0.447911222701569,0.));
#5247=DIRECTION('',(0.634599022531469,0.772841562418911,0.));
#5248=DIRECTION('',(-0.772841562418911,0.634599022531469,0.));
#5249=DIRECTION('',(0.,0.,-1.));
#5250=DIRECTION('',(0.,0.,-1.));
#5251=DIRECTION('',(0.509187864601155,-0.860655400577325,0.));
#5252=DIRECTION('',(0.860655400577325,0.509187864601155,0.));
#5253=DIRECTION('',(0.579142469050174,0.815226349269004,0.));
#5254=DIRECTION('',(-0.815226349269004,0.579142469050174,0.));
#5255=DIRECTION('',(0.,0.,-1.));
#5256=DIRECTION('',(0.,0.,-1.));
#5257=DIRECTION('',(0.567983794407791,-0.82303973737003,0.));
#5258=DIRECTION('',(0.82303973737003,0.567983794407791,0.));
#5259=DIRECTION('',(0.520864391674864,0.853639435291724,0.));
#5260=DIRECTION('',(-0.853639435291724,0.520864391674864,0.));
#5261=DIRECTION('',(0.,0.,-1.));
#5262=DIRECTION('',(0.,0.,-1.));
#5263=DIRECTION('',(0.624012564261604,-0.781414307293933,0.));
#5264=DIRECTION('',(0.781414307293933,0.624012564261604,0.));
#5265=DIRECTION('',(0.46004871534042,0.887893675793239,0.));
#5266=DIRECTION('',(-0.887893675793239,0.46004871534042,0.));
#5267=DIRECTION('',(0.,0.,-1.));
#5268=DIRECTION('',(0.,0.,-1.));
#5269=DIRECTION('',(0.677001207627858,-0.735981905260192,0.));
#5270=DIRECTION('',(0.735981905260192,0.677001207627858,0.));
#5271=DIRECTION('',(0.396991727908773,0.917822187557049,0.));
#5272=DIRECTION('',(-0.917822187557049,0.396991727908773,0.));
#5273=DIRECTION('',(0.,0.,-1.));
#5274=DIRECTION('',(0.,0.,-1.));
#5275=DIRECTION('',(0.726691569162472,-0.686963873364666,0.));
#5276=DIRECTION('',(0.686963873364666,0.726691569162472,0.));
#5277=DIRECTION('',(0.332000636684222,0.943279161882245,0.));
#5278=DIRECTION('',(-0.943279161882246,0.332000636684222,0.));
#5279=DIRECTION('',(0.,0.,-1.));
#5280=DIRECTION('',(0.,0.,-1.));
#5281=DIRECTION('',(0.772841562418908,-0.634599022531474,0.));
#5282=DIRECTION('',(0.634599022531474,0.772841562418908,0.));
#5283=DIRECTION('',(0.265392071730334,0.964140574948841,0.));
#5284=DIRECTION('',(-0.964140574948841,0.265392071730334,0.));
#5285=DIRECTION('',(0.,0.,-1.));
#5286=DIRECTION('',(0.,0.,-1.));
#5287=DIRECTION('',(0.815226349269001,-0.579142469050179,0.));
#5288=DIRECTION('',(0.579142469050179,0.815226349269001,0.));
#5289=DIRECTION('',(0.197490543280092,0.980304792049357,0.));
#5290=DIRECTION('',(-0.980304792049357,0.197490543280092,0.));
#5291=DIRECTION('',(0.,0.,-1.));
#5292=DIRECTION('',(0.,0.,-1.));
#5293=DIRECTION('',(0.853639435291721,-0.520864391674869,0.));
#5294=DIRECTION('',(0.520864391674869,0.853639435291721,0.));
#5295=DIRECTION('',(0.128626860754671,0.991693062742903,0.));
#5296=DIRECTION('',(-0.991693062742903,0.128626860754671,0.));
#5297=DIRECTION('',(0.,0.,-1.));
#5298=DIRECTION('',(0.,0.,-1.));
#5299=DIRECTION('',(0.887893675793236,-0.460048715340425,0.));
#5300=DIRECTION('',(0.460048715340425,0.887893675793236,0.));
#5301=DIRECTION('',(0.0591365210931801,0.998249904519402,0.));
#5302=DIRECTION('',(-0.998249904519402,0.0591365210931801,0.));
#5303=DIRECTION('',(0.,0.,-1.));
#5304=DIRECTION('',(0.,0.,-1.));
#5305=DIRECTION('',(0.917822187557047,-0.396991727908778,0.));
#5306=DIRECTION('',(0.396991727908779,0.917822187557047,0.));
#5307=DIRECTION('',(-0.0106419257546951,0.999943373104813,0.));
#5308=DIRECTION('',(-0.999943373104813,-0.0106419257546951,0.));
#5309=DIRECTION('',(0.,0.,-1.));
#5310=DIRECTION('',(0.,0.,-1.));
#5311=DIRECTION('',(0.943279161882243,-0.332000636684228,0.));
#5312=DIRECTION('',(0.332000636684228,0.943279161882243,0.));
#5313=DIRECTION('',(-0.0803685262100162,0.996765218090414,0.));
#5314=DIRECTION('',(-0.996765218090414,-0.0803685262100162,0.));
#5315=DIRECTION('',(0.,0.,-1.));
#5316=DIRECTION('',(0.,0.,-1.));
#5317=DIRECTION('',(0.964140574948839,-0.26539207173034,0.));
#5318=DIRECTION('',(0.26539207173034,0.964140574948839,0.));
#5319=DIRECTION('',(-0.149703579284258,0.988730923127967,0.));
#5320=DIRECTION('',(-0.988730923127967,-0.149703579284258,0.));
#5321=DIRECTION('',(0.,0.,-1.));
#5322=DIRECTION('',(0.,0.,-1.));
#5323=DIRECTION('',(0.980304792049356,-0.197490543280099,0.));
#5324=DIRECTION('',(0.197490543280099,0.980304792049356,0.));
#5325=DIRECTION('',(-0.218309291568378,0.975879630494926,0.));
#5326=DIRECTION('',(-0.975879630494926,-0.218309291568378,0.));
#5327=DIRECTION('',(0.,0.,-1.));
#5328=DIRECTION('',(0.,0.,-1.));
#5329=DIRECTION('',(0.991693062742902,-0.128626860754677,0.));
#5330=DIRECTION('',(0.128626860754677,0.991693062742902,0.));
#5331=DIRECTION('',(-0.28585142292835,0.958273950397191,0.));
#5332=DIRECTION('',(-0.958273950397191,-0.28585142292835,0.));
#5333=DIRECTION('',(0.,0.,-1.));
#5334=DIRECTION('',(0.,0.,-1.));
#5335=DIRECTION('',(0.998249904519402,-0.0591365210931856,0.));
#5336=DIRECTION('',(0.0591365210931856,0.998249904519402,0.));
#5337=DIRECTION('',(-0.3520009148895,0.935999655938481,0.));
#5338=DIRECTION('',(-0.935999655938481,-0.3520009148895,0.));
#5339=DIRECTION('',(0.,0.,-1.));
#5340=DIRECTION('',(0.,0.,-1.));
#5341=DIRECTION('',(0.999943373104813,0.0106419257546896,0.));
#5342=DIRECTION('',(-0.0106419257546896,0.999943373104813,0.));
#5343=DIRECTION('',(-0.416435493776316,0.909165265242396,0.));
#5344=DIRECTION('',(-0.909165265242396,-0.416435493776316,0.));
#5345=DIRECTION('',(0.,0.,-1.));
#5346=DIRECTION('',(0.,0.,-1.));
#5347=DIRECTION('',(0.996765218090414,0.0803685262100106,0.));
#5348=DIRECTION('',(-0.0803685262100106,0.996765218090414,0.));
#5349=DIRECTION('',(-0.478841240797404,0.877901512763022,0.));
#5350=DIRECTION('',(-0.877901512763022,-0.478841240797404,0.));
#5351=DIRECTION('',(0.,0.,-1.));
#5352=DIRECTION('',(0.,0.,-1.));
#5353=DIRECTION('',(0.988730923127968,0.149703579284252,0.));
#5354=DIRECTION('',(-0.149703579284252,0.988730923127968,0.));
#5355=DIRECTION('',(-0.538914121426279,0.842360712359819,0.));
#5356=DIRECTION('',(-0.842360712359819,-0.538914121426279,0.));
#5357=DIRECTION('',(0.,0.,-1.));
#5358=DIRECTION('',(0.,0.,-1.));
#5359=DIRECTION('',(0.975879630494927,0.218309291568371,0.));
#5360=DIRECTION('',(-0.218309291568371,0.975879630494927,0.));
#5361=DIRECTION('',(-0.596361466627024,0.802716015239801,0.));
#5362=DIRECTION('',(-0.802716015239801,-0.596361466627024,0.));
#5363=DIRECTION('',(0.,0.,-1.));
#5364=DIRECTION('',(0.,0.,-1.));
#5365=DIRECTION('',(0.958273950397193,0.285851422928344,0.));
#5366=DIRECTION('',(-0.285851422928344,0.958273950397193,0.));
#5367=DIRECTION('',(-0.650903398708407,0.759160566382267,0.));
#5368=DIRECTION('',(-0.759160566382267,-0.650903398708407,0.));
#5369=DIRECTION('',(0.,0.,-1.));
#5370=DIRECTION('',(0.935999655938484,0.352000914889494,0.));
#5371=DIRECTION('',(-0.352000914889494,0.935999655938483,0.));
#5372=DIRECTION('',(0.,0.,1.));
#5373=DIRECTION('',(1.,0.,0.));
#5374=CARTESIAN_POINT('',(0.,0.,0.));
#5375=CARTESIAN_POINT('',(2.77555756156289E-17,0.0278672051634254,0.03720637));
#5376=CARTESIAN_POINT('',(-0.142875,-0.064943304812438,0.03720637));
#5377=CARTESIAN_POINT('',(-0.140641710964009,-0.0559409450446126,0.0372038251047767));
#5378=CARTESIAN_POINT('',(-0.141769167346845,-0.0557342809673509,0.037203788276032));
#5379=CARTESIAN_POINT('',(-0.142875,-0.064943304812438,0.03720637));
#5380=CARTESIAN_POINT('',(-0.142414436726919,-0.0556796668907949,0.0372037254972451));
#5381=CARTESIAN_POINT('',(-0.142875,-0.064943304812438,0.03720637));
#5382=CARTESIAN_POINT('',(-0.143061764341181,-0.0556701075775406,0.0372037267738397));
#5383=CARTESIAN_POINT('',(-0.142875,-0.064943304812438,0.03720637));
#5384=CARTESIAN_POINT('',(-0.14370818152212,-0.0557057272417513,0.0372037280053761));
#5385=CARTESIAN_POINT('',(-0.142875,-0.064943304812438,0.03720637));
#5386=CARTESIAN_POINT('',(-0.144350539068547,-0.0557863523369647,0.0372037292166322));
#5387=CARTESIAN_POINT('',(-0.142875,-0.064943304812438,0.03720637));
#5388=CARTESIAN_POINT('',(-0.144985707424166,-0.0559115900182598,0.0372037304077698));
#5389=CARTESIAN_POINT('',(-0.142875,-0.064943304812438,0.03720637));
#5390=CARTESIAN_POINT('',(-0.145610592062025,-0.0560808300893664,0.0372037315789318));
#5391=CARTESIAN_POINT('',(-0.142875,-0.064943304812438,0.03720637));
#5392=CARTESIAN_POINT('',(-0.146222148561019,-0.0562932479758956,0.0372037327302584));
#5393=CARTESIAN_POINT('',(-0.142875,-0.064943304812438,0.03720637));
#5394=CARTESIAN_POINT('',(-0.146817397438148,-0.0565478087429787,0.0372037338618876));
#5395=CARTESIAN_POINT('',(-0.142875,-0.064943304812438,0.03720637));
#5396=CARTESIAN_POINT('',(-0.147393438664381,-0.0568432721377665,0.0372037349739543));
#5397=CARTESIAN_POINT('',(-0.142875,-0.064943304812438,0.03720637));
#5398=CARTESIAN_POINT('',(-0.147947465793388,-0.0571781986322219,0.0372037360665913));
#5399=CARTESIAN_POINT('',(-0.142875,-0.064943304812438,0.03720637));
#5400=CARTESIAN_POINT('',(-0.148476779634318,-0.0575509564367605,0.037203737139928));
#5401=CARTESIAN_POINT('',(-0.142875,-0.064943304812438,0.03720637));
#5402=CARTESIAN_POINT('',(-0.148978801402002,-0.0579597294505708,0.037203738194092));
#5403=CARTESIAN_POINT('',(-0.142875,-0.064943304812438,0.03720637));
#5404=CARTESIAN_POINT('',(-0.149451085280528,-0.0584025261098744,0.0372037392292075));
#5405=CARTESIAN_POINT('',(-0.142875,-0.064943304812438,0.03720637));
#5406=CARTESIAN_POINT('',(-0.149891330338964,-0.0588771890910145,0.0372037402453958));
#5407=CARTESIAN_POINT('',(-0.142875,-0.064943304812438,0.03720637));
#5408=CARTESIAN_POINT('',(-0.150297391741188,-0.0593814058211079,0.0372037412427756));
#5409=CARTESIAN_POINT('',(-0.142875,-0.064943304812438,0.03720637));
#5410=CARTESIAN_POINT('',(-0.150667291195215,-0.0599127197450397,0.037203742221463));
#5411=CARTESIAN_POINT('',(-0.142875,-0.064943304812438,0.03720637));
#5412=CARTESIAN_POINT('',(-0.150999226591108,-0.0604685422939102,0.0372037431815707));
#5413=CARTESIAN_POINT('',(-0.142875,-0.064943304812438,0.03720637));
#5414=CARTESIAN_POINT('',(-0.151291580780515,-0.0610461654966277,0.0372037441232086));
#5415=CARTESIAN_POINT('',(-0.142875,-0.064943304812438,0.03720637));
#5416=CARTESIAN_POINT('',(-0.151542929455076,-0.0616427751732015,0.0372037450464842));
#5417=CARTESIAN_POINT('',(-0.142875,-0.064943304812438,0.03720637));
#5418=CARTESIAN_POINT('',(-0.151752048085309,-0.0622554646454476,0.0372037459515018));
#5419=CARTESIAN_POINT('',(-0.142875,-0.064943304812438,0.03720637));
#5420=CARTESIAN_POINT('',(-0.151917917886164,-0.0628812488983198,0.0372037468383625));
#5421=CARTESIAN_POINT('',(-0.142875,-0.064943304812438,0.03720637));
#5422=CARTESIAN_POINT('',(-0.152039730780201,-0.0635170791228731,0.0372037477071648));
#5423=CARTESIAN_POINT('',(-0.142875,-0.064943304812438,0.03720637));
#5424=CARTESIAN_POINT('',(-0.152116893334199,-0.0641598575699927,0.0372037485580042));
#5425=CARTESIAN_POINT('',(-0.142875,-0.064943304812438,0.03720637));
#5426=CARTESIAN_POINT('',(-0.152149029650024,-0.0648064526425354,0.0372037493909734));
#5427=CARTESIAN_POINT('',(-0.142875,-0.064943304812438,0.03720637));
#5428=CARTESIAN_POINT('',(-0.152135983195681,-0.0654537141523482,0.0372037502061617));
#5429=CARTESIAN_POINT('',(-0.142875,-0.064943304812438,0.03720637));
#5430=CARTESIAN_POINT('',(-0.152077817567616,-0.0660984886678386,0.037203751003656));
#5431=CARTESIAN_POINT('',(-0.142875,-0.064943304812438,0.03720637));
#5432=CARTESIAN_POINT('',(-0.151974816180575,-0.0667376348773147,0.03720375178354));
#5433=CARTESIAN_POINT('',(-0.142875,-0.064943304812438,0.03720637));
#5434=CARTESIAN_POINT('',(-0.151827480886516,-0.0673680388932522,0.0372037525458945));
#5435=CARTESIAN_POINT('',(-0.142875,-0.064943304812438,0.03720637));
#5436=CARTESIAN_POINT('',(-0.151636529529318,-0.067986629422929,0.0372037532907966));
#5437=CARTESIAN_POINT('',(-0.142875,-0.064943304812438,0.03720637));
#5438=CARTESIAN_POINT('',(-0.15140289244719,-0.0685903927315194,0.0372037540183216));
#5439=CARTESIAN_POINT('',(-0.142875,-0.064943304812438,0.03720637));
#5440=CARTESIAN_POINT('',(-0.151127707939839,-0.0691763873247353,0.0372037547285408));
#5441=CARTESIAN_POINT('',(-0.142875,-0.064943304812438,0.03720637));
#5442=CARTESIAN_POINT('',(-0.150812316722467,-0.069741758279498,0.0372037554215224));
#5443=CARTESIAN_POINT('',(-0.142875,-0.064943304812438,0.03720637));
#5444=CARTESIAN_POINT('',(-0.150458255393619,-0.0702837511528205,0.0372037560973316));
#5445=CARTESIAN_POINT('',(-0.142875,-0.064943304812438,0.03720637));
#5446=CARTESIAN_POINT('',(-0.150067518240027,-0.0707995720323839,0.03720375705459));
#5447=CARTESIAN_POINT('',(-0.142875,-0.064943304812438,0.03720637));
#5448=CARTESIAN_POINT('',(-0.149641473865836,-0.0712870342854788,0.0372037526097262));
#5449=CARTESIAN_POINT('',(-0.142875,-0.064943304812438,0.03720637));
#5450=CARTESIAN_POINT('',(-0.149182463526997,-0.071743588964928,0.0372037481334705));
#5451=CARTESIAN_POINT('',(-0.142875,-0.064943304812438,0.03720637));
#5452=CARTESIAN_POINT('',(-0.148692723840721,-0.0721670117321416,0.0372037437275443));
#5453=CARTESIAN_POINT('',(-0.142875,-0.064943304812438,0.03720637));
#5454=CARTESIAN_POINT('',(-0.148174640883379,-0.0725552397585691,0.0372037393943025));
#5455=CARTESIAN_POINT('',(-0.142875,-0.064943304812438,0.03720637));
#5456=CARTESIAN_POINT('',(-0.147630738810422,-0.0729063816883814,0.0372037351359314));
#5457=CARTESIAN_POINT('',(-0.142875,-0.064943304812438,0.03720637));
#5458=CARTESIAN_POINT('',(-0.147063667558706,-0.0732187268522515,0.0372037309545278));
#5459=CARTESIAN_POINT('',(-0.142875,-0.064943304812438,0.03720637));
#5460=CARTESIAN_POINT('',(-0.146476189935895,-0.0734907536008835,0.0372037268520996));
#5461=CARTESIAN_POINT('',(-0.142875,-0.064943304812438,0.03720637));
#5462=CARTESIAN_POINT('',(-0.145871168160021,-0.0737211367176407,0.0372037228305656));
#5463=CARTESIAN_POINT('',(-0.142875,-0.064943304812438,0.03720637));
#5464=CARTESIAN_POINT('',(-0.145251548852231,-0.0739087542520775,0.0372037199984027));
#5465=CARTESIAN_POINT('',(-0.142875,-0.064943304812438,0.03720637));
#5466=CARTESIAN_POINT('',(-0.144620346494299,-0.0740526931504112,0.0372037226565565));
#5467=CARTESIAN_POINT('',(-0.142875,-0.064943304812438,0.03720637));
#5468=CARTESIAN_POINT('',(-0.143980641580062,-0.0741522499571924,0.037203725231863));
#5469=CARTESIAN_POINT('',(-0.142875,-0.064943304812438,0.03720637));
#5470=CARTESIAN_POINT('',(-0.143335550829533,-0.0742069397478771,0.0372037277247761));
#5471=CARTESIAN_POINT('',(-0.142875,-0.064943304812438,0.03720637));
#5472=CARTESIAN_POINT('',(-0.142688217185273,-0.0742164961941345,0.0372037301364884));
#5473=CARTESIAN_POINT('',(-0.142875,-0.064943304812438,0.03720637));
#5474=CARTESIAN_POINT('',(-0.142041794504189,-0.0741808728602167,0.0372037324681568));
#5475=CARTESIAN_POINT('',(-0.142875,-0.064943304812438,0.03720637));
#5476=CARTESIAN_POINT('',(-0.14139943219189,-0.0741002434279248,0.0372037347208987));
#5477=CARTESIAN_POINT('',(-0.142875,-0.064943304812438,0.03720637));
#5478=CARTESIAN_POINT('',(-0.140764259858842,-0.0739750008491762,0.03720373689579));
#5479=CARTESIAN_POINT('',(-0.142875,-0.064943304812438,0.03720637));
#5480=CARTESIAN_POINT('',(-0.140139372073078,-0.0738057554303083,0.0372037389938641));
#5481=CARTESIAN_POINT('',(-0.142875,-0.064943304812438,0.03720637));
#5482=CARTESIAN_POINT('',(-0.139527813283748,-0.0735933318574727,0.0372037410161094));
#5483=CARTESIAN_POINT('',(-0.142875,-0.064943304812438,0.03720637));
#5484=CARTESIAN_POINT('',(-0.13893256298895,-0.0733387651776053,0.0372037429634698));
#5485=CARTESIAN_POINT('',(-0.142875,-0.064943304812438,0.03720637));
#5486=CARTESIAN_POINT('',(-0.138356521220103,-0.0730432957545779,0.0372037448368427));
#5487=CARTESIAN_POINT('',(-0.142875,-0.064943304812438,0.03720637));
#5488=CARTESIAN_POINT('',(-0.137802494413571,-0.0727083632251003,0.0372037466370798));
#5489=CARTESIAN_POINT('',(-0.142875,-0.064943304812438,0.03720637));
#5490=CARTESIAN_POINT('',(-0.137273181738378,-0.0723355994838395,0.0372037483649858));
#5491=CARTESIAN_POINT('',(-0.142875,-0.064943304812438,0.03720637));
#5492=CARTESIAN_POINT('',(-0.136771161946598,-0.0719268207319261,0.0372037500213186));
#5493=CARTESIAN_POINT('',(-0.142875,-0.064943304812438,0.03720637));
#5494=CARTESIAN_POINT('',(-0.136298880810494,-0.0714840186276065,0.0372037516067889));
#5495=CARTESIAN_POINT('',(-0.142875,-0.064943304812438,0.03720637));
#5496=CARTESIAN_POINT('',(-0.135858639207592,-0.0710093505821473,0.03720375312206));
#5497=CARTESIAN_POINT('',(-0.142875,-0.064943304812438,0.03720637));
#5498=CARTESIAN_POINT('',(-0.135452581911737,-0.0705051292482905,0.037203754567747));
#5499=CARTESIAN_POINT('',(-0.142875,-0.064943304812438,0.03720637));
#5500=CARTESIAN_POINT('',(-0.135082687144735,-0.0699738112524625,0.0372037559444155));
#5501=CARTESIAN_POINT('',(-0.142875,-0.064943304812438,0.03720637));
#5502=CARTESIAN_POINT('',(-0.134750799226465,-0.0694182861046751,0.0372037535482624));
#5503=CARTESIAN_POINT('',(-0.142875,-0.064943304812438,0.03720637));
#5504=CARTESIAN_POINT('',(-0.134458432986481,-0.0688406470673894,0.0372037447326669));
#5505=CARTESIAN_POINT('',(-0.142875,-0.064943304812438,0.03720637));
#5506=CARTESIAN_POINT('',(-0.134207074348355,-0.068244021860633,0.0372037361063361));
#5507=CARTESIAN_POINT('',(-0.142875,-0.064943304812438,0.03720637));
#5508=CARTESIAN_POINT('',(-0.133997947625061,-0.067631317583411,0.0372037277858937));
#5509=CARTESIAN_POINT('',(-0.142875,-0.064943304812438,0.03720637));
#5510=CARTESIAN_POINT('',(-0.133832071389003,-0.0670055193838818,0.0372037197872819));
#5511=CARTESIAN_POINT('',(-0.142875,-0.064943304812438,0.03720637));
#5512=CARTESIAN_POINT('',(-0.133710250598967,-0.0663696637308434,0.0372037246483383));
#5513=CARTESIAN_POINT('',(-0.142875,-0.064943304812438,0.03720637));
#5514=CARTESIAN_POINT('',(-0.133633083373775,-0.0657268607467937,0.0372037295905952));
#5515=CARTESIAN_POINT('',(-0.142875,-0.064943304812438,0.03720637));
#5516=CARTESIAN_POINT('',(-0.133600945386274,-0.0650802427501245,0.0372037342115712));
#5517=CARTESIAN_POINT('',(-0.142875,-0.064943304812438,0.03720637));
#5518=CARTESIAN_POINT('',(-0.133613992794521,-0.0644329601870014,0.0372037385200657));
#5519=CARTESIAN_POINT('',(-0.142875,-0.064943304812438,0.03720637));
#5520=CARTESIAN_POINT('',(-0.133672161612597,-0.0637881666913733,0.0372037425242514));
#5521=CARTESIAN_POINT('',(-0.142875,-0.064943304812438,0.03720637));
#5522=CARTESIAN_POINT('',(-0.133775168027493,-0.0631490037220659,0.0372037462315832));
#5523=CARTESIAN_POINT('',(-0.142875,-0.064943304812438,0.03720637));
#5524=CARTESIAN_POINT('',(-0.133922509786675,-0.062518585259399,0.0372037496487762));
#5525=CARTESIAN_POINT('',(-0.142875,-0.064943304812438,0.03720637));
#5526=CARTESIAN_POINT('',(-0.1341134686495,-0.0618999826361283,0.0372037527817966));
#5527=CARTESIAN_POINT('',(-0.142875,-0.064943304812438,0.03720637));
#5528=CARTESIAN_POINT('',(-0.134347113890442,-0.0612962095765742,0.0372037556358488));
#5529=CARTESIAN_POINT('',(-0.142875,-0.064943304812438,0.03720637));
#5530=CARTESIAN_POINT('',(-0.134622092137649,-0.0607104055644689,0.0372037466564686));
#5531=CARTESIAN_POINT('',(-0.142875,-0.064943304812438,0.03720637));
#5532=CARTESIAN_POINT('',(-0.134937505697794,-0.0601450030528067,0.0372037296671231));
#5533=CARTESIAN_POINT('',(-0.142875,-0.064943304812438,0.03720637));
#5534=CARTESIAN_POINT('',(-0.135291593566512,-0.0596029758756921,0.0372037234695475));
#5535=CARTESIAN_POINT('',(-0.142875,-0.064943304812438,0.03720637));
#5536=CARTESIAN_POINT('',(-0.135682635026381,-0.05908696132997,0.0372037331799013));
#5537=CARTESIAN_POINT('',(-0.142875,-0.064943304812438,0.03720637));
#5538=CARTESIAN_POINT('',(-0.136108715947453,-0.0585994883615527,0.0372037416336278));
#5539=CARTESIAN_POINT('',(-0.142875,-0.064943304812438,0.03720637));
#5540=CARTESIAN_POINT('',(-0.136567759256364,-0.0581429309141297,0.037203748892175));
#5541=CARTESIAN_POINT('',(-0.142875,-0.064943304812438,0.03720637));
#5542=CARTESIAN_POINT('',(-0.137057527477954,-0.0577195121863171,0.0372037550077132));
#5543=CARTESIAN_POINT('',(-0.142875,-0.064943304812438,0.03720637));
#5544=CARTESIAN_POINT('',(-0.137575372051589,-0.0573313690083246,0.0372037342166272));
#5545=CARTESIAN_POINT('',(-0.142875,-0.064943304812438,0.03720637));
#5546=CARTESIAN_POINT('',(-0.138119359595341,-0.0569802123108558,0.0372037304112945));
#5547=CARTESIAN_POINT('',(-0.142875,-0.064943304812438,0.03720637));
#5548=CARTESIAN_POINT('',(-0.138686514695784,-0.0566678569494272,0.0372037465942716));
#5549=CARTESIAN_POINT('',(-0.142875,-0.064943304812438,0.03720637));
#5550=CARTESIAN_POINT('',(-0.139274052169416,-0.0563958352905039,0.0372037581176422));
#5551=CARTESIAN_POINT('',(-0.142875,-0.064943304812438,0.03720637));
#5552=CARTESIAN_POINT('',(-0.139879108412764,-0.0561654665283109,0.037203765287309));
#5553=CARTESIAN_POINT('',(-0.142875,-0.064943304812438,0.03720637));
#5554=CARTESIAN_POINT('',(-0.140498732760403,-0.05597786786436,0.0372037653087724));
#5555=CARTESIAN_POINT('',(-0.142875,-0.064943304812438,0.03720637));
#5556=CARTESIAN_POINT('',(2.77555756156289E-17,0.0278672051634254,0.02020637));
#5557=CARTESIAN_POINT('',(-0.142875,-0.064943304812438,0.02020637));
#5558=CARTESIAN_POINT('',(-0.1336,-0.064943304812438,0.02020637));
#5559=CARTESIAN_POINT('',(-0.142875,-0.0647595348124384,0.02020637));
#5560=CARTESIAN_POINT('',(-0.139875,-0.0647595348124384,0.02020637));
#5561=CARTESIAN_POINT('',(2.77555756156289E-17,0.0278672051634254,0.03420637));
#5562=CARTESIAN_POINT('',(-0.142875,-0.0661887148124385,0.03420637));
#5563=CARTESIAN_POINT('',(-0.145512696822533,-0.0661887148124385,0.03420637));
#5564=CARTESIAN_POINT('',(-0.140237303177467,-0.0661887148124385,0.03420637));
#5565=CARTESIAN_POINT('',(-0.142875,-0.0647595348124384,0.03420637));
#5566=CARTESIAN_POINT('',(2.77555756156289E-17,0.0278672051634254,0.02420637));
#5567=CARTESIAN_POINT('',(-0.142875,-0.0647595348124384,0.02420637));
#5568=CARTESIAN_POINT('',(-0.145512696822533,-0.0661887148124385,0.02420637));
#5569=CARTESIAN_POINT('',(-0.140237303177467,-0.0661887148124385,0.02420637));
#5570=CARTESIAN_POINT('',(-0.142875,-0.0661887148124385,0.02420637));
#5571=CARTESIAN_POINT('',(-0.142875,-0.0661887148124385,0.03420637));
#5572=CARTESIAN_POINT('',(-0.145512696822533,-0.0661887148124385,0.03420637));
#5573=CARTESIAN_POINT('',(-0.140237303177467,-0.0661887148124385,0.03420637));
#5574=CARTESIAN_POINT('',(-0.142875,-0.0647595348124384,0.03420637));
#5575=CARTESIAN_POINT('',(-0.141413656581974,-0.0553832732294209,0.03720274));
#5576=CARTESIAN_POINT('',(-0.141473694865085,-0.0554424991715472,0.03720274));
#5577=CARTESIAN_POINT('',(-0.141473694865085,-0.0554424991715472,0.03720274));
#5578=CARTESIAN_POINT('',(-0.141473694865085,-0.0554424991715472,0.0213047290570175));
#5579=CARTESIAN_POINT('',(-0.141413656581974,-0.0553832732294209,0.03720274));
#5580=CARTESIAN_POINT('',(-0.141057703300196,-0.055032136131991,0.03720274));
#5581=CARTESIAN_POINT('',(-0.141057703300196,-0.055032136131991,0.03720274));
#5582=CARTESIAN_POINT('',(-0.141057703300196,-0.055032136131991,0.0218074188559025));
#5583=CARTESIAN_POINT('',(-0.141057703300196,-0.055032136131991,0.0218074188559026));
#5584=CARTESIAN_POINT('',(-0.141215658234144,-0.0551879538751346,0.0216713544598565));
#5585=CARTESIAN_POINT('',(-0.141355735730709,-0.0553261360694758,0.0215060994166233));
#5586=CARTESIAN_POINT('',(-0.141473694865085,-0.0554424991715471,0.0213047290570174));
#5587=CARTESIAN_POINT('',(-0.140849485553308,-0.0554867187646122,0.03720274));
#5588=CARTESIAN_POINT('',(-0.140814365674727,-0.0555633927614308,0.03720274));
#5589=CARTESIAN_POINT('',(-0.140814365674727,-0.0555633927614308,0.0213047290570175));
#5590=CARTESIAN_POINT('',(-0.140814365674727,-0.0555633927614308,0.03720274));
#5591=CARTESIAN_POINT('',(-0.140814365674727,-0.0555633927614308,0.0213047290570175));
#5592=CARTESIAN_POINT('',(-0.14088336682303,-0.0554127489084551,0.0215060994166234));
#5593=CARTESIAN_POINT('',(-0.140965306285924,-0.0552338580246809,0.0216713544598564));
#5594=CARTESIAN_POINT('',(-0.141057703300196,-0.0550321361319908,0.0218074188559024));
#5595=CARTESIAN_POINT('',(-0.140849485553308,-0.0554867187646122,0.03720274));
#5596=CARTESIAN_POINT('',(2.77555756156289E-17,0.0278672051634254,0.03720274));
#5597=CARTESIAN_POINT('',(-0.14075034224898,-0.0555084991496423,0.03720274));
#5598=CARTESIAN_POINT('',(-0.140370761965789,-0.0551830474502882,0.03720274));
#5599=CARTESIAN_POINT('',(-0.141514077701052,-0.0553684617876194,0.03720274));
#5600=CARTESIAN_POINT('',(-0.141753498321451,-0.0549295110312379,0.03720274));
#5601=CARTESIAN_POINT('',(-0.142084090433207,-0.055304622822101,0.03720274));
#5602=CARTESIAN_POINT('',(-0.142139851073201,-0.0553678925517284,0.03720274));
#5603=CARTESIAN_POINT('',(-0.142185300125438,-0.0552968524833836,0.03720274));
#5604=CARTESIAN_POINT('',(-0.142454757186151,-0.0548756721272036,0.03720274));
#5605=CARTESIAN_POINT('',(-0.142758377516348,-0.055272931104561,0.03720274));
#5606=CARTESIAN_POINT('',(-0.142809588852992,-0.0553399363779267,0.03720274));
#5607=CARTESIAN_POINT('',(-0.142859882698283,-0.0552722397252369,0.03720274));
#5608=CARTESIAN_POINT('',(-0.143158063431597,-0.054870881717617,0.03720274));
#5609=CARTESIAN_POINT('',(-0.143433232772506,-0.0552883524756633,0.03720274));
#5610=CARTESIAN_POINT('',(-0.143479645309315,-0.0553587668498107,0.03720274));
#5611=CARTESIAN_POINT('',(-0.143534538921104,-0.055294743424063,0.03720274));
#5612=CARTESIAN_POINT('',(-0.143859990620458,-0.0549151631408719,0.03720274));
#5613=CARTESIAN_POINT('',(-0.14410536837471,-0.0553508118040379,0.03720274));
#5614=CARTESIAN_POINT('',(-0.144146755994471,-0.0554242922272142,0.03720274));
#5615=CARTESIAN_POINT('',(-0.144205981936597,-0.0553642539441033,0.03720274));
#5616=CARTESIAN_POINT('',(-0.144557119034027,-0.0550083006623254,0.03720274));
#5617=CARTESIAN_POINT('',(-0.144771509745868,-0.0554600047941154,0.03720274));
#5618=CARTESIAN_POINT('',(-0.144807670812258,-0.0555361932770852,0.03720274));
#5619=CARTESIAN_POINT('',(-0.144870940541885,-0.0554804326370913,0.03720274));
#5620=CARTESIAN_POINT('',(-0.145246052332748,-0.0551498405253351,0.03720274));
#5621=CARTESIAN_POINT('',(-0.145428411512181,-0.0556153994686242,0.03720274));
#5622=CARTESIAN_POINT('',(-0.145459169852119,-0.0556939248287568,0.03720274));
#5623=CARTESIAN_POINT('',(-0.145526175125484,-0.055642713492113,0.03720274));
#5624=CARTESIAN_POINT('',(-0.145923434102842,-0.055339093161916,0.03720274));
#5625=CARTESIAN_POINT('',(-0.146072873314275,-0.0558162387603303,0.03720274));
#5626=CARTESIAN_POINT('',(-0.14609807907622,-0.0558967184299645,0.03720274));
#5627=CARTESIAN_POINT('',(-0.146168493450367,-0.0558503058931552,0.03720274));
#5628=CARTESIAN_POINT('',(-0.146585964208414,-0.0555751365522463,0.03720274));
#5629=CARTESIAN_POINT('',(-0.146701755399031,-0.0560615442003928,0.03720274));
#5630=CARTESIAN_POINT('',(-0.146721285783044,-0.056143586090668,0.03720274));
#5631=CARTESIAN_POINT('',(-0.146794766206221,-0.056102198470907,0.03720274));
#5632=CARTESIAN_POINT('',(-0.147230414869387,-0.0558568207166552,0.03720274));
#5633=CARTESIAN_POINT('',(-0.147311993916147,-0.0563501206853656,0.03720274));
#5634=CARTESIAN_POINT('',(-0.147325753772161,-0.0564333250964392,0.03720274));
#5635=CARTESIAN_POINT('',(-0.147401942255131,-0.0563971640300499,0.03720274));
#5636=CARTESIAN_POINT('',(-0.147853646386921,-0.0561827733182086,0.03720274));
#5637=CARTESIAN_POINT('',(-0.147900615844908,-0.0566805622996218,0.03720274));
#5638=CARTESIAN_POINT('',(-0.147908538136289,-0.0567645238679667,0.03720274));
#5639=CARTESIAN_POINT('',(-0.147987063496421,-0.0567337655280295,0.03720274));
#5640=CARTESIAN_POINT('',(-0.14845262243971,-0.0565514063485963,0.03720274));
#5641=CARTESIAN_POINT('',(-0.148464753478446,-0.0570512591648324,0.03720274));
#5642=CARTESIAN_POINT('',(-0.148466799608585,-0.0571355688381274,0.03720274));
#5643=CARTESIAN_POINT('',(-0.14854727927822,-0.0571103630761827,0.03720274));
#5644=CARTESIAN_POINT('',(-0.149024424876634,-0.0569609238647492,0.03720274));
#5645=CARTESIAN_POINT('',(-0.149001658394917,-0.0574604052831326,0.03720274));
#5646=CARTESIAN_POINT('',(-0.148997818395275,-0.0575446523131241,0.03720274));
#5647=CARTESIAN_POINT('',(-0.14907986028555,-0.0575251219291105,0.03720274));
#5648=CARTESIAN_POINT('',(-0.149566267933697,-0.0574093307384931,0.03720274));
#5649=CARTESIAN_POINT('',(-0.149508714847538,-0.057906007335761,0.03720274));
#5650=CARTESIAN_POINT('',(-0.149499007426206,-0.0579897812793875,0.03720274));
#5651=CARTESIAN_POINT('',(-0.14958221183728,-0.0579760214233726,0.03720274));
#5652=CARTESIAN_POINT('',(-0.15007551180599,-0.0578944423766129,0.03720274));
#5653=CARTESIAN_POINT('',(-0.14998345250824,-0.0583858943943092,0.03720274));
#5654=CARTESIAN_POINT('',(-0.1499679249588,-0.0584687871133382,0.03720274));
#5655=CARTESIAN_POINT('',(-0.150051886527145,-0.0584608648219574,0.03720274));
#5656=CARTESIAN_POINT('',(-0.150549675508558,-0.0584138953639708,0.03720274));
#5657=CARTESIAN_POINT('',(-0.150423558502861,-0.0588977284972658,0.03720274));
#5658=CARTESIAN_POINT('',(-0.150402286473972,-0.0589793361467026,0.03720274));
#5659=CARTESIAN_POINT('',(-0.150486596147268,-0.0589772900165633,0.03720274));
#5660=CARTESIAN_POINT('',(-0.150986448963503,-0.0589651589778277,0.03720274));
#5661=CARTESIAN_POINT('',(-0.150826888679235,-0.0594390160403309,0.03720274));
#5662=CARTESIAN_POINT('',(-0.150799975806084,-0.0595189410359105,0.03720274));
#5663=CARTESIAN_POINT('',(-0.150884222836075,-0.0595227810355529,0.03720274));
#5664=CARTESIAN_POINT('',(-0.151383704254459,-0.0595455475172697,0.03720274));
#5665=CARTESIAN_POINT('',(-0.151191478053284,-0.0600071199250044,0.03720274));
#5666=CARTESIAN_POINT('',(-0.151159055452684,-0.0600849728801825,0.03720274));
#5667=CARTESIAN_POINT('',(-0.15124282939631,-0.0600946803015144,0.03720274));
#5668=CARTESIAN_POINT('',(-0.151739505993578,-0.060152233387673,0.03720274));
#5669=CARTESIAN_POINT('',(-0.151515550382228,-0.0605992724062659,0.03720274));
#5670=CARTESIAN_POINT('',(-0.151477776013829,-0.0606746740292706,0.03720274));
#5671=CARTESIAN_POINT('',(-0.151560668732858,-0.0606902015787111,0.03720274));
#5672=CARTESIAN_POINT('',(-0.152052120750554,-0.0607822608764611,0.03720274));
#5673=CARTESIAN_POINT('',(-0.151797526818254,-0.0612125885767497,0.03720274));
#5674=CARTESIAN_POINT('',(-0.151754584714983,-0.061285171518453,0.03720274));
#5675=CARTESIAN_POINT('',(-0.15183619236442,-0.061306443547342,0.03720274));
#5676=CARTESIAN_POINT('',(-0.152320025497715,-0.0614325605530385,0.03720274));
#5677=CARTESIAN_POINT('',(-0.152036033600511,-0.0618440804217235,0.03720274));
#5678=CARTESIAN_POINT('',(-0.151988132971978,-0.0619134910653295,0.03720274));
#5679=CARTESIAN_POINT('',(-0.152068057967557,-0.0619404039384805,0.03720274));
#5680=CARTESIAN_POINT('',(-0.152541915030061,-0.062099964222749,0.03720274));
#5681=CARTESIAN_POINT('',(-0.15222990874793,-0.0624906713763959,0.03720274));
#5682=CARTESIAN_POINT('',(-0.152177282961182,-0.0625565715602261,0.03720274));
#5683=CARTESIAN_POINT('',(-0.152255135916361,-0.0625889941608264,0.03720274));
#5684=CARTESIAN_POINT('',(-0.152716708324096,-0.0627812203620008,0.03720274));
#5685=CARTESIAN_POINT('',(-0.152378207720281,-0.0631492113146309,0.03720274));
#5686=CARTESIAN_POINT('',(-0.152321113162862,-0.0632112799796138,0.03720274));
#5687=CARTESIAN_POINT('',(-0.152396514785867,-0.0632490543480124,0.03720274));
#5688=CARTESIAN_POINT('',(-0.15284355380446,-0.0634730099593632,0.03720274));
#5689=CARTESIAN_POINT('',(-0.152480208019878,-0.0638164918960455,0.03720274));
#5690=CARTESIAN_POINT('',(-0.152418922850732,-0.0638744266498845,0.03720274));
#5691=CARTESIAN_POINT('',(-0.152491505792436,-0.0639173687531556,0.03720274));
#5692=CARTESIAN_POINT('',(-0.152921833492725,-0.0641719626854562,0.03720274));
#5693=CARTESIAN_POINT('',(-0.152535412711515,-0.0644892621967219,0.03720274));
#5694=CARTESIAN_POINT('',(-0.152470235505826,-0.06454278078712,0.03720274));
#5695=CARTESIAN_POINT('',(-0.152539646149432,-0.0645906814156529,0.03720274));
#5696=CARTESIAN_POINT('',(-0.152951166018117,-0.0648746733128568,0.03720274));
#5697=CARTESIAN_POINT('',(-0.152543552843483,-0.0651642445473819,0.03720274));
#5698=CARTESIAN_POINT('',(-0.152474801138045,-0.0652130862371462,0.03720274));
#5699=CARTESIAN_POINT('',(-0.152540701321875,-0.0652657120238938,0.03720274));
#5700=CARTESIAN_POINT('',(-0.152931408475522,-0.0655777183060246,0.03720274));
#5701=CARTESIAN_POINT('',(-0.152504588757876,-0.0658381505018621,0.03720274));
#5702=CARTESIAN_POINT('',(-0.152432597504087,-0.0658820773391897,0.03720274));
#5703=CARTESIAN_POINT('',(-0.152494666169071,-0.0659391718966088,0.03720274));
#5704=CARTESIAN_POINT('',(-0.1528626571217,-0.0662776725004227,0.03720274));
#5705=CARTESIAN_POINT('',(-0.152418710283804,-0.0665076968580929,0.03720274));
#5706=CARTESIAN_POINT('',(-0.152343830215816,-0.0665464948358478,0.03720274));
#5707=CARTESIAN_POINT('',(-0.152401764969655,-0.0666077800049939,0.03720274));
#5708=CARTESIAN_POINT('',(-0.152745246906338,-0.0669711257895751,0.03720274));
#5709=CARTESIAN_POINT('',(-0.15228633581256,-0.0671696216535295,0.03720274));
#5710=CARTESIAN_POINT('',(-0.152208931738538,-0.067203101751864,0.03720274));
#5711=CARTESIAN_POINT('',(-0.152262450328935,-0.0672682789575533,0.03720274));
#5712=CARTESIAN_POINT('',(-0.152579749840202,-0.0676546997387627,0.03720274));
#5713=CARTESIAN_POINT('',(-0.152108110259261,-0.0678207000571048,0.03720274));
#5714=CARTESIAN_POINT('',(-0.152028559284072,-0.0678486991643454,0.03720274));
#5715=CARTESIAN_POINT('',(-0.152077400973836,-0.0679174508697832,0.03720274));
#5716=CARTESIAN_POINT('',(-0.152366972208362,-0.0683250640444177,0.03720274));
#5717=CARTESIAN_POINT('',(-0.151884901920887,-0.0684577600802829,0.03720274));
#5718=CARTESIAN_POINT('',(-0.151803591608888,-0.0684801417875934,0.03720274));
#5719=CARTESIAN_POINT('',(-0.151847518446215,-0.0685521330413819,0.03720274));
#5720=CARTESIAN_POINT('',(-0.152107950642053,-0.0689789527590278,0.03720274));
#5721=CARTESIAN_POINT('',(-0.151617798246028,-0.0690776980306679,0.03720274));
#5722=CARTESIAN_POINT('',(-0.151535124732883,-0.0690943532966201,0.03720274));
#5723=CARTESIAN_POINT('',(-0.151573922710638,-0.0691692333646074,0.03720274));
#5724=CARTESIAN_POINT('',(-0.151803947068308,-0.069613180202504,0.03720274));
#5725=CARTESIAN_POINT('',(-0.151308100536936,-0.0696774936328814,0.03720274));
#5726=CARTESIAN_POINT('',(-0.151224466599692,-0.0696883413146938,0.03720274));
#5727=CARTESIAN_POINT('',(-0.151257946698027,-0.0697657453887155,0.03720274));
#5728=CARTESIAN_POINT('',(-0.151456442561982,-0.070224656482494,0.03720274));
#5729=CARTESIAN_POINT('',(-0.150957317609722,-0.0702542247430406,0.03720274));
#5730=CARTESIAN_POINT('',(-0.150873130704514,-0.0702592119918979,0.03720274));
#5731=CARTESIAN_POINT('',(-0.150901129811754,-0.0703387629670861,0.03720274));
#5732=CARTESIAN_POINT('',(-0.151067130130097,-0.0708104025480272,0.03720274));
#5733=CARTESIAN_POINT('',(-0.150567158443544,-0.0708050815851499,0.03720274));
#5734=CARTESIAN_POINT('',(-0.150482828720512,-0.0708041841036768,0.03720274));
#5735=CARTESIAN_POINT('',(-0.150505210427823,-0.0708854944156767,0.03720274));
#5736=CARTESIAN_POINT('',(-0.150637906463687,-0.0713675647031511,0.03720274));
#5737=CARTESIAN_POINT('',(-0.150139523854643,-0.0713273804400461,0.03720274));
#5738=CARTESIAN_POINT('',(-0.150055462159721,-0.0713206026006823,0.03720274));
#5739=CARTESIAN_POINT('',(-0.150072117425673,-0.0714032761138271,0.03720274));
#5740=CARTESIAN_POINT('',(-0.150170862697313,-0.0718934285098518,0.03720274));
#5741=CARTESIAN_POINT('',(-0.149676497235749,-0.0718185767202097,0.03720274));
#5742=CARTESIAN_POINT('',(-0.149593113109064,-0.0718059515439072,0.03720274));
#5743=CARTESIAN_POINT('',(-0.149603960790876,-0.0718895854811513,0.03720274));
#5744=CARTESIAN_POINT('',(-0.149668274221254,-0.0723854320125228,0.03720274));
#5745=CARTESIAN_POINT('',(-0.149180334406006,-0.0722762773667386,0.03720274));
#5746=CARTESIAN_POINT('',(-0.149098034086642,-0.0722578663620873,0.03720274));
#5747=CARTESIAN_POINT('',(-0.1491030213355,-0.0723420532672952,0.03720274));
#5748=CARTESIAN_POINT('',(-0.149132589596046,-0.0728411782195549,0.03720274));
#5749=CARTESIAN_POINT('',(-0.148653452620848,-0.0726982525080907,0.03720274));
#5750=CARTESIAN_POINT('',(-0.148572637067688,-0.0726741453716546,0.03720274));
#5751=CARTESIAN_POINT('',(-0.148571739586215,-0.0727584750946866,0.03720274));
#5752=CARTESIAN_POINT('',(-0.148566418623338,-0.073258446781239,0.03720274));
#5753=CARTESIAN_POINT('',(-0.148098418795368,-0.0730824463237943,0.03720274));
#5754=CARTESIAN_POINT('',(-0.148019481733664,-0.0730527605031188,0.03720274));
#5755=CARTESIAN_POINT('',(-0.148012703894301,-0.073136822198041,0.03720274));
#5756=CARTESIAN_POINT('',(-0.147972519631195,-0.0736352048070863,0.03720274));
#5757=CARTESIAN_POINT('',(-0.147517936998574,-0.0734269870601981,0.03720274));
#5758=CARTESIAN_POINT('',(-0.147441263001756,-0.0733918671816176,0.03720274));
#5759=CARTESIAN_POINT('',(-0.147428637825453,-0.0734752513083023,0.03720274));
#5760=CARTESIAN_POINT('',(-0.147353786035811,-0.0739696167698663,0.03720274));
#5761=CARTESIAN_POINT('',(-0.14691483527943,-0.0737301961494676,0.03720274));
#5762=CARTESIAN_POINT('',(-0.146840797895502,-0.0736898133135003,0.03720274));
#5763=CARTESIAN_POINT('',(-0.14682238689085,-0.073772113632864,0.03720274));
#5764=CARTESIAN_POINT('',(-0.146713232245066,-0.0742600534481115,0.03720274));
#5765=CARTESIAN_POINT('',(-0.146292051888886,-0.0739905963873984,0.03720274));
#5766=CARTESIAN_POINT('',(-0.146221011820541,-0.0739451473351618,0.03720274));
#5767=CARTESIAN_POINT('',(-0.146196904684105,-0.0740259628883214,0.03720274));
#5768=CARTESIAN_POINT('',(-0.146053978972641,-0.07450509986352,0.03720274));
#5769=CARTESIAN_POINT('',(-0.145652620965021,-0.0742069191302065,0.03720274));
#5770=CARTESIAN_POINT('',(-0.145584924312331,-0.0741566252849145,0.03720274));
#5771=CARTESIAN_POINT('',(-0.145555238491656,-0.0742355623466186,0.03720274));
#5772=CARTESIAN_POINT('',(-0.145379238034211,-0.0747035621745879,0.03720274));
#5773=CARTESIAN_POINT('',(-0.14499965775102,-0.0743781104752337,0.03720274));
#5774=CARTESIAN_POINT('',(-0.144935634325272,-0.0743232168634452,0.03720274));
#5775=CARTESIAN_POINT('',(-0.144900514446692,-0.0743998908602638,0.03720274));
#5776=CARTESIAN_POINT('',(-0.144692296699804,-0.074854473492885,0.03720274));
#5777=CARTESIAN_POINT('',(-0.144336343418026,-0.0745033363954551,0.03720274));
#5778=CARTESIAN_POINT('',(-0.144276305134915,-0.0744441104533288,0.03720274));
#5779=CARTESIAN_POINT('',(-0.144235922298948,-0.0745181478372566,0.03720274));
#5780=CARTESIAN_POINT('',(-0.143996501678549,-0.0749570985936382,0.03720274));
#5781=CARTESIAN_POINT('',(-0.143665909566793,-0.074581986802775,0.03720274));
#5782=CARTESIAN_POINT('',(-0.143610148926799,-0.0745187170731476,0.03720274));
#5783=CARTESIAN_POINT('',(-0.143564699874562,-0.0745897571414925,0.03720274));
#5784=CARTESIAN_POINT('',(-0.143295242813849,-0.0750109374976724,0.03720274));
#5785=CARTESIAN_POINT('',(-0.142991622483652,-0.074613678520315,0.03720274));
#5786=CARTESIAN_POINT('',(-0.142940411147008,-0.0745466732469493,0.03720274));
#5787=CARTESIAN_POINT('',(-0.142890117301716,-0.0746143698996391,0.03720274));
#5788=CARTESIAN_POINT('',(-0.142591936568403,-0.075015727907259,0.03720274));
#5789=CARTESIAN_POINT('',(-0.142316767227494,-0.0745982571492127,0.03720274));
#5790=CARTESIAN_POINT('',(-0.142270354690684,-0.0745278427750653,0.03720274));
#5791=CARTESIAN_POINT('',(-0.142215461078896,-0.074591866200813,0.03720274));
#5792=CARTESIAN_POINT('',(-0.141890009379542,-0.0749714464840041,0.03720274));
#5793=CARTESIAN_POINT('',(-0.14164463162529,-0.0745357978208381,0.03720274));
#5794=CARTESIAN_POINT('',(-0.141603244005529,-0.0744623173976618,0.03720274));
#5795=CARTESIAN_POINT('',(-0.141544018063403,-0.0745223556807727,0.03720274));
#5796=CARTESIAN_POINT('',(-0.141192880965973,-0.0748783089625506,0.03720274));
#5797=CARTESIAN_POINT('',(-0.140978490254131,-0.0744266048307606,0.03720274));
#5798=CARTESIAN_POINT('',(-0.140942329187742,-0.0743504163477908,0.03720274));
#5799=CARTESIAN_POINT('',(-0.140879059458115,-0.0744061769877847,0.03720274));
#5800=CARTESIAN_POINT('',(-0.140503947667252,-0.0747367690995409,0.03720274));
#5801=CARTESIAN_POINT('',(-0.140321588487818,-0.0742712101562518,0.03720274));
#5802=CARTESIAN_POINT('',(-0.140290830147881,-0.0741926847961192,0.03720274));
#5803=CARTESIAN_POINT('',(-0.140223824874516,-0.074243896132763,0.03720274));
#5804=CARTESIAN_POINT('',(-0.139826565897158,-0.07454751646296,0.03720274));
#5805=CARTESIAN_POINT('',(-0.139677126685725,-0.0740703708645457,0.03720274));
#5806=CARTESIAN_POINT('',(-0.13965192092378,-0.0739898911949115,0.03720274));
#5807=CARTESIAN_POINT('',(-0.139581506549633,-0.0740363037317209,0.03720274));
#5808=CARTESIAN_POINT('',(-0.139164035791586,-0.0743114730726298,0.03720274));
#5809=CARTESIAN_POINT('',(-0.139048244600969,-0.0738250654244833,0.03720274));
#5810=CARTESIAN_POINT('',(-0.139028714216955,-0.0737430235342081,0.03720274));
#5811=CARTESIAN_POINT('',(-0.138955233793779,-0.073784411153969,0.03720274));
#5812=CARTESIAN_POINT('',(-0.138519585130613,-0.0740297889082208,0.03720274));
#5813=CARTESIAN_POINT('',(-0.138438006083853,-0.0735364889395103,0.03720274));
#5814=CARTESIAN_POINT('',(-0.138424246227838,-0.0734532845284368,0.03720274));
#5815=CARTESIAN_POINT('',(-0.138348057744869,-0.0734894455948261,0.03720274));
#5816=CARTESIAN_POINT('',(-0.137896353613078,-0.0737038363066674,0.03720274));
#5817=CARTESIAN_POINT('',(-0.137849384155092,-0.0732060473252542,0.03720274));
#5818=CARTESIAN_POINT('',(-0.137841461863711,-0.0731220857569093,0.03720274));
#5819=CARTESIAN_POINT('',(-0.137762936503578,-0.0731528440968465,0.03720274));
#5820=CARTESIAN_POINT('',(-0.137297377560289,-0.0733352032762797,0.03720274));
#5821=CARTESIAN_POINT('',(-0.137285246521554,-0.0728353504600436,0.03720274));
#5822=CARTESIAN_POINT('',(-0.137283200391414,-0.0727510407867486,0.03720274));
#5823=CARTESIAN_POINT('',(-0.13720272072178,-0.0727762465486933,0.03720274));
#5824=CARTESIAN_POINT('',(-0.136725575123366,-0.0729256857601268,0.03720274));
#5825=CARTESIAN_POINT('',(-0.136748341605082,-0.0724262043417435,0.03720274));
#5826=CARTESIAN_POINT('',(-0.136752181604725,-0.0723419573117519,0.03720274));
#5827=CARTESIAN_POINT('',(-0.13667013971445,-0.0723614876957655,0.03720274));
#5828=CARTESIAN_POINT('',(-0.136183732066303,-0.0724772788863829,0.03720274));
#5829=CARTESIAN_POINT('',(-0.136241285152462,-0.071980602289115,0.03720274));
#5830=CARTESIAN_POINT('',(-0.136250992573794,-0.0718968283454885,0.03720274));
#5831=CARTESIAN_POINT('',(-0.13616778816272,-0.0719105882015034,0.03720274));
#5832=CARTESIAN_POINT('',(-0.13567448819401,-0.0719921672482631,0.03720274));
#5833=CARTESIAN_POINT('',(-0.13576654749176,-0.0715007152305668,0.03720274));
#5834=CARTESIAN_POINT('',(-0.1357820750412,-0.0714178225115378,0.03720274));
#5835=CARTESIAN_POINT('',(-0.135698113472855,-0.0714257448029186,0.03720274));
#5836=CARTESIAN_POINT('',(-0.135200324491442,-0.0714727142609052,0.03720274));
#5837=CARTESIAN_POINT('',(-0.135326441497139,-0.0709888811276102,0.03720274));
#5838=CARTESIAN_POINT('',(-0.135347713526027,-0.0709072734781734,0.03720274));
#5839=CARTESIAN_POINT('',(-0.135263403852733,-0.0709093196083127,0.03720274));
#5840=CARTESIAN_POINT('',(-0.134763551036496,-0.0709214506470484,0.03720274));
#5841=CARTESIAN_POINT('',(-0.134923111320765,-0.0704475935845451,0.03720274));
#5842=CARTESIAN_POINT('',(-0.134950024193916,-0.0703676685889655,0.03720274));
#5843=CARTESIAN_POINT('',(-0.134865777163924,-0.0703638285893231,0.03720274));
#5844=CARTESIAN_POINT('',(-0.134366295745541,-0.0703410621076064,0.03720274));
#5845=CARTESIAN_POINT('',(-0.134558521946715,-0.0698794896998716,0.03720274));
#5846=CARTESIAN_POINT('',(-0.134590944547316,-0.0698016367446935,0.03720274));
#5847=CARTESIAN_POINT('',(-0.134507170603689,-0.0697919293233616,0.03720274));
#5848=CARTESIAN_POINT('',(-0.134010494006421,-0.0697343762372029,0.03720274));
#5849=CARTESIAN_POINT('',(-0.134234449617772,-0.0692873372186101,0.03720274));
#5850=CARTESIAN_POINT('',(-0.134272223986171,-0.0692119355956054,0.03720274));
#5851=CARTESIAN_POINT('',(-0.134189331267142,-0.069196408046165,0.03720274));
#5852=CARTESIAN_POINT('',(-0.133697879249445,-0.069104348748415,0.03720274));
#5853=CARTESIAN_POINT('',(-0.133952473181746,-0.0686740210481263,0.03720274));
#5854=CARTESIAN_POINT('',(-0.133995415285017,-0.068601438106423,0.03720274));
#5855=CARTESIAN_POINT('',(-0.13391380763558,-0.068580166077534,0.03720274));
#5856=CARTESIAN_POINT('',(-0.133429974502285,-0.0684540490718375,0.03720274));
#5857=CARTESIAN_POINT('',(-0.133713966399489,-0.0680425292031525,0.03720274));
#5858=CARTESIAN_POINT('',(-0.133761867028022,-0.0679731185595465,0.03720274));
#5859=CARTESIAN_POINT('',(-0.133681942032442,-0.0679462056863955,0.03720274));
#5860=CARTESIAN_POINT('',(-0.133208084969939,-0.067786645402127,0.03720274));
#5861=CARTESIAN_POINT('',(-0.13352009125207,-0.0673959382484801,0.03720274));
#5862=CARTESIAN_POINT('',(-0.133572717038817,-0.0673300380646499,0.03720274));
#5863=CARTESIAN_POINT('',(-0.133494864083639,-0.0672976154640497,0.03720274));
#5864=CARTESIAN_POINT('',(-0.133033291675904,-0.0671053892628752,0.03720274));
#5865=CARTESIAN_POINT('',(-0.133371792279718,-0.0667373983102452,0.03720274));
#5866=CARTESIAN_POINT('',(-0.133428886837138,-0.0666753296452622,0.03720274));
#5867=CARTESIAN_POINT('',(-0.133353485214133,-0.0666375552768636,0.03720274));
#5868=CARTESIAN_POINT('',(-0.13290644619554,-0.0664135996655128,0.03720274));
#5869=CARTESIAN_POINT('',(-0.133269791980121,-0.0660701177288305,0.03720274));
#5870=CARTESIAN_POINT('',(-0.133331077149267,-0.0660121829749915,0.03720274));
#5871=CARTESIAN_POINT('',(-0.133258494207564,-0.0659692408717204,0.03720274));
#5872=CARTESIAN_POINT('',(-0.132828166507275,-0.0657146469394198,0.03720274));
#5873=CARTESIAN_POINT('',(-0.133214587288485,-0.0653973474281541,0.03720274));
#5874=CARTESIAN_POINT('',(-0.133279764494174,-0.065343828837756,0.03720274));
#5875=CARTESIAN_POINT('',(-0.133210353850568,-0.0652959282092231,0.03720274));
#5876=CARTESIAN_POINT('',(-0.132798833981883,-0.0650119363120192,0.03720274));
#5877=CARTESIAN_POINT('',(-0.133206447156517,-0.0647223650774941,0.03720274));
#5878=CARTESIAN_POINT('',(-0.133275198861955,-0.0646735233877297,0.03720274));
#5879=CARTESIAN_POINT('',(-0.133209298678125,-0.0646208976009822,0.03720274));
#5880=CARTESIAN_POINT('',(-0.132818591524478,-0.0643088913188514,0.03720274));
#5881=CARTESIAN_POINT('',(-0.133245411242124,-0.0640484591230139,0.03720274));
#5882=CARTESIAN_POINT('',(-0.133317402495912,-0.0640045322856863,0.03720274));
#5883=CARTESIAN_POINT('',(-0.13325533383093,-0.0639474377282672,0.03720274));
#5884=CARTESIAN_POINT('',(-0.132887342878299,-0.0636089371244533,0.03720274));
#5885=CARTESIAN_POINT('',(-0.133331289716196,-0.0633789127667831,0.03720274));
#5886=CARTESIAN_POINT('',(-0.133406169784183,-0.0633401147890282,0.03720274));
#5887=CARTESIAN_POINT('',(-0.133348235030344,-0.0632788296198822,0.03720274));
#5888=CARTESIAN_POINT('',(-0.133004753093662,-0.0629154838353009,0.03720274));
#5889=CARTESIAN_POINT('',(-0.13346366418744,-0.0627169879713465,0.03720274));
#5890=CARTESIAN_POINT('',(-0.133541068261462,-0.062683507873012,0.03720274));
#5891=CARTESIAN_POINT('',(-0.133487549671064,-0.0626183306673227,0.03720274));
#5892=CARTESIAN_POINT('',(-0.133170250159798,-0.0622319098861133,0.03720274));
#5893=CARTESIAN_POINT('',(-0.133641889740739,-0.0620659095677712,0.03720274));
#5894=CARTESIAN_POINT('',(-0.133721440715928,-0.0620379104605306,0.03720274));
#5895=CARTESIAN_POINT('',(-0.133672599026163,-0.0619691587550928,0.03720274));
#5896=CARTESIAN_POINT('',(-0.133383027791638,-0.0615615455804583,0.03720274));
#5897=CARTESIAN_POINT('',(-0.133865098079113,-0.0614288495445931,0.03720274));
#5898=CARTESIAN_POINT('',(-0.133946408391112,-0.0614064678372826,0.03720274));
#5899=CARTESIAN_POINT('',(-0.133902481553785,-0.0613344765834941,0.03720274));
#5900=CARTESIAN_POINT('',(-0.133642049357947,-0.0609076568658482,0.03720274));
#5901=CARTESIAN_POINT('',(-0.134132201753972,-0.0608089115942082,0.03720274));
#5902=CARTESIAN_POINT('',(-0.134214875267117,-0.0607922563282559,0.03720274));
#5903=CARTESIAN_POINT('',(-0.134176077289362,-0.0607173762602686,0.03720274));
#5904=CARTESIAN_POINT('',(-0.133946052931692,-0.060273429422372,0.03720274));
#5905=CARTESIAN_POINT('',(-0.134441899463063,-0.0602091159919947,0.03720274));
#5906=CARTESIAN_POINT('',(-0.134525533400307,-0.0601982683101822,0.03720274));
#5907=CARTESIAN_POINT('',(-0.134492053301973,-0.0601208642361605,0.03720274));
#5908=CARTESIAN_POINT('',(-0.134293557438018,-0.0596619531423819,0.03720274));
#5909=CARTESIAN_POINT('',(-0.134792682390278,-0.0596323848818354,0.03720274));
#5910=CARTESIAN_POINT('',(-0.134876869295486,-0.0596273976329781,0.03720274));
#5911=CARTESIAN_POINT('',(-0.134848870188245,-0.05954784665779,0.03720274));
#5912=CARTESIAN_POINT('',(-0.134682869869903,-0.0590762070768488,0.03720274));
#5913=CARTESIAN_POINT('',(-0.135182841556456,-0.0590815280397262,0.03720274));
#5914=CARTESIAN_POINT('',(-0.135267171279488,-0.0590824255211992,0.03720274));
#5915=CARTESIAN_POINT('',(-0.135244789572177,-0.0590011152091993,0.03720274));
#5916=CARTESIAN_POINT('',(-0.135112093536312,-0.0585190449217249,0.03720274));
#5917=CARTESIAN_POINT('',(-0.135610476145357,-0.0585592291848299,0.03720274));
#5918=CARTESIAN_POINT('',(-0.13569453784028,-0.0585660070241937,0.03720274));
#5919=CARTESIAN_POINT('',(-0.135677882574327,-0.0584833335110489,0.03720274));
#5920=CARTESIAN_POINT('',(-0.135579137302687,-0.0579931811150242,0.03720274));
#5921=CARTESIAN_POINT('',(-0.136073502764251,-0.0580680329046663,0.03720274));
#5922=CARTESIAN_POINT('',(-0.136156886890936,-0.0580806580809688,0.03720274));
#5923=CARTESIAN_POINT('',(-0.136146039209124,-0.0579970241437247,0.03720274));
#5924=CARTESIAN_POINT('',(-0.136081725778746,-0.0575011776123532,0.03720274));
#5925=CARTESIAN_POINT('',(-0.136569665593994,-0.0576103322581374,0.03720274));
#5926=CARTESIAN_POINT('',(-0.136651965913357,-0.0576287432627887,0.03720274));
#5927=CARTESIAN_POINT('',(-0.1366469786645,-0.0575445563575808,0.03720274));
#5928=CARTESIAN_POINT('',(-0.136617410403954,-0.0570454314053211,0.03720274));
#5929=CARTESIAN_POINT('',(-0.137096547379152,-0.0571883571167853,0.03720274));
#5930=CARTESIAN_POINT('',(-0.137177362932312,-0.0572124642532214,0.03720274));
#5931=CARTESIAN_POINT('',(-0.137178260413785,-0.0571281345301894,0.03720274));
#5932=CARTESIAN_POINT('',(-0.137183581376662,-0.056628162843637,0.03720274));
#5933=CARTESIAN_POINT('',(-0.137651581204631,-0.0568041633010817,0.03720274));
#5934=CARTESIAN_POINT('',(-0.137730518266335,-0.0568338491217572,0.03720274));
#5935=CARTESIAN_POINT('',(-0.137737296105699,-0.056749787426835,0.03720274));
#5936=CARTESIAN_POINT('',(-0.137777480368804,-0.0562514048177897,0.03720274));
#5937=CARTESIAN_POINT('',(-0.138232063001425,-0.0564596225646779,0.03720274));
#5938=CARTESIAN_POINT('',(-0.138308736998244,-0.0564947424432584,0.03720274));
#5939=CARTESIAN_POINT('',(-0.138321362174547,-0.0564113583165737,0.03720274));
#5940=CARTESIAN_POINT('',(-0.138396213964189,-0.0559169928550097,0.03720274));
#5941=CARTESIAN_POINT('',(-0.13883516472057,-0.0561564134754084,0.03720274));
#5942=CARTESIAN_POINT('',(-0.138909202104498,-0.0561967963113757,0.03720274));
#5943=CARTESIAN_POINT('',(-0.138927613109149,-0.056114495992012,0.03720274));
#5944=CARTESIAN_POINT('',(-0.139036767754934,-0.0556265561767645,0.03720274));
#5945=CARTESIAN_POINT('',(-0.139457948111113,-0.0558960132374776,0.03720274));
#5946=CARTESIAN_POINT('',(-0.139528988179458,-0.0559414622897143,0.03720274));
#5947=CARTESIAN_POINT('',(-0.139553095315894,-0.0558606467365547,0.03720274));
#5948=CARTESIAN_POINT('',(-0.139696021027359,-0.055381509761356,0.03720274));
#5949=CARTESIAN_POINT('',(-0.140097379034979,-0.0556796904946695,0.03720274));
#5950=CARTESIAN_POINT('',(-0.140165075687668,-0.0557299843399614,0.03720274));
#5951=CARTESIAN_POINT('',(-0.140194761508344,-0.0556510472782574,0.03720274));
#5952=CARTESIAN_POINT('',(-0.142084090433207,-0.055304622822101,0.03720274));
#5953=CARTESIAN_POINT('',(-0.142139851073201,-0.0553678925517284,0.03720274));
#5954=CARTESIAN_POINT('',(-0.142139851073201,-0.0553678925517284,0.0213047290570175));
#5955=CARTESIAN_POINT('',(-0.141753498321451,-0.0549295110312379,0.03720274));
#5956=CARTESIAN_POINT('',(-0.141753498321451,-0.0549295110312379,0.0218074188559025));
#5957=CARTESIAN_POINT('',(-0.141753498321451,-0.0549295110312378,0.0218074188559025));
#5958=CARTESIAN_POINT('',(-0.14190019918881,-0.0550959675893931,0.0216713544598565));
#5959=CARTESIAN_POINT('',(-0.142030296361022,-0.0552435844910653,0.0215060994166232));
#5960=CARTESIAN_POINT('',(-0.142139851073201,-0.0553678925517283,0.0213047290570173));
#5961=CARTESIAN_POINT('',(-0.141514077701052,-0.0553684617876194,0.03720274));
#5962=CARTESIAN_POINT('',(-0.141473694865085,-0.0554424991715472,0.0213047290570175));
#5963=CARTESIAN_POINT('',(-0.141553036314033,-0.0552970355562159,0.0215060994166234));
#5964=CARTESIAN_POINT('',(-0.141647254973751,-0.0551242962496356,0.0216713544598564));
#5965=CARTESIAN_POINT('',(-0.141753498321451,-0.0549295110312377,0.0218074188559024));
#5966=CARTESIAN_POINT('',(-0.142758377516348,-0.055272931104561,0.03720274));
#5967=CARTESIAN_POINT('',(-0.142809588852992,-0.0553399363779267,0.03720274));
#5968=CARTESIAN_POINT('',(-0.142809588852992,-0.0553399363779267,0.0213047290570175));
#5969=CARTESIAN_POINT('',(-0.142454757186151,-0.0548756721272036,0.03720274));
#5970=CARTESIAN_POINT('',(-0.142454757186151,-0.0548756721272036,0.0218074188559025));
#5971=CARTESIAN_POINT('',(-0.142454757186151,-0.0548756721272036,0.0218074188559025));
#5972=CARTESIAN_POINT('',(-0.142589489275042,-0.0550519565407515,0.0216713544598564));
#5973=CARTESIAN_POINT('',(-0.142708972302555,-0.0552082889750481,0.0215060994166232));
#5974=CARTESIAN_POINT('',(-0.142809588852991,-0.0553399363779266,0.0213047290570173));
#5975=CARTESIAN_POINT('',(-0.142185300125438,-0.0552968524833836,0.03720274));
#5976=CARTESIAN_POINT('',(-0.142139851073201,-0.0553678925517284,0.0213047290570175));
#5977=CARTESIAN_POINT('',(-0.14222914627923,-0.0552283178581535,0.0215060994166234));
#5978=CARTESIAN_POINT('',(-0.142335185111934,-0.055062571697305,0.0216713544598563));
#5979=CARTESIAN_POINT('',(-0.142454757186151,-0.0548756721272035,0.0218074188559024));
#5980=CARTESIAN_POINT('',(-0.143433232772506,-0.0552883524756633,0.03720274));
#5981=CARTESIAN_POINT('',(-0.143479645309315,-0.0553587668498107,0.03720274));
#5982=CARTESIAN_POINT('',(-0.143479645309315,-0.0553587668498107,0.0213047290570175));
#5983=CARTESIAN_POINT('',(-0.143158063431597,-0.054870881717617,0.03720274));
#5984=CARTESIAN_POINT('',(-0.143158063431597,-0.054870881717617,0.0218074188559025));
#5985=CARTESIAN_POINT('',(-0.143158063431597,-0.054870881717617,0.0218074188559025));
#5986=CARTESIAN_POINT('',(-0.143280170340826,-0.0550561351466147,0.0216713544598565));
#5987=CARTESIAN_POINT('',(-0.143388457114341,-0.0552204214776301,0.0215060994166232));
#5988=CARTESIAN_POINT('',(-0.143479645309315,-0.0553587668498106,0.0213047290570173));
#5989=CARTESIAN_POINT('',(-0.142859882698283,-0.0552722397252369,0.03720274));
#5990=CARTESIAN_POINT('',(-0.142809588852992,-0.0553399363779267,0.0213047290570175));
#5991=CARTESIAN_POINT('',(-0.142908402778835,-0.0552069305999852,0.0215060994166234));
#5992=CARTESIAN_POINT('',(-0.143025745173988,-0.0550489850835034,0.0216713544598564));
#5993=CARTESIAN_POINT('',(-0.143158063431597,-0.0548708817176168,0.0218074188559024));
#5994=CARTESIAN_POINT('',(-0.14410536837471,-0.0553508118040379,0.03720274));
#5995=CARTESIAN_POINT('',(-0.144146755994471,-0.0554242922272142,0.03720274));
#5996=CARTESIAN_POINT('',(-0.144146755994471,-0.0554242922272142,0.0213047290570175));
#5997=CARTESIAN_POINT('',(-0.143859990620458,-0.0549151631408719,0.03720274));
#5998=CARTESIAN_POINT('',(-0.143859990620458,-0.0549151631408719,0.0218074188559025));
#5999=CARTESIAN_POINT('',(-0.143859990620458,-0.0549151631408719,0.0218074188559025));
#6000=CARTESIAN_POINT('',(-0.143968877457437,-0.055108483049235,0.0216713544598564));
#6001=CARTESIAN_POINT('',(-0.144065440414679,-0.0552799228904786,0.0215060994166232));
#6002=CARTESIAN_POINT('',(-0.144146755994471,-0.0554242922272141,0.0213047290570173));
#6003=CARTESIAN_POINT('',(-0.143534538921104,-0.055294743424063,0.03720274));
#6004=CARTESIAN_POINT('',(-0.143479645309315,-0.0553587668498107,0.0213047290570175));
#6005=CARTESIAN_POINT('',(-0.143587496543458,-0.055232977978283,0.0215060994166234));
#6006=CARTESIAN_POINT('',(-0.143715570820708,-0.0550836026008478,0.0216713544598563));
#6007=CARTESIAN_POINT('',(-0.143859990620458,-0.0549151631408718,0.0218074188559023));
#6008=CARTESIAN_POINT('',(-0.144771509745868,-0.0554600047941154,0.03720274));
#6009=CARTESIAN_POINT('',(-0.144807670812258,-0.0555361932770852,0.03720274));
#6010=CARTESIAN_POINT('',(-0.144807670812258,-0.0555361932770852,0.0213047290570175));
#6011=CARTESIAN_POINT('',(-0.144557119034027,-0.0550083006623254,0.03720274));
#6012=CARTESIAN_POINT('',(-0.144557119034027,-0.0550083006623254,0.0218074188559025));
#6013=CARTESIAN_POINT('',(-0.144557119034027,-0.0550083006623254,0.0218074188559026));
#6014=CARTESIAN_POINT('',(-0.144652255313032,-0.0552087452148928,0.0216713544598565));
#6015=CARTESIAN_POINT('',(-0.144736624008978,-0.0553865033286911,0.0215060994166232));
#6016=CARTESIAN_POINT('',(-0.144807670812258,-0.0555361932770851,0.0213047290570173));
#6017=CARTESIAN_POINT('',(-0.144205981936597,-0.0553642539441033,0.03720274));
#6018=CARTESIAN_POINT('',(-0.144146755994471,-0.0554242922272142,0.0213047290570175));
#6019=CARTESIAN_POINT('',(-0.144263119096542,-0.0553063330928382,0.0215060994166234));
#6020=CARTESIAN_POINT('',(-0.144401301290884,-0.0551662555962731,0.0216713544598564));
#6021=CARTESIAN_POINT('',(-0.144557119034027,-0.0550083006623253,0.0218074188559024));
#6022=CARTESIAN_POINT('',(-0.145428411512181,-0.0556153994686242,0.03720274));
#6023=CARTESIAN_POINT('',(-0.145459169852119,-0.0556939248287568,0.03720274));
#6024=CARTESIAN_POINT('',(-0.145459169852119,-0.0556939248287568,0.0213047290570175));
#6025=CARTESIAN_POINT('',(-0.145246052332748,-0.0551498405253351,0.03720274));
#6026=CARTESIAN_POINT('',(-0.145246052332748,-0.0551498405253351,0.0218074188559025));
#6027=CARTESIAN_POINT('',(-0.145246052332748,-0.0551498405253351,0.0218074188559025));
#6028=CARTESIAN_POINT('',(-0.145326974559391,-0.0553564331763952,0.0216713544598564));
#6029=CARTESIAN_POINT('',(-0.145398737958236,-0.0555396435430861,0.0215060994166232));
#6030=CARTESIAN_POINT('',(-0.145459169852119,-0.0556939248287567,0.0213047290570173));
#6031=CARTESIAN_POINT('',(-0.144870940541885,-0.0554804326370913,0.03720274));
#6032=CARTESIAN_POINT('',(-0.144807670812258,-0.0555361932770852,0.0213047290570175));
#6033=CARTESIAN_POINT('',(-0.144931978872921,-0.0554266385649064,0.0215060994166234));
#6034=CARTESIAN_POINT('',(-0.145079595774593,-0.055296541392694,0.0216713544598563));
#6035=CARTESIAN_POINT('',(-0.145246052332748,-0.055149840525335,0.0218074188559023));
#6036=CARTESIAN_POINT('',(-0.146072873314275,-0.0558162387603303,0.03720274));
#6037=CARTESIAN_POINT('',(-0.14609807907622,-0.0558967184299645,0.03720274));
#6038=CARTESIAN_POINT('',(-0.14609807907622,-0.0558967184299645,0.0213047290570175));
#6039=CARTESIAN_POINT('',(-0.145923434102842,-0.055339093161916,0.03720274));
#6040=CARTESIAN_POINT('',(-0.145923434102842,-0.055339093161916,0.0218074188559025));
#6041=CARTESIAN_POINT('',(-0.145923434102842,-0.055339093161916,0.0218074188559025));
#6042=CARTESIAN_POINT('',(-0.145989748032168,-0.0555508274128396,0.0216713544598565));
#6043=CARTESIAN_POINT('',(-0.146048556509847,-0.0557385974499326,0.0215060994166232));
#6044=CARTESIAN_POINT('',(-0.14609807907622,-0.0558967184299644,0.0213047290570173));
#6045=CARTESIAN_POINT('',(-0.145526175125484,-0.055642713492113,0.03720274));
#6046=CARTESIAN_POINT('',(-0.145459169852119,-0.0556939248287568,0.0213047290570175));
#6047=CARTESIAN_POINT('',(-0.145590817254997,-0.0555933082783205,0.0215060994166234));
#6048=CARTESIAN_POINT('',(-0.145747149689294,-0.0554738252508067,0.0216713544598564));
#6049=CARTESIAN_POINT('',(-0.145923434102842,-0.0553390931619159,0.0218074188559024));
#6050=CARTESIAN_POINT('',(-0.146701755399031,-0.0560615442003928,0.03720274));
#6051=CARTESIAN_POINT('',(-0.146721285783044,-0.056143586090668,0.03720274));
#6052=CARTESIAN_POINT('',(-0.146721285783044,-0.056143586090668,0.0213047290570175));
#6053=CARTESIAN_POINT('',(-0.146585964208414,-0.0555751365522463,0.03720274));
#6054=CARTESIAN_POINT('',(-0.146585964208414,-0.0555751365522463,0.0218074188559025));
#6055=CARTESIAN_POINT('',(-0.146585964208414,-0.0555751365522463,0.0218074188559025));
#6056=CARTESIAN_POINT('',(-0.146637346765625,-0.0557909808550462,0.0216713544598564));
#6057=CARTESIAN_POINT('',(-0.146682913813146,-0.0559823957657953,0.0215060994166232));
#6058=CARTESIAN_POINT('',(-0.146721285783044,-0.0561435860906678,0.0213047290570173));
#6059=CARTESIAN_POINT('',(-0.146168493450367,-0.0558503058931552,0.03720274));
#6060=CARTESIAN_POINT('',(-0.14609807907622,-0.0558967184299645,0.0213047290570175));
#6061=CARTESIAN_POINT('',(-0.1462364244484,-0.0558055302349904,0.0215060994166234));
#6062=CARTESIAN_POINT('',(-0.146400710779416,-0.0556972434614749,0.0216713544598564));
#6063=CARTESIAN_POINT('',(-0.146585964208414,-0.0555751365522462,0.0218074188559024));
#6064=CARTESIAN_POINT('',(-0.147311993916147,-0.0563501206853656,0.03720274));
#6065=CARTESIAN_POINT('',(-0.147325753772161,-0.0564333250964392,0.03720274));
#6066=CARTESIAN_POINT('',(-0.147325753772161,-0.0564333250964392,0.0213047290570175));
#6067=CARTESIAN_POINT('',(-0.147230414869387,-0.0558568207166552,0.03720274));
#6068=CARTESIAN_POINT('',(-0.147230414869387,-0.0558568207166552,0.0218074188559025));
#6069=CARTESIAN_POINT('',(-0.147230414869387,-0.0558568207166552,0.0218074188559026));
#6070=CARTESIAN_POINT('',(-0.147266615723831,-0.0560757234995849,0.0216713544598565));
#6071=CARTESIAN_POINT('',(-0.147298719343118,-0.0562698507297859,0.0215060994166232));
#6072=CARTESIAN_POINT('',(-0.147325753772161,-0.0564333250964391,0.0213047290570173));
#6073=CARTESIAN_POINT('',(-0.146794766206221,-0.056102198470907,0.03720274));
#6074=CARTESIAN_POINT('',(-0.146721285783044,-0.056143586090668,0.0213047290570175));
#6075=CARTESIAN_POINT('',(-0.14686565511978,-0.0560622705108759,0.0215060994166235));
#6076=CARTESIAN_POINT('',(-0.147037094961024,-0.0559657075536342,0.0216713544598563));
#6077=CARTESIAN_POINT('',(-0.147230414869387,-0.0558568207166551,0.0218074188559024));
#6078=CARTESIAN_POINT('',(-0.147900615844908,-0.0566805622996218,0.03720274));
#6079=CARTESIAN_POINT('',(-0.147908538136289,-0.0567645238679667,0.03720274));
#6080=CARTESIAN_POINT('',(-0.147908538136289,-0.0567645238679667,0.0213047290570175));
#6081=CARTESIAN_POINT('',(-0.147853646386921,-0.0561827733182086,0.03720274));
#6082=CARTESIAN_POINT('',(-0.147853646386921,-0.0561827733182086,0.0218074188559025));
#6083=CARTESIAN_POINT('',(-0.147853646386921,-0.0561827733182086,0.0218074188559025));
#6084=CARTESIAN_POINT('',(-0.147874489171673,-0.0564036681089136,0.0216713544598564));
#6085=CARTESIAN_POINT('',(-0.147892972957121,-0.0565995618902145,0.0215060994166232));
#6086=CARTESIAN_POINT('',(-0.147908538136289,-0.0567645238679665,0.0213047290570173));
#6087=CARTESIAN_POINT('',(-0.147401942255131,-0.0563971640300499,0.03720274));
#6088=CARTESIAN_POINT('',(-0.147325753772161,-0.0564333250964392,0.0213047290570175));
#6089=CARTESIAN_POINT('',(-0.147475443720555,-0.05636227829316,0.0215060994166234));
#6090=CARTESIAN_POINT('',(-0.147653201834354,-0.0562779095972134,0.0216713544598564));
#6091=CARTESIAN_POINT('',(-0.147853646386921,-0.0561827733182085,0.0218074188559024));
#6092=CARTESIAN_POINT('',(-0.148464753478446,-0.0570512591648324,0.03720274));
#6093=CARTESIAN_POINT('',(-0.148466799608585,-0.0571355688381274,0.03720274));
#6094=CARTESIAN_POINT('',(-0.148466799608585,-0.0571355688381274,0.0213047290570175));
#6095=CARTESIAN_POINT('',(-0.14845262243971,-0.0565514063485963,0.03720274));
#6096=CARTESIAN_POINT('',(-0.14845262243971,-0.0565514063485963,0.0218074188559025));
#6097=CARTESIAN_POINT('',(-0.14845262243971,-0.0565514063485963,0.0218074188559026));
#6098=CARTESIAN_POINT('',(-0.148458005610818,-0.0567732169698606,0.0216713544598565));
#6099=CARTESIAN_POINT('',(-0.148462779511282,-0.0569699229274502,0.0215060994166232));
#6100=CARTESIAN_POINT('',(-0.148466799608585,-0.0571355688381273,0.0213047290570173));
#6101=CARTESIAN_POINT('',(-0.147987063496421,-0.0567337655280295,0.03720274));
#6102=CARTESIAN_POINT('',(-0.147908538136289,-0.0567645238679667,0.0213047290570175));
#6103=CARTESIAN_POINT('',(-0.148062819421959,-0.0567040919740844,0.0215060994166234));
#6104=CARTESIAN_POINT('',(-0.14824602978865,-0.0566323285752386,0.0216713544598563));
#6105=CARTESIAN_POINT('',(-0.148452622439711,-0.0565514063485962,0.0218074188559024));
#6106=CARTESIAN_POINT('',(-0.149001658394917,-0.0574604052831326,0.03720274));
#6107=CARTESIAN_POINT('',(-0.148997818395275,-0.0575446523131241,0.03720274));
#6108=CARTESIAN_POINT('',(-0.148997818395275,-0.0575446523131241,0.0213047290570175));
#6109=CARTESIAN_POINT('',(-0.149024424876634,-0.0569609238647492,0.03720274));
#6110=CARTESIAN_POINT('',(-0.149024424876634,-0.0569609238647492,0.0218074188559025));
#6111=CARTESIAN_POINT('',(-0.149024424876634,-0.0569609238647492,0.0218074188559025));
#6112=CARTESIAN_POINT('',(-0.149014322207829,-0.0571825696775223,0.0216713544598565));
#6113=CARTESIAN_POINT('',(-0.149005362965345,-0.057379129479748,0.0215060994166232));
#6114=CARTESIAN_POINT('',(-0.148997818395275,-0.057544652313124,0.0213047290570173));
#6115=CARTESIAN_POINT('',(-0.14854727927822,-0.0571103630761827,0.03720274));
#6116=CARTESIAN_POINT('',(-0.148466799608585,-0.0571355688381274,0.0213047290570175));
#6117=CARTESIAN_POINT('',(-0.148624920588617,-0.0570860462717544,0.0215060994166234));
#6118=CARTESIAN_POINT('',(-0.148812690625711,-0.0570272377940752,0.0216713544598564));
#6119=CARTESIAN_POINT('',(-0.149024424876634,-0.0569609238647491,0.0218074188559024));
#6120=CARTESIAN_POINT('',(-0.149508714847538,-0.057906007335761,0.03720274));
#6121=CARTESIAN_POINT('',(-0.149499007426206,-0.0579897812793875,0.03720274));
#6122=CARTESIAN_POINT('',(-0.149499007426206,-0.0579897812793875,0.0213047290570175));
#6123=CARTESIAN_POINT('',(-0.149566267933697,-0.0574093307384931,0.03720274));
#6124=CARTESIAN_POINT('',(-0.149566267933697,-0.0574093307384931,0.0218074188559025));
#6125=CARTESIAN_POINT('',(-0.149566267933697,-0.0574093307384931,0.0218074188559025));
#6126=CARTESIAN_POINT('',(-0.149540728644166,-0.0576297319066549,0.0216713544598564));
#6127=CARTESIAN_POINT('',(-0.149518079907263,-0.0578251879339183,0.0215060994166232));
#6128=CARTESIAN_POINT('',(-0.149499007426206,-0.0579897812793874,0.0213047290570173));
#6129=CARTESIAN_POINT('',(-0.14907986028555,-0.0575251219291105,0.03720274));
#6130=CARTESIAN_POINT('',(-0.148997818395275,-0.0575446523131241,0.0213047290570175));
#6131=CARTESIAN_POINT('',(-0.149159008720148,-0.0575062803432258,0.0215060994166234));
#6132=CARTESIAN_POINT('',(-0.149350423630897,-0.057460713295705,0.0216713544598564));
#6133=CARTESIAN_POINT('',(-0.149566267933697,-0.0574093307384931,0.0218074188559024));
#6134=CARTESIAN_POINT('',(-0.14998345250824,-0.0583858943943092,0.03720274));
#6135=CARTESIAN_POINT('',(-0.1499679249588,-0.0584687871133382,0.03720274));
#6136=CARTESIAN_POINT('',(-0.1499679249588,-0.0584687871133382,0.0213047290570175));
#6137=CARTESIAN_POINT('',(-0.15007551180599,-0.0578944423766129,0.03720274));
#6138=CARTESIAN_POINT('',(-0.15007551180599,-0.0578944423766129,0.0218074188559025));
#6139=CARTESIAN_POINT('',(-0.15007551180599,-0.0578944423766128,0.0218074188559026));
#6140=CARTESIAN_POINT('',(-0.150034660320585,-0.0581125251278267,0.0216713544598565));
#6141=CARTESIAN_POINT('',(-0.149998432431633,-0.0583059251380102,0.0215060994166232));
#6142=CARTESIAN_POINT('',(-0.1499679249588,-0.058468787113338,0.0213047290570173));
#6143=CARTESIAN_POINT('',(-0.14958221183728,-0.0579760214233726,0.03720274));
#6144=CARTESIAN_POINT('',(-0.149499007426206,-0.0579897812793875,0.0213047290570175));
#6145=CARTESIAN_POINT('',(-0.149662481792859,-0.0579627468503441,0.0215060994166234));
#6146=CARTESIAN_POINT('',(-0.149856609023061,-0.0579306432310567,0.0216713544598564));
#6147=CARTESIAN_POINT('',(-0.150075511805991,-0.0578944423766128,0.0218074188559024));
#6148=CARTESIAN_POINT('',(-0.150423558502861,-0.0588977284972658,0.03720274));
#6149=CARTESIAN_POINT('',(-0.150402286473972,-0.0589793361467026,0.03720274));
#6150=CARTESIAN_POINT('',(-0.150402286473972,-0.0589793361467026,0.0213047290570175));
#6151=CARTESIAN_POINT('',(-0.150549675508558,-0.0584138953639708,0.03720274));
#6152=CARTESIAN_POINT('',(-0.150549675508558,-0.0584138953639708,0.0218074188559025));
#6153=CARTESIAN_POINT('',(-0.150549675508558,-0.0584138953639707,0.0218074188559025));
#6154=CARTESIAN_POINT('',(-0.150493710851609,-0.0586285972209944,0.0216713544598565));
#6155=CARTESIAN_POINT('',(-0.150444080309241,-0.0588189989886889,0.0215060994166232));
#6156=CARTESIAN_POINT('',(-0.150402286473972,-0.0589793361467025,0.0213047290570173));
#6157=CARTESIAN_POINT('',(-0.150051886527145,-0.0584608648219574,0.03720274));
#6158=CARTESIAN_POINT('',(-0.1499679249588,-0.0584687871133382,0.0213047290570175));
#6159=CARTESIAN_POINT('',(-0.150132886936552,-0.0584532219341705,0.0215060994166235));
#6160=CARTESIAN_POINT('',(-0.150328780717853,-0.0584347381487227,0.0216713544598563));
#6161=CARTESIAN_POINT('',(-0.150549675508558,-0.0584138953639707,0.0218074188559024));
#6162=CARTESIAN_POINT('',(-0.150826888679235,-0.0594390160403309,0.03720274));
#6163=CARTESIAN_POINT('',(-0.150799975806084,-0.0595189410359105,0.03720274));
#6164=CARTESIAN_POINT('',(-0.150799975806084,-0.0595189410359105,0.0213047290570175));
#6165=CARTESIAN_POINT('',(-0.150986448963503,-0.0589651589778277,0.03720274));
#6166=CARTESIAN_POINT('',(-0.150986448963503,-0.0589651589778277,0.0218074188559025));
#6167=CARTESIAN_POINT('',(-0.150986448963503,-0.0589651589778277,0.0218074188559025));
#6168=CARTESIAN_POINT('',(-0.150915643789194,-0.0591754339347955,0.0216713544598565));
#6169=CARTESIAN_POINT('',(-0.150852852388424,-0.0593619098417278,0.0215060994166232));
#6170=CARTESIAN_POINT('',(-0.150799975806084,-0.0595189410359104,0.0213047290570173));
#6171=CARTESIAN_POINT('',(-0.150486596147268,-0.0589772900165633,0.03720274));
#6172=CARTESIAN_POINT('',(-0.150402286473973,-0.0589793361467026,0.0213047290570175));
#6173=CARTESIAN_POINT('',(-0.15056793238465,-0.0589753160493989,0.0215060994166234));
#6174=CARTESIAN_POINT('',(-0.150764638342239,-0.0589705421489356,0.0216713544598564));
#6175=CARTESIAN_POINT('',(-0.150986448963504,-0.0589651589778277,0.0218074188559024));
#6176=CARTESIAN_POINT('',(-0.151191478053284,-0.0600071199250044,0.03720274));
#6177=CARTESIAN_POINT('',(-0.151159055452684,-0.0600849728801825,0.03720274));
#6178=CARTESIAN_POINT('',(-0.151159055452684,-0.0600849728801825,0.0213047290570175));
#6179=CARTESIAN_POINT('',(-0.151383704254459,-0.0595455475172697,0.03720274));
#6180=CARTESIAN_POINT('',(-0.151383704254459,-0.0595455475172697,0.0218074188559025));
#6181=CARTESIAN_POINT('',(-0.151383704254459,-0.0595455475172696,0.0218074188559025));
#6182=CARTESIAN_POINT('',(-0.151298403518481,-0.059750371135728,0.0216713544598564));
#6183=CARTESIAN_POINT('',(-0.151222757172701,-0.0599320126900241,0.0215060994166232));
#6184=CARTESIAN_POINT('',(-0.151159055452684,-0.0600849728801824,0.0213047290570173));
#6185=CARTESIAN_POINT('',(-0.150884222836075,-0.0595227810355529,0.03720274));
#6186=CARTESIAN_POINT('',(-0.150799975806084,-0.0595189410359105,0.0213047290570175));
#6187=CARTESIAN_POINT('',(-0.15096549863946,-0.0595264856059807,0.0215060994166234));
#6188=CARTESIAN_POINT('',(-0.151162058441686,-0.0595354448484649,0.0216713544598563));
#6189=CARTESIAN_POINT('',(-0.151383704254459,-0.0595455475172697,0.0218074188559024));
#6190=CARTESIAN_POINT('',(-0.151515550382228,-0.0605992724062659,0.03720274));
#6191=CARTESIAN_POINT('',(-0.151477776013829,-0.0606746740292706,0.03720274));
#6192=CARTESIAN_POINT('',(-0.151477776013829,-0.0606746740292706,0.0213047290570175));
#6193=CARTESIAN_POINT('',(-0.151739505993578,-0.060152233387673,0.03720274));
#6194=CARTESIAN_POINT('',(-0.151739505993578,-0.060152233387673,0.0218074188559025));
#6195=CARTESIAN_POINT('',(-0.151739505993579,-0.060152233387673,0.0218074188559026));
#6196=CARTESIAN_POINT('',(-0.151640125272543,-0.0603506077875416,0.0216713544598565));
#6197=CARTESIAN_POINT('',(-0.151551992523147,-0.0605265300498075,0.0215060994166232));
#6198=CARTESIAN_POINT('',(-0.15147777601383,-0.0606746740292705,0.0213047290570173));
#6199=CARTESIAN_POINT('',(-0.15124282939631,-0.0600946803015144,0.03720274));
#6200=CARTESIAN_POINT('',(-0.151159055452684,-0.0600849728801825,0.0213047290570175));
#6201=CARTESIAN_POINT('',(-0.151323648798153,-0.0601040453612396,0.0215060994166234));
#6202=CARTESIAN_POINT('',(-0.151519104825417,-0.0601266940981424,0.0216713544598563));
#6203=CARTESIAN_POINT('',(-0.151739505993578,-0.060152233387673,0.0218074188559024));
#6204=CARTESIAN_POINT('',(-0.151797526818254,-0.0612125885767497,0.03720274));
#6205=CARTESIAN_POINT('',(-0.151754584714983,-0.061285171518453,0.03720274));
#6206=CARTESIAN_POINT('',(-0.151754584714983,-0.061285171518453,0.0213047290570175));
#6207=CARTESIAN_POINT('',(-0.152052120750554,-0.0607822608764611,0.03720274));
#6208=CARTESIAN_POINT('',(-0.152052120750554,-0.0607822608764611,0.0218074188559025));
#6209=CARTESIAN_POINT('',(-0.152052120750554,-0.0607822608764611,0.0218074188559025));
#6210=CARTESIAN_POINT('',(-0.151939144217344,-0.0609732195976042,0.0216713544598565));
#6211=CARTESIAN_POINT('',(-0.151838954438227,-0.0611425654922618,0.0215060994166232));
#6212=CARTESIAN_POINT('',(-0.151754584714983,-0.0612851715184529,0.0213047290570173));
#6213=CARTESIAN_POINT('',(-0.151560668732858,-0.0606902015787111,0.03720274));
#6214=CARTESIAN_POINT('',(-0.151477776013829,-0.0606746740292706,0.0213047290570175));
#6215=CARTESIAN_POINT('',(-0.151640637989157,-0.0607051815021041,0.0215060994166235));
#6216=CARTESIAN_POINT('',(-0.151834037999341,-0.0607414093910562,0.0216713544598564));
#6217=CARTESIAN_POINT('',(-0.152052120750555,-0.0607822608764611,0.0218074188559024));
#6218=CARTESIAN_POINT('',(-0.152036033600511,-0.0618440804217235,0.03720274));
#6219=CARTESIAN_POINT('',(-0.151988132971978,-0.0619134910653295,0.03720274));
#6220=CARTESIAN_POINT('',(-0.151988132971978,-0.0619134910653295,0.0213047290570175));
#6221=CARTESIAN_POINT('',(-0.152320025497715,-0.0614325605530385,0.03720274));
#6222=CARTESIAN_POINT('',(-0.152320025497715,-0.0614325605530385,0.0218074188559025));
#6223=CARTESIAN_POINT('',(-0.152320025497715,-0.0614325605530385,0.0218074188559025));
#6224=CARTESIAN_POINT('',(-0.152194003562644,-0.0616151732637619,0.0216713544598565));
#6225=CARTESIAN_POINT('',(-0.152082244868339,-0.061777117754635,0.0215060994166233));
#6226=CARTESIAN_POINT('',(-0.151988132971978,-0.0619134910653294,0.0213047290570173));
#6227=CARTESIAN_POINT('',(-0.15183619236442,-0.061306443547342,0.03720274));
#6228=CARTESIAN_POINT('',(-0.151754584714983,-0.061285171518453,0.0213047290570175));
#6229=CARTESIAN_POINT('',(-0.151914921872997,-0.0613269653537219,0.0215060994166234));
#6230=CARTESIAN_POINT('',(-0.152105323640691,-0.0613765958960897,0.0216713544598563));
#6231=CARTESIAN_POINT('',(-0.152320025497715,-0.0614325605530385,0.0218074188559023));
#6232=CARTESIAN_POINT('',(-0.15222990874793,-0.0624906713763959,0.03720274));
#6233=CARTESIAN_POINT('',(-0.152177282961182,-0.0625565715602261,0.03720274));
#6234=CARTESIAN_POINT('',(-0.152177282961182,-0.0625565715602261,0.0213047290570174));
#6235=CARTESIAN_POINT('',(-0.152541915030061,-0.062099964222749,0.03720274));
#6236=CARTESIAN_POINT('',(-0.152541915030061,-0.062099964222749,0.0218074188559025));
#6237=CARTESIAN_POINT('',(-0.152541915030061,-0.0620999642227489,0.0218074188559025));
#6238=CARTESIAN_POINT('',(-0.152403461659329,-0.0622733412522821,0.0216713544598564));
#6239=CARTESIAN_POINT('',(-0.152280678526961,-0.0624270953620899,0.0215060994166231));
#6240=CARTESIAN_POINT('',(-0.152177282961182,-0.062556571560226,0.0213047290570172));
#6241=CARTESIAN_POINT('',(-0.152068057967557,-0.0619404039384805,0.03720274));
#6242=CARTESIAN_POINT('',(-0.151988132971978,-0.0619134910653295,0.0213047290570175));
#6243=CARTESIAN_POINT('',(-0.152145164166161,-0.0619663676476694,0.0215060994166234));
#6244=CARTESIAN_POINT('',(-0.152331640073093,-0.0620291590484395,0.0216713544598563));
#6245=CARTESIAN_POINT('',(-0.152541915030061,-0.062099964222749,0.0218074188559024));
#6246=CARTESIAN_POINT('',(-0.152378207720281,-0.0631492113146309,0.03720274));
#6247=CARTESIAN_POINT('',(-0.152321113162862,-0.0632112799796138,0.03720274));
#6248=CARTESIAN_POINT('',(-0.152321113162862,-0.0632112799796138,0.0213047290570174));
#6249=CARTESIAN_POINT('',(-0.152716708324096,-0.0627812203620008,0.03720274));
#6250=CARTESIAN_POINT('',(-0.152716708324096,-0.0627812203620008,0.0218074188559025));
#6251=CARTESIAN_POINT('',(-0.152716708324096,-0.0627812203620008,0.0218074188559025));
#6252=CARTESIAN_POINT('',(-0.152566498048607,-0.0629445170348838,0.0216713544598564));
#6253=CARTESIAN_POINT('',(-0.152433288665255,-0.0630893316890583,0.0215060994166232));
#6254=CARTESIAN_POINT('',(-0.152321113162862,-0.0632112799796138,0.0213047290570172));
#6255=CARTESIAN_POINT('',(-0.152255135916361,-0.0625889941608264,0.03720274));
#6256=CARTESIAN_POINT('',(-0.152177282961182,-0.0625565715602261,0.0213047290570174));
#6257=CARTESIAN_POINT('',(-0.152330243151341,-0.062620273280243,0.0215060994166234));
#6258=CARTESIAN_POINT('',(-0.152511884705637,-0.0626959196260225,0.0216713544598563));
#6259=CARTESIAN_POINT('',(-0.152716708324096,-0.0627812203620008,0.0218074188559023));
#6260=CARTESIAN_POINT('',(-0.152480208019878,-0.0638164918960455,0.03720274));
#6261=CARTESIAN_POINT('',(-0.152418922850732,-0.0638744266498845,0.03720274));
#6262=CARTESIAN_POINT('',(-0.152418922850732,-0.0638744266498845,0.0213047290570175));
#6263=CARTESIAN_POINT('',(-0.15284355380446,-0.0634730099593632,0.03720274));
#6264=CARTESIAN_POINT('',(-0.15284355380446,-0.0634730099593632,0.0218074188559025));
#6265=CARTESIAN_POINT('',(-0.15284355380446,-0.0634730099593632,0.0218074188559025));
#6266=CARTESIAN_POINT('',(-0.152682318433579,-0.06362543071062,0.0216713544598564));
#6267=CARTESIAN_POINT('',(-0.152539331781967,-0.063760600386723,0.0215060994166233));
#6268=CARTESIAN_POINT('',(-0.152418922850732,-0.0638744266498844,0.0213047290570173));
#6269=CARTESIAN_POINT('',(-0.152396514785867,-0.0632490543480124,0.03720274));
#6270=CARTESIAN_POINT('',(-0.152321113162862,-0.0632112799796138,0.0213047290570175));
#6271=CARTESIAN_POINT('',(-0.152469257142325,-0.0632854964889311,0.0215060994166235));
#6272=CARTESIAN_POINT('',(-0.152645179404591,-0.0633736292383274,0.0216713544598563));
#6273=CARTESIAN_POINT('',(-0.15284355380446,-0.0634730099593632,0.0218074188559024));
#6274=CARTESIAN_POINT('',(-0.152535412711515,-0.0644892621967219,0.03720274));
#6275=CARTESIAN_POINT('',(-0.152470235505826,-0.06454278078712,0.03720274));
#6276=CARTESIAN_POINT('',(-0.152470235505826,-0.06454278078712,0.0213047290570175));
#6277=CARTESIAN_POINT('',(-0.152921833492725,-0.0641719626854562,0.03720274));
#6278=CARTESIAN_POINT('',(-0.152921833492725,-0.0641719626854562,0.0218074188559025));
#6279=CARTESIAN_POINT('',(-0.152921833492725,-0.0641719626854562,0.0218074188559025));
#6280=CARTESIAN_POINT('',(-0.15275035854897,-0.0643127649365081,0.0216713544598565));
#6281=CARTESIAN_POINT('',(-0.152598291245694,-0.0644376311014649,0.0215060994166232));
#6282=CARTESIAN_POINT('',(-0.152470235505826,-0.0645427807871199,0.0213047290570173));
#6283=CARTESIAN_POINT('',(-0.152491505792436,-0.0639173687531556,0.03720274));
#6284=CARTESIAN_POINT('',(-0.152418922850732,-0.0638744266498845,0.0213047290570175));
#6285=CARTESIAN_POINT('',(-0.152561528876924,-0.063958796373129,0.0215060994166235));
#6286=CARTESIAN_POINT('',(-0.152730874771582,-0.0640589861522461,0.0216713544598564));
#6287=CARTESIAN_POINT('',(-0.152921833492725,-0.0641719626854563,0.0218074188559024));
#6288=CARTESIAN_POINT('',(-0.152543552843483,-0.0651642445473819,0.03720274));
#6289=CARTESIAN_POINT('',(-0.152474801138045,-0.0652130862371462,0.03720274));
#6290=CARTESIAN_POINT('',(-0.152474801138045,-0.0652130862371462,0.0213047290570175));
#6291=CARTESIAN_POINT('',(-0.152951166018117,-0.0648746733128568,0.03720274));
#6292=CARTESIAN_POINT('',(-0.152951166018117,-0.0648746733128568,0.0218074188559025));
#6293=CARTESIAN_POINT('',(-0.152951166018117,-0.0648746733128568,0.0218074188559025));
#6294=CARTESIAN_POINT('',(-0.152770286910179,-0.0650031710892901,0.0216713544598565));
#6295=CARTESIAN_POINT('',(-0.152609879811852,-0.0651171254076965,0.0215060994166233));
#6296=CARTESIAN_POINT('',(-0.152474801138045,-0.0652130862371462,0.0213047290570173));
#6297=CARTESIAN_POINT('',(-0.152539646149432,-0.0645906814156529,0.03720274));
#6298=CARTESIAN_POINT('',(-0.152470235505826,-0.06454278078712,0.0213047290570175));
#6299=CARTESIAN_POINT('',(-0.15260660881652,-0.0646368926834808,0.0215060994166234));
#6300=CARTESIAN_POINT('',(-0.152768553307394,-0.0647486513777858,0.0216713544598564));
#6301=CARTESIAN_POINT('',(-0.152951166018117,-0.0648746733128569,0.0218074188559024));
#6302=CARTESIAN_POINT('',(-0.152504588757876,-0.0658381505018621,0.03720274));
#6303=CARTESIAN_POINT('',(-0.152432597504087,-0.0658820773391897,0.03720274));
#6304=CARTESIAN_POINT('',(-0.152432597504087,-0.0658820773391897,0.0213047290570175));
#6305=CARTESIAN_POINT('',(-0.152931408475522,-0.0655777183060246,0.03720274));
#6306=CARTESIAN_POINT('',(-0.152931408475522,-0.0655777183060246,0.0218074188559025));
#6307=CARTESIAN_POINT('',(-0.152931408475522,-0.0655777183060246,0.0218074188559026));
#6308=CARTESIAN_POINT('',(-0.152742006428231,-0.065693285579589,0.0216713544598565));
#6309=CARTESIAN_POINT('',(-0.152574041022115,-0.0657957728774604,0.0215060994166231));
#6310=CARTESIAN_POINT('',(-0.152432597504088,-0.0658820773391896,0.0213047290570173));
#6311=CARTESIAN_POINT('',(-0.152540701321875,-0.0652657120238938,0.03720274));
#6312=CARTESIAN_POINT('',(-0.152474801138045,-0.0652130862371462,0.0213047290570175));
#6313=CARTESIAN_POINT('',(-0.152604277336181,-0.0653164818029243,0.0215060994166234));
#6314=CARTESIAN_POINT('',(-0.152758031445989,-0.0654392649352927,0.0216713544598564));
#6315=CARTESIAN_POINT('',(-0.152931408475522,-0.0655777183060247,0.0218074188559024));
#6316=CARTESIAN_POINT('',(-0.152418710283804,-0.0665076968580929,0.03720274));
#6317=CARTESIAN_POINT('',(-0.152343830215816,-0.0665464948358478,0.03720274));
#6318=CARTESIAN_POINT('',(-0.152343830215816,-0.0665464948358478,0.0213047290570175));
#6319=CARTESIAN_POINT('',(-0.1528626571217,-0.0662776725004227,0.03720274));
#6320=CARTESIAN_POINT('',(-0.1528626571217,-0.0662776725004227,0.0218074188559025));
#6321=CARTESIAN_POINT('',(-0.1528626571217,-0.0662776725004227,0.0218074188559025));
#6322=CARTESIAN_POINT('',(-0.152665654882794,-0.0663797462389783,0.0216713544598565));
#6323=CARTESIAN_POINT('',(-0.152490949479462,-0.0664702672085012,0.0215060994166232));
#6324=CARTESIAN_POINT('',(-0.152343830215816,-0.0665464948358478,0.0213047290570173));
#6325=CARTESIAN_POINT('',(-0.152494666169071,-0.0659391718966088,0.03720274));
#6326=CARTESIAN_POINT('',(-0.152432597504087,-0.0658820773391897,0.0213047290570175));
#6327=CARTESIAN_POINT('',(-0.152554545794643,-0.065994252841582,0.0215060994166234));
#6328=CARTESIAN_POINT('',(-0.152699360448818,-0.0661274622249348,0.0216713544598564));
#6329=CARTESIAN_POINT('',(-0.1528626571217,-0.0662776725004228,0.0218074188559024));
#6330=CARTESIAN_POINT('',(-0.15228633581256,-0.0671696216535295,0.03720274));
#6331=CARTESIAN_POINT('',(-0.152208931738538,-0.067203101751864,0.03720274));
#6332=CARTESIAN_POINT('',(-0.152208931738538,-0.067203101751864,0.0213047290570175));
#6333=CARTESIAN_POINT('',(-0.152745246906338,-0.0669711257895751,0.03720274));
#6334=CARTESIAN_POINT('',(-0.152745246906338,-0.0669711257895751,0.0218074188559025));
#6335=CARTESIAN_POINT('',(-0.152745246906338,-0.0669711257895751,0.0218074188559025));
#6336=CARTESIAN_POINT('',(-0.152541604250921,-0.067059208700128,0.0216713544598565));
#6337=CARTESIAN_POINT('',(-0.152361009997537,-0.0671373223322382,0.0215060994166232));
#6338=CARTESIAN_POINT('',(-0.152208931738538,-0.067203101751864,0.0213047290570173));
#6339=CARTESIAN_POINT('',(-0.152401764969655,-0.0666077800049939,0.03720274));
#6340=CARTESIAN_POINT('',(-0.152343830215816,-0.0665464948358478,0.0213047290570175));
#6341=CARTESIAN_POINT('',(-0.152457656478978,-0.0666669037670825,0.0215060994166234));
#6342=CARTESIAN_POINT('',(-0.152592826155081,-0.0668098904186942,0.0216713544598563));
#6343=CARTESIAN_POINT('',(-0.152745246906338,-0.0669711257895752,0.0218074188559024));
#6344=CARTESIAN_POINT('',(-0.152108110259261,-0.0678207000571048,0.03720274));
#6345=CARTESIAN_POINT('',(-0.152028559284072,-0.0678486991643454,0.03720274));
#6346=CARTESIAN_POINT('',(-0.152028559284072,-0.0678486991643454,0.0213047290570175));
#6347=CARTESIAN_POINT('',(-0.152579749840202,-0.0676546997387627,0.03720274));
#6348=CARTESIAN_POINT('',(-0.152579749840202,-0.0676546997387627,0.0218074188559025));
#6349=CARTESIAN_POINT('',(-0.152579749840202,-0.0676546997387627,0.0218074188559025));
#6350=CARTESIAN_POINT('',(-0.152370458894821,-0.0677283626902267,0.0216713544598565));
#6351=CARTESIAN_POINT('',(-0.152184855628434,-0.0677936884231605,0.0215060994166232));
#6352=CARTESIAN_POINT('',(-0.152028559284072,-0.0678486991643453,0.0213047290570173));
#6353=CARTESIAN_POINT('',(-0.152262450328935,-0.0672682789575533,0.03720274));
#6354=CARTESIAN_POINT('',(-0.152208931738538,-0.067203101751864,0.0213047290570175));
#6355=CARTESIAN_POINT('',(-0.152314081424193,-0.0673311574917316,0.0215060994166235));
#6356=CARTESIAN_POINT('',(-0.15243894758915,-0.0674832247950086,0.0216713544598563));
#6357=CARTESIAN_POINT('',(-0.152579749840202,-0.0676546997387629,0.0218074188559024));
#6358=CARTESIAN_POINT('',(-0.151884901920887,-0.0684577600802829,0.03720274));
#6359=CARTESIAN_POINT('',(-0.151803591608888,-0.0684801417875934,0.03720274));
#6360=CARTESIAN_POINT('',(-0.151803591608888,-0.0684801417875934,0.0213047290570175));
#6361=CARTESIAN_POINT('',(-0.152366972208362,-0.0683250640444177,0.03720274));
#6362=CARTESIAN_POINT('',(-0.152366972208362,-0.0683250640444177,0.0218074188559025));
#6363=CARTESIAN_POINT('',(-0.152366972208362,-0.0683250640444177,0.0218074188559025));
#6364=CARTESIAN_POINT('',(-0.152153052617465,-0.0683839481582978,0.0216713544598565));
#6365=CARTESIAN_POINT('',(-0.151963344578532,-0.068436167731651,0.0215060994166232));
#6366=CARTESIAN_POINT('',(-0.151803591608888,-0.0684801417875934,0.0213047290570173));
#6367=CARTESIAN_POINT('',(-0.152077400973836,-0.0679174508697832,0.03720274));
#6368=CARTESIAN_POINT('',(-0.152028559284072,-0.0678486991643454,0.0213047290570175));
#6369=CARTESIAN_POINT('',(-0.152124520113522,-0.0679837778381533,0.0215060994166234));
#6370=CARTESIAN_POINT('',(-0.152238474431928,-0.0681441849364798,0.0216713544598563));
#6371=CARTESIAN_POINT('',(-0.152366972208362,-0.0683250640444179,0.0218074188559023));
#6372=CARTESIAN_POINT('',(-0.151617798246028,-0.0690776980306679,0.03720274));
#6373=CARTESIAN_POINT('',(-0.151535124732883,-0.0690943532966201,0.03720274));
#6374=CARTESIAN_POINT('',(-0.151535124732883,-0.0690943532966201,0.0213047290570176));
#6375=CARTESIAN_POINT('',(-0.152107950642053,-0.0689789527590278,0.03720274));
#6376=CARTESIAN_POINT('',(-0.152107950642053,-0.0689789527590278,0.0218074188559025));
#6377=CARTESIAN_POINT('',(-0.152107950642053,-0.0689789527590278,0.0218074188559025));
#6378=CARTESIAN_POINT('',(-0.151890444600384,-0.0690227711578403,0.0216713544598565));
#6379=CARTESIAN_POINT('',(-0.151697556027402,-0.0690616301631004,0.0215060994166233));
#6380=CARTESIAN_POINT('',(-0.151535124732883,-0.0690943532966201,0.0213047290570174));
#6381=CARTESIAN_POINT('',(-0.151847518446215,-0.0685521330413819,0.03720274));
#6382=CARTESIAN_POINT('',(-0.151803591608888,-0.0684801417875934,0.0213047290570175));
#6383=CARTESIAN_POINT('',(-0.151889896070617,-0.0686215853056209,0.0215060994166234));
#6384=CARTESIAN_POINT('',(-0.151992383368488,-0.0687895507117379,0.0216713544598564));
#6385=CARTESIAN_POINT('',(-0.152107950642053,-0.068978952759028,0.0218074188559024));
#6386=CARTESIAN_POINT('',(-0.151308100536936,-0.0696774936328814,0.03720274));
#6387=CARTESIAN_POINT('',(-0.151224466599692,-0.0696883413146938,0.03720274));
#6388=CARTESIAN_POINT('',(-0.151224466599692,-0.0696883413146938,0.0213047290570175));
#6389=CARTESIAN_POINT('',(-0.151803947068308,-0.069613180202504,0.03720274));
#6390=CARTESIAN_POINT('',(-0.151803947068308,-0.069613180202504,0.0218074188559025));
#6391=CARTESIAN_POINT('',(-0.151803947068308,-0.069613180202504,0.0218074188559026));
#6392=CARTESIAN_POINT('',(-0.151583914243439,-0.0696417194074145,0.0216713544598565));
#6393=CARTESIAN_POINT('',(-0.151388784870146,-0.0696670285274141,0.0215060994166232));
#6394=CARTESIAN_POINT('',(-0.151224466599693,-0.0696883413146938,0.0213047290570173));
#6395=CARTESIAN_POINT('',(-0.151573922710638,-0.0691692333646074,0.03720274));
#6396=CARTESIAN_POINT('',(-0.151535124732883,-0.0690943532966201,0.0213047290570176));
#6397=CARTESIAN_POINT('',(-0.15161135236023,-0.0692414725602652,0.0215060994166235));
#6398=CARTESIAN_POINT('',(-0.151701873329752,-0.0694161779635979,0.0216713544598564));
#6399=CARTESIAN_POINT('',(-0.151803947068308,-0.0696131802025042,0.0218074188559024));
#6400=CARTESIAN_POINT('',(-0.150957317609722,-0.0702542247430406,0.03720274));
#6401=CARTESIAN_POINT('',(-0.150873130704514,-0.0702592119918979,0.03720274));
#6402=CARTESIAN_POINT('',(-0.150873130704514,-0.0702592119918979,0.0213047290570175));
#6403=CARTESIAN_POINT('',(-0.151456442561982,-0.070224656482494,0.03720274));
#6404=CARTESIAN_POINT('',(-0.151456442561982,-0.070224656482494,0.0218074188559025));
#6405=CARTESIAN_POINT('',(-0.151456442561982,-0.070224656482494,0.0218074188559025));
#6406=CARTESIAN_POINT('',(-0.151234954931717,-0.0702377774533648,0.0216713544598565));
#6407=CARTESIAN_POINT('',(-0.151038535408805,-0.0702494133846154,0.0215060994166232));
#6408=CARTESIAN_POINT('',(-0.150873130704514,-0.0702592119918979,0.0213047290570173));
#6409=CARTESIAN_POINT('',(-0.151257946698027,-0.0697657453887155,0.03720274));
#6410=CARTESIAN_POINT('',(-0.151224466599692,-0.0696883413146938,0.0213047290570175));
#6411=CARTESIAN_POINT('',(-0.151290246019318,-0.0698404195736925,0.0215060994166234));
#6412=CARTESIAN_POINT('',(-0.151368359651429,-0.0700210138270771,0.0216713544598563));
#6413=CARTESIAN_POINT('',(-0.151456442561982,-0.0702246564824942,0.0218074188559023));
#6414=CARTESIAN_POINT('',(-0.150567158443544,-0.0708050815851499,0.03720274));
#6415=CARTESIAN_POINT('',(-0.150482828720512,-0.0708041841036768,0.03720274));
#6416=CARTESIAN_POINT('',(-0.150482828720512,-0.0708041841036768,0.0213047290570175));
#6417=CARTESIAN_POINT('',(-0.151067130130097,-0.0708104025480272,0.03720274));
#6418=CARTESIAN_POINT('',(-0.151067130130097,-0.0708104025480272,0.0218074188559025));
#6419=CARTESIAN_POINT('',(-0.151067130130097,-0.0708104025480272,0.0218074188559026));
#6420=CARTESIAN_POINT('',(-0.150845266759907,-0.0708080413608073,0.0216713544598565));
#6421=CARTESIAN_POINT('',(-0.150648514023549,-0.0708059474142212,0.0215060994166233));
#6422=CARTESIAN_POINT('',(-0.150482828720512,-0.0708041841036768,0.0213047290570174));
#6423=CARTESIAN_POINT('',(-0.150901129811754,-0.0703387629670861,0.03720274));
#6424=CARTESIAN_POINT('',(-0.150873130704514,-0.0702592119918979,0.0213047290570175));
#6425=CARTESIAN_POINT('',(-0.150928141445699,-0.0704155083362591,0.0215060994166234));
#6426=CARTESIAN_POINT('',(-0.150993467178633,-0.0706011116026465,0.0216713544598564));
#6427=CARTESIAN_POINT('',(-0.151067130130097,-0.0708104025480274,0.0218074188559024));
#6428=CARTESIAN_POINT('',(-0.150139523854643,-0.0713273804400461,0.03720274));
#6429=CARTESIAN_POINT('',(-0.150055462159721,-0.0713206026006823,0.03720274));
#6430=CARTESIAN_POINT('',(-0.150055462159721,-0.0713206026006823,0.0213047290570175));
#6431=CARTESIAN_POINT('',(-0.150637906463687,-0.0713675647031511,0.03720274));
#6432=CARTESIAN_POINT('',(-0.150637906463687,-0.0713675647031511,0.0218074188559025));
#6433=CARTESIAN_POINT('',(-0.150637906463688,-0.0713675647031511,0.0218074188559025));
#6434=CARTESIAN_POINT('',(-0.150416748249612,-0.0713497328613072,0.0216713544598566));
#6435=CARTESIAN_POINT('',(-0.15022062085936,-0.0713339192383819,0.0215060994166231));
#6436=CARTESIAN_POINT('',(-0.150055462159721,-0.0713206026006823,0.0213047290570173));
#6437=CARTESIAN_POINT('',(-0.150505210427823,-0.0708854944156767,0.03720274));
#6438=CARTESIAN_POINT('',(-0.150482828720512,-0.0708041841036768,0.0213047290570175));
#6439=CARTESIAN_POINT('',(-0.150526802776454,-0.0709639370733217,0.0215060994166235));
#6440=CARTESIAN_POINT('',(-0.150579022349808,-0.0711536451122547,0.0216713544598564));
#6441=CARTESIAN_POINT('',(-0.150637906463688,-0.0713675647031513,0.0218074188559024));
#6442=CARTESIAN_POINT('',(-0.149676497235749,-0.0718185767202097,0.03720274));
#6443=CARTESIAN_POINT('',(-0.149593113109064,-0.0718059515439072,0.03720274));
#6444=CARTESIAN_POINT('',(-0.149593113109064,-0.0718059515439072,0.0213047290570175));
#6445=CARTESIAN_POINT('',(-0.150170862697313,-0.0718934285098518,0.03720274));
#6446=CARTESIAN_POINT('',(-0.150170862697313,-0.0718934285098518,0.0218074188559025));
#6447=CARTESIAN_POINT('',(-0.150170862697313,-0.0718934285098518,0.0218074188559025));
#6448=CARTESIAN_POINT('',(-0.149951487099938,-0.0718602128883249,0.0216713544598565));
#6449=CARTESIAN_POINT('',(-0.149756940568724,-0.0718307566314418,0.0215060994166232));
#6450=CARTESIAN_POINT('',(-0.149593113109064,-0.0718059515439073,0.0213047290570173));
#6451=CARTESIAN_POINT('',(-0.150072117425673,-0.0714032761138271,0.03720274));
#6452=CARTESIAN_POINT('',(-0.150055462159721,-0.0713206026006823,0.0213047290570175));
#6453=CARTESIAN_POINT('',(-0.15008818529324,-0.0714830338952011,0.0215060994166234));
#6454=CARTESIAN_POINT('',(-0.1501270442985,-0.0716759224681835,0.0216713544598564));
#6455=CARTESIAN_POINT('',(-0.150170862697313,-0.071893428509852,0.0218074188559024));
#6456=CARTESIAN_POINT('',(-0.149180334406006,-0.0722762773667386,0.03720274));
#6457=CARTESIAN_POINT('',(-0.149098034086642,-0.0722578663620873,0.03720274));
#6458=CARTESIAN_POINT('',(-0.149098034086642,-0.0722578663620873,0.0213047290570175));
#6459=CARTESIAN_POINT('',(-0.149668274221254,-0.0723854320125228,0.03720274));
#6460=CARTESIAN_POINT('',(-0.149668274221254,-0.0723854320125228,0.0218074188559025));
#6461=CARTESIAN_POINT('',(-0.149668274221254,-0.0723854320125228,0.0218074188559025));
#6462=CARTESIAN_POINT('',(-0.14945175001644,-0.0723369944344821,0.0216713544598565));
#6463=CARTESIAN_POINT('',(-0.149259732155408,-0.0722940390515636,0.0215060994166233));
#6464=CARTESIAN_POINT('',(-0.149098034086642,-0.0722578663620873,0.0213047290570173));
#6465=CARTESIAN_POINT('',(-0.149603960790876,-0.0718895854811513,0.03720274));
#6466=CARTESIAN_POINT('',(-0.149593113109064,-0.0718059515439072,0.0213047290570175));
#6467=CARTESIAN_POINT('',(-0.149614425896344,-0.0719702698143605,0.0215060994166235));
#6468=CARTESIAN_POINT('',(-0.149639735016343,-0.0721653991876539,0.0216713544598564));
#6469=CARTESIAN_POINT('',(-0.149668274221254,-0.072385432012523,0.0218074188559024));
#6470=CARTESIAN_POINT('',(-0.148653452620848,-0.0726982525080907,0.03720274));
#6471=CARTESIAN_POINT('',(-0.148572637067688,-0.0726741453716546,0.03720274));
#6472=CARTESIAN_POINT('',(-0.148572637067688,-0.0726741453716546,0.0213047290570175));
#6473=CARTESIAN_POINT('',(-0.149132589596046,-0.0728411782195549,0.03720274));
#6474=CARTESIAN_POINT('',(-0.149132589596046,-0.0728411782195549,0.0218074188559025));
#6475=CARTESIAN_POINT('',(-0.149132589596046,-0.0728411782195549,0.0218074188559025));
#6476=CARTESIAN_POINT('',(-0.148919971667953,-0.0727777546680118,0.0216713544598565));
#6477=CARTESIAN_POINT('',(-0.148731417968821,-0.0727215094333657,0.0215060994166232));
#6478=CARTESIAN_POINT('',(-0.148572637067688,-0.0726741453716546,0.0213047290570173));
#6479=CARTESIAN_POINT('',(-0.1491030213355,-0.0723420532672952,0.03720274));
#6480=CARTESIAN_POINT('',(-0.149098034086642,-0.0722578663620873,0.0213047290570176));
#6481=CARTESIAN_POINT('',(-0.149107832693925,-0.0724232710663786,0.0215060994166235));
#6482=CARTESIAN_POINT('',(-0.149119468625175,-0.0726196905892905,0.0216713544598564));
#6483=CARTESIAN_POINT('',(-0.149132589596046,-0.0728411782195551,0.0218074188559024));
#6484=CARTESIAN_POINT('',(-0.148098418795368,-0.0730824463237943,0.03720274));
#6485=CARTESIAN_POINT('',(-0.148019481733664,-0.0730527605031188,0.03720274));
#6486=CARTESIAN_POINT('',(-0.148019481733664,-0.0730527605031188,0.0213047290570175));
#6487=CARTESIAN_POINT('',(-0.148566418623338,-0.073258446781239,0.03720274));
#6488=CARTESIAN_POINT('',(-0.148566418623338,-0.073258446781239,0.0218074188559025));
#6489=CARTESIAN_POINT('',(-0.148566418623338,-0.073258446781239,0.0218074188559025));
#6490=CARTESIAN_POINT('',(-0.148358742825139,-0.0731803462493613,0.0216713544598565));
#6491=CARTESIAN_POINT('',(-0.148174571902575,-0.073111085184117,0.0215060994166232));
#6492=CARTESIAN_POINT('',(-0.148019481733664,-0.0730527605031188,0.0213047290570173));
#6493=CARTESIAN_POINT('',(-0.148571739586215,-0.0727584750946866,0.03720274));
#6494=CARTESIAN_POINT('',(-0.148572637067688,-0.0726741453716546,0.0213047290570175));
#6495=CARTESIAN_POINT('',(-0.148570873757144,-0.0728398306746911,0.0215060994166234));
#6496=CARTESIAN_POINT('',(-0.148568779810558,-0.07303658341105,0.0216713544598564));
#6497=CARTESIAN_POINT('',(-0.148566418623338,-0.0732584467812392,0.0218074188559024));
#6498=CARTESIAN_POINT('',(-0.147517936998574,-0.0734269870601981,0.03720274));
#6499=CARTESIAN_POINT('',(-0.147441263001756,-0.0733918671816176,0.03720274));
#6500=CARTESIAN_POINT('',(-0.147441263001756,-0.0733918671816176,0.0213047290570175));
#6501=CARTESIAN_POINT('',(-0.147972519631195,-0.0736352048070863,0.03720274));
#6502=CARTESIAN_POINT('',(-0.147972519631195,-0.0736352048070863,0.0218074188559025));
#6503=CARTESIAN_POINT('',(-0.147972519631195,-0.0736352048070863,0.0218074188559025));
#6504=CARTESIAN_POINT('',(-0.147770797738505,-0.0735428077928146,0.0216713544598565));
#6505=CARTESIAN_POINT('',(-0.147591906854732,-0.0734608683299199,0.0215060994166232));
#6506=CARTESIAN_POINT('',(-0.147441263001756,-0.0733918671816176,0.0213047290570173));
#6507=CARTESIAN_POINT('',(-0.148012703894301,-0.073136822198041,0.03720274));
#6508=CARTESIAN_POINT('',(-0.148019481733664,-0.0730527605031188,0.0213047290570175));
#6509=CARTESIAN_POINT('',(-0.148006165095965,-0.0732179192027587,0.0215060994166234));
#6510=CARTESIAN_POINT('',(-0.147990351473039,-0.0734140465930106,0.0216713544598564));
#6511=CARTESIAN_POINT('',(-0.147972519631195,-0.0736352048070865,0.0218074188559024));
#6512=CARTESIAN_POINT('',(-0.14691483527943,-0.0737301961494676,0.03720274));
#6513=CARTESIAN_POINT('',(-0.146840797895502,-0.0736898133135003,0.03720274));
#6514=CARTESIAN_POINT('',(-0.146840797895502,-0.0736898133135003,0.0213047290570175));
#6515=CARTESIAN_POINT('',(-0.147353786035811,-0.0739696167698663,0.03720274));
#6516=CARTESIAN_POINT('',(-0.147353786035811,-0.0739696167698663,0.0218074188559025));
#6517=CARTESIAN_POINT('',(-0.147353786035811,-0.0739696167698663,0.0218074188559025));
#6518=CARTESIAN_POINT('',(-0.147159000817413,-0.0738633734221665,0.0216713544598565));
#6519=CARTESIAN_POINT('',(-0.146986261510833,-0.0737691547624481,0.0215060994166232));
#6520=CARTESIAN_POINT('',(-0.146840797895502,-0.0736898133135003,0.0213047290570173));
#6521=CARTESIAN_POINT('',(-0.147428637825453,-0.0734752513083023,0.03720274));
#6522=CARTESIAN_POINT('',(-0.147441263001756,-0.0733918671816176,0.0213047290570175));
#6523=CARTESIAN_POINT('',(-0.147416457914221,-0.073555694641278,0.0215060994166234));
#6524=CARTESIAN_POINT('',(-0.147387001657338,-0.0737502411724921,0.0216713544598564));
#6525=CARTESIAN_POINT('',(-0.147353786035811,-0.0739696167698665,0.0218074188559024));
#6526=CARTESIAN_POINT('',(-0.146292051888886,-0.0739905963873984,0.03720274));
#6527=CARTESIAN_POINT('',(-0.146221011820541,-0.0739451473351618,0.03720274));
#6528=CARTESIAN_POINT('',(-0.146221011820541,-0.0739451473351618,0.0213047290570175));
#6529=CARTESIAN_POINT('',(-0.146713232245066,-0.0742600534481115,0.03720274));
#6530=CARTESIAN_POINT('',(-0.146713232245066,-0.0742600534481115,0.0218074188559025));
#6531=CARTESIAN_POINT('',(-0.146713232245066,-0.0742600534481115,0.0218074188559025));
#6532=CARTESIAN_POINT('',(-0.146526332674965,-0.074140481373894,0.0216713544598565));
#6533=CARTESIAN_POINT('',(-0.146360586514116,-0.0740344425411913,0.0215060994166232));
#6534=CARTESIAN_POINT('',(-0.146221011820542,-0.0739451473351618,0.0213047290570173));
#6535=CARTESIAN_POINT('',(-0.14682238689085,-0.073772113632864,0.03720274));
#6536=CARTESIAN_POINT('',(-0.146840797895502,-0.0736898133135003,0.0213047290570175));
#6537=CARTESIAN_POINT('',(-0.146804625206026,-0.0738515113822656,0.0215060994166234));
#6538=CARTESIAN_POINT('',(-0.146761669823107,-0.0740435292432976,0.0216713544598564));
#6539=CARTESIAN_POINT('',(-0.146713232245066,-0.0742600534481117,0.0218074188559024));
#6540=CARTESIAN_POINT('',(-0.145652620965021,-0.0742069191302065,0.03720274));
#6541=CARTESIAN_POINT('',(-0.145584924312331,-0.0741566252849145,0.03720274));
#6542=CARTESIAN_POINT('',(-0.145584924312331,-0.0741566252849145,0.0213047290570174));
#6543=CARTESIAN_POINT('',(-0.146053978972641,-0.07450509986352,0.03720274));
#6544=CARTESIAN_POINT('',(-0.146053978972641,-0.07450509986352,0.0218074188559025));
#6545=CARTESIAN_POINT('',(-0.146053978972641,-0.07450509986352,0.0218074188559025));
#6546=CARTESIAN_POINT('',(-0.145875875606755,-0.074372781605911,0.0216713544598565));
#6547=CARTESIAN_POINT('',(-0.145717930090273,-0.0742554392107578,0.0215060994166232));
#6548=CARTESIAN_POINT('',(-0.145584924312332,-0.0741566252849146,0.0213047290570172));
#6549=CARTESIAN_POINT('',(-0.146196904684105,-0.0740259628883214,0.03720274));
#6550=CARTESIAN_POINT('',(-0.146221011820541,-0.0739451473351618,0.0213047290570175));
#6551=CARTESIAN_POINT('',(-0.14617364775883,-0.0741039282362948,0.0215060994166234));
#6552=CARTESIAN_POINT('',(-0.146117402524184,-0.0742924819354274,0.0216713544598564));
#6553=CARTESIAN_POINT('',(-0.146053978972641,-0.0745050998635202,0.0218074188559024));
#6554=CARTESIAN_POINT('',(-0.14499965775102,-0.0743781104752337,0.03720274));
#6555=CARTESIAN_POINT('',(-0.144935634325272,-0.0743232168634452,0.03720274));
#6556=CARTESIAN_POINT('',(-0.144935634325272,-0.0743232168634452,0.0213047290570175));
#6557=CARTESIAN_POINT('',(-0.145379238034211,-0.0747035621745879,0.03720274));
#6558=CARTESIAN_POINT('',(-0.145379238034211,-0.0747035621745879,0.0218074188559025));
#6559=CARTESIAN_POINT('',(-0.145379238034211,-0.0747035621745879,0.0218074188559025));
#6560=CARTESIAN_POINT('',(-0.145210798574235,-0.0745591423748379,0.0216713544598565));
#6561=CARTESIAN_POINT('',(-0.1450614231968,-0.0744310680975883,0.0215060994166232));
#6562=CARTESIAN_POINT('',(-0.144935634325273,-0.0743232168634453,0.0213047290570173));
#6563=CARTESIAN_POINT('',(-0.145555238491656,-0.0742355623466186,0.03720274));
#6564=CARTESIAN_POINT('',(-0.145584924312331,-0.0741566252849145,0.0213047290570174));
#6565=CARTESIAN_POINT('',(-0.145526599631333,-0.0743117154538255,0.0215060994166234));
#6566=CARTESIAN_POINT('',(-0.145457338566089,-0.0744958863763899,0.0216713544598563));
#6567=CARTESIAN_POINT('',(-0.145379238034211,-0.0747035621745881,0.0218074188559024));
#6568=CARTESIAN_POINT('',(-0.144336343418026,-0.0745033363954551,0.03720274));
#6569=CARTESIAN_POINT('',(-0.144276305134915,-0.0744441104533288,0.03720274));
#6570=CARTESIAN_POINT('',(-0.144276305134915,-0.0744441104533288,0.0213047290570175));
#6571=CARTESIAN_POINT('',(-0.144692296699804,-0.074854473492885,0.03720274));
#6572=CARTESIAN_POINT('',(-0.144692296699804,-0.074854473492885,0.0218074188559025));
#6573=CARTESIAN_POINT('',(-0.144692296699804,-0.074854473492885,0.0218074188559025));
#6574=CARTESIAN_POINT('',(-0.144534341765856,-0.0746986557497415,0.0216713544598565));
#6575=CARTESIAN_POINT('',(-0.144394264269291,-0.0745604735554002,0.0215060994166232));
#6576=CARTESIAN_POINT('',(-0.144276305134915,-0.0744441104533289,0.0213047290570174));
#6577=CARTESIAN_POINT('',(-0.144900514446692,-0.0743998908602638,0.03720274));
#6578=CARTESIAN_POINT('',(-0.144935634325272,-0.0743232168634452,0.0213047290570175));
#6579=CARTESIAN_POINT('',(-0.14486663317697,-0.0744738607164208,0.0215060994166234));
#6580=CARTESIAN_POINT('',(-0.144784693714075,-0.074652751600195,0.0216713544598564));
#6581=CARTESIAN_POINT('',(-0.144692296699804,-0.0748544734928851,0.0218074188559024));
#6582=CARTESIAN_POINT('',(-0.143665909566793,-0.074581986802775,0.03720274));
#6583=CARTESIAN_POINT('',(-0.143610148926799,-0.0745187170731476,0.03720274));
#6584=CARTESIAN_POINT('',(-0.143610148926799,-0.0745187170731476,0.0213047290570175));
#6585=CARTESIAN_POINT('',(-0.143996501678549,-0.0749570985936382,0.03720274));
#6586=CARTESIAN_POINT('',(-0.143996501678549,-0.0749570985936382,0.0218074188559025));
#6587=CARTESIAN_POINT('',(-0.143996501678549,-0.0749570985936382,0.0218074188559025));
#6588=CARTESIAN_POINT('',(-0.14384980081119,-0.0747906420354829,0.0216713544598565));
#6589=CARTESIAN_POINT('',(-0.143719703638978,-0.0746430251338107,0.0215060994166232));
#6590=CARTESIAN_POINT('',(-0.143610148926799,-0.0745187170731477,0.0213047290570173));
#6591=CARTESIAN_POINT('',(-0.144235922298948,-0.0745181478372566,0.03720274));
#6592=CARTESIAN_POINT('',(-0.144276305134915,-0.0744441104533288,0.0213047290570175));
#6593=CARTESIAN_POINT('',(-0.144196963685967,-0.0745895740686601,0.0215060994166234));
#6594=CARTESIAN_POINT('',(-0.144102745026249,-0.0747623133752403,0.0216713544598564));
#6595=CARTESIAN_POINT('',(-0.143996501678549,-0.0749570985936383,0.0218074188559024));
#6596=CARTESIAN_POINT('',(-0.142991622483652,-0.074613678520315,0.03720274));
#6597=CARTESIAN_POINT('',(-0.142940411147008,-0.0745466732469493,0.03720274));
#6598=CARTESIAN_POINT('',(-0.142940411147008,-0.0745466732469493,0.0213047290570174));
#6599=CARTESIAN_POINT('',(-0.143295242813849,-0.0750109374976724,0.03720274));
#6600=CARTESIAN_POINT('',(-0.143295242813849,-0.0750109374976724,0.0218074188559025));
#6601=CARTESIAN_POINT('',(-0.143295242813849,-0.0750109374976724,0.0218074188559025));
#6602=CARTESIAN_POINT('',(-0.143160510724958,-0.0748346530841245,0.0216713544598565));
#6603=CARTESIAN_POINT('',(-0.143041027697445,-0.074678320649828,0.0215060994166231));
#6604=CARTESIAN_POINT('',(-0.142940411147008,-0.0745466732469494,0.0213047290570172));
#6605=CARTESIAN_POINT('',(-0.143564699874562,-0.0745897571414925,0.03720274));
#6606=CARTESIAN_POINT('',(-0.143610148926799,-0.0745187170731476,0.0213047290570175));
#6607=CARTESIAN_POINT('',(-0.14352085372077,-0.0746582917667226,0.0215060994166235));
#6608=CARTESIAN_POINT('',(-0.143414814888067,-0.074824037927571,0.0216713544598563));
#6609=CARTESIAN_POINT('',(-0.143295242813849,-0.0750109374976725,0.0218074188559024));
#6610=CARTESIAN_POINT('',(-0.142316767227494,-0.0745982571492127,0.03720274));
#6611=CARTESIAN_POINT('',(-0.142270354690684,-0.0745278427750653,0.03720274));
#6612=CARTESIAN_POINT('',(-0.142270354690684,-0.0745278427750653,0.0213047290570175));
#6613=CARTESIAN_POINT('',(-0.142591936568403,-0.075015727907259,0.03720274));
#6614=CARTESIAN_POINT('',(-0.142591936568403,-0.075015727907259,0.0218074188559025));
#6615=CARTESIAN_POINT('',(-0.142591936568403,-0.075015727907259,0.0218074188559025));
#6616=CARTESIAN_POINT('',(-0.142469829659174,-0.0748304744782613,0.0216713544598565));
#6617=CARTESIAN_POINT('',(-0.142361542885659,-0.0746661881472458,0.0215060994166232));
#6618=CARTESIAN_POINT('',(-0.142270354690685,-0.0745278427750654,0.0213047290570173));
#6619=CARTESIAN_POINT('',(-0.142890117301716,-0.0746143698996391,0.03720274));
#6620=CARTESIAN_POINT('',(-0.142940411147008,-0.0745466732469493,0.0213047290570174));
#6621=CARTESIAN_POINT('',(-0.142841597221165,-0.0746796790248908,0.0215060994166233));
#6622=CARTESIAN_POINT('',(-0.142724254826012,-0.0748376245413726,0.0216713544598564));
#6623=CARTESIAN_POINT('',(-0.142591936568403,-0.0750157279072592,0.0218074188559024));
#6624=CARTESIAN_POINT('',(-0.14164463162529,-0.0745357978208381,0.03720274));
#6625=CARTESIAN_POINT('',(-0.141603244005529,-0.0744623173976618,0.03720274));
#6626=CARTESIAN_POINT('',(-0.141603244005529,-0.0744623173976618,0.0213047290570175));
#6627=CARTESIAN_POINT('',(-0.141890009379542,-0.0749714464840041,0.03720274));
#6628=CARTESIAN_POINT('',(-0.141890009379542,-0.0749714464840041,0.0218074188559025));
#6629=CARTESIAN_POINT('',(-0.141890009379542,-0.0749714464840041,0.0218074188559025));
#6630=CARTESIAN_POINT('',(-0.141781122542563,-0.074778126575641,0.0216713544598565));
#6631=CARTESIAN_POINT('',(-0.141684559585321,-0.0746066867343974,0.0215060994166232));
#6632=CARTESIAN_POINT('',(-0.141603244005529,-0.0744623173976619,0.0213047290570173));
#6633=CARTESIAN_POINT('',(-0.142215461078896,-0.074591866200813,0.03720274));
#6634=CARTESIAN_POINT('',(-0.142270354690684,-0.0745278427750653,0.0213047290570175));
#6635=CARTESIAN_POINT('',(-0.142162503456541,-0.074653631646593,0.0215060994166234));
#6636=CARTESIAN_POINT('',(-0.142034429179292,-0.0748030070240283,0.0216713544598564));
#6637=CARTESIAN_POINT('',(-0.141890009379542,-0.0749714464840043,0.0218074188559024));
#6638=CARTESIAN_POINT('',(-0.140978490254131,-0.0744266048307606,0.03720274));
#6639=CARTESIAN_POINT('',(-0.140942329187742,-0.0743504163477908,0.03720274));
#6640=CARTESIAN_POINT('',(-0.140942329187742,-0.0743504163477908,0.0213047290570175));
#6641=CARTESIAN_POINT('',(-0.141192880965973,-0.0748783089625506,0.03720274));
#6642=CARTESIAN_POINT('',(-0.141192880965973,-0.0748783089625506,0.0218074188559025));
#6643=CARTESIAN_POINT('',(-0.141192880965973,-0.0748783089625506,0.0218074188559025));
#6644=CARTESIAN_POINT('',(-0.141097744686968,-0.0746778644099833,0.0216713544598565));
#6645=CARTESIAN_POINT('',(-0.141013375991021,-0.0745001062961848,0.0215060994166232));
#6646=CARTESIAN_POINT('',(-0.140942329187742,-0.0743504163477909,0.0213047290570173));
#6647=CARTESIAN_POINT('',(-0.141544018063403,-0.0745223556807727,0.03720274));
#6648=CARTESIAN_POINT('',(-0.141603244005529,-0.0744623173976618,0.0213047290570175));
#6649=CARTESIAN_POINT('',(-0.141486880903458,-0.0745802765320378,0.0215060994166234));
#6650=CARTESIAN_POINT('',(-0.141348698709116,-0.074720354028603,0.0216713544598564));
#6651=CARTESIAN_POINT('',(-0.141192880965973,-0.0748783089625508,0.0218074188559024));
#6652=CARTESIAN_POINT('',(-0.140321588487818,-0.0742712101562518,0.03720274));
#6653=CARTESIAN_POINT('',(-0.140290830147881,-0.0741926847961192,0.03720274));
#6654=CARTESIAN_POINT('',(-0.140290830147881,-0.0741926847961192,0.0213047290570175));
#6655=CARTESIAN_POINT('',(-0.140503947667252,-0.0747367690995409,0.03720274));
#6656=CARTESIAN_POINT('',(-0.140503947667252,-0.0747367690995409,0.0218074188559025));
#6657=CARTESIAN_POINT('',(-0.140503947667252,-0.0747367690995409,0.0218074188559025));
#6658=CARTESIAN_POINT('',(-0.140423025440609,-0.0745301764484808,0.0216713544598565));
#6659=CARTESIAN_POINT('',(-0.140351262041763,-0.0743469660817899,0.0215060994166232));
#6660=CARTESIAN_POINT('',(-0.140290830147881,-0.0741926847961193,0.0213047290570173));
#6661=CARTESIAN_POINT('',(-0.140879059458115,-0.0744061769877847,0.03720274));
#6662=CARTESIAN_POINT('',(-0.140942329187742,-0.0743504163477908,0.0213047290570175));
#6663=CARTESIAN_POINT('',(-0.140818021127079,-0.0744599710599696,0.0215060994166234));
#6664=CARTESIAN_POINT('',(-0.140670404225407,-0.0745900682321819,0.0216713544598563));
#6665=CARTESIAN_POINT('',(-0.140503947667251,-0.074736769099541,0.0218074188559023));
#6666=CARTESIAN_POINT('',(-0.139677126685725,-0.0740703708645457,0.03720274));
#6667=CARTESIAN_POINT('',(-0.13965192092378,-0.0739898911949115,0.03720274));
#6668=CARTESIAN_POINT('',(-0.13965192092378,-0.0739898911949115,0.0213047290570175));
#6669=CARTESIAN_POINT('',(-0.139826565897158,-0.07454751646296,0.03720274));
#6670=CARTESIAN_POINT('',(-0.139826565897158,-0.07454751646296,0.0218074188559025));
#6671=CARTESIAN_POINT('',(-0.139826565897158,-0.07454751646296,0.0218074188559025));
#6672=CARTESIAN_POINT('',(-0.139760251967832,-0.0743357822120365,0.0216713544598565));
#6673=CARTESIAN_POINT('',(-0.139701443490153,-0.0741480121749434,0.0215060994166232));
#6674=CARTESIAN_POINT('',(-0.13965192092378,-0.0739898911949116,0.0213047290570173));
#6675=CARTESIAN_POINT('',(-0.140223824874516,-0.074243896132763,0.03720274));
#6676=CARTESIAN_POINT('',(-0.140290830147881,-0.0741926847961192,0.0213047290570175));
#6677=CARTESIAN_POINT('',(-0.140159182745003,-0.0742933013465555,0.0215060994166234));
#6678=CARTESIAN_POINT('',(-0.140002850310706,-0.0744127843740694,0.0216713544598564));
#6679=CARTESIAN_POINT('',(-0.139826565897158,-0.0745475164629602,0.0218074188559024));
#6680=CARTESIAN_POINT('',(-0.139048244600969,-0.0738250654244833,0.03720274));
#6681=CARTESIAN_POINT('',(-0.139028714216955,-0.0737430235342081,0.03720274));
#6682=CARTESIAN_POINT('',(-0.139028714216955,-0.0737430235342081,0.0213047290570175));
#6683=CARTESIAN_POINT('',(-0.139164035791586,-0.0743114730726298,0.03720274));
#6684=CARTESIAN_POINT('',(-0.139164035791586,-0.0743114730726298,0.0218074188559025));
#6685=CARTESIAN_POINT('',(-0.139164035791586,-0.0743114730726298,0.0218074188559025));
#6686=CARTESIAN_POINT('',(-0.139112653234374,-0.0740956287698299,0.0216713544598565));
#6687=CARTESIAN_POINT('',(-0.139067086186854,-0.0739042138590807,0.0215060994166232));
#6688=CARTESIAN_POINT('',(-0.139028714216955,-0.0737430235342082,0.0213047290570173));
#6689=CARTESIAN_POINT('',(-0.139581506549633,-0.0740363037317209,0.03720274));
#6690=CARTESIAN_POINT('',(-0.13965192092378,-0.0739898911949115,0.0213047290570175));
#6691=CARTESIAN_POINT('',(-0.1395135755516,-0.0740810793898856,0.0215060994166235));
#6692=CARTESIAN_POINT('',(-0.139349289220584,-0.0741893661634011,0.0216713544598564));
#6693=CARTESIAN_POINT('',(-0.139164035791586,-0.0743114730726299,0.0218074188559024));
#6694=CARTESIAN_POINT('',(-0.138438006083853,-0.0735364889395103,0.03720274));
#6695=CARTESIAN_POINT('',(-0.138424246227838,-0.0734532845284368,0.03720274));
#6696=CARTESIAN_POINT('',(-0.138424246227838,-0.0734532845284368,0.0213047290570175));
#6697=CARTESIAN_POINT('',(-0.138519585130613,-0.0740297889082208,0.03720274));
#6698=CARTESIAN_POINT('',(-0.138519585130613,-0.0740297889082208,0.0218074188559025));
#6699=CARTESIAN_POINT('',(-0.138519585130613,-0.0740297889082208,0.0218074188559025));
#6700=CARTESIAN_POINT('',(-0.138483384276169,-0.0738108861252911,0.0216713544598565));
#6701=CARTESIAN_POINT('',(-0.138451280656882,-0.0736167588950901,0.0215060994166232));
#6702=CARTESIAN_POINT('',(-0.138424246227838,-0.0734532845284369,0.0213047290570173));
#6703=CARTESIAN_POINT('',(-0.138955233793779,-0.073784411153969,0.03720274));
#6704=CARTESIAN_POINT('',(-0.139028714216955,-0.0737430235342081,0.0213047290570175));
#6705=CARTESIAN_POINT('',(-0.13888434488022,-0.0738243391140002,0.0215060994166234));
#6706=CARTESIAN_POINT('',(-0.138712905038976,-0.0739209020712419,0.0216713544598564));
#6707=CARTESIAN_POINT('',(-0.138519585130613,-0.0740297889082209,0.0218074188559024));
#6708=CARTESIAN_POINT('',(-0.137849384155092,-0.0732060473252542,0.03720274));
#6709=CARTESIAN_POINT('',(-0.137841461863711,-0.0731220857569093,0.03720274));
#6710=CARTESIAN_POINT('',(-0.137841461863711,-0.0731220857569093,0.0213047290570174));
#6711=CARTESIAN_POINT('',(-0.137896353613078,-0.0737038363066674,0.03720274));
#6712=CARTESIAN_POINT('',(-0.137896353613078,-0.0737038363066674,0.0218074188559025));
#6713=CARTESIAN_POINT('',(-0.137896353613078,-0.0737038363066674,0.0218074188559025));
#6714=CARTESIAN_POINT('',(-0.137875510828326,-0.0734829415159624,0.0216713544598564));
#6715=CARTESIAN_POINT('',(-0.137857027042879,-0.0732870477346614,0.0215060994166232));
#6716=CARTESIAN_POINT('',(-0.137841461863711,-0.0731220857569094,0.0213047290570173));
#6717=CARTESIAN_POINT('',(-0.138348057744869,-0.0734894455948261,0.03720274));
#6718=CARTESIAN_POINT('',(-0.138424246227838,-0.0734532845284368,0.0213047290570175));
#6719=CARTESIAN_POINT('',(-0.138274556279444,-0.073524331331716,0.0215060994166234));
#6720=CARTESIAN_POINT('',(-0.138096798165646,-0.0736087000276626,0.0216713544598564));
#6721=CARTESIAN_POINT('',(-0.137896353613078,-0.0737038363066675,0.0218074188559024));
#6722=CARTESIAN_POINT('',(-0.137285246521554,-0.0728353504600436,0.03720274));
#6723=CARTESIAN_POINT('',(-0.137283200391414,-0.0727510407867486,0.03720274));
#6724=CARTESIAN_POINT('',(-0.137283200391414,-0.0727510407867486,0.0213047290570175));
#6725=CARTESIAN_POINT('',(-0.137297377560289,-0.0733352032762797,0.03720274));
#6726=CARTESIAN_POINT('',(-0.137297377560289,-0.0733352032762797,0.0218074188559025));
#6727=CARTESIAN_POINT('',(-0.137297377560289,-0.0733352032762797,0.0218074188559026));
#6728=CARTESIAN_POINT('',(-0.137291994389182,-0.0731133926550154,0.0216713544598565));
#6729=CARTESIAN_POINT('',(-0.137287220488718,-0.0729166866974258,0.0215060994166232));
#6730=CARTESIAN_POINT('',(-0.137283200391414,-0.0727510407867487,0.0213047290570173));
#6731=CARTESIAN_POINT('',(-0.137762936503578,-0.0731528440968465,0.03720274));
#6732=CARTESIAN_POINT('',(-0.137841461863711,-0.0731220857569093,0.0213047290570174));
#6733=CARTESIAN_POINT('',(-0.13768718057804,-0.0731825176507916,0.0215060994166233));
#6734=CARTESIAN_POINT('',(-0.137503970211349,-0.0732542810496374,0.0216713544598564));
#6735=CARTESIAN_POINT('',(-0.137297377560289,-0.0733352032762798,0.0218074188559024));
#6736=CARTESIAN_POINT('',(-0.136748341605082,-0.0724262043417435,0.03720274));
#6737=CARTESIAN_POINT('',(-0.136752181604725,-0.0723419573117519,0.03720274));
#6738=CARTESIAN_POINT('',(-0.136752181604725,-0.0723419573117519,0.0213047290570175));
#6739=CARTESIAN_POINT('',(-0.136725575123366,-0.0729256857601268,0.03720274));
#6740=CARTESIAN_POINT('',(-0.136725575123366,-0.0729256857601268,0.0218074188559025));
#6741=CARTESIAN_POINT('',(-0.136725575123366,-0.0729256857601268,0.0218074188559025));
#6742=CARTESIAN_POINT('',(-0.136735677792171,-0.0727040399473537,0.0216713544598565));
#6743=CARTESIAN_POINT('',(-0.136744637034655,-0.072507480145128,0.0215060994166233));
#6744=CARTESIAN_POINT('',(-0.136752181604725,-0.072341957311752,0.0213047290570173));
#6745=CARTESIAN_POINT('',(-0.13720272072178,-0.0727762465486933,0.03720274));
#6746=CARTESIAN_POINT('',(-0.137283200391414,-0.0727510407867486,0.0213047290570175));
#6747=CARTESIAN_POINT('',(-0.137125079411383,-0.0728005633531216,0.0215060994166234));
#6748=CARTESIAN_POINT('',(-0.136937309374289,-0.0728593718308009,0.0216713544598564));
#6749=CARTESIAN_POINT('',(-0.136725575123366,-0.0729256857601269,0.0218074188559024));
#6750=CARTESIAN_POINT('',(-0.136241285152462,-0.071980602289115,0.03720274));
#6751=CARTESIAN_POINT('',(-0.136250992573794,-0.0718968283454885,0.03720274));
#6752=CARTESIAN_POINT('',(-0.136250992573794,-0.0718968283454885,0.0213047290570175));
#6753=CARTESIAN_POINT('',(-0.136183732066303,-0.0724772788863829,0.03720274));
#6754=CARTESIAN_POINT('',(-0.136183732066303,-0.0724772788863829,0.0218074188559025));
#6755=CARTESIAN_POINT('',(-0.136183732066303,-0.0724772788863829,0.0218074188559025));
#6756=CARTESIAN_POINT('',(-0.136209271355834,-0.0722568777182211,0.0216713544598565));
#6757=CARTESIAN_POINT('',(-0.136231920092737,-0.0720614216909577,0.0215060994166232));
#6758=CARTESIAN_POINT('',(-0.136250992573794,-0.0718968283454886,0.0213047290570173));
#6759=CARTESIAN_POINT('',(-0.13667013971445,-0.0723614876957655,0.03720274));
#6760=CARTESIAN_POINT('',(-0.136752181604725,-0.0723419573117519,0.0213047290570175));
#6761=CARTESIAN_POINT('',(-0.136590991279852,-0.0723803292816502,0.0215060994166234));
#6762=CARTESIAN_POINT('',(-0.136399576369103,-0.072425896329171,0.0216713544598564));
#6763=CARTESIAN_POINT('',(-0.136183732066303,-0.0724772788863829,0.0218074188559024));
#6764=CARTESIAN_POINT('',(-0.13576654749176,-0.0715007152305668,0.03720274));
#6765=CARTESIAN_POINT('',(-0.1357820750412,-0.0714178225115378,0.03720274));
#6766=CARTESIAN_POINT('',(-0.1357820750412,-0.0714178225115378,0.0213047290570175));
#6767=CARTESIAN_POINT('',(-0.13567448819401,-0.0719921672482631,0.03720274));
#6768=CARTESIAN_POINT('',(-0.13567448819401,-0.0719921672482631,0.0218074188559025));
#6769=CARTESIAN_POINT('',(-0.13567448819401,-0.0719921672482632,0.0218074188559026));
#6770=CARTESIAN_POINT('',(-0.135715339679415,-0.0717740844970493,0.0216713544598565));
#6771=CARTESIAN_POINT('',(-0.135751567568367,-0.0715806844868657,0.0215060994166232));
#6772=CARTESIAN_POINT('',(-0.1357820750412,-0.0714178225115379,0.0213047290570173));
#6773=CARTESIAN_POINT('',(-0.13616778816272,-0.0719105882015034,0.03720274));
#6774=CARTESIAN_POINT('',(-0.136250992573794,-0.0718968283454885,0.0213047290570175));
#6775=CARTESIAN_POINT('',(-0.136087518207141,-0.071923862774532,0.0215060994166234));
#6776=CARTESIAN_POINT('',(-0.135893390976939,-0.0719559663938193,0.0216713544598564));
#6777=CARTESIAN_POINT('',(-0.13567448819401,-0.0719921672482632,0.0218074188559024));
#6778=CARTESIAN_POINT('',(-0.135326441497139,-0.0709888811276102,0.03720274));
#6779=CARTESIAN_POINT('',(-0.135347713526027,-0.0709072734781734,0.03720274));
#6780=CARTESIAN_POINT('',(-0.135347713526027,-0.0709072734781734,0.0213047290570175));
#6781=CARTESIAN_POINT('',(-0.135200324491442,-0.0714727142609052,0.03720274));
#6782=CARTESIAN_POINT('',(-0.135200324491442,-0.0714727142609052,0.0218074188559025));
#6783=CARTESIAN_POINT('',(-0.135200324491442,-0.0714727142609053,0.0218074188559025));
#6784=CARTESIAN_POINT('',(-0.135256289148391,-0.0712580124038816,0.0216713544598565));
#6785=CARTESIAN_POINT('',(-0.135305919690759,-0.0710676106361871,0.0215060994166232));
#6786=CARTESIAN_POINT('',(-0.135347713526027,-0.0709072734781735,0.0213047290570173));
#6787=CARTESIAN_POINT('',(-0.135698113472855,-0.0714257448029186,0.03720274));
#6788=CARTESIAN_POINT('',(-0.1357820750412,-0.0714178225115378,0.0213047290570175));
#6789=CARTESIAN_POINT('',(-0.135617113063448,-0.0714333876907056,0.0215060994166234));
#6790=CARTESIAN_POINT('',(-0.135421219282147,-0.0714518714761533,0.0216713544598563));
#6791=CARTESIAN_POINT('',(-0.135200324491442,-0.0714727142609053,0.0218074188559024));
#6792=CARTESIAN_POINT('',(-0.134923111320765,-0.0704475935845451,0.03720274));
#6793=CARTESIAN_POINT('',(-0.134950024193916,-0.0703676685889655,0.03720274));
#6794=CARTESIAN_POINT('',(-0.134950024193916,-0.0703676685889655,0.0213047290570175));
#6795=CARTESIAN_POINT('',(-0.134763551036496,-0.0709214506470484,0.03720274));
#6796=CARTESIAN_POINT('',(-0.134763551036496,-0.0709214506470484,0.0218074188559025));
#6797=CARTESIAN_POINT('',(-0.134763551036496,-0.0709214506470484,0.0218074188559025));
#6798=CARTESIAN_POINT('',(-0.134834356210806,-0.0707111756900806,0.0216713544598565));
#6799=CARTESIAN_POINT('',(-0.134897147611576,-0.0705246997831483,0.0215060994166232));
#6800=CARTESIAN_POINT('',(-0.134950024193916,-0.0703676685889656,0.0213047290570173));
#6801=CARTESIAN_POINT('',(-0.135263403852733,-0.0709093196083127,0.03720274));
#6802=CARTESIAN_POINT('',(-0.135347713526027,-0.0709072734781734,0.0213047290570175));
#6803=CARTESIAN_POINT('',(-0.13518206761535,-0.0709112935754772,0.0215060994166234));
#6804=CARTESIAN_POINT('',(-0.13498536165776,-0.0709160674759406,0.0216713544598564));
#6805=CARTESIAN_POINT('',(-0.134763551036496,-0.0709214506470484,0.0218074188559024));
#6806=CARTESIAN_POINT('',(-0.134558521946715,-0.0698794896998716,0.03720274));
#6807=CARTESIAN_POINT('',(-0.134590944547316,-0.0698016367446935,0.03720274));
#6808=CARTESIAN_POINT('',(-0.134590944547316,-0.0698016367446935,0.0213047290570175));
#6809=CARTESIAN_POINT('',(-0.134366295745541,-0.0703410621076064,0.03720274));
#6810=CARTESIAN_POINT('',(-0.134366295745541,-0.0703410621076064,0.0218074188559025));
#6811=CARTESIAN_POINT('',(-0.134366295745541,-0.0703410621076064,0.0218074188559025));
#6812=CARTESIAN_POINT('',(-0.134451596481519,-0.070136238489148,0.0216713544598565));
#6813=CARTESIAN_POINT('',(-0.134527242827299,-0.0699545969348519,0.0215060994166232));
#6814=CARTESIAN_POINT('',(-0.134590944547316,-0.0698016367446936,0.0213047290570173));
#6815=CARTESIAN_POINT('',(-0.134865777163924,-0.0703638285893231,0.03720274));
#6816=CARTESIAN_POINT('',(-0.134950024193916,-0.0703676685889655,0.0213047290570175));
#6817=CARTESIAN_POINT('',(-0.13478450136054,-0.0703601240188953,0.0215060994166235));
#6818=CARTESIAN_POINT('',(-0.134587941558314,-0.0703511647764112,0.0216713544598564));
#6819=CARTESIAN_POINT('',(-0.134366295745541,-0.0703410621076064,0.0218074188559024));
#6820=CARTESIAN_POINT('',(-0.134234449617772,-0.0692873372186101,0.03720274));
#6821=CARTESIAN_POINT('',(-0.134272223986171,-0.0692119355956054,0.03720274));
#6822=CARTESIAN_POINT('',(-0.134272223986171,-0.0692119355956054,0.0213047290570175));
#6823=CARTESIAN_POINT('',(-0.134010494006421,-0.0697343762372029,0.03720274));
#6824=CARTESIAN_POINT('',(-0.134010494006421,-0.0697343762372029,0.0218074188559025));
#6825=CARTESIAN_POINT('',(-0.134010494006421,-0.069734376237203,0.0218074188559025));
#6826=CARTESIAN_POINT('',(-0.134109874727457,-0.0695360018373344,0.0216713544598565));
#6827=CARTESIAN_POINT('',(-0.134198007476853,-0.0693600795750685,0.0215060994166233));
#6828=CARTESIAN_POINT('',(-0.13427222398617,-0.0692119355956055,0.0213047290570174));
#6829=CARTESIAN_POINT('',(-0.134507170603689,-0.0697919293233616,0.03720274));
#6830=CARTESIAN_POINT('',(-0.134590944547316,-0.0698016367446935,0.0213047290570175));
#6831=CARTESIAN_POINT('',(-0.134426351201846,-0.0697825642636364,0.0215060994166234));
#6832=CARTESIAN_POINT('',(-0.134230895174583,-0.0697599155267335,0.0216713544598564));
#6833=CARTESIAN_POINT('',(-0.134010494006421,-0.0697343762372029,0.0218074188559024));
#6834=CARTESIAN_POINT('',(-0.133952473181746,-0.0686740210481263,0.03720274));
#6835=CARTESIAN_POINT('',(-0.133995415285017,-0.068601438106423,0.03720274));
#6836=CARTESIAN_POINT('',(-0.133995415285017,-0.068601438106423,0.0213047290570175));
#6837=CARTESIAN_POINT('',(-0.133697879249445,-0.069104348748415,0.03720274));
#6838=CARTESIAN_POINT('',(-0.133697879249445,-0.069104348748415,0.0218074188559025));
#6839=CARTESIAN_POINT('',(-0.133697879249445,-0.069104348748415,0.0218074188559025));
#6840=CARTESIAN_POINT('',(-0.133810855782655,-0.0689133900272718,0.0216713544598565));
#6841=CARTESIAN_POINT('',(-0.133911045561772,-0.0687440441326143,0.0215060994166232));
#6842=CARTESIAN_POINT('',(-0.133995415285017,-0.0686014381064231,0.0213047290570173));
#6843=CARTESIAN_POINT('',(-0.134189331267142,-0.069196408046165,0.03720274));
#6844=CARTESIAN_POINT('',(-0.134272223986171,-0.0692119355956054,0.0213047290570175));
#6845=CARTESIAN_POINT('',(-0.134109362010843,-0.0691814281227719,0.0215060994166234));
#6846=CARTESIAN_POINT('',(-0.133915962000659,-0.0691452002338198,0.0216713544598564));
#6847=CARTESIAN_POINT('',(-0.133697879249445,-0.0691043487484149,0.0218074188559024));
#6848=CARTESIAN_POINT('',(-0.133713966399489,-0.0680425292031525,0.03720274));
#6849=CARTESIAN_POINT('',(-0.133761867028022,-0.0679731185595465,0.03720274));
#6850=CARTESIAN_POINT('',(-0.133761867028022,-0.0679731185595465,0.0213047290570175));
#6851=CARTESIAN_POINT('',(-0.133429974502285,-0.0684540490718375,0.03720274));
#6852=CARTESIAN_POINT('',(-0.133429974502285,-0.0684540490718375,0.0218074188559025));
#6853=CARTESIAN_POINT('',(-0.133429974502285,-0.0684540490718375,0.0218074188559025));
#6854=CARTESIAN_POINT('',(-0.133555996437356,-0.0682714363611141,0.0216713544598565));
#6855=CARTESIAN_POINT('',(-0.133667755131661,-0.068109491870241,0.0215060994166232));
#6856=CARTESIAN_POINT('',(-0.133761867028022,-0.0679731185595466,0.0213047290570173));
#6857=CARTESIAN_POINT('',(-0.13391380763558,-0.068580166077534,0.03720274));
#6858=CARTESIAN_POINT('',(-0.133995415285017,-0.068601438106423,0.0213047290570175));
#6859=CARTESIAN_POINT('',(-0.133835078127003,-0.0685596442711541,0.0215060994166235));
#6860=CARTESIAN_POINT('',(-0.133644676359309,-0.0685100137287863,0.0216713544598564));
#6861=CARTESIAN_POINT('',(-0.133429974502285,-0.0684540490718375,0.0218074188559024));
#6862=CARTESIAN_POINT('',(-0.13352009125207,-0.0673959382484801,0.03720274));
#6863=CARTESIAN_POINT('',(-0.133572717038817,-0.0673300380646499,0.03720274));
#6864=CARTESIAN_POINT('',(-0.133572717038817,-0.0673300380646499,0.0213047290570175));
#6865=CARTESIAN_POINT('',(-0.133208084969939,-0.067786645402127,0.03720274));
#6866=CARTESIAN_POINT('',(-0.133208084969939,-0.067786645402127,0.0218074188559025));
#6867=CARTESIAN_POINT('',(-0.133208084969939,-0.067786645402127,0.0218074188559025));
#6868=CARTESIAN_POINT('',(-0.133346538340671,-0.0676132683725938,0.0216713544598565));
#6869=CARTESIAN_POINT('',(-0.133469321473039,-0.0674595142627862,0.0215060994166232));
#6870=CARTESIAN_POINT('',(-0.133572717038817,-0.06733003806465,0.0213047290570173));
#6871=CARTESIAN_POINT('',(-0.133681942032442,-0.0679462056863955,0.03720274));
#6872=CARTESIAN_POINT('',(-0.133761867028022,-0.0679731185595465,0.0213047290570175));
#6873=CARTESIAN_POINT('',(-0.133604835833839,-0.0679202419772066,0.0215060994166234));
#6874=CARTESIAN_POINT('',(-0.133418359926907,-0.0678574505764365,0.0216713544598563));
#6875=CARTESIAN_POINT('',(-0.133208084969939,-0.067786645402127,0.0218074188559024));
#6876=CARTESIAN_POINT('',(-0.133371792279718,-0.0667373983102452,0.03720274));
#6877=CARTESIAN_POINT('',(-0.133428886837138,-0.0666753296452622,0.03720274));
#6878=CARTESIAN_POINT('',(-0.133428886837138,-0.0666753296452622,0.0213047290570175));
#6879=CARTESIAN_POINT('',(-0.133033291675904,-0.0671053892628752,0.03720274));
#6880=CARTESIAN_POINT('',(-0.133033291675904,-0.0671053892628752,0.0218074188559025));
#6881=CARTESIAN_POINT('',(-0.133033291675904,-0.0671053892628752,0.0218074188559025));
#6882=CARTESIAN_POINT('',(-0.133183501951392,-0.0669420925899923,0.0216713544598564));
#6883=CARTESIAN_POINT('',(-0.133316711334745,-0.0667972779358178,0.0215060994166232));
#6884=CARTESIAN_POINT('',(-0.133428886837137,-0.0666753296452623,0.0213047290570172));
#6885=CARTESIAN_POINT('',(-0.133494864083639,-0.0672976154640497,0.03720274));
#6886=CARTESIAN_POINT('',(-0.133572717038817,-0.0673300380646499,0.0213047290570175));
#6887=CARTESIAN_POINT('',(-0.133419756848659,-0.067266336344633,0.0215060994166234));
#6888=CARTESIAN_POINT('',(-0.133238115294363,-0.0671906899988535,0.0216713544598563));
#6889=CARTESIAN_POINT('',(-0.133033291675904,-0.0671053892628752,0.0218074188559023));
#6890=CARTESIAN_POINT('',(-0.133269791980121,-0.0660701177288305,0.03720274));
#6891=CARTESIAN_POINT('',(-0.133331077149267,-0.0660121829749915,0.03720274));
#6892=CARTESIAN_POINT('',(-0.133331077149267,-0.0660121829749915,0.0213047290570175));
#6893=CARTESIAN_POINT('',(-0.13290644619554,-0.0664135996655128,0.03720274));
#6894=CARTESIAN_POINT('',(-0.13290644619554,-0.0664135996655128,0.0218074188559025));
#6895=CARTESIAN_POINT('',(-0.13290644619554,-0.0664135996655128,0.0218074188559025));
#6896=CARTESIAN_POINT('',(-0.133067681566421,-0.066261178914256,0.0216713544598565));
#6897=CARTESIAN_POINT('',(-0.133210668218033,-0.0661260092381529,0.0215060994166232));
#6898=CARTESIAN_POINT('',(-0.133331077149267,-0.0660121829749915,0.0213047290570173));
#6899=CARTESIAN_POINT('',(-0.133353485214133,-0.0666375552768636,0.03720274));
#6900=CARTESIAN_POINT('',(-0.133428886837138,-0.0666753296452622,0.0213047290570175));
#6901=CARTESIAN_POINT('',(-0.133280742857675,-0.0666011131359449,0.0215060994166234));
#6902=CARTESIAN_POINT('',(-0.133104820595408,-0.0665129803865486,0.0216713544598564));
#6903=CARTESIAN_POINT('',(-0.13290644619554,-0.0664135996655128,0.0218074188559024));
#6904=CARTESIAN_POINT('',(-0.133214587288485,-0.0653973474281541,0.03720274));
#6905=CARTESIAN_POINT('',(-0.133279764494174,-0.065343828837756,0.03720274));
#6906=CARTESIAN_POINT('',(-0.133279764494174,-0.065343828837756,0.0213047290570175));
#6907=CARTESIAN_POINT('',(-0.132828166507275,-0.0657146469394198,0.03720274));
#6908=CARTESIAN_POINT('',(-0.132828166507275,-0.0657146469394198,0.0218074188559025));
#6909=CARTESIAN_POINT('',(-0.132828166507275,-0.0657146469394198,0.0218074188559026));
#6910=CARTESIAN_POINT('',(-0.132999641451029,-0.0655738446883679,0.0216713544598565));
#6911=CARTESIAN_POINT('',(-0.133151708754306,-0.0654489785234112,0.0215060994166233));
#6912=CARTESIAN_POINT('',(-0.133279764494174,-0.0653438288377561,0.0213047290570174));
#6913=CARTESIAN_POINT('',(-0.133258494207564,-0.0659692408717204,0.03720274));
#6914=CARTESIAN_POINT('',(-0.133331077149267,-0.0660121829749915,0.0213047290570175));
#6915=CARTESIAN_POINT('',(-0.133188471123076,-0.065927813251747,0.0215060994166234));
#6916=CARTESIAN_POINT('',(-0.133019125228418,-0.0658276234726299,0.0216713544598564));
#6917=CARTESIAN_POINT('',(-0.132828166507275,-0.0657146469394197,0.0218074188559024));
#6918=CARTESIAN_POINT('',(-0.133206447156517,-0.0647223650774941,0.03720274));
#6919=CARTESIAN_POINT('',(-0.133275198861955,-0.0646735233877297,0.03720274));
#6920=CARTESIAN_POINT('',(-0.133275198861955,-0.0646735233877297,0.0213047290570175));
#6921=CARTESIAN_POINT('',(-0.132798833981883,-0.0650119363120192,0.03720274));
#6922=CARTESIAN_POINT('',(-0.132798833981883,-0.0650119363120192,0.0218074188559025));
#6923=CARTESIAN_POINT('',(-0.132798833981883,-0.0650119363120192,0.0218074188559025));
#6924=CARTESIAN_POINT('',(-0.132888758231605,-0.0649480534995237,0.0217397742900494));
#6925=CARTESIAN_POINT('',(-0.132974023769567,-0.0648874802682681,0.0216642542979865));
#6926=CARTESIAN_POINT('',(-0.133054195503312,-0.0648305257109593,0.0215801233676882));
#6927=CARTESIAN_POINT('',(-0.133054195503312,-0.0648305257109593,0.0215801233676882));
#6928=CARTESIAN_POINT('',(-0.133054195503312,-0.0648305257109593,0.0215801233676882));
#6929=CARTESIAN_POINT('',(-0.13313428466759,-0.0647736298115739,0.0214960790844625));
#6930=CARTESIAN_POINT('',(-0.133208210608041,-0.0647211123092652,0.0214045927024005));
#6931=CARTESIAN_POINT('',(-0.133275198861955,-0.0646735233877298,0.0213047290570174));
#6932=CARTESIAN_POINT('',(-0.133210353850568,-0.0652959282092231,0.03720274));
#6933=CARTESIAN_POINT('',(-0.133279764494174,-0.065343828837756,0.0213047290570175));
#6934=CARTESIAN_POINT('',(-0.13314339118348,-0.0652497169413952,0.0215060994166234));
#6935=CARTESIAN_POINT('',(-0.132981446692606,-0.0651379582470902,0.0216713544598564));
#6936=CARTESIAN_POINT('',(-0.132798833981883,-0.0650119363120191,0.0218074188559024));
#6937=CARTESIAN_POINT('',(-0.133245411242124,-0.0640484591230139,0.03720274));
#6938=CARTESIAN_POINT('',(-0.133317402495912,-0.0640045322856863,0.03720274));
#6939=CARTESIAN_POINT('',(-0.133317402495912,-0.0640045322856863,0.0213047290570175));
#6940=CARTESIAN_POINT('',(-0.132818591524478,-0.0643088913188514,0.03720274));
#6941=CARTESIAN_POINT('',(-0.132818591524478,-0.0643088913188514,0.0218074188559025));
#6942=CARTESIAN_POINT('',(-0.132818591524478,-0.0643088913188514,0.0218074188559025));
#6943=CARTESIAN_POINT('',(-0.133007993571768,-0.064193324045287,0.0216713544598565));
#6944=CARTESIAN_POINT('',(-0.133175958977885,-0.0640908367474157,0.0215060994166232));
#6945=CARTESIAN_POINT('',(-0.133317402495912,-0.0640045322856864,0.0213047290570174));
#6946=CARTESIAN_POINT('',(-0.133209298678125,-0.0646208976009822,0.03720274));
#6947=CARTESIAN_POINT('',(-0.133275198861955,-0.0646735233877297,0.0213047290570175));
#6948=CARTESIAN_POINT('',(-0.133145722663819,-0.0645701278219516,0.0215060994166234));
#6949=CARTESIAN_POINT('',(-0.132991968554011,-0.0644473446895832,0.0216713544598563));
#6950=CARTESIAN_POINT('',(-0.132818591524478,-0.0643088913188512,0.0218074188559023));
#6951=CARTESIAN_POINT('',(-0.133331289716196,-0.0633789127667831,0.03720274));
#6952=CARTESIAN_POINT('',(-0.133406169784183,-0.0633401147890282,0.03720274));
#6953=CARTESIAN_POINT('',(-0.133406169784183,-0.0633401147890282,0.0213047290570175));
#6954=CARTESIAN_POINT('',(-0.132887342878299,-0.0636089371244533,0.03720274));
#6955=CARTESIAN_POINT('',(-0.132887342878299,-0.0636089371244533,0.0218074188559025));
#6956=CARTESIAN_POINT('',(-0.132887342878299,-0.0636089371244533,0.0218074188559025));
#6957=CARTESIAN_POINT('',(-0.133084345117206,-0.0635068633858977,0.0216713544598565));
#6958=CARTESIAN_POINT('',(-0.133259050520538,-0.0634163424163748,0.0215060994166232));
#6959=CARTESIAN_POINT('',(-0.133406169784183,-0.0633401147890282,0.0213047290570173));
#6960=CARTESIAN_POINT('',(-0.13325533383093,-0.0639474377282672,0.03720274));
#6961=CARTESIAN_POINT('',(-0.133317402495912,-0.0640045322856863,0.0213047290570175));
#6962=CARTESIAN_POINT('',(-0.133195454205357,-0.063892356783294,0.0215060994166234));
#6963=CARTESIAN_POINT('',(-0.133050639551182,-0.0637591473999412,0.0216713544598564));
#6964=CARTESIAN_POINT('',(-0.132887342878299,-0.0636089371244532,0.0218074188559024));
#6965=CARTESIAN_POINT('',(-0.13346366418744,-0.0627169879713465,0.03720274));
#6966=CARTESIAN_POINT('',(-0.133541068261462,-0.062683507873012,0.03720274));
#6967=CARTESIAN_POINT('',(-0.133541068261462,-0.062683507873012,0.0213047290570174));
#6968=CARTESIAN_POINT('',(-0.133004753093662,-0.0629154838353009,0.03720274));
#6969=CARTESIAN_POINT('',(-0.133004753093662,-0.0629154838353009,0.0218074188559025));
#6970=CARTESIAN_POINT('',(-0.133004753093662,-0.0629154838353009,0.0218074188559025));
#6971=CARTESIAN_POINT('',(-0.133208395749079,-0.0628274009247481,0.0216713544598564));
#6972=CARTESIAN_POINT('',(-0.133388990002463,-0.0627492872926378,0.0215060994166231));
#6973=CARTESIAN_POINT('',(-0.133541068261462,-0.062683507873012,0.0213047290570172));
#6974=CARTESIAN_POINT('',(-0.133348235030344,-0.0632788296198822,0.03720274));
#6975=CARTESIAN_POINT('',(-0.133406169784183,-0.0633401147890282,0.0213047290570175));
#6976=CARTESIAN_POINT('',(-0.133292343521022,-0.0632197058577935,0.0215060994166234));
#6977=CARTESIAN_POINT('',(-0.133157173844919,-0.0630767192061817,0.0216713544598563));
#6978=CARTESIAN_POINT('',(-0.133004753093662,-0.0629154838353008,0.0218074188559023));
#6979=CARTESIAN_POINT('',(-0.133641889740739,-0.0620659095677712,0.03720274));
#6980=CARTESIAN_POINT('',(-0.133721440715928,-0.0620379104605306,0.03720274));
#6981=CARTESIAN_POINT('',(-0.133721440715928,-0.0620379104605306,0.0213047290570175));
#6982=CARTESIAN_POINT('',(-0.133170250159798,-0.0622319098861133,0.03720274));
#6983=CARTESIAN_POINT('',(-0.133170250159798,-0.0622319098861133,0.0218074188559025));
#6984=CARTESIAN_POINT('',(-0.133170250159798,-0.0622319098861133,0.0218074188559025));
#6985=CARTESIAN_POINT('',(-0.133379541105179,-0.0621582469346493,0.0216713544598565));
#6986=CARTESIAN_POINT('',(-0.133565144371566,-0.0620929212017155,0.0215060994166232));
#6987=CARTESIAN_POINT('',(-0.133721440715927,-0.0620379104605307,0.0213047290570173));
#6988=CARTESIAN_POINT('',(-0.133487549671064,-0.0626183306673227,0.03720274));
#6989=CARTESIAN_POINT('',(-0.133541068261462,-0.062683507873012,0.0213047290570174));
#6990=CARTESIAN_POINT('',(-0.133435918575807,-0.0625554521331444,0.0215060994166234));
#6991=CARTESIAN_POINT('',(-0.13331105241085,-0.0624033848298673,0.0216713544598564));
#6992=CARTESIAN_POINT('',(-0.133170250159798,-0.0622319098861131,0.0218074188559024));
#6993=CARTESIAN_POINT('',(-0.133865098079113,-0.0614288495445931,0.03720274));
#6994=CARTESIAN_POINT('',(-0.133946408391112,-0.0614064678372826,0.03720274));
#6995=CARTESIAN_POINT('',(-0.133946408391112,-0.0614064678372826,0.0213047290570175));
#6996=CARTESIAN_POINT('',(-0.133383027791638,-0.0615615455804583,0.03720274));
#6997=CARTESIAN_POINT('',(-0.133383027791638,-0.0615615455804583,0.0218074188559025));
#6998=CARTESIAN_POINT('',(-0.133383027791638,-0.0615615455804583,0.0218074188559025));
#6999=CARTESIAN_POINT('',(-0.133596947382535,-0.0615026614665782,0.0216713544598565));
#7000=CARTESIAN_POINT('',(-0.133786655421468,-0.061450441893225,0.0215060994166232));
#7001=CARTESIAN_POINT('',(-0.133946408391112,-0.0614064678372826,0.0213047290570173));
#7002=CARTESIAN_POINT('',(-0.133672599026163,-0.0619691587550928,0.03720274));
#7003=CARTESIAN_POINT('',(-0.133721440715928,-0.0620379104605306,0.0213047290570175));
#7004=CARTESIAN_POINT('',(-0.133625479886478,-0.0619028317867227,0.0215060994166234));
#7005=CARTESIAN_POINT('',(-0.133511525568071,-0.0617424246883963,0.0216713544598564));
#7006=CARTESIAN_POINT('',(-0.133383027791638,-0.0615615455804581,0.0218074188559024));
#7007=CARTESIAN_POINT('',(-0.134132201753972,-0.0608089115942082,0.03720274));
#7008=CARTESIAN_POINT('',(-0.134214875267117,-0.0607922563282559,0.03720274));
#7009=CARTESIAN_POINT('',(-0.134214875267117,-0.0607922563282559,0.0213047290570174));
#7010=CARTESIAN_POINT('',(-0.133642049357947,-0.0609076568658482,0.03720274));
#7011=CARTESIAN_POINT('',(-0.133642049357947,-0.0609076568658482,0.0218074188559025));
#7012=CARTESIAN_POINT('',(-0.133642049357947,-0.0609076568658482,0.0218074188559025));
#7013=CARTESIAN_POINT('',(-0.133859555399616,-0.0608638384670357,0.0216713544598564));
#7014=CARTESIAN_POINT('',(-0.134052443972598,-0.0608249794617756,0.0215060994166232));
#7015=CARTESIAN_POINT('',(-0.134214875267117,-0.0607922563282559,0.0213047290570172));
#7016=CARTESIAN_POINT('',(-0.133902481553785,-0.0613344765834941,0.03720274));
#7017=CARTESIAN_POINT('',(-0.133946408391112,-0.0614064678372826,0.0213047290570175));
#7018=CARTESIAN_POINT('',(-0.133860103929383,-0.0612650243192551,0.0215060994166234));
#7019=CARTESIAN_POINT('',(-0.133757616631512,-0.0610970589131382,0.0216713544598563));
#7020=CARTESIAN_POINT('',(-0.133642049357947,-0.0609076568658481,0.0218074188559023));
#7021=CARTESIAN_POINT('',(-0.134441899463063,-0.0602091159919947,0.03720274));
#7022=CARTESIAN_POINT('',(-0.134525533400307,-0.0601982683101822,0.03720274));
#7023=CARTESIAN_POINT('',(-0.134525533400307,-0.0601982683101822,0.0213047290570175));
#7024=CARTESIAN_POINT('',(-0.133946052931692,-0.060273429422372,0.03720274));
#7025=CARTESIAN_POINT('',(-0.133946052931692,-0.060273429422372,0.0218074188559025));
#7026=CARTESIAN_POINT('',(-0.133946052931692,-0.060273429422372,0.0218074188559025));
#7027=CARTESIAN_POINT('',(-0.134166085756561,-0.0602448902174616,0.0216713544598565));
#7028=CARTESIAN_POINT('',(-0.134361215129854,-0.0602195810974619,0.0215060994166232));
#7029=CARTESIAN_POINT('',(-0.134525533400307,-0.0601982683101822,0.0213047290570173));
#7030=CARTESIAN_POINT('',(-0.134176077289362,-0.0607173762602686,0.03720274));
#7031=CARTESIAN_POINT('',(-0.134214875267117,-0.0607922563282559,0.0213047290570174));
#7032=CARTESIAN_POINT('',(-0.13413864763977,-0.0606451370646108,0.0215060994166234));
#7033=CARTESIAN_POINT('',(-0.134048126670247,-0.0604704316612781,0.0216713544598563));
#7034=CARTESIAN_POINT('',(-0.133946052931692,-0.0602734294223718,0.0218074188559023));
#7035=CARTESIAN_POINT('',(-0.134792682390278,-0.0596323848818354,0.03720274));
#7036=CARTESIAN_POINT('',(-0.134876869295486,-0.0596273976329781,0.03720274));
#7037=CARTESIAN_POINT('',(-0.134876869295486,-0.0596273976329781,0.0213047290570175));
#7038=CARTESIAN_POINT('',(-0.134293557438018,-0.0596619531423819,0.03720274));
#7039=CARTESIAN_POINT('',(-0.134293557438018,-0.0596619531423819,0.0218074188559025));
#7040=CARTESIAN_POINT('',(-0.134293557438018,-0.0596619531423819,0.0218074188559025));
#7041=CARTESIAN_POINT('',(-0.134515045068283,-0.0596488321715111,0.0216713544598565));
#7042=CARTESIAN_POINT('',(-0.134711464591195,-0.0596371962402607,0.0215060994166232));
#7043=CARTESIAN_POINT('',(-0.134876869295486,-0.0596273976329781,0.0213047290570173));
#7044=CARTESIAN_POINT('',(-0.134492053301973,-0.0601208642361605,0.03720274));
#7045=CARTESIAN_POINT('',(-0.134525533400307,-0.0601982683101822,0.0213047290570175));
#7046=CARTESIAN_POINT('',(-0.134459753980682,-0.0600461900511835,0.0215060994166234));
#7047=CARTESIAN_POINT('',(-0.134381640348571,-0.059865595797799,0.0216713544598564));
#7048=CARTESIAN_POINT('',(-0.134293557438018,-0.0596619531423818,0.0218074188559024));
#7049=CARTESIAN_POINT('',(-0.135182841556456,-0.0590815280397262,0.03720274));
#7050=CARTESIAN_POINT('',(-0.135267171279488,-0.0590824255211992,0.03720274));
#7051=CARTESIAN_POINT('',(-0.135267171279488,-0.0590824255211992,0.0213047290570175));
#7052=CARTESIAN_POINT('',(-0.134682869869903,-0.0590762070768488,0.03720274));
#7053=CARTESIAN_POINT('',(-0.134682869869903,-0.0590762070768488,0.0218074188559025));
#7054=CARTESIAN_POINT('',(-0.134682869869903,-0.0590762070768488,0.0218074188559025));
#7055=CARTESIAN_POINT('',(-0.134904733240093,-0.0590785682640687,0.0216713544598565));
#7056=CARTESIAN_POINT('',(-0.135101485976451,-0.0590806622106548,0.0215060994166232));
#7057=CARTESIAN_POINT('',(-0.135267171279488,-0.0590824255211992,0.0213047290570173));
#7058=CARTESIAN_POINT('',(-0.134848870188245,-0.05954784665779,0.03720274));
#7059=CARTESIAN_POINT('',(-0.134876869295486,-0.0596273976329781,0.0213047290570175));
#7060=CARTESIAN_POINT('',(-0.134821858554301,-0.0594711012886169,0.0215060994166234));
#7061=CARTESIAN_POINT('',(-0.134756532821367,-0.0592854980222296,0.0216713544598564));
#7062=CARTESIAN_POINT('',(-0.134682869869903,-0.0590762070768487,0.0218074188559024));
#7063=CARTESIAN_POINT('',(-0.135610476145357,-0.0585592291848299,0.03720274));
#7064=CARTESIAN_POINT('',(-0.13569453784028,-0.0585660070241937,0.03720274));
#7065=CARTESIAN_POINT('',(-0.13569453784028,-0.0585660070241937,0.0213047290570175));
#7066=CARTESIAN_POINT('',(-0.135112093536312,-0.0585190449217249,0.03720274));
#7067=CARTESIAN_POINT('',(-0.135112093536312,-0.0585190449217249,0.0218074188559025));
#7068=CARTESIAN_POINT('',(-0.135112093536312,-0.0585190449217249,0.0218074188559025));
#7069=CARTESIAN_POINT('',(-0.135333251750388,-0.0585368767635688,0.0216713544598565));
#7070=CARTESIAN_POINT('',(-0.135529379140639,-0.0585526903864942,0.0215060994166233));
#7071=CARTESIAN_POINT('',(-0.135694537840279,-0.0585660070241937,0.0213047290570173));
#7072=CARTESIAN_POINT('',(-0.135244789572177,-0.0590011152091993,0.03720274));
#7073=CARTESIAN_POINT('',(-0.135267171279488,-0.0590824255211992,0.0213047290570175));
#7074=CARTESIAN_POINT('',(-0.135223197223545,-0.0589226725515543,0.0215060994166234));
#7075=CARTESIAN_POINT('',(-0.135170977650192,-0.0587329645126213,0.0216713544598564));
#7076=CARTESIAN_POINT('',(-0.135112093536312,-0.0585190449217247,0.0218074188559024));
#7077=CARTESIAN_POINT('',(-0.136073502764251,-0.0580680329046663,0.03720274));
#7078=CARTESIAN_POINT('',(-0.136156886890936,-0.0580806580809688,0.03720274));
#7079=CARTESIAN_POINT('',(-0.136156886890936,-0.0580806580809688,0.0213047290570175));
#7080=CARTESIAN_POINT('',(-0.135579137302687,-0.0579931811150242,0.03720274));
#7081=CARTESIAN_POINT('',(-0.135579137302687,-0.0579931811150242,0.0218074188559025));
#7082=CARTESIAN_POINT('',(-0.135579137302687,-0.0579931811150242,0.0218074188559025));
#7083=CARTESIAN_POINT('',(-0.135798512900062,-0.0580263967365511,0.0216713544598565));
#7084=CARTESIAN_POINT('',(-0.135993059431276,-0.0580558529934343,0.0215060994166232));
#7085=CARTESIAN_POINT('',(-0.136156886890936,-0.0580806580809688,0.0213047290570173));
#7086=CARTESIAN_POINT('',(-0.135677882574327,-0.0584833335110489,0.03720274));
#7087=CARTESIAN_POINT('',(-0.13569453784028,-0.0585660070241937,0.0213047290570175));
#7088=CARTESIAN_POINT('',(-0.13566181470676,-0.0584035757296749,0.0215060994166234));
#7089=CARTESIAN_POINT('',(-0.1356229557015,-0.0582106871566925,0.0216713544598564));
#7090=CARTESIAN_POINT('',(-0.135579137302687,-0.057993181115024,0.0218074188559024));
#7091=CARTESIAN_POINT('',(-0.136569665593994,-0.0576103322581374,0.03720274));
#7092=CARTESIAN_POINT('',(-0.136651965913357,-0.0576287432627887,0.03720274));
#7093=CARTESIAN_POINT('',(-0.136651965913357,-0.0576287432627887,0.0213047290570175));
#7094=CARTESIAN_POINT('',(-0.136081725778746,-0.0575011776123532,0.03720274));
#7095=CARTESIAN_POINT('',(-0.136081725778746,-0.0575011776123532,0.0218074188559025));
#7096=CARTESIAN_POINT('',(-0.136081725778746,-0.0575011776123532,0.0218074188559025));
#7097=CARTESIAN_POINT('',(-0.13629824998356,-0.0575496151903938,0.0216713544598565));
#7098=CARTESIAN_POINT('',(-0.136490267844592,-0.0575925705733124,0.0215060994166232));
#7099=CARTESIAN_POINT('',(-0.136651965913357,-0.0576287432627887,0.0213047290570173));
#7100=CARTESIAN_POINT('',(-0.136146039209124,-0.0579970241437247,0.03720274));
#7101=CARTESIAN_POINT('',(-0.136156886890936,-0.0580806580809688,0.0213047290570175));
#7102=CARTESIAN_POINT('',(-0.136135574103656,-0.0579163398105155,0.0215060994166234));
#7103=CARTESIAN_POINT('',(-0.136110264983657,-0.0577212104372222,0.0216713544598563));
#7104=CARTESIAN_POINT('',(-0.136081725778746,-0.0575011776123531,0.0218074188559023));
#7105=CARTESIAN_POINT('',(-0.137096547379152,-0.0571883571167853,0.03720274));
#7106=CARTESIAN_POINT('',(-0.137177362932312,-0.0572124642532214,0.03720274));
#7107=CARTESIAN_POINT('',(-0.137177362932312,-0.0572124642532214,0.0213047290570175));
#7108=CARTESIAN_POINT('',(-0.136617410403954,-0.0570454314053211,0.03720274));
#7109=CARTESIAN_POINT('',(-0.136617410403954,-0.0570454314053211,0.0218074188559025));
#7110=CARTESIAN_POINT('',(-0.136617410403954,-0.0570454314053211,0.0218074188559025));
#7111=CARTESIAN_POINT('',(-0.136830028332046,-0.0571088549568642,0.0216713544598565));
#7112=CARTESIAN_POINT('',(-0.137018582031179,-0.0571651001915103,0.0215060994166232));
#7113=CARTESIAN_POINT('',(-0.137177362932312,-0.0572124642532214,0.0213047290570173));
#7114=CARTESIAN_POINT('',(-0.1366469786645,-0.0575445563575808,0.03720274));
#7115=CARTESIAN_POINT('',(-0.136651965913357,-0.0576287432627887,0.0213047290570175));
#7116=CARTESIAN_POINT('',(-0.136642167306075,-0.0574633385584973,0.0215060994166234));
#7117=CARTESIAN_POINT('',(-0.136630531374824,-0.0572669190355855,0.0216713544598564));
#7118=CARTESIAN_POINT('',(-0.136617410403954,-0.0570454314053209,0.0218074188559024));
#7119=CARTESIAN_POINT('',(-0.137651581204631,-0.0568041633010817,0.03720274));
#7120=CARTESIAN_POINT('',(-0.137730518266335,-0.0568338491217572,0.03720274));
#7121=CARTESIAN_POINT('',(-0.137730518266335,-0.0568338491217572,0.0213047290570175));
#7122=CARTESIAN_POINT('',(-0.137183581376662,-0.056628162843637,0.03720274));
#7123=CARTESIAN_POINT('',(-0.137183581376662,-0.056628162843637,0.0218074188559025));
#7124=CARTESIAN_POINT('',(-0.137183581376662,-0.056628162843637,0.0218074188559025));
#7125=CARTESIAN_POINT('',(-0.13739125717486,-0.0567062633755147,0.0216713544598565));
#7126=CARTESIAN_POINT('',(-0.137575428097424,-0.056775524440759,0.0215060994166232));
#7127=CARTESIAN_POINT('',(-0.137730518266335,-0.0568338491217572,0.0213047290570173));
#7128=CARTESIAN_POINT('',(-0.137178260413785,-0.0571281345301894,0.03720274));
#7129=CARTESIAN_POINT('',(-0.137177362932312,-0.0572124642532214,0.0213047290570175));
#7130=CARTESIAN_POINT('',(-0.137179126242856,-0.0570467789501849,0.0215060994166234));
#7131=CARTESIAN_POINT('',(-0.137181220189442,-0.056850026213826,0.0216713544598564));
#7132=CARTESIAN_POINT('',(-0.137183581376662,-0.0566281628436368,0.0218074188559024));
#7133=CARTESIAN_POINT('',(-0.138232063001425,-0.0564596225646779,0.03720274));
#7134=CARTESIAN_POINT('',(-0.138308736998244,-0.0564947424432584,0.03720274));
#7135=CARTESIAN_POINT('',(-0.138308736998244,-0.0564947424432584,0.0213047290570175));
#7136=CARTESIAN_POINT('',(-0.137777480368804,-0.0562514048177897,0.03720274));
#7137=CARTESIAN_POINT('',(-0.137777480368804,-0.0562514048177897,0.0218074188559025));
#7138=CARTESIAN_POINT('',(-0.137777480368804,-0.0562514048177897,0.0218074188559025));
#7139=CARTESIAN_POINT('',(-0.137979202261494,-0.0563438018320614,0.0216713544598565));
#7140=CARTESIAN_POINT('',(-0.138158093145268,-0.0564257412949561,0.0215060994166232));
#7141=CARTESIAN_POINT('',(-0.138308736998244,-0.0564947424432584,0.0213047290570173));
#7142=CARTESIAN_POINT('',(-0.137737296105699,-0.056749787426835,0.03720274));
#7143=CARTESIAN_POINT('',(-0.137730518266335,-0.0568338491217572,0.0213047290570175));
#7144=CARTESIAN_POINT('',(-0.137743834904035,-0.0566686904221172,0.0215060994166234));
#7145=CARTESIAN_POINT('',(-0.13775964852696,-0.0564725630318656,0.0216713544598564));
#7146=CARTESIAN_POINT('',(-0.137777480368804,-0.0562514048177896,0.0218074188559024));
#7147=CARTESIAN_POINT('',(-0.13883516472057,-0.0561564134754084,0.03720274));
#7148=CARTESIAN_POINT('',(-0.138909202104498,-0.0561967963113757,0.03720274));
#7149=CARTESIAN_POINT('',(-0.138909202104498,-0.0561967963113757,0.0213047290570175));
#7150=CARTESIAN_POINT('',(-0.138396213964189,-0.0559169928550097,0.03720274));
#7151=CARTESIAN_POINT('',(-0.138396213964189,-0.0559169928550097,0.0218074188559025));
#7152=CARTESIAN_POINT('',(-0.138396213964189,-0.0559169928550097,0.0218074188559025));
#7153=CARTESIAN_POINT('',(-0.138590999182587,-0.0560232362027095,0.0216713544598565));
#7154=CARTESIAN_POINT('',(-0.138763738489167,-0.0561174548624279,0.0215060994166232));
#7155=CARTESIAN_POINT('',(-0.138909202104498,-0.0561967963113757,0.0213047290570173));
#7156=CARTESIAN_POINT('',(-0.138321362174547,-0.0564113583165737,0.03720274));
#7157=CARTESIAN_POINT('',(-0.138308736998244,-0.0564947424432584,0.0213047290570175));
#7158=CARTESIAN_POINT('',(-0.138333542085778,-0.056330914983598,0.0215060994166234));
#7159=CARTESIAN_POINT('',(-0.138362998342662,-0.0561363684523839,0.0216713544598564));
#7160=CARTESIAN_POINT('',(-0.138396213964189,-0.0559169928550095,0.0218074188559024));
#7161=CARTESIAN_POINT('',(-0.139457948111113,-0.0558960132374776,0.03720274));
#7162=CARTESIAN_POINT('',(-0.139528988179458,-0.0559414622897143,0.03720274));
#7163=CARTESIAN_POINT('',(-0.139528988179458,-0.0559414622897143,0.0213047290570175));
#7164=CARTESIAN_POINT('',(-0.139036767754934,-0.0556265561767645,0.03720274));
#7165=CARTESIAN_POINT('',(-0.139036767754934,-0.0556265561767645,0.0218074188559025));
#7166=CARTESIAN_POINT('',(-0.139036767754934,-0.0556265561767645,0.0218074188559025));
#7167=CARTESIAN_POINT('',(-0.139223667325035,-0.055746128250982,0.0216713544598565));
#7168=CARTESIAN_POINT('',(-0.139389413485883,-0.0558521670836848,0.0215060994166232));
#7169=CARTESIAN_POINT('',(-0.139528988179458,-0.0559414622897142,0.0213047290570173));
#7170=CARTESIAN_POINT('',(-0.138927613109149,-0.056114495992012,0.03720274));
#7171=CARTESIAN_POINT('',(-0.138909202104498,-0.0561967963113757,0.0213047290570175));
#7172=CARTESIAN_POINT('',(-0.138945374793974,-0.0560350982426104,0.0215060994166234));
#7173=CARTESIAN_POINT('',(-0.138988330176893,-0.0558430803815784,0.0216713544598564));
#7174=CARTESIAN_POINT('',(-0.139036767754934,-0.0556265561767643,0.0218074188559024));
#7175=CARTESIAN_POINT('',(-0.140097379034979,-0.0556796904946695,0.03720274));
#7176=CARTESIAN_POINT('',(-0.140165075687668,-0.0557299843399614,0.03720274));
#7177=CARTESIAN_POINT('',(-0.140165075687668,-0.0557299843399614,0.0213047290570175));
#7178=CARTESIAN_POINT('',(-0.139696021027359,-0.055381509761356,0.03720274));
#7179=CARTESIAN_POINT('',(-0.139696021027359,-0.055381509761356,0.0218074188559025));
#7180=CARTESIAN_POINT('',(-0.139696021027359,-0.055381509761356,0.0218074188559025));
#7181=CARTESIAN_POINT('',(-0.139874124393245,-0.055513828018965,0.0216713544598565));
#7182=CARTESIAN_POINT('',(-0.140032069909727,-0.0556311704141182,0.0215060994166232));
#7183=CARTESIAN_POINT('',(-0.140165075687668,-0.0557299843399614,0.0213047290570173));
#7184=CARTESIAN_POINT('',(-0.139553095315894,-0.0558606467365547,0.03720274));
#7185=CARTESIAN_POINT('',(-0.139528988179458,-0.0559414622897143,0.0213047290570175));
#7186=CARTESIAN_POINT('',(-0.139576352241169,-0.0557826813885813,0.0215060994166234));
#7187=CARTESIAN_POINT('',(-0.139632597475816,-0.0555941276894486,0.0216713544598564));
#7188=CARTESIAN_POINT('',(-0.139696021027359,-0.0553815097613558,0.0218074188559024));
#7189=CARTESIAN_POINT('',(-0.14075034224898,-0.0555084991496423,0.03720274));
#7190=CARTESIAN_POINT('',(-0.140370761965789,-0.0551830474502882,0.03720274));
#7191=CARTESIAN_POINT('',(-0.140370761965789,-0.0551830474502882,0.0218074188559025));
#7192=CARTESIAN_POINT('',(-0.140370761965789,-0.0551830474502881,0.0218074188559026));
#7193=CARTESIAN_POINT('',(-0.140539201425765,-0.0553274672500381,0.0216713544598565));
#7194=CARTESIAN_POINT('',(-0.1406885768032,-0.0554555415272878,0.0215060994166232));
#7195=CARTESIAN_POINT('',(-0.140814365674727,-0.0555633927614308,0.0213047290570173));
#7196=CARTESIAN_POINT('',(-0.140194761508344,-0.0556510472782574,0.03720274));
#7197=CARTESIAN_POINT('',(-0.140165075687668,-0.0557299843399614,0.0213047290570175));
#7198=CARTESIAN_POINT('',(-0.140223400368666,-0.0555748941710504,0.0215060994166234));
#7199=CARTESIAN_POINT('',(-0.140292661433911,-0.0553907232484861,0.0216713544598564));
#7200=CARTESIAN_POINT('',(-0.140370761965789,-0.055183047450288,0.0218074188559024));
#7201=CARTESIAN_POINT('',(-0.142875,-0.064943304812438,0.02020637));
#7202=MECHANICAL_DESIGN_GEOMETRIC_PRESENTATION_REPRESENTATION('',(#4150),
#7203);
#7203=(
GEOMETRIC_REPRESENTATION_CONTEXT(3)
GLOBAL_UNCERTAINTY_ASSIGNED_CONTEXT((#7204))
GLOBAL_UNIT_ASSIGNED_CONTEXT((#7207,#7206,#7205))
REPRESENTATION_CONTEXT('Encoder Knob','TOP_LEVEL_ASSEMBLY_PART')
);
#7204=UNCERTAINTY_MEASURE_WITH_UNIT(LENGTH_MEASURE(2.85887098572678E-5),
#7207,'DISTANCE_ACCURACY_VALUE','Maximum Tolerance applied to model');
#7205=(
NAMED_UNIT(*)
SI_UNIT($,.STERADIAN.)
SOLID_ANGLE_UNIT()
);
#7206=(
NAMED_UNIT(*)
PLANE_ANGLE_UNIT()
SI_UNIT($,.RADIAN.)
);
#7207=(
LENGTH_UNIT()
NAMED_UNIT(*)
SI_UNIT($,.METRE.)
);
#7208=PRODUCT_DEFINITION_SHAPE('','',#7209);
#7209=PRODUCT_DEFINITION('','',#7211,#7210);
#7210=PRODUCT_DEFINITION_CONTEXT('',#7217,'design');
#7211=PRODUCT_DEFINITION_FORMATION_WITH_SPECIFIED_SOURCE('','',#7213,
 .NOT_KNOWN.);
#7212=PRODUCT_RELATED_PRODUCT_CATEGORY('','',(#7213));
#7213=PRODUCT('Encoder Knob','Encoder Knob','Encoder Knob',(#7215));
#7214=PRODUCT_CATEGORY('','');
#7215=PRODUCT_CONTEXT('',#7217,'mechanical');
#7216=APPLICATION_PROTOCOL_DEFINITION('international standard',
'ap242_managed_model_based_3d_engineering',2020,#7217);
#7217=APPLICATION_CONTEXT('managed model based 3d engineering');
ENDSEC;
END-ISO-10303-21;
