ISO-10303-21;
HEADER;
/* Generated by software containing ST-Developer
 * from STEP Tools, Inc. (www.steptools.com) 
 */
/* OPTION: using custom renumber hook */

FILE_DESCRIPTION(
/* description */ ('STEP AP242 Edition 2',
'CAx-IF Rec.Pracs.---Representation and Presentation of Product Manufa
cturing Information (PMI)---4.0---2014-10-13',
'CAx-IF Rec.Pracs.---3D Tessellated Geometry---0.4---2014-09-14','2;1',
'CAx-IF Rec.Pracs.---User Defined Attributes---1.5---2016-08-15'),
/* implementation_level */ '2;1');

FILE_NAME(
/* name */ 'Case - Plastic Window',
/* time_stamp */ '2026-08-02T16:10:43Z',
/* author */ (''),
/* organization */ (''),
/* preprocessor_version */ 'ST-DEVELOPER v20',
/* originating_system */ 'ONSHAPE BY PTC INC, 1.218',
/* authorisation */ '  ');

FILE_SCHEMA (('AP242_MANAGED_MODEL_BASED_3D_ENGINEERING_MIM_LF { 1 0 10303 442 3 1 4 }'));
ENDSEC;

DATA;
#10=SHAPE_REPRESENTATION_RELATIONSHIP('','',#2010,#11);
#11=ADVANCED_BREP_SHAPE_REPRESENTATION('',(#2008),#3666);
#12=CYLINDRICAL_SURFACE('',#2075,0.00897387049354275);
#13=CYLINDRICAL_SURFACE('',#2080,0.00897387049354275);
#14=CYLINDRICAL_SURFACE('',#2086,0.00897387049354275);
#15=CYLINDRICAL_SURFACE('',#2090,0.00897387049354275);
#16=CYLINDRICAL_SURFACE('',#2113,0.0015);
#17=B_SPLINE_CURVE_WITH_KNOTS('',3,(#2644,#2645,#2646,#2647,#2648,#2649,
#2650),.UNSPECIFIED.,.F.,.F.,(4,1,1,1,4),(0.,0.185879238082309,0.295577829193578,
0.456674019320499,0.510254132766223),.UNSPECIFIED.);
#18=B_SPLINE_CURVE_WITH_KNOTS('',3,(#2655,#2656,#2657,#2658,#2659,#2660,
#2661),.UNSPECIFIED.,.F.,.F.,(4,1,1,1,4),(0.,0.185879238082309,0.295577829193578,
0.456674019320499,0.510254132766223),.UNSPECIFIED.);
#19=B_SPLINE_CURVE_WITH_KNOTS('',3,(#2690,#2691,#2692,#2693,#2694,#2695,
#2696),.UNSPECIFIED.,.F.,.F.,(4,1,1,1,4),(0.,0.185879238082309,0.295577829193578,
0.456674019320499,0.510254132766223),.UNSPECIFIED.);
#20=B_SPLINE_CURVE_WITH_KNOTS('',3,(#2700,#2701,#2702,#2703,#2704,#2705,
#2706),.UNSPECIFIED.,.F.,.F.,(4,1,1,1,4),(0.,0.185879238082309,0.295577829193578,
0.456674019320499,0.510254132766223),.UNSPECIFIED.);
#21=B_SPLINE_CURVE_WITH_KNOTS('',3,(#2731,#2732,#2733,#2734,#2735,#2736,
#2737,#2738),.UNSPECIFIED.,.F.,.F.,(4,1,1,1,1,4),(0.434294045757555,0.456674019320499,
0.566991100817361,0.697764204461554,0.826141768106062,0.857627398273387),
 .UNSPECIFIED.);
#22=B_SPLINE_CURVE_WITH_KNOTS('',3,(#2743,#2744,#2745,#2746,#2747,#2748,
#2749,#2750),.UNSPECIFIED.,.F.,.F.,(4,1,1,1,1,4),(0.434294045757555,0.456674019320499,
0.566991100817361,0.697764204461554,0.826141768106062,0.857627398273387),
 .UNSPECIFIED.);
#23=B_SPLINE_CURVE_WITH_KNOTS('',3,(#2850,#2851,#2852,#2853,#2854,#2855,
#2856,#2857),.UNSPECIFIED.,.F.,.F.,(4,1,1,1,1,4),(0.434294045757555,0.456674019320499,
0.566991100817361,0.697764204461554,0.826141768106062,0.857627398273388),
 .UNSPECIFIED.);
#24=B_SPLINE_CURVE_WITH_KNOTS('',3,(#2862,#2863,#2864,#2865,#2866,#2867,
#2868,#2869),.UNSPECIFIED.,.F.,.F.,(4,1,1,1,1,4),(0.434294045757555,0.456674019320499,
0.566991100817361,0.697764204461554,0.826141768106062,0.857627398273388),
 .UNSPECIFIED.);
#25=B_SPLINE_CURVE_WITH_KNOTS('',3,(#2882,#2883,#2884,#2885,#2886,#2887,
#2888,#2889,#2890),.UNSPECIFIED.,.F.,.F.,(4,1,1,1,1,1,4),(0.510254132766223,
0.566991100817361,0.697764204461554,0.826141768106062,0.909480260661171,
0.959420884748453,1.),.UNSPECIFIED.);
#26=B_SPLINE_CURVE_WITH_KNOTS('',3,(#2910,#2911,#2912,#2913,#2914,#2915,
#2916,#2917,#2918,#2919,#2920,#2921),.UNSPECIFIED.,.F.,.F.,(4,1,1,1,1,1,
1,1,1,4),(0.,0.185879238082309,0.295577829193577,0.456674019320499,0.566991100817361,
0.697764204461554,0.826141768106062,0.909480260661171,0.959420884748453,
1.),.UNSPECIFIED.);
#27=B_SPLINE_CURVE_WITH_KNOTS('',3,(#2923,#2924,#2925,#2926,#2927,#2928),
 .UNSPECIFIED.,.F.,.F.,(4,1,1,4),(0.,0.185879238082309,0.295577829193577,
0.434294045757555),.UNSPECIFIED.);
#28=B_SPLINE_CURVE_WITH_KNOTS('',3,(#2929,#2930,#2931,#2932,#2933,#2934),
 .UNSPECIFIED.,.F.,.F.,(4,1,1,4),(0.857627398273388,0.909480260661171,0.959420884748453,
1.),.UNSPECIFIED.);
#29=B_SPLINE_CURVE_WITH_KNOTS('',3,(#2959,#2960,#2961,#2962,#2963,#2964),
 .UNSPECIFIED.,.F.,.F.,(4,1,1,4),(0.857627398273387,0.909480260661171,0.959420884748453,
1.),.UNSPECIFIED.);
#30=B_SPLINE_CURVE_WITH_KNOTS('',3,(#2965,#2966,#2967,#2968,#2969,#2970),
 .UNSPECIFIED.,.F.,.F.,(4,1,1,4),(0.,0.185879238082309,0.295577829193577,
0.434294045757555),.UNSPECIFIED.);
#31=B_SPLINE_CURVE_WITH_KNOTS('',3,(#2972,#2973,#2974,#2975,#2976,#2977,
#2978,#2979,#2980,#2981,#2982,#2983),.UNSPECIFIED.,.F.,.F.,(4,1,1,1,1,1,
1,1,1,4),(0.,0.185879238082309,0.295577829193577,0.456674019320499,0.566991100817361,
0.697764204461554,0.826141768106062,0.909480260661171,0.959420884748453,
1.),.UNSPECIFIED.);
#32=B_SPLINE_CURVE_WITH_KNOTS('',3,(#3003,#3004,#3005,#3006,#3007,#3008,
#3009,#3010,#3011),.UNSPECIFIED.,.F.,.F.,(4,1,1,1,1,1,4),(0.510254132766223,
0.566991100817361,0.697764204461554,0.826141768106062,0.909480260661171,
0.959420884748453,1.),.UNSPECIFIED.);
#33=B_SPLINE_CURVE_WITH_KNOTS('',3,(#3097,#3098,#3099,#3100,#3101,#3102,
#3103,#3104,#3105,#3106,#3107,#3108),.UNSPECIFIED.,.F.,.F.,(4,1,1,1,1,1,
1,1,1,4),(0.,0.185879238082309,0.295577829193577,0.456674019320499,0.566991100817361,
0.697764204461554,0.826141768106062,0.909480260661171,0.959420884748453,
1.),.UNSPECIFIED.);
#34=B_SPLINE_CURVE_WITH_KNOTS('',3,(#3171,#3172,#3173,#3174,#3175,#3176,
#3177,#3178,#3179),.UNSPECIFIED.,.F.,.F.,(4,1,1,1,1,1,4),(0.510254132766223,
0.566991100817361,0.697764204461554,0.826141768106062,0.909480260661171,
0.959420884748453,1.),.UNSPECIFIED.);
#35=B_SPLINE_CURVE_WITH_KNOTS('',3,(#3210,#3211,#3212,#3213,#3214,#3215),
 .UNSPECIFIED.,.F.,.F.,(4,1,1,4),(0.,0.185879238082309,0.295577829193577,
0.434294045757555),.UNSPECIFIED.);
#36=B_SPLINE_CURVE_WITH_KNOTS('',3,(#3253,#3254,#3255,#3256,#3257,#3258),
 .UNSPECIFIED.,.F.,.F.,(4,1,1,4),(0.857627398273387,0.909480260661171,0.959420884748453,
1.),.UNSPECIFIED.);
#37=B_SPLINE_CURVE_WITH_KNOTS('',3,(#3299,#3300,#3301,#3302,#3303,#3304,
#3305,#3306,#3307),.UNSPECIFIED.,.F.,.F.,(4,1,1,1,1,1,4),(0.510254132766223,
0.566991100817361,0.697764204461554,0.826141768106062,0.909480260661171,
0.959420884748453,1.),.UNSPECIFIED.);
#38=B_SPLINE_CURVE_WITH_KNOTS('',3,(#3394,#3395,#3396,#3397,#3398,#3399,
#3400,#3401,#3402,#3403,#3404,#3405),.UNSPECIFIED.,.F.,.F.,(4,1,1,1,1,1,
1,1,1,4),(0.,0.185879238082309,0.295577829193577,0.456674019320499,0.566991100817361,
0.697764204461554,0.826141768106062,0.909480260661171,0.959420884748453,
1.),.UNSPECIFIED.);
#39=B_SPLINE_CURVE_WITH_KNOTS('',3,(#3443,#3444,#3445,#3446,#3447,#3448),
 .UNSPECIFIED.,.F.,.F.,(4,1,1,4),(0.,0.185879238082309,0.295577829193577,
0.434294045757555),.UNSPECIFIED.);
#40=B_SPLINE_CURVE_WITH_KNOTS('',3,(#3477,#3478,#3479,#3480,#3481,#3482),
 .UNSPECIFIED.,.F.,.F.,(4,1,1,4),(0.857627398273388,0.909480260661171,0.959420884748453,
1.),.UNSPECIFIED.);
#41=B_SPLINE_CURVE_WITH_KNOTS('',3,(#3603,#3604,#3605,#3606,#3607,#3608,
#3609),.UNSPECIFIED.,.F.,.F.,(4,1,1,1,4),(0.,0.185879238082309,0.295577829193578,
0.456674019320499,0.510254132766223),.UNSPECIFIED.);
#42=B_SPLINE_CURVE_WITH_KNOTS('',3,(#3613,#3614,#3615,#3616,#3617,#3618,
#3619),.UNSPECIFIED.,.F.,.F.,(4,1,1,1,4),(0.,0.185879238082309,0.295577829193578,
0.456674019320499,0.510254132766223),.UNSPECIFIED.);
#43=B_SPLINE_CURVE_WITH_KNOTS('',3,(#3621,#3622,#3623,#3624,#3625,#3626,
#3627),.UNSPECIFIED.,.F.,.F.,(4,1,1,1,4),(0.,0.185879238082309,0.295577829193578,
0.456674019320499,0.510254132766223),.UNSPECIFIED.);
#44=B_SPLINE_CURVE_WITH_KNOTS('',3,(#3628,#3629,#3630,#3631,#3632,#3633,
#3634),.UNSPECIFIED.,.F.,.F.,(4,1,1,1,4),(0.,0.185879238082309,0.295577829193578,
0.456674019320499,0.510254132766223),.UNSPECIFIED.);
#45=B_SPLINE_SURFACE_WITH_KNOTS('',3,1,((#2618,#2619),(#2620,#2621),(#2622,
#2623),(#2624,#2625),(#2626,#2627),(#2628,#2629),(#2630,#2631),(#2632,#2633),
(#2634,#2635),(#2636,#2637),(#2638,#2639),(#2640,#2641),(#2642,#2643)),
 .SURF_OF_LINEAR_EXTRUSION.,.F.,.F.,.F.,(4,1,1,1,1,1,1,1,1,1,4),(2,2),(0.,
0.0637817665957779,0.127563533191556,0.191345299787334,0.255127066383112,
0.287017949681,0.318908832978889,0.350799716276778,0.382690599574667,0.446472366170445,
0.510254132766223),(0.,1.),.UNSPECIFIED.);
#46=B_SPLINE_SURFACE_WITH_KNOTS('',3,1,((#2664,#2665),(#2666,#2667),(#2668,
#2669),(#2670,#2671),(#2672,#2673),(#2674,#2675),(#2676,#2677),(#2678,#2679),
(#2680,#2681),(#2682,#2683),(#2684,#2685),(#2686,#2687),(#2688,#2689)),
 .SURF_OF_LINEAR_EXTRUSION.,.F.,.F.,.F.,(4,1,1,1,1,1,1,1,1,1,4),(2,2),(0.,
0.0637817665957779,0.127563533191556,0.191345299787334,0.255127066383112,
0.287017949681,0.318908832978889,0.350799716276778,0.382690599574667,0.446472366170445,
0.510254132766223),(0.,1.),.UNSPECIFIED.);
#47=B_SPLINE_SURFACE_WITH_KNOTS('',3,1,((#2707,#2708),(#2709,#2710),(#2711,
#2712),(#2713,#2714),(#2715,#2716),(#2717,#2718),(#2719,#2720),(#2721,#2722),
(#2723,#2724),(#2725,#2726),(#2727,#2728),(#2729,#2730)),
 .SURF_OF_LINEAR_EXTRUSION.,.F.,.F.,.F.,(4,1,1,1,1,1,1,1,1,4),(2,2),(0.434294045757555,
0.487210714822034,0.540127383886513,0.566585718418753,0.593044052950992,
0.645960722015471,0.69887739107995,0.751794060144429,0.804710729208908,
0.857627398273387),(0.,1.),.UNSPECIFIED.);
#48=B_SPLINE_SURFACE_WITH_KNOTS('',3,1,((#2826,#2827),(#2828,#2829),(#2830,
#2831),(#2832,#2833),(#2834,#2835),(#2836,#2837),(#2838,#2839),(#2840,#2841),
(#2842,#2843),(#2844,#2845),(#2846,#2847),(#2848,#2849)),
 .SURF_OF_LINEAR_EXTRUSION.,.F.,.F.,.F.,(4,1,1,1,1,1,1,1,1,4),(2,2),(0.434294045757555,
0.487210714822034,0.540127383886513,0.566585718418753,0.593044052950992,
0.645960722015471,0.69887739107995,0.75179406014443,0.804710729208909,0.857627398273388),
(0.,1.),.UNSPECIFIED.);
#49=B_SPLINE_SURFACE_WITH_KNOTS('',3,1,((#3039,#3040),(#3041,#3042),(#3043,
#3044),(#3045,#3046),(#3047,#3048),(#3049,#3050),(#3051,#3052),(#3053,#3054),
(#3055,#3056),(#3057,#3058),(#3059,#3060),(#3061,#3062),(#3063,#3064),(#3065,
#3066),(#3067,#3068),(#3069,#3070),(#3071,#3072),(#3073,#3074),(#3075,#3076),
(#3077,#3078),(#3079,#3080),(#3081,#3082),(#3083,#3084),(#3085,#3086),(#3087,
#3088),(#3089,#3090),(#3091,#3092)),.SURF_OF_LINEAR_EXTRUSION.,.F.,.F.,
 .F.,(4,1,1,1,1,1,1,1,1,1,1,1,1,1,1,1,1,1,1,1,1,1,1,1,4),(2,2),(0.,0.0625,
0.125,0.1875,0.25,0.28125,0.3125,0.34375,0.375,0.40625,0.4375,0.46875,0.5,
0.5625,0.625,0.6875,0.75,0.8125,0.84375,0.875,0.90625,0.9375,0.953125,0.96875,
1.),(0.,1.),.UNSPECIFIED.);
#50=B_SPLINE_SURFACE_WITH_KNOTS('',3,1,((#3141,#3142),(#3143,#3144),(#3145,
#3146),(#3147,#3148),(#3149,#3150),(#3151,#3152),(#3153,#3154),(#3155,#3156),
(#3157,#3158),(#3159,#3160),(#3161,#3162),(#3163,#3164),(#3165,#3166),(#3167,
#3168),(#3169,#3170)),.SURF_OF_LINEAR_EXTRUSION.,.F.,.F.,.F.,(4,1,1,1,1,
1,1,1,1,1,1,1,4),(2,2),(0.510254132766223,0.571472366170445,0.632690599574667,
0.693908832978889,0.755127066383112,0.816345299787334,0.846954416489445,
0.877563533191556,0.908172649893667,0.938781766595778,0.954086324946833,
0.969390883297889,1.),(0.,1.),.UNSPECIFIED.);
#51=B_SPLINE_SURFACE_WITH_KNOTS('',3,1,((#3182,#3183),(#3184,#3185),(#3186,
#3187),(#3188,#3189),(#3190,#3191),(#3192,#3193),(#3194,#3195),(#3196,#3197),
(#3198,#3199),(#3200,#3201),(#3202,#3203),(#3204,#3205),(#3206,#3207)),
 .SURF_OF_LINEAR_EXTRUSION.,.F.,.F.,.F.,(4,1,1,1,1,1,1,1,1,1,4),(2,2),(0.,
0.0542867557196944,0.108573511439389,0.162860267159083,0.19000364501893,
0.217147022878778,0.271433778598472,0.298577156458319,0.325720534318166,
0.380007290037861,0.434294045757555),(0.,1.),.UNSPECIFIED.);
#52=B_SPLINE_SURFACE_WITH_KNOTS('',3,1,((#3239,#3240),(#3241,#3242),(#3243,
#3244),(#3245,#3246),(#3247,#3248),(#3249,#3250),(#3251,#3252)),
 .SURF_OF_LINEAR_EXTRUSION.,.F.,.F.,.F.,(4,1,1,1,4),(2,2),(0.857627398273387,
0.89322054870504,0.928813699136694,0.964406849568347,1.),(0.,1.),
 .UNSPECIFIED.);
#53=B_SPLINE_SURFACE_WITH_KNOTS('',3,1,((#3265,#3266),(#3267,#3268),(#3269,
#3270),(#3271,#3272),(#3273,#3274),(#3275,#3276),(#3277,#3278),(#3279,#3280),
(#3281,#3282),(#3283,#3284),(#3285,#3286),(#3287,#3288),(#3289,#3290),(#3291,
#3292),(#3293,#3294)),.SURF_OF_LINEAR_EXTRUSION.,.F.,.F.,.F.,(4,1,1,1,1,
1,1,1,1,1,1,1,4),(2,2),(0.510254132766223,0.571472366170445,0.632690599574667,
0.693908832978889,0.755127066383112,0.816345299787334,0.846954416489445,
0.877563533191556,0.908172649893667,0.938781766595778,0.954086324946833,
0.969390883297889,1.),(0.,1.),.UNSPECIFIED.);
#54=B_SPLINE_SURFACE_WITH_KNOTS('',3,1,((#3340,#3341),(#3342,#3343),(#3344,
#3345),(#3346,#3347),(#3348,#3349),(#3350,#3351),(#3352,#3353),(#3354,#3355),
(#3356,#3357),(#3358,#3359),(#3360,#3361),(#3362,#3363),(#3364,#3365),(#3366,
#3367),(#3368,#3369),(#3370,#3371),(#3372,#3373),(#3374,#3375),(#3376,#3377),
(#3378,#3379),(#3380,#3381),(#3382,#3383),(#3384,#3385),(#3386,#3387),(#3388,
#3389),(#3390,#3391),(#3392,#3393)),.SURF_OF_LINEAR_EXTRUSION.,.F.,.F.,
 .F.,(4,1,1,1,1,1,1,1,1,1,1,1,1,1,1,1,1,1,1,1,1,1,1,1,4),(2,2),(0.,0.0625,
0.125,0.1875,0.25,0.28125,0.3125,0.34375,0.375,0.40625,0.4375,0.46875,0.5,
0.5625,0.625,0.6875,0.75,0.8125,0.84375,0.875,0.90625,0.9375,0.953125,0.96875,
1.),(0.,1.),.UNSPECIFIED.);
#55=B_SPLINE_SURFACE_WITH_KNOTS('',3,1,((#3417,#3418),(#3419,#3420),(#3421,
#3422),(#3423,#3424),(#3425,#3426),(#3427,#3428),(#3429,#3430),(#3431,#3432),
(#3433,#3434),(#3435,#3436),(#3437,#3438),(#3439,#3440),(#3441,#3442)),
 .SURF_OF_LINEAR_EXTRUSION.,.F.,.F.,.F.,(4,1,1,1,1,1,1,1,1,1,4),(2,2),(0.,
0.0542867557196943,0.108573511439389,0.162860267159083,0.19000364501893,
0.217147022878777,0.271433778598472,0.298577156458319,0.325720534318166,
0.38000729003786,0.434294045757555),(0.,1.),.UNSPECIFIED.);
#56=B_SPLINE_SURFACE_WITH_KNOTS('',3,1,((#3459,#3460),(#3461,#3462),(#3463,
#3464),(#3465,#3466),(#3467,#3468),(#3469,#3470),(#3471,#3472)),
 .SURF_OF_LINEAR_EXTRUSION.,.F.,.F.,.F.,(4,1,1,1,4),(2,2),(0.857627398273388,
0.893220548705041,0.928813699136694,0.964406849568347,1.),(0.,1.),
 .UNSPECIFIED.);
#57=LINE('',#2569,#302);
#58=LINE('',#2572,#303);
#59=LINE('',#2574,#304);
#60=LINE('',#2576,#305);
#61=LINE('',#2578,#306);
#62=LINE('',#2580,#307);
#63=LINE('',#2582,#308);
#64=LINE('',#2584,#309);
#65=LINE('',#2586,#310);
#66=LINE('',#2588,#311);
#67=LINE('',#2590,#312);
#68=LINE('',#2592,#313);
#69=LINE('',#2595,#314);
#70=LINE('',#2597,#315);
#71=LINE('',#2599,#316);
#72=LINE('',#2601,#317);
#73=LINE('',#2604,#318);
#74=LINE('',#2606,#319);
#75=LINE('',#2608,#320);
#76=LINE('',#2610,#321);
#77=LINE('',#2613,#322);
#78=LINE('',#2615,#323);
#79=LINE('',#2617,#324);
#80=LINE('',#2653,#325);
#81=LINE('',#2663,#326);
#82=LINE('',#2698,#327);
#83=LINE('',#2741,#328);
#84=LINE('',#2752,#329);
#85=LINE('',#2754,#330);
#86=LINE('',#2757,#331);
#87=LINE('',#2759,#332);
#88=LINE('',#2761,#333);
#89=LINE('',#2763,#334);
#90=LINE('',#2764,#335);
#91=LINE('',#2766,#336);
#92=LINE('',#2769,#337);
#93=LINE('',#2771,#338);
#94=LINE('',#2772,#339);
#95=LINE('',#2774,#340);
#96=LINE('',#2776,#341);
#97=LINE('',#2778,#342);
#98=LINE('',#2781,#343);
#99=LINE('',#2783,#344);
#100=LINE('',#2784,#345);
#101=LINE('',#2786,#346);
#102=LINE('',#2788,#347);
#103=LINE('',#2790,#348);
#104=LINE('',#2792,#349);
#105=LINE('',#2794,#350);
#106=LINE('',#2796,#351);
#107=LINE('',#2798,#352);
#108=LINE('',#2800,#353);
#109=LINE('',#2802,#354);
#110=LINE('',#2804,#355);
#111=LINE('',#2806,#356);
#112=LINE('',#2808,#357);
#113=LINE('',#2810,#358);
#114=LINE('',#2812,#359);
#115=LINE('',#2813,#360);
#116=LINE('',#2815,#361);
#117=LINE('',#2817,#362);
#118=LINE('',#2819,#363);
#119=LINE('',#2821,#364);
#120=LINE('',#2824,#365);
#121=LINE('',#2825,#366);
#122=LINE('',#2860,#367);
#123=LINE('',#2871,#368);
#124=LINE('',#2873,#369);
#125=LINE('',#2876,#370);
#126=LINE('',#2878,#371);
#127=LINE('',#2880,#372);
#128=LINE('',#2892,#373);
#129=LINE('',#2894,#374);
#130=LINE('',#2896,#375);
#131=LINE('',#2898,#376);
#132=LINE('',#2900,#377);
#133=LINE('',#2902,#378);
#134=LINE('',#2904,#379);
#135=LINE('',#2906,#380);
#136=LINE('',#2908,#381);
#137=LINE('',#2936,#382);
#138=LINE('',#2937,#383);
#139=LINE('',#2939,#384);
#140=LINE('',#2941,#385);
#141=LINE('',#2942,#386);
#142=LINE('',#2946,#387);
#143=LINE('',#2947,#388);
#144=LINE('',#2951,#389);
#145=LINE('',#2952,#390);
#146=LINE('',#2954,#391);
#147=LINE('',#2956,#392);
#148=LINE('',#2957,#393);
#149=LINE('',#2985,#394);
#150=LINE('',#2987,#395);
#151=LINE('',#2989,#396);
#152=LINE('',#2991,#397);
#153=LINE('',#2993,#398);
#154=LINE('',#2995,#399);
#155=LINE('',#2997,#400);
#156=LINE('',#2999,#401);
#157=LINE('',#3001,#402);
#158=LINE('',#3012,#403);
#159=LINE('',#3015,#404);
#160=LINE('',#3019,#405);
#161=LINE('',#3020,#406);
#162=LINE('',#3025,#407);
#163=LINE('',#3027,#408);
#164=LINE('',#3029,#409);
#165=LINE('',#3031,#410);
#166=LINE('',#3033,#411);
#167=LINE('',#3035,#412);
#168=LINE('',#3037,#413);
#169=LINE('',#3093,#414);
#170=LINE('',#3095,#415);
#171=LINE('',#3110,#416);
#172=LINE('',#3112,#417);
#173=LINE('',#3114,#418);
#174=LINE('',#3116,#419);
#175=LINE('',#3118,#420);
#176=LINE('',#3120,#421);
#177=LINE('',#3122,#422);
#178=LINE('',#3124,#423);
#179=LINE('',#3126,#424);
#180=LINE('',#3128,#425);
#181=LINE('',#3130,#426);
#182=LINE('',#3132,#427);
#183=LINE('',#3134,#428);
#184=LINE('',#3136,#429);
#185=LINE('',#3138,#430);
#186=LINE('',#3140,#431);
#187=LINE('',#3181,#432);
#188=LINE('',#3208,#433);
#189=LINE('',#3217,#434);
#190=LINE('',#3219,#435);
#191=LINE('',#3221,#436);
#192=LINE('',#3223,#437);
#193=LINE('',#3224,#438);
#194=LINE('',#3226,#439);
#195=LINE('',#3228,#440);
#196=LINE('',#3230,#441);
#197=LINE('',#3231,#442);
#198=LINE('',#3234,#443);
#199=LINE('',#3236,#444);
#200=LINE('',#3238,#445);
#201=LINE('',#3260,#446);
#202=LINE('',#3262,#447);
#203=LINE('',#3263,#448);
#204=LINE('',#3295,#449);
#205=LINE('',#3297,#450);
#206=LINE('',#3309,#451);
#207=LINE('',#3311,#452);
#208=LINE('',#3313,#453);
#209=LINE('',#3315,#454);
#210=LINE('',#3317,#455);
#211=LINE('',#3319,#456);
#212=LINE('',#3321,#457);
#213=LINE('',#3323,#458);
#214=LINE('',#3325,#459);
#215=LINE('',#3327,#460);
#216=LINE('',#3329,#461);
#217=LINE('',#3331,#462);
#218=LINE('',#3333,#463);
#219=LINE('',#3335,#464);
#220=LINE('',#3337,#465);
#221=LINE('',#3339,#466);
#222=LINE('',#3407,#467);
#223=LINE('',#3409,#468);
#224=LINE('',#3411,#469);
#225=LINE('',#3412,#470);
#226=LINE('',#3414,#471);
#227=LINE('',#3416,#472);
#228=LINE('',#3450,#473);
#229=LINE('',#3452,#474);
#230=LINE('',#3454,#475);
#231=LINE('',#3455,#476);
#232=LINE('',#3457,#477);
#233=LINE('',#3473,#478);
#234=LINE('',#3475,#479);
#235=LINE('',#3484,#480);
#236=LINE('',#3486,#481);
#237=LINE('',#3488,#482);
#238=LINE('',#3489,#483);
#239=LINE('',#3492,#484);
#240=LINE('',#3494,#485);
#241=LINE('',#3496,#486);
#242=LINE('',#3498,#487);
#243=LINE('',#3500,#488);
#244=LINE('',#3503,#489);
#245=LINE('',#3506,#490);
#246=LINE('',#3510,#491);
#247=LINE('',#3512,#492);
#248=LINE('',#3513,#493);
#249=LINE('',#3515,#494);
#250=LINE('',#3517,#495);
#251=LINE('',#3520,#496);
#252=LINE('',#3525,#497);
#253=LINE('',#3527,#498);
#254=LINE('',#3529,#499);
#255=LINE('',#3530,#500);
#256=LINE('',#3532,#501);
#257=LINE('',#3534,#502);
#258=LINE('',#3537,#503);
#259=LINE('',#3539,#504);
#260=LINE('',#3541,#505);
#261=LINE('',#3543,#506);
#262=LINE('',#3548,#507);
#263=LINE('',#3550,#508);
#264=LINE('',#3552,#509);
#265=LINE('',#3556,#510);
#266=LINE('',#3561,#511);
#267=LINE('',#3564,#512);
#268=LINE('',#3565,#513);
#269=LINE('',#3567,#514);
#270=LINE('',#3569,#515);
#271=LINE('',#3571,#516);
#272=LINE('',#3573,#517);
#273=LINE('',#3575,#518);
#274=LINE('',#3576,#519);
#275=LINE('',#3578,#520);
#276=LINE('',#3580,#521);
#277=LINE('',#3582,#522);
#278=LINE('',#3583,#523);
#279=LINE('',#3585,#524);
#280=LINE('',#3587,#525);
#281=LINE('',#3589,#526);
#282=LINE('',#3591,#527);
#283=LINE('',#3593,#528);
#284=LINE('',#3595,#529);
#285=LINE('',#3597,#530);
#286=LINE('',#3599,#531);
#287=LINE('',#3601,#532);
#288=LINE('',#3611,#533);
#289=LINE('',#3638,#534);
#290=LINE('',#3640,#535);
#291=LINE('',#3642,#536);
#292=LINE('',#3644,#537);
#293=LINE('',#3646,#538);
#294=LINE('',#3648,#539);
#295=LINE('',#3650,#540);
#296=LINE('',#3652,#541);
#297=LINE('',#3654,#542);
#298=LINE('',#3656,#543);
#299=LINE('',#3658,#544);
#300=LINE('',#3660,#545);
#301=LINE('',#3662,#546);
#302=VECTOR('',#2120,1.);
#303=VECTOR('',#2121,1.);
#304=VECTOR('',#2122,1.);
#305=VECTOR('',#2123,1.);
#306=VECTOR('',#2124,1.);
#307=VECTOR('',#2125,1.);
#308=VECTOR('',#2126,1.);
#309=VECTOR('',#2127,1.);
#310=VECTOR('',#2130,1.);
#311=VECTOR('',#2131,1.);
#312=VECTOR('',#2132,1.);
#313=VECTOR('',#2135,1.);
#314=VECTOR('',#2136,1.);
#315=VECTOR('',#2137,1.);
#316=VECTOR('',#2138,1.);
#317=VECTOR('',#2141,1.);
#318=VECTOR('',#2142,1.);
#319=VECTOR('',#2143,1.);
#320=VECTOR('',#2144,1.);
#321=VECTOR('',#2147,1.);
#322=VECTOR('',#2148,1.);
#323=VECTOR('',#2149,1.);
#324=VECTOR('',#2150,1.);
#325=VECTOR('',#2151,1.);
#326=VECTOR('',#2152,1.);
#327=VECTOR('',#2153,1.);
#328=VECTOR('',#2154,1.);
#329=VECTOR('',#2155,1.);
#330=VECTOR('',#2158,1.);
#331=VECTOR('',#2159,1.);
#332=VECTOR('',#2160,1.);
#333=VECTOR('',#2161,1.);
#334=VECTOR('',#2164,1.);
#335=VECTOR('',#2165,1.);
#336=VECTOR('',#2168,1.);
#337=VECTOR('',#2169,1.);
#338=VECTOR('',#2170,1.);
#339=VECTOR('',#2171,1.);
#340=VECTOR('',#2172,1.);
#341=VECTOR('',#2173,1.);
#342=VECTOR('',#2176,1.);
#343=VECTOR('',#2177,1.);
#344=VECTOR('',#2178,1.);
#345=VECTOR('',#2179,1.);
#346=VECTOR('',#2180,1.);
#347=VECTOR('',#2181,1.);
#348=VECTOR('',#2182,1.);
#349=VECTOR('',#2185,1.);
#350=VECTOR('',#2186,1.);
#351=VECTOR('',#2187,1.);
#352=VECTOR('',#2188,1.);
#353=VECTOR('',#2189,1.);
#354=VECTOR('',#2190,1.);
#355=VECTOR('',#2191,1.);
#356=VECTOR('',#2194,1.);
#357=VECTOR('',#2195,1.);
#358=VECTOR('',#2196,1.);
#359=VECTOR('',#2197,1.);
#360=VECTOR('',#2198,1.);
#361=VECTOR('',#2201,1.);
#362=VECTOR('',#2202,1.);
#363=VECTOR('',#2203,1.);
#364=VECTOR('',#2206,1.);
#365=VECTOR('',#2207,1.);
#366=VECTOR('',#2208,1.);
#367=VECTOR('',#2209,1.);
#368=VECTOR('',#2210,1.);
#369=VECTOR('',#2213,1.);
#370=VECTOR('',#2214,1.);
#371=VECTOR('',#2215,1.);
#372=VECTOR('',#2216,1.);
#373=VECTOR('',#2219,1.);
#374=VECTOR('',#2220,1.);
#375=VECTOR('',#2221,1.);
#376=VECTOR('',#2222,1.);
#377=VECTOR('',#2223,1.);
#378=VECTOR('',#2224,1.);
#379=VECTOR('',#2225,1.);
#380=VECTOR('',#2226,1.);
#381=VECTOR('',#2227,1.);
#382=VECTOR('',#2228,1.);
#383=VECTOR('',#2229,1.);
#384=VECTOR('',#2230,1.);
#385=VECTOR('',#2231,1.);
#386=VECTOR('',#2232,1.);
#387=VECTOR('',#2235,1.);
#388=VECTOR('',#2236,1.);
#389=VECTOR('',#2239,1.);
#390=VECTOR('',#2240,1.);
#391=VECTOR('',#2241,1.);
#392=VECTOR('',#2242,1.);
#393=VECTOR('',#2243,1.);
#394=VECTOR('',#2244,1.);
#395=VECTOR('',#2245,1.);
#396=VECTOR('',#2246,1.);
#397=VECTOR('',#2247,1.);
#398=VECTOR('',#2248,1.);
#399=VECTOR('',#2249,1.);
#400=VECTOR('',#2250,1.);
#401=VECTOR('',#2251,1.);
#402=VECTOR('',#2252,1.);
#403=VECTOR('',#2253,1.);
#404=VECTOR('',#2254,1.);
#405=VECTOR('',#2257,1.);
#406=VECTOR('',#2258,1.);
#407=VECTOR('',#2261,1.);
#408=VECTOR('',#2262,1.);
#409=VECTOR('',#2265,1.);
#410=VECTOR('',#2266,1.);
#411=VECTOR('',#2269,1.);
#412=VECTOR('',#2270,1.);
#413=VECTOR('',#2273,1.);
#414=VECTOR('',#2276,1.);
#415=VECTOR('',#2277,1.);
#416=VECTOR('',#2280,1.);
#417=VECTOR('',#2281,1.);
#418=VECTOR('',#2284,1.);
#419=VECTOR('',#2285,1.);
#420=VECTOR('',#2286,1.);
#421=VECTOR('',#2289,1.);
#422=VECTOR('',#2290,1.);
#423=VECTOR('',#2293,1.);
#424=VECTOR('',#2294,1.);
#425=VECTOR('',#2297,1.);
#426=VECTOR('',#2298,1.);
#427=VECTOR('',#2301,1.);
#428=VECTOR('',#2302,1.);
#429=VECTOR('',#2305,1.);
#430=VECTOR('',#2306,1.);
#431=VECTOR('',#2307,1.);
#432=VECTOR('',#2308,1.);
#433=VECTOR('',#2309,1.);
#434=VECTOR('',#2312,1.);
#435=VECTOR('',#2315,1.);
#436=VECTOR('',#2318,1.);
#437=VECTOR('',#2319,1.);
#438=VECTOR('',#2320,1.);
#439=VECTOR('',#2323,1.);
#440=VECTOR('',#2324,1.);
#441=VECTOR('',#2327,1.);
#442=VECTOR('',#2328,1.);
#443=VECTOR('',#2333,1.);
#444=VECTOR('',#2334,1.);
#445=VECTOR('',#2335,1.);
#446=VECTOR('',#2336,1.);
#447=VECTOR('',#2339,1.);
#448=VECTOR('',#2340,1.);
#449=VECTOR('',#2343,1.);
#450=VECTOR('',#2344,1.);
#451=VECTOR('',#2347,1.);
#452=VECTOR('',#2348,1.);
#453=VECTOR('',#2351,1.);
#454=VECTOR('',#2352,1.);
#455=VECTOR('',#2353,1.);
#456=VECTOR('',#2356,1.);
#457=VECTOR('',#2357,1.);
#458=VECTOR('',#2360,1.);
#459=VECTOR('',#2361,1.);
#460=VECTOR('',#2364,1.);
#461=VECTOR('',#2365,1.);
#462=VECTOR('',#2368,1.);
#463=VECTOR('',#2369,1.);
#464=VECTOR('',#2372,1.);
#465=VECTOR('',#2373,1.);
#466=VECTOR('',#2374,1.);
#467=VECTOR('',#2375,1.);
#468=VECTOR('',#2378,1.);
#469=VECTOR('',#2379,1.);
#470=VECTOR('',#2380,1.);
#471=VECTOR('',#2383,1.);
#472=VECTOR('',#2386,1.);
#473=VECTOR('',#2387,1.);
#474=VECTOR('',#2390,1.);
#475=VECTOR('',#2391,1.);
#476=VECTOR('',#2392,1.);
#477=VECTOR('',#2395,1.);
#478=VECTOR('',#2398,1.);
#479=VECTOR('',#2399,1.);
#480=VECTOR('',#2402,1.);
#481=VECTOR('',#2403,1.);
#482=VECTOR('',#2406,1.);
#483=VECTOR('',#2407,1.);
#484=VECTOR('',#2412,1.);
#485=VECTOR('',#2413,1.);
#486=VECTOR('',#2414,1.);
#487=VECTOR('',#2417,1.);
#488=VECTOR('',#2420,1.);
#489=VECTOR('',#2425,1.);
#490=VECTOR('',#2426,1.);
#491=VECTOR('',#2429,1.);
#492=VECTOR('',#2432,1.);
#493=VECTOR('',#2433,1.);
#494=VECTOR('',#2436,1.);
#495=VECTOR('',#2439,1.);
#496=VECTOR('',#2444,1.);
#497=VECTOR('',#2447,1.);
#498=VECTOR('',#2448,1.);
#499=VECTOR('',#2451,1.);
#500=VECTOR('',#2452,1.);
#501=VECTOR('',#2455,1.);
#502=VECTOR('',#2458,1.);
#503=VECTOR('',#2463,1.);
#504=VECTOR('',#2464,1.);
#505=VECTOR('',#2467,1.);
#506=VECTOR('',#2468,1.);
#507=VECTOR('',#2477,1.);
#508=VECTOR('',#2478,1.);
#509=VECTOR('',#2481,1.);
#510=VECTOR('',#2486,1.);
#511=VECTOR('',#2493,1.);
#512=VECTOR('',#2494,1.);
#513=VECTOR('',#2495,1.);
#514=VECTOR('',#2498,1.);
#515=VECTOR('',#2499,1.);
#516=VECTOR('',#2500,1.);
#517=VECTOR('',#2503,1.);
#518=VECTOR('',#2504,1.);
#519=VECTOR('',#2505,1.);
#520=VECTOR('',#2508,1.);
#521=VECTOR('',#2509,1.);
#522=VECTOR('',#2512,1.);
#523=VECTOR('',#2513,1.);
#524=VECTOR('',#2516,1.);
#525=VECTOR('',#2517,1.);
#526=VECTOR('',#2520,1.);
#527=VECTOR('',#2521,1.);
#528=VECTOR('',#2524,1.);
#529=VECTOR('',#2525,1.);
#530=VECTOR('',#2526,1.);
#531=VECTOR('',#2527,1.);
#532=VECTOR('',#2528,1.);
#533=VECTOR('',#2531,1.);
#534=VECTOR('',#2540,1.);
#535=VECTOR('',#2541,1.);
#536=VECTOR('',#2542,1.);
#537=VECTOR('',#2543,1.);
#538=VECTOR('',#2544,1.);
#539=VECTOR('',#2547,1.);
#540=VECTOR('',#2548,1.);
#541=VECTOR('',#2549,1.);
#542=VECTOR('',#2552,1.);
#543=VECTOR('',#2553,1.);
#544=VECTOR('',#2556,1.);
#545=VECTOR('',#2557,1.);
#546=VECTOR('',#2560,1.);
#547=ORIENTED_EDGE('',*,*,#1113,.T.);
#548=ORIENTED_EDGE('',*,*,#1114,.T.);
#549=ORIENTED_EDGE('',*,*,#1115,.T.);
#550=ORIENTED_EDGE('',*,*,#1116,.F.);
#551=ORIENTED_EDGE('',*,*,#1117,.F.);
#552=ORIENTED_EDGE('',*,*,#1118,.F.);
#553=ORIENTED_EDGE('',*,*,#1119,.F.);
#554=ORIENTED_EDGE('',*,*,#1120,.F.);
#555=ORIENTED_EDGE('',*,*,#1121,.F.);
#556=ORIENTED_EDGE('',*,*,#1118,.T.);
#557=ORIENTED_EDGE('',*,*,#1122,.F.);
#558=ORIENTED_EDGE('',*,*,#1123,.T.);
#559=ORIENTED_EDGE('',*,*,#1124,.T.);
#560=ORIENTED_EDGE('',*,*,#1125,.T.);
#561=ORIENTED_EDGE('',*,*,#1126,.T.);
#562=ORIENTED_EDGE('',*,*,#1127,.T.);
#563=ORIENTED_EDGE('',*,*,#1128,.T.);
#564=ORIENTED_EDGE('',*,*,#1129,.T.);
#565=ORIENTED_EDGE('',*,*,#1130,.T.);
#566=ORIENTED_EDGE('',*,*,#1131,.F.);
#567=ORIENTED_EDGE('',*,*,#1132,.F.);
#568=ORIENTED_EDGE('',*,*,#1133,.F.);
#569=ORIENTED_EDGE('',*,*,#1134,.F.);
#570=ORIENTED_EDGE('',*,*,#1135,.T.);
#571=ORIENTED_EDGE('',*,*,#1136,.T.);
#572=ORIENTED_EDGE('',*,*,#1137,.F.);
#573=ORIENTED_EDGE('',*,*,#1138,.F.);
#574=ORIENTED_EDGE('',*,*,#1139,.T.);
#575=ORIENTED_EDGE('',*,*,#1140,.T.);
#576=ORIENTED_EDGE('',*,*,#1141,.T.);
#577=ORIENTED_EDGE('',*,*,#1142,.F.);
#578=ORIENTED_EDGE('',*,*,#1143,.F.);
#579=ORIENTED_EDGE('',*,*,#1138,.T.);
#580=ORIENTED_EDGE('',*,*,#1144,.T.);
#581=ORIENTED_EDGE('',*,*,#1145,.F.);
#582=ORIENTED_EDGE('',*,*,#1146,.F.);
#583=ORIENTED_EDGE('',*,*,#1147,.T.);
#584=ORIENTED_EDGE('',*,*,#1148,.F.);
#585=ORIENTED_EDGE('',*,*,#1149,.T.);
#586=ORIENTED_EDGE('',*,*,#1150,.T.);
#587=ORIENTED_EDGE('',*,*,#1151,.F.);
#588=ORIENTED_EDGE('',*,*,#1152,.T.);
#589=ORIENTED_EDGE('',*,*,#1135,.F.);
#590=ORIENTED_EDGE('',*,*,#1153,.F.);
#591=ORIENTED_EDGE('',*,*,#1151,.T.);
#592=ORIENTED_EDGE('',*,*,#1154,.T.);
#593=ORIENTED_EDGE('',*,*,#1155,.F.);
#594=ORIENTED_EDGE('',*,*,#1156,.F.);
#595=ORIENTED_EDGE('',*,*,#1133,.T.);
#596=ORIENTED_EDGE('',*,*,#1157,.T.);
#597=ORIENTED_EDGE('',*,*,#1158,.T.);
#598=ORIENTED_EDGE('',*,*,#1159,.F.);
#599=ORIENTED_EDGE('',*,*,#1160,.F.);
#600=ORIENTED_EDGE('',*,*,#1161,.F.);
#601=ORIENTED_EDGE('',*,*,#1162,.T.);
#602=ORIENTED_EDGE('',*,*,#1155,.T.);
#603=ORIENTED_EDGE('',*,*,#1163,.F.);
#604=ORIENTED_EDGE('',*,*,#1164,.T.);
#605=ORIENTED_EDGE('',*,*,#1165,.T.);
#606=ORIENTED_EDGE('',*,*,#1166,.F.);
#607=ORIENTED_EDGE('',*,*,#1167,.T.);
#608=ORIENTED_EDGE('',*,*,#1168,.T.);
#609=ORIENTED_EDGE('',*,*,#1169,.F.);
#610=ORIENTED_EDGE('',*,*,#1170,.F.);
#611=ORIENTED_EDGE('',*,*,#1171,.T.);
#612=ORIENTED_EDGE('',*,*,#1172,.F.);
#613=ORIENTED_EDGE('',*,*,#1173,.F.);
#614=ORIENTED_EDGE('',*,*,#1161,.T.);
#615=ORIENTED_EDGE('',*,*,#1174,.T.);
#616=ORIENTED_EDGE('',*,*,#1175,.T.);
#617=ORIENTED_EDGE('',*,*,#1176,.T.);
#618=ORIENTED_EDGE('',*,*,#1177,.F.);
#619=ORIENTED_EDGE('',*,*,#1130,.F.);
#620=ORIENTED_EDGE('',*,*,#1178,.F.);
#621=ORIENTED_EDGE('',*,*,#1172,.T.);
#622=ORIENTED_EDGE('',*,*,#1179,.F.);
#623=ORIENTED_EDGE('',*,*,#1180,.F.);
#624=ORIENTED_EDGE('',*,*,#1181,.T.);
#625=ORIENTED_EDGE('',*,*,#1132,.T.);
#626=ORIENTED_EDGE('',*,*,#1182,.F.);
#627=ORIENTED_EDGE('',*,*,#1183,.T.);
#628=ORIENTED_EDGE('',*,*,#1180,.T.);
#629=ORIENTED_EDGE('',*,*,#1184,.F.);
#630=ORIENTED_EDGE('',*,*,#1185,.F.);
#631=ORIENTED_EDGE('',*,*,#1186,.F.);
#632=ORIENTED_EDGE('',*,*,#1187,.T.);
#633=ORIENTED_EDGE('',*,*,#1188,.T.);
#634=ORIENTED_EDGE('',*,*,#1189,.F.);
#635=ORIENTED_EDGE('',*,*,#1190,.T.);
#636=ORIENTED_EDGE('',*,*,#1191,.T.);
#637=ORIENTED_EDGE('',*,*,#1192,.T.);
#638=ORIENTED_EDGE('',*,*,#1137,.T.);
#639=ORIENTED_EDGE('',*,*,#1193,.T.);
#640=ORIENTED_EDGE('',*,*,#1194,.T.);
#641=ORIENTED_EDGE('',*,*,#1195,.T.);
#642=ORIENTED_EDGE('',*,*,#1196,.T.);
#643=ORIENTED_EDGE('',*,*,#1197,.T.);
#644=ORIENTED_EDGE('',*,*,#1198,.F.);
#645=ORIENTED_EDGE('',*,*,#1199,.F.);
#646=ORIENTED_EDGE('',*,*,#1200,.F.);
#647=ORIENTED_EDGE('',*,*,#1201,.F.);
#648=ORIENTED_EDGE('',*,*,#1202,.F.);
#649=ORIENTED_EDGE('',*,*,#1203,.F.);
#650=ORIENTED_EDGE('',*,*,#1204,.T.);
#651=ORIENTED_EDGE('',*,*,#1185,.T.);
#652=ORIENTED_EDGE('',*,*,#1205,.T.);
#653=ORIENTED_EDGE('',*,*,#1206,.T.);
#654=ORIENTED_EDGE('',*,*,#1184,.T.);
#655=ORIENTED_EDGE('',*,*,#1179,.T.);
#656=ORIENTED_EDGE('',*,*,#1131,.T.);
#657=ORIENTED_EDGE('',*,*,#1207,.T.);
#658=ORIENTED_EDGE('',*,*,#1208,.T.);
#659=ORIENTED_EDGE('',*,*,#1209,.T.);
#660=ORIENTED_EDGE('',*,*,#1174,.F.);
#661=ORIENTED_EDGE('',*,*,#1171,.F.);
#662=ORIENTED_EDGE('',*,*,#1210,.T.);
#663=ORIENTED_EDGE('',*,*,#1211,.T.);
#664=ORIENTED_EDGE('',*,*,#1212,.F.);
#665=ORIENTED_EDGE('',*,*,#1167,.F.);
#666=ORIENTED_EDGE('',*,*,#1160,.T.);
#667=ORIENTED_EDGE('',*,*,#1213,.T.);
#668=ORIENTED_EDGE('',*,*,#1214,.T.);
#669=ORIENTED_EDGE('',*,*,#1215,.F.);
#670=ORIENTED_EDGE('',*,*,#1163,.T.);
#671=ORIENTED_EDGE('',*,*,#1154,.F.);
#672=ORIENTED_EDGE('',*,*,#1216,.F.);
#673=ORIENTED_EDGE('',*,*,#1217,.F.);
#674=ORIENTED_EDGE('',*,*,#1218,.F.);
#675=ORIENTED_EDGE('',*,*,#1136,.F.);
#676=ORIENTED_EDGE('',*,*,#1152,.F.);
#677=ORIENTED_EDGE('',*,*,#1150,.F.);
#678=ORIENTED_EDGE('',*,*,#1219,.F.);
#679=ORIENTED_EDGE('',*,*,#1220,.F.);
#680=ORIENTED_EDGE('',*,*,#1144,.F.);
#681=ORIENTED_EDGE('',*,*,#1221,.F.);
#682=ORIENTED_EDGE('',*,*,#1222,.T.);
#683=ORIENTED_EDGE('',*,*,#1223,.T.);
#684=ORIENTED_EDGE('',*,*,#1224,.T.);
#685=ORIENTED_EDGE('',*,*,#1225,.T.);
#686=ORIENTED_EDGE('',*,*,#1226,.T.);
#687=ORIENTED_EDGE('',*,*,#1227,.F.);
#688=ORIENTED_EDGE('',*,*,#1228,.F.);
#689=ORIENTED_EDGE('',*,*,#1229,.F.);
#690=ORIENTED_EDGE('',*,*,#1230,.F.);
#691=ORIENTED_EDGE('',*,*,#1231,.F.);
#692=ORIENTED_EDGE('',*,*,#1232,.F.);
#693=ORIENTED_EDGE('',*,*,#1141,.F.);
#694=ORIENTED_EDGE('',*,*,#1233,.F.);
#695=ORIENTED_EDGE('',*,*,#1234,.T.);
#696=ORIENTED_EDGE('',*,*,#1235,.F.);
#697=ORIENTED_EDGE('',*,*,#1236,.F.);
#698=ORIENTED_EDGE('',*,*,#1237,.T.);
#699=ORIENTED_EDGE('',*,*,#1238,.F.);
#700=ORIENTED_EDGE('',*,*,#1239,.F.);
#701=ORIENTED_EDGE('',*,*,#1240,.F.);
#702=ORIENTED_EDGE('',*,*,#1216,.T.);
#703=ORIENTED_EDGE('',*,*,#1159,.T.);
#704=ORIENTED_EDGE('',*,*,#1241,.F.);
#705=ORIENTED_EDGE('',*,*,#1242,.F.);
#706=ORIENTED_EDGE('',*,*,#1217,.T.);
#707=ORIENTED_EDGE('',*,*,#1242,.T.);
#708=ORIENTED_EDGE('',*,*,#1243,.F.);
#709=ORIENTED_EDGE('',*,*,#1244,.F.);
#710=ORIENTED_EDGE('',*,*,#1218,.T.);
#711=ORIENTED_EDGE('',*,*,#1244,.T.);
#712=ORIENTED_EDGE('',*,*,#1245,.F.);
#713=ORIENTED_EDGE('',*,*,#1157,.F.);
#714=ORIENTED_EDGE('',*,*,#1241,.T.);
#715=ORIENTED_EDGE('',*,*,#1158,.F.);
#716=ORIENTED_EDGE('',*,*,#1245,.T.);
#717=ORIENTED_EDGE('',*,*,#1243,.T.);
#718=ORIENTED_EDGE('',*,*,#1246,.F.);
#719=ORIENTED_EDGE('',*,*,#1222,.F.);
#720=ORIENTED_EDGE('',*,*,#1247,.T.);
#721=ORIENTED_EDGE('',*,*,#1248,.T.);
#722=ORIENTED_EDGE('',*,*,#1249,.F.);
#723=ORIENTED_EDGE('',*,*,#1223,.F.);
#724=ORIENTED_EDGE('',*,*,#1246,.T.);
#725=ORIENTED_EDGE('',*,*,#1250,.T.);
#726=ORIENTED_EDGE('',*,*,#1251,.F.);
#727=ORIENTED_EDGE('',*,*,#1225,.F.);
#728=ORIENTED_EDGE('',*,*,#1252,.T.);
#729=ORIENTED_EDGE('',*,*,#1253,.T.);
#730=ORIENTED_EDGE('',*,*,#1254,.F.);
#731=ORIENTED_EDGE('',*,*,#1226,.F.);
#732=ORIENTED_EDGE('',*,*,#1251,.T.);
#733=ORIENTED_EDGE('',*,*,#1255,.T.);
#734=ORIENTED_EDGE('',*,*,#1256,.F.);
#735=ORIENTED_EDGE('',*,*,#1227,.T.);
#736=ORIENTED_EDGE('',*,*,#1254,.T.);
#737=ORIENTED_EDGE('',*,*,#1257,.T.);
#738=ORIENTED_EDGE('',*,*,#1228,.T.);
#739=ORIENTED_EDGE('',*,*,#1256,.T.);
#740=ORIENTED_EDGE('',*,*,#1258,.F.);
#741=ORIENTED_EDGE('',*,*,#1259,.F.);
#742=ORIENTED_EDGE('',*,*,#1229,.T.);
#743=ORIENTED_EDGE('',*,*,#1259,.T.);
#744=ORIENTED_EDGE('',*,*,#1260,.F.);
#745=ORIENTED_EDGE('',*,*,#1261,.F.);
#746=ORIENTED_EDGE('',*,*,#1231,.T.);
#747=ORIENTED_EDGE('',*,*,#1262,.T.);
#748=ORIENTED_EDGE('',*,*,#1263,.F.);
#749=ORIENTED_EDGE('',*,*,#1264,.F.);
#750=ORIENTED_EDGE('',*,*,#1232,.T.);
#751=ORIENTED_EDGE('',*,*,#1264,.T.);
#752=ORIENTED_EDGE('',*,*,#1265,.F.);
#753=ORIENTED_EDGE('',*,*,#1266,.F.);
#754=ORIENTED_EDGE('',*,*,#1247,.F.);
#755=ORIENTED_EDGE('',*,*,#1221,.T.);
#756=ORIENTED_EDGE('',*,*,#1267,.T.);
#757=ORIENTED_EDGE('',*,*,#1268,.F.);
#758=ORIENTED_EDGE('',*,*,#1224,.F.);
#759=ORIENTED_EDGE('',*,*,#1249,.T.);
#760=ORIENTED_EDGE('',*,*,#1269,.T.);
#761=ORIENTED_EDGE('',*,*,#1252,.F.);
#762=ORIENTED_EDGE('',*,*,#1262,.F.);
#763=ORIENTED_EDGE('',*,*,#1230,.T.);
#764=ORIENTED_EDGE('',*,*,#1261,.T.);
#765=ORIENTED_EDGE('',*,*,#1270,.F.);
#766=ORIENTED_EDGE('',*,*,#1271,.T.);
#767=ORIENTED_EDGE('',*,*,#1272,.F.);
#768=ORIENTED_EDGE('',*,*,#1190,.F.);
#769=ORIENTED_EDGE('',*,*,#1273,.F.);
#770=ORIENTED_EDGE('',*,*,#1142,.T.);
#771=ORIENTED_EDGE('',*,*,#1266,.T.);
#772=ORIENTED_EDGE('',*,*,#1274,.T.);
#773=ORIENTED_EDGE('',*,*,#1275,.F.);
#774=ORIENTED_EDGE('',*,*,#1191,.F.);
#775=ORIENTED_EDGE('',*,*,#1272,.T.);
#776=ORIENTED_EDGE('',*,*,#1276,.T.);
#777=ORIENTED_EDGE('',*,*,#1267,.F.);
#778=ORIENTED_EDGE('',*,*,#1147,.F.);
#779=ORIENTED_EDGE('',*,*,#1277,.F.);
#780=ORIENTED_EDGE('',*,*,#1192,.F.);
#781=ORIENTED_EDGE('',*,*,#1275,.T.);
#782=ORIENTED_EDGE('',*,*,#1268,.T.);
#783=ORIENTED_EDGE('',*,*,#1276,.F.);
#784=ORIENTED_EDGE('',*,*,#1274,.F.);
#785=ORIENTED_EDGE('',*,*,#1271,.F.);
#786=ORIENTED_EDGE('',*,*,#1265,.T.);
#787=ORIENTED_EDGE('',*,*,#1263,.T.);
#788=ORIENTED_EDGE('',*,*,#1270,.T.);
#789=ORIENTED_EDGE('',*,*,#1260,.T.);
#790=ORIENTED_EDGE('',*,*,#1258,.T.);
#791=ORIENTED_EDGE('',*,*,#1257,.F.);
#792=ORIENTED_EDGE('',*,*,#1255,.F.);
#793=ORIENTED_EDGE('',*,*,#1253,.F.);
#794=ORIENTED_EDGE('',*,*,#1269,.F.);
#795=ORIENTED_EDGE('',*,*,#1250,.F.);
#796=ORIENTED_EDGE('',*,*,#1248,.F.);
#797=ORIENTED_EDGE('',*,*,#1219,.T.);
#798=ORIENTED_EDGE('',*,*,#1278,.T.);
#799=ORIENTED_EDGE('',*,*,#1279,.F.);
#800=ORIENTED_EDGE('',*,*,#1280,.F.);
#801=ORIENTED_EDGE('',*,*,#1220,.T.);
#802=ORIENTED_EDGE('',*,*,#1280,.T.);
#803=ORIENTED_EDGE('',*,*,#1281,.F.);
#804=ORIENTED_EDGE('',*,*,#1282,.F.);
#805=ORIENTED_EDGE('',*,*,#1283,.T.);
#806=ORIENTED_EDGE('',*,*,#1278,.F.);
#807=ORIENTED_EDGE('',*,*,#1149,.F.);
#808=ORIENTED_EDGE('',*,*,#1284,.F.);
#809=ORIENTED_EDGE('',*,*,#1145,.T.);
#810=ORIENTED_EDGE('',*,*,#1282,.T.);
#811=ORIENTED_EDGE('',*,*,#1279,.T.);
#812=ORIENTED_EDGE('',*,*,#1283,.F.);
#813=ORIENTED_EDGE('',*,*,#1281,.T.);
#814=ORIENTED_EDGE('',*,*,#1285,.F.);
#815=ORIENTED_EDGE('',*,*,#1193,.F.);
#816=ORIENTED_EDGE('',*,*,#1286,.T.);
#817=ORIENTED_EDGE('',*,*,#1287,.T.);
#818=ORIENTED_EDGE('',*,*,#1288,.F.);
#819=ORIENTED_EDGE('',*,*,#1194,.F.);
#820=ORIENTED_EDGE('',*,*,#1285,.T.);
#821=ORIENTED_EDGE('',*,*,#1289,.T.);
#822=ORIENTED_EDGE('',*,*,#1290,.F.);
#823=ORIENTED_EDGE('',*,*,#1196,.F.);
#824=ORIENTED_EDGE('',*,*,#1291,.T.);
#825=ORIENTED_EDGE('',*,*,#1292,.T.);
#826=ORIENTED_EDGE('',*,*,#1293,.F.);
#827=ORIENTED_EDGE('',*,*,#1197,.F.);
#828=ORIENTED_EDGE('',*,*,#1290,.T.);
#829=ORIENTED_EDGE('',*,*,#1294,.T.);
#830=ORIENTED_EDGE('',*,*,#1295,.F.);
#831=ORIENTED_EDGE('',*,*,#1198,.T.);
#832=ORIENTED_EDGE('',*,*,#1293,.T.);
#833=ORIENTED_EDGE('',*,*,#1296,.T.);
#834=ORIENTED_EDGE('',*,*,#1199,.T.);
#835=ORIENTED_EDGE('',*,*,#1295,.T.);
#836=ORIENTED_EDGE('',*,*,#1297,.F.);
#837=ORIENTED_EDGE('',*,*,#1298,.F.);
#838=ORIENTED_EDGE('',*,*,#1200,.T.);
#839=ORIENTED_EDGE('',*,*,#1298,.T.);
#840=ORIENTED_EDGE('',*,*,#1299,.F.);
#841=ORIENTED_EDGE('',*,*,#1300,.F.);
#842=ORIENTED_EDGE('',*,*,#1202,.T.);
#843=ORIENTED_EDGE('',*,*,#1301,.T.);
#844=ORIENTED_EDGE('',*,*,#1302,.F.);
#845=ORIENTED_EDGE('',*,*,#1303,.F.);
#846=ORIENTED_EDGE('',*,*,#1203,.T.);
#847=ORIENTED_EDGE('',*,*,#1303,.T.);
#848=ORIENTED_EDGE('',*,*,#1304,.F.);
#849=ORIENTED_EDGE('',*,*,#1305,.F.);
#850=ORIENTED_EDGE('',*,*,#1306,.T.);
#851=ORIENTED_EDGE('',*,*,#1286,.F.);
#852=ORIENTED_EDGE('',*,*,#1140,.F.);
#853=ORIENTED_EDGE('',*,*,#1307,.F.);
#854=ORIENTED_EDGE('',*,*,#1125,.F.);
#855=ORIENTED_EDGE('',*,*,#1308,.T.);
#856=ORIENTED_EDGE('',*,*,#1195,.F.);
#857=ORIENTED_EDGE('',*,*,#1288,.T.);
#858=ORIENTED_EDGE('',*,*,#1309,.T.);
#859=ORIENTED_EDGE('',*,*,#1291,.F.);
#860=ORIENTED_EDGE('',*,*,#1301,.F.);
#861=ORIENTED_EDGE('',*,*,#1201,.T.);
#862=ORIENTED_EDGE('',*,*,#1300,.T.);
#863=ORIENTED_EDGE('',*,*,#1310,.F.);
#864=ORIENTED_EDGE('',*,*,#1204,.F.);
#865=ORIENTED_EDGE('',*,*,#1305,.T.);
#866=ORIENTED_EDGE('',*,*,#1311,.T.);
#867=ORIENTED_EDGE('',*,*,#1312,.F.);
#868=ORIENTED_EDGE('',*,*,#1313,.T.);
#869=ORIENTED_EDGE('',*,*,#1314,.F.);
#870=ORIENTED_EDGE('',*,*,#1127,.F.);
#871=ORIENTED_EDGE('',*,*,#1315,.F.);
#872=ORIENTED_EDGE('',*,*,#1186,.T.);
#873=ORIENTED_EDGE('',*,*,#1312,.T.);
#874=ORIENTED_EDGE('',*,*,#1316,.T.);
#875=ORIENTED_EDGE('',*,*,#1308,.F.);
#876=ORIENTED_EDGE('',*,*,#1128,.F.);
#877=ORIENTED_EDGE('',*,*,#1314,.T.);
#878=ORIENTED_EDGE('',*,*,#1306,.F.);
#879=ORIENTED_EDGE('',*,*,#1316,.F.);
#880=ORIENTED_EDGE('',*,*,#1313,.F.);
#881=ORIENTED_EDGE('',*,*,#1311,.F.);
#882=ORIENTED_EDGE('',*,*,#1304,.T.);
#883=ORIENTED_EDGE('',*,*,#1302,.T.);
#884=ORIENTED_EDGE('',*,*,#1310,.T.);
#885=ORIENTED_EDGE('',*,*,#1299,.T.);
#886=ORIENTED_EDGE('',*,*,#1297,.T.);
#887=ORIENTED_EDGE('',*,*,#1296,.F.);
#888=ORIENTED_EDGE('',*,*,#1294,.F.);
#889=ORIENTED_EDGE('',*,*,#1292,.F.);
#890=ORIENTED_EDGE('',*,*,#1309,.F.);
#891=ORIENTED_EDGE('',*,*,#1289,.F.);
#892=ORIENTED_EDGE('',*,*,#1287,.F.);
#893=ORIENTED_EDGE('',*,*,#1317,.F.);
#894=ORIENTED_EDGE('',*,*,#1205,.F.);
#895=ORIENTED_EDGE('',*,*,#1318,.T.);
#896=ORIENTED_EDGE('',*,*,#1319,.T.);
#897=ORIENTED_EDGE('',*,*,#1320,.F.);
#898=ORIENTED_EDGE('',*,*,#1206,.F.);
#899=ORIENTED_EDGE('',*,*,#1317,.T.);
#900=ORIENTED_EDGE('',*,*,#1321,.T.);
#901=ORIENTED_EDGE('',*,*,#1322,.T.);
#902=ORIENTED_EDGE('',*,*,#1318,.F.);
#903=ORIENTED_EDGE('',*,*,#1188,.F.);
#904=ORIENTED_EDGE('',*,*,#1323,.F.);
#905=ORIENTED_EDGE('',*,*,#1182,.T.);
#906=ORIENTED_EDGE('',*,*,#1320,.T.);
#907=ORIENTED_EDGE('',*,*,#1319,.F.);
#908=ORIENTED_EDGE('',*,*,#1322,.F.);
#909=ORIENTED_EDGE('',*,*,#1321,.F.);
#910=ORIENTED_EDGE('',*,*,#1324,.F.);
#911=ORIENTED_EDGE('',*,*,#1208,.F.);
#912=ORIENTED_EDGE('',*,*,#1325,.T.);
#913=ORIENTED_EDGE('',*,*,#1326,.T.);
#914=ORIENTED_EDGE('',*,*,#1175,.F.);
#915=ORIENTED_EDGE('',*,*,#1209,.F.);
#916=ORIENTED_EDGE('',*,*,#1324,.T.);
#917=ORIENTED_EDGE('',*,*,#1327,.T.);
#918=ORIENTED_EDGE('',*,*,#1325,.F.);
#919=ORIENTED_EDGE('',*,*,#1207,.F.);
#920=ORIENTED_EDGE('',*,*,#1177,.T.);
#921=ORIENTED_EDGE('',*,*,#1328,.T.);
#922=ORIENTED_EDGE('',*,*,#1326,.F.);
#923=ORIENTED_EDGE('',*,*,#1328,.F.);
#924=ORIENTED_EDGE('',*,*,#1176,.F.);
#925=ORIENTED_EDGE('',*,*,#1327,.F.);
#926=ORIENTED_EDGE('',*,*,#1329,.T.);
#927=ORIENTED_EDGE('',*,*,#1330,.T.);
#928=ORIENTED_EDGE('',*,*,#1331,.T.);
#929=ORIENTED_EDGE('',*,*,#1332,.F.);
#930=ORIENTED_EDGE('',*,*,#1239,.T.);
#931=ORIENTED_EDGE('',*,*,#1333,.T.);
#932=ORIENTED_EDGE('',*,*,#1330,.F.);
#933=ORIENTED_EDGE('',*,*,#1334,.F.);
#934=ORIENTED_EDGE('',*,*,#1238,.T.);
#935=ORIENTED_EDGE('',*,*,#1335,.T.);
#936=ORIENTED_EDGE('',*,*,#1331,.F.);
#937=ORIENTED_EDGE('',*,*,#1333,.F.);
#938=ORIENTED_EDGE('',*,*,#1335,.F.);
#939=ORIENTED_EDGE('',*,*,#1237,.F.);
#940=ORIENTED_EDGE('',*,*,#1336,.T.);
#941=ORIENTED_EDGE('',*,*,#1332,.T.);
#942=ORIENTED_EDGE('',*,*,#1240,.T.);
#943=ORIENTED_EDGE('',*,*,#1334,.T.);
#944=ORIENTED_EDGE('',*,*,#1329,.F.);
#945=ORIENTED_EDGE('',*,*,#1336,.F.);
#946=ORIENTED_EDGE('',*,*,#1337,.T.);
#947=ORIENTED_EDGE('',*,*,#1338,.T.);
#948=ORIENTED_EDGE('',*,*,#1339,.F.);
#949=ORIENTED_EDGE('',*,*,#1340,.F.);
#950=ORIENTED_EDGE('',*,*,#1235,.T.);
#951=ORIENTED_EDGE('',*,*,#1341,.T.);
#952=ORIENTED_EDGE('',*,*,#1338,.F.);
#953=ORIENTED_EDGE('',*,*,#1342,.F.);
#954=ORIENTED_EDGE('',*,*,#1341,.F.);
#955=ORIENTED_EDGE('',*,*,#1234,.F.);
#956=ORIENTED_EDGE('',*,*,#1343,.T.);
#957=ORIENTED_EDGE('',*,*,#1339,.T.);
#958=ORIENTED_EDGE('',*,*,#1343,.F.);
#959=ORIENTED_EDGE('',*,*,#1233,.T.);
#960=ORIENTED_EDGE('',*,*,#1344,.T.);
#961=ORIENTED_EDGE('',*,*,#1340,.T.);
#962=ORIENTED_EDGE('',*,*,#1236,.T.);
#963=ORIENTED_EDGE('',*,*,#1342,.T.);
#964=ORIENTED_EDGE('',*,*,#1337,.F.);
#965=ORIENTED_EDGE('',*,*,#1344,.F.);
#966=ORIENTED_EDGE('',*,*,#1215,.T.);
#967=ORIENTED_EDGE('',*,*,#1345,.T.);
#968=ORIENTED_EDGE('',*,*,#1346,.F.);
#969=ORIENTED_EDGE('',*,*,#1164,.F.);
#970=ORIENTED_EDGE('',*,*,#1347,.F.);
#971=ORIENTED_EDGE('',*,*,#1213,.F.);
#972=ORIENTED_EDGE('',*,*,#1166,.T.);
#973=ORIENTED_EDGE('',*,*,#1348,.T.);
#974=ORIENTED_EDGE('',*,*,#1345,.F.);
#975=ORIENTED_EDGE('',*,*,#1214,.F.);
#976=ORIENTED_EDGE('',*,*,#1347,.T.);
#977=ORIENTED_EDGE('',*,*,#1349,.T.);
#978=ORIENTED_EDGE('',*,*,#1346,.T.);
#979=ORIENTED_EDGE('',*,*,#1349,.F.);
#980=ORIENTED_EDGE('',*,*,#1348,.F.);
#981=ORIENTED_EDGE('',*,*,#1165,.F.);
#982=ORIENTED_EDGE('',*,*,#1350,.F.);
#983=ORIENTED_EDGE('',*,*,#1210,.F.);
#984=ORIENTED_EDGE('',*,*,#1170,.T.);
#985=ORIENTED_EDGE('',*,*,#1351,.T.);
#986=ORIENTED_EDGE('',*,*,#1352,.F.);
#987=ORIENTED_EDGE('',*,*,#1211,.F.);
#988=ORIENTED_EDGE('',*,*,#1350,.T.);
#989=ORIENTED_EDGE('',*,*,#1353,.T.);
#990=ORIENTED_EDGE('',*,*,#1212,.T.);
#991=ORIENTED_EDGE('',*,*,#1352,.T.);
#992=ORIENTED_EDGE('',*,*,#1354,.F.);
#993=ORIENTED_EDGE('',*,*,#1168,.F.);
#994=ORIENTED_EDGE('',*,*,#1169,.T.);
#995=ORIENTED_EDGE('',*,*,#1354,.T.);
#996=ORIENTED_EDGE('',*,*,#1353,.F.);
#997=ORIENTED_EDGE('',*,*,#1351,.F.);
#998=ORIENTED_EDGE('',*,*,#1355,.F.);
#999=ORIENTED_EDGE('',*,*,#1356,.T.);
#1000=ORIENTED_EDGE('',*,*,#1357,.T.);
#1001=ORIENTED_EDGE('',*,*,#1307,.T.);
#1002=ORIENTED_EDGE('',*,*,#1139,.F.);
#1003=ORIENTED_EDGE('',*,*,#1143,.T.);
#1004=ORIENTED_EDGE('',*,*,#1273,.T.);
#1005=ORIENTED_EDGE('',*,*,#1358,.F.);
#1006=ORIENTED_EDGE('',*,*,#1187,.F.);
#1007=ORIENTED_EDGE('',*,*,#1315,.T.);
#1008=ORIENTED_EDGE('',*,*,#1359,.T.);
#1009=ORIENTED_EDGE('',*,*,#1360,.F.);
#1010=ORIENTED_EDGE('',*,*,#1361,.F.);
#1011=ORIENTED_EDGE('',*,*,#1277,.T.);
#1012=ORIENTED_EDGE('',*,*,#1146,.T.);
#1013=ORIENTED_EDGE('',*,*,#1284,.T.);
#1014=ORIENTED_EDGE('',*,*,#1148,.T.);
#1015=ORIENTED_EDGE('',*,*,#1153,.T.);
#1016=ORIENTED_EDGE('',*,*,#1134,.T.);
#1017=ORIENTED_EDGE('',*,*,#1156,.T.);
#1018=ORIENTED_EDGE('',*,*,#1162,.F.);
#1019=ORIENTED_EDGE('',*,*,#1173,.T.);
#1020=ORIENTED_EDGE('',*,*,#1178,.T.);
#1021=ORIENTED_EDGE('',*,*,#1129,.F.);
#1022=ORIENTED_EDGE('',*,*,#1181,.F.);
#1023=ORIENTED_EDGE('',*,*,#1183,.F.);
#1024=ORIENTED_EDGE('',*,*,#1323,.T.);
#1025=ORIENTED_EDGE('',*,*,#1358,.T.);
#1026=ORIENTED_EDGE('',*,*,#1189,.T.);
#1027=ORIENTED_EDGE('',*,*,#1361,.T.);
#1028=ORIENTED_EDGE('',*,*,#1362,.F.);
#1029=ORIENTED_EDGE('',*,*,#1363,.F.);
#1030=ORIENTED_EDGE('',*,*,#1114,.F.);
#1031=ORIENTED_EDGE('',*,*,#1364,.T.);
#1032=ORIENTED_EDGE('',*,*,#1360,.T.);
#1033=ORIENTED_EDGE('',*,*,#1365,.F.);
#1034=ORIENTED_EDGE('',*,*,#1366,.F.);
#1035=ORIENTED_EDGE('',*,*,#1362,.T.);
#1036=ORIENTED_EDGE('',*,*,#1357,.F.);
#1037=ORIENTED_EDGE('',*,*,#1367,.F.);
#1038=ORIENTED_EDGE('',*,*,#1116,.T.);
#1039=ORIENTED_EDGE('',*,*,#1368,.T.);
#1040=ORIENTED_EDGE('',*,*,#1365,.T.);
#1041=ORIENTED_EDGE('',*,*,#1359,.F.);
#1042=ORIENTED_EDGE('',*,*,#1126,.F.);
#1043=ORIENTED_EDGE('',*,*,#1356,.F.);
#1044=ORIENTED_EDGE('',*,*,#1364,.F.);
#1045=ORIENTED_EDGE('',*,*,#1121,.T.);
#1046=ORIENTED_EDGE('',*,*,#1369,.F.);
#1047=ORIENTED_EDGE('',*,*,#1370,.T.);
#1048=ORIENTED_EDGE('',*,*,#1122,.T.);
#1049=ORIENTED_EDGE('',*,*,#1117,.T.);
#1050=ORIENTED_EDGE('',*,*,#1367,.T.);
#1051=ORIENTED_EDGE('',*,*,#1369,.T.);
#1052=ORIENTED_EDGE('',*,*,#1120,.T.);
#1053=ORIENTED_EDGE('',*,*,#1371,.F.);
#1054=ORIENTED_EDGE('',*,*,#1372,.T.);
#1055=ORIENTED_EDGE('',*,*,#1371,.T.);
#1056=ORIENTED_EDGE('',*,*,#1119,.T.);
#1057=ORIENTED_EDGE('',*,*,#1124,.F.);
#1058=ORIENTED_EDGE('',*,*,#1373,.T.);
#1059=ORIENTED_EDGE('',*,*,#1374,.T.);
#1060=ORIENTED_EDGE('',*,*,#1375,.T.);
#1061=ORIENTED_EDGE('',*,*,#1376,.F.);
#1062=ORIENTED_EDGE('',*,*,#1377,.T.);
#1063=ORIENTED_EDGE('',*,*,#1378,.F.);
#1064=ORIENTED_EDGE('',*,*,#1379,.F.);
#1065=ORIENTED_EDGE('',*,*,#1380,.T.);
#1066=ORIENTED_EDGE('',*,*,#1376,.T.);
#1067=ORIENTED_EDGE('',*,*,#1379,.T.);
#1068=ORIENTED_EDGE('',*,*,#1381,.T.);
#1069=ORIENTED_EDGE('',*,*,#1374,.F.);
#1070=ORIENTED_EDGE('',*,*,#1382,.F.);
#1071=ORIENTED_EDGE('',*,*,#1123,.F.);
#1072=ORIENTED_EDGE('',*,*,#1370,.F.);
#1073=ORIENTED_EDGE('',*,*,#1372,.F.);
#1074=ORIENTED_EDGE('',*,*,#1377,.F.);
#1075=ORIENTED_EDGE('',*,*,#1380,.F.);
#1076=ORIENTED_EDGE('',*,*,#1382,.T.);
#1077=ORIENTED_EDGE('',*,*,#1373,.F.);
#1078=ORIENTED_EDGE('',*,*,#1375,.F.);
#1079=ORIENTED_EDGE('',*,*,#1381,.F.);
#1080=ORIENTED_EDGE('',*,*,#1378,.T.);
#1081=ORIENTED_EDGE('',*,*,#1383,.T.);
#1082=ORIENTED_EDGE('',*,*,#1363,.T.);
#1083=ORIENTED_EDGE('',*,*,#1366,.T.);
#1084=ORIENTED_EDGE('',*,*,#1368,.F.);
#1085=ORIENTED_EDGE('',*,*,#1384,.T.);
#1086=ORIENTED_EDGE('',*,*,#1385,.T.);
#1087=ORIENTED_EDGE('',*,*,#1386,.F.);
#1088=ORIENTED_EDGE('',*,*,#1387,.F.);
#1089=ORIENTED_EDGE('',*,*,#1383,.F.);
#1090=ORIENTED_EDGE('',*,*,#1388,.F.);
#1091=ORIENTED_EDGE('',*,*,#1389,.T.);
#1092=ORIENTED_EDGE('',*,*,#1390,.T.);
#1093=ORIENTED_EDGE('',*,*,#1384,.F.);
#1094=ORIENTED_EDGE('',*,*,#1115,.F.);
#1095=ORIENTED_EDGE('',*,*,#1387,.T.);
#1096=ORIENTED_EDGE('',*,*,#1391,.F.);
#1097=ORIENTED_EDGE('',*,*,#1392,.F.);
#1098=ORIENTED_EDGE('',*,*,#1388,.T.);
#1099=ORIENTED_EDGE('',*,*,#1386,.T.);
#1100=ORIENTED_EDGE('',*,*,#1393,.F.);
#1101=ORIENTED_EDGE('',*,*,#1394,.F.);
#1102=ORIENTED_EDGE('',*,*,#1391,.T.);
#1103=ORIENTED_EDGE('',*,*,#1385,.F.);
#1104=ORIENTED_EDGE('',*,*,#1390,.F.);
#1105=ORIENTED_EDGE('',*,*,#1395,.T.);
#1106=ORIENTED_EDGE('',*,*,#1393,.T.);
#1107=ORIENTED_EDGE('',*,*,#1389,.F.);
#1108=ORIENTED_EDGE('',*,*,#1392,.T.);
#1109=ORIENTED_EDGE('',*,*,#1394,.T.);
#1110=ORIENTED_EDGE('',*,*,#1395,.F.);
#1111=ORIENTED_EDGE('',*,*,#1113,.F.);
#1112=ORIENTED_EDGE('',*,*,#1355,.T.);
#1113=EDGE_CURVE('',#1396,#1396,#1580,.F.);
#1114=EDGE_CURVE('',#1397,#1398,#57,.T.);
#1115=EDGE_CURVE('',#1398,#1399,#58,.T.);
#1116=EDGE_CURVE('',#1400,#1399,#59,.T.);
#1117=EDGE_CURVE('',#1401,#1400,#60,.T.);
#1118=EDGE_CURVE('',#1402,#1401,#61,.T.);
#1119=EDGE_CURVE('',#1403,#1402,#62,.T.);
#1120=EDGE_CURVE('',#1404,#1403,#63,.T.);
#1121=EDGE_CURVE('',#1397,#1404,#64,.T.);
#1122=EDGE_CURVE('',#1405,#1401,#65,.T.);
#1123=EDGE_CURVE('',#1405,#1406,#66,.T.);
#1124=EDGE_CURVE('',#1406,#1402,#67,.T.);
#1125=EDGE_CURVE('',#1407,#1408,#68,.T.);
#1126=EDGE_CURVE('',#1408,#1409,#69,.T.);
#1127=EDGE_CURVE('',#1409,#1410,#70,.T.);
#1128=EDGE_CURVE('',#1410,#1407,#71,.T.);
#1129=EDGE_CURVE('',#1411,#1412,#72,.T.);
#1130=EDGE_CURVE('',#1412,#1413,#73,.T.);
#1131=EDGE_CURVE('',#1414,#1413,#74,.T.);
#1132=EDGE_CURVE('',#1411,#1414,#75,.T.);
#1133=EDGE_CURVE('',#1415,#1416,#76,.T.);
#1134=EDGE_CURVE('',#1417,#1415,#77,.T.);
#1135=EDGE_CURVE('',#1417,#1418,#78,.T.);
#1136=EDGE_CURVE('',#1418,#1416,#79,.T.);
#1137=EDGE_CURVE('',#1419,#1420,#17,.T.);
#1138=EDGE_CURVE('',#1421,#1419,#80,.T.);
#1139=EDGE_CURVE('',#1421,#1422,#18,.T.);
#1140=EDGE_CURVE('',#1422,#1420,#81,.T.);
#1141=EDGE_CURVE('',#1419,#1423,#19,.T.);
#1142=EDGE_CURVE('',#1424,#1423,#82,.T.);
#1143=EDGE_CURVE('',#1421,#1424,#20,.T.);
#1144=EDGE_CURVE('',#1425,#1426,#21,.T.);
#1145=EDGE_CURVE('',#1427,#1426,#83,.T.);
#1146=EDGE_CURVE('',#1428,#1427,#22,.T.);
#1147=EDGE_CURVE('',#1428,#1425,#84,.T.);
#1148=EDGE_CURVE('',#1429,#1430,#85,.T.);
#1149=EDGE_CURVE('',#1429,#1431,#86,.T.);
#1150=EDGE_CURVE('',#1431,#1432,#87,.T.);
#1151=EDGE_CURVE('',#1430,#1432,#88,.T.);
#1152=EDGE_CURVE('',#1432,#1418,#89,.T.);
#1153=EDGE_CURVE('',#1430,#1417,#90,.T.);
#1154=EDGE_CURVE('',#1433,#1434,#91,.T.);
#1155=EDGE_CURVE('',#1435,#1434,#92,.T.);
#1156=EDGE_CURVE('',#1415,#1435,#93,.T.);
#1157=EDGE_CURVE('',#1416,#1436,#94,.T.);
#1158=EDGE_CURVE('',#1436,#1437,#95,.T.);
#1159=EDGE_CURVE('',#1433,#1437,#96,.T.);
#1160=EDGE_CURVE('',#1438,#1439,#97,.T.);
#1161=EDGE_CURVE('',#1440,#1438,#98,.T.);
#1162=EDGE_CURVE('',#1440,#1435,#99,.T.);
#1163=EDGE_CURVE('',#1441,#1434,#100,.T.);
#1164=EDGE_CURVE('',#1441,#1442,#101,.T.);
#1165=EDGE_CURVE('',#1442,#1443,#102,.T.);
#1166=EDGE_CURVE('',#1439,#1443,#103,.T.);
#1167=EDGE_CURVE('',#1438,#1444,#104,.T.);
#1168=EDGE_CURVE('',#1444,#1445,#105,.T.);
#1169=EDGE_CURVE('',#1446,#1445,#106,.T.);
#1170=EDGE_CURVE('',#1447,#1446,#107,.T.);
#1171=EDGE_CURVE('',#1447,#1448,#108,.T.);
#1172=EDGE_CURVE('',#1449,#1448,#109,.T.);
#1173=EDGE_CURVE('',#1440,#1449,#110,.T.);
#1174=EDGE_CURVE('',#1448,#1450,#111,.T.);
#1175=EDGE_CURVE('',#1450,#1451,#112,.T.);
#1176=EDGE_CURVE('',#1451,#1452,#113,.T.);
#1177=EDGE_CURVE('',#1413,#1452,#114,.T.);
#1178=EDGE_CURVE('',#1449,#1412,#115,.T.);
#1179=EDGE_CURVE('',#1453,#1414,#116,.T.);
#1180=EDGE_CURVE('',#1454,#1453,#117,.T.);
#1181=EDGE_CURVE('',#1454,#1411,#118,.T.);
#1182=EDGE_CURVE('',#1455,#1456,#119,.T.);
#1183=EDGE_CURVE('',#1455,#1454,#120,.T.);
#1184=EDGE_CURVE('',#1456,#1453,#121,.T.);
#1185=EDGE_CURVE('',#1457,#1458,#23,.T.);
#1186=EDGE_CURVE('',#1459,#1457,#122,.T.);
#1187=EDGE_CURVE('',#1459,#1460,#24,.T.);
#1188=EDGE_CURVE('',#1460,#1458,#123,.T.);
#1189=EDGE_CURVE('',#1461,#1462,#124,.T.);
#1190=EDGE_CURVE('',#1461,#1463,#125,.T.);
#1191=EDGE_CURVE('',#1463,#1464,#126,.T.);
#1192=EDGE_CURVE('',#1464,#1462,#127,.T.);
#1193=EDGE_CURVE('',#1420,#1465,#25,.T.);
#1194=EDGE_CURVE('',#1465,#1466,#128,.T.);
#1195=EDGE_CURVE('',#1466,#1467,#129,.T.);
#1196=EDGE_CURVE('',#1467,#1468,#130,.T.);
#1197=EDGE_CURVE('',#1468,#1469,#131,.T.);
#1198=EDGE_CURVE('',#1470,#1469,#132,.T.);
#1199=EDGE_CURVE('',#1471,#1470,#133,.T.);
#1200=EDGE_CURVE('',#1472,#1471,#134,.T.);
#1201=EDGE_CURVE('',#1473,#1472,#135,.T.);
#1202=EDGE_CURVE('',#1474,#1473,#136,.T.);
#1203=EDGE_CURVE('',#1475,#1474,#26,.T.);
#1204=EDGE_CURVE('',#1475,#1457,#27,.T.);
#1205=EDGE_CURVE('',#1458,#1476,#28,.T.);
#1206=EDGE_CURVE('',#1476,#1456,#137,.T.);
#1207=EDGE_CURVE('',#1413,#1477,#138,.T.);
#1208=EDGE_CURVE('',#1477,#1478,#139,.T.);
#1209=EDGE_CURVE('',#1478,#1450,#140,.T.);
#1210=EDGE_CURVE('',#1447,#1479,#141,.T.);
#1211=EDGE_CURVE('',#1479,#1480,#1581,.T.);
#1212=EDGE_CURVE('',#1444,#1480,#142,.T.);
#1213=EDGE_CURVE('',#1439,#1481,#143,.T.);
#1214=EDGE_CURVE('',#1481,#1482,#1582,.T.);
#1215=EDGE_CURVE('',#1441,#1482,#144,.T.);
#1216=EDGE_CURVE('',#1483,#1433,#145,.T.);
#1217=EDGE_CURVE('',#1484,#1483,#146,.T.);
#1218=EDGE_CURVE('',#1416,#1484,#147,.T.);
#1219=EDGE_CURVE('',#1485,#1431,#148,.T.);
#1220=EDGE_CURVE('',#1426,#1485,#29,.T.);
#1221=EDGE_CURVE('',#1486,#1425,#30,.T.);
#1222=EDGE_CURVE('',#1486,#1487,#31,.T.);
#1223=EDGE_CURVE('',#1487,#1488,#149,.T.);
#1224=EDGE_CURVE('',#1488,#1489,#150,.T.);
#1225=EDGE_CURVE('',#1489,#1490,#151,.T.);
#1226=EDGE_CURVE('',#1490,#1491,#152,.T.);
#1227=EDGE_CURVE('',#1492,#1491,#153,.T.);
#1228=EDGE_CURVE('',#1493,#1492,#154,.T.);
#1229=EDGE_CURVE('',#1494,#1493,#155,.T.);
#1230=EDGE_CURVE('',#1495,#1494,#156,.T.);
#1231=EDGE_CURVE('',#1496,#1495,#157,.T.);
#1232=EDGE_CURVE('',#1423,#1496,#32,.T.);
#1233=EDGE_CURVE('',#1497,#1498,#158,.T.);
#1234=EDGE_CURVE('',#1497,#1499,#159,.T.);
#1235=EDGE_CURVE('',#1500,#1499,#1583,.T.);
#1236=EDGE_CURVE('',#1498,#1500,#160,.T.);
#1237=EDGE_CURVE('',#1501,#1502,#161,.T.);
#1238=EDGE_CURVE('',#1503,#1502,#1584,.T.);
#1239=EDGE_CURVE('',#1504,#1503,#162,.T.);
#1240=EDGE_CURVE('',#1501,#1504,#163,.T.);
#1241=EDGE_CURVE('',#1505,#1437,#164,.T.);
#1242=EDGE_CURVE('',#1483,#1505,#165,.T.);
#1243=EDGE_CURVE('',#1506,#1505,#166,.T.);
#1244=EDGE_CURVE('',#1484,#1506,#167,.T.);
#1245=EDGE_CURVE('',#1436,#1506,#168,.T.);
#1246=EDGE_CURVE('',#1487,#1507,#169,.T.);
#1247=EDGE_CURVE('',#1486,#1508,#170,.T.);
#1248=EDGE_CURVE('',#1508,#1507,#33,.T.);
#1249=EDGE_CURVE('',#1488,#1509,#171,.T.);
#1250=EDGE_CURVE('',#1507,#1509,#172,.T.);
#1251=EDGE_CURVE('',#1490,#1510,#173,.T.);
#1252=EDGE_CURVE('',#1489,#1511,#174,.T.);
#1253=EDGE_CURVE('',#1511,#1510,#175,.T.);
#1254=EDGE_CURVE('',#1491,#1512,#176,.T.);
#1255=EDGE_CURVE('',#1510,#1512,#177,.T.);
#1256=EDGE_CURVE('',#1492,#1513,#178,.T.);
#1257=EDGE_CURVE('',#1512,#1513,#179,.T.);
#1258=EDGE_CURVE('',#1514,#1513,#180,.T.);
#1259=EDGE_CURVE('',#1493,#1514,#181,.T.);
#1260=EDGE_CURVE('',#1515,#1514,#182,.T.);
#1261=EDGE_CURVE('',#1494,#1515,#183,.T.);
#1262=EDGE_CURVE('',#1495,#1516,#184,.T.);
#1263=EDGE_CURVE('',#1517,#1516,#185,.T.);
#1264=EDGE_CURVE('',#1496,#1517,#186,.T.);
#1265=EDGE_CURVE('',#1518,#1517,#34,.T.);
#1266=EDGE_CURVE('',#1423,#1518,#187,.T.);
#1267=EDGE_CURVE('',#1425,#1519,#188,.T.);
#1268=EDGE_CURVE('',#1508,#1519,#35,.T.);
#1269=EDGE_CURVE('',#1509,#1511,#189,.T.);
#1270=EDGE_CURVE('',#1516,#1515,#190,.T.);
#1271=EDGE_CURVE('',#1518,#1520,#191,.T.);
#1272=EDGE_CURVE('',#1463,#1520,#192,.T.);
#1273=EDGE_CURVE('',#1424,#1461,#193,.T.);
#1274=EDGE_CURVE('',#1520,#1521,#194,.T.);
#1275=EDGE_CURVE('',#1464,#1521,#195,.T.);
#1276=EDGE_CURVE('',#1521,#1519,#196,.T.);
#1277=EDGE_CURVE('',#1462,#1428,#197,.T.);
#1278=EDGE_CURVE('',#1431,#1522,#198,.T.);
#1279=EDGE_CURVE('',#1523,#1522,#199,.T.);
#1280=EDGE_CURVE('',#1485,#1523,#200,.T.);
#1281=EDGE_CURVE('',#1524,#1523,#36,.T.);
#1282=EDGE_CURVE('',#1426,#1524,#201,.T.);
#1283=EDGE_CURVE('',#1524,#1522,#202,.T.);
#1284=EDGE_CURVE('',#1427,#1429,#203,.T.);
#1285=EDGE_CURVE('',#1465,#1525,#204,.T.);
#1286=EDGE_CURVE('',#1420,#1526,#205,.T.);
#1287=EDGE_CURVE('',#1526,#1525,#37,.T.);
#1288=EDGE_CURVE('',#1466,#1527,#206,.T.);
#1289=EDGE_CURVE('',#1525,#1527,#207,.T.);
#1290=EDGE_CURVE('',#1468,#1528,#208,.T.);
#1291=EDGE_CURVE('',#1467,#1529,#209,.T.);
#1292=EDGE_CURVE('',#1529,#1528,#210,.T.);
#1293=EDGE_CURVE('',#1469,#1530,#211,.T.);
#1294=EDGE_CURVE('',#1528,#1530,#212,.T.);
#1295=EDGE_CURVE('',#1470,#1531,#213,.T.);
#1296=EDGE_CURVE('',#1530,#1531,#214,.T.);
#1297=EDGE_CURVE('',#1532,#1531,#215,.T.);
#1298=EDGE_CURVE('',#1471,#1532,#216,.T.);
#1299=EDGE_CURVE('',#1533,#1532,#217,.T.);
#1300=EDGE_CURVE('',#1472,#1533,#218,.T.);
#1301=EDGE_CURVE('',#1473,#1534,#219,.T.);
#1302=EDGE_CURVE('',#1535,#1534,#220,.T.);
#1303=EDGE_CURVE('',#1474,#1535,#221,.T.);
#1304=EDGE_CURVE('',#1536,#1535,#38,.T.);
#1305=EDGE_CURVE('',#1475,#1536,#222,.T.);
#1306=EDGE_CURVE('',#1537,#1526,#223,.T.);
#1307=EDGE_CURVE('',#1408,#1422,#224,.T.);
#1308=EDGE_CURVE('',#1407,#1537,#225,.T.);
#1309=EDGE_CURVE('',#1527,#1529,#226,.T.);
#1310=EDGE_CURVE('',#1534,#1533,#227,.T.);
#1311=EDGE_CURVE('',#1536,#1538,#39,.T.);
#1312=EDGE_CURVE('',#1457,#1538,#228,.T.);
#1313=EDGE_CURVE('',#1538,#1539,#229,.T.);
#1314=EDGE_CURVE('',#1410,#1539,#230,.T.);
#1315=EDGE_CURVE('',#1459,#1409,#231,.T.);
#1316=EDGE_CURVE('',#1539,#1537,#232,.T.);
#1317=EDGE_CURVE('',#1476,#1540,#233,.T.);
#1318=EDGE_CURVE('',#1458,#1541,#234,.T.);
#1319=EDGE_CURVE('',#1541,#1540,#40,.T.);
#1320=EDGE_CURVE('',#1456,#1542,#235,.T.);
#1321=EDGE_CURVE('',#1540,#1542,#236,.T.);
#1322=EDGE_CURVE('',#1542,#1541,#237,.T.);
#1323=EDGE_CURVE('',#1455,#1460,#238,.T.);
#1324=EDGE_CURVE('',#1478,#1543,#239,.T.);
#1325=EDGE_CURVE('',#1477,#1544,#240,.T.);
#1326=EDGE_CURVE('',#1544,#1543,#241,.T.);
#1327=EDGE_CURVE('',#1543,#1451,#242,.T.);
#1328=EDGE_CURVE('',#1452,#1544,#243,.T.);
#1329=EDGE_CURVE('',#1545,#1546,#244,.T.);
#1330=EDGE_CURVE('',#1546,#1547,#245,.T.);
#1331=EDGE_CURVE('',#1547,#1548,#1585,.T.);
#1332=EDGE_CURVE('',#1545,#1548,#246,.T.);
#1333=EDGE_CURVE('',#1503,#1547,#247,.T.);
#1334=EDGE_CURVE('',#1504,#1546,#248,.T.);
#1335=EDGE_CURVE('',#1502,#1548,#249,.T.);
#1336=EDGE_CURVE('',#1501,#1545,#250,.T.);
#1337=EDGE_CURVE('',#1549,#1550,#251,.T.);
#1338=EDGE_CURVE('',#1550,#1551,#1586,.T.);
#1339=EDGE_CURVE('',#1552,#1551,#252,.T.);
#1340=EDGE_CURVE('',#1549,#1552,#253,.T.);
#1341=EDGE_CURVE('',#1499,#1551,#254,.T.);
#1342=EDGE_CURVE('',#1500,#1550,#255,.T.);
#1343=EDGE_CURVE('',#1497,#1552,#256,.T.);
#1344=EDGE_CURVE('',#1498,#1549,#257,.T.);
#1345=EDGE_CURVE('',#1482,#1553,#258,.T.);
#1346=EDGE_CURVE('',#1442,#1553,#259,.T.);
#1347=EDGE_CURVE('',#1481,#1554,#260,.T.);
#1348=EDGE_CURVE('',#1443,#1554,#261,.T.);
#1349=EDGE_CURVE('',#1554,#1553,#1587,.T.);
#1350=EDGE_CURVE('',#1479,#1555,#262,.T.);
#1351=EDGE_CURVE('',#1446,#1555,#263,.T.);
#1352=EDGE_CURVE('',#1480,#1556,#264,.T.);
#1353=EDGE_CURVE('',#1555,#1556,#1588,.T.);
#1354=EDGE_CURVE('',#1445,#1556,#265,.T.);
#1355=EDGE_CURVE('',#1557,#1557,#1589,.F.);
#1356=EDGE_CURVE('',#1558,#1559,#266,.T.);
#1357=EDGE_CURVE('',#1559,#1408,#267,.T.);
#1358=EDGE_CURVE('',#1558,#1461,#268,.T.);
#1359=EDGE_CURVE('',#1409,#1560,#269,.T.);
#1360=EDGE_CURVE('',#1561,#1560,#270,.T.);
#1361=EDGE_CURVE('',#1462,#1561,#271,.T.);
#1362=EDGE_CURVE('',#1562,#1561,#272,.T.);
#1363=EDGE_CURVE('',#1398,#1562,#273,.T.);
#1364=EDGE_CURVE('',#1397,#1558,#274,.T.);
#1365=EDGE_CURVE('',#1563,#1560,#275,.T.);
#1366=EDGE_CURVE('',#1562,#1563,#276,.T.);
#1367=EDGE_CURVE('',#1400,#1559,#277,.T.);
#1368=EDGE_CURVE('',#1399,#1563,#278,.T.);
#1369=EDGE_CURVE('',#1564,#1404,#279,.T.);
#1370=EDGE_CURVE('',#1564,#1405,#280,.T.);
#1371=EDGE_CURVE('',#1565,#1403,#281,.T.);
#1372=EDGE_CURVE('',#1565,#1564,#282,.T.);
#1373=EDGE_CURVE('',#1406,#1566,#283,.T.);
#1374=EDGE_CURVE('',#1566,#1567,#284,.T.);
#1375=EDGE_CURVE('',#1567,#1568,#285,.T.);
#1376=EDGE_CURVE('',#1569,#1568,#286,.T.);
#1377=EDGE_CURVE('',#1569,#1565,#287,.T.);
#1378=EDGE_CURVE('',#1570,#1568,#41,.T.);
#1379=EDGE_CURVE('',#1571,#1570,#288,.T.);
#1380=EDGE_CURVE('',#1571,#1569,#42,.T.);
#1381=EDGE_CURVE('',#1570,#1567,#43,.T.);
#1382=EDGE_CURVE('',#1571,#1566,#44,.T.);
#1383=EDGE_CURVE('',#1572,#1398,#289,.T.);
#1384=EDGE_CURVE('',#1399,#1573,#290,.T.);
#1385=EDGE_CURVE('',#1573,#1574,#291,.T.);
#1386=EDGE_CURVE('',#1575,#1574,#292,.T.);
#1387=EDGE_CURVE('',#1572,#1575,#293,.T.);
#1388=EDGE_CURVE('',#1576,#1572,#294,.T.);
#1389=EDGE_CURVE('',#1576,#1577,#295,.T.);
#1390=EDGE_CURVE('',#1577,#1573,#296,.T.);
#1391=EDGE_CURVE('',#1578,#1575,#297,.T.);
#1392=EDGE_CURVE('',#1576,#1578,#298,.T.);
#1393=EDGE_CURVE('',#1579,#1574,#299,.T.);
#1394=EDGE_CURVE('',#1578,#1579,#300,.T.);
#1395=EDGE_CURVE('',#1577,#1579,#301,.T.);
#1396=VERTEX_POINT('',#2568);
#1397=VERTEX_POINT('',#2570);
#1398=VERTEX_POINT('',#2571);
#1399=VERTEX_POINT('',#2573);
#1400=VERTEX_POINT('',#2575);
#1401=VERTEX_POINT('',#2577);
#1402=VERTEX_POINT('',#2579);
#1403=VERTEX_POINT('',#2581);
#1404=VERTEX_POINT('',#2583);
#1405=VERTEX_POINT('',#2587);
#1406=VERTEX_POINT('',#2589);
#1407=VERTEX_POINT('',#2593);
#1408=VERTEX_POINT('',#2594);
#1409=VERTEX_POINT('',#2596);
#1410=VERTEX_POINT('',#2598);
#1411=VERTEX_POINT('',#2602);
#1412=VERTEX_POINT('',#2603);
#1413=VERTEX_POINT('',#2605);
#1414=VERTEX_POINT('',#2607);
#1415=VERTEX_POINT('',#2611);
#1416=VERTEX_POINT('',#2612);
#1417=VERTEX_POINT('',#2614);
#1418=VERTEX_POINT('',#2616);
#1419=VERTEX_POINT('',#2651);
#1420=VERTEX_POINT('',#2652);
#1421=VERTEX_POINT('',#2654);
#1422=VERTEX_POINT('',#2662);
#1423=VERTEX_POINT('',#2697);
#1424=VERTEX_POINT('',#2699);
#1425=VERTEX_POINT('',#2739);
#1426=VERTEX_POINT('',#2740);
#1427=VERTEX_POINT('',#2742);
#1428=VERTEX_POINT('',#2751);
#1429=VERTEX_POINT('',#2755);
#1430=VERTEX_POINT('',#2756);
#1431=VERTEX_POINT('',#2758);
#1432=VERTEX_POINT('',#2760);
#1433=VERTEX_POINT('',#2767);
#1434=VERTEX_POINT('',#2768);
#1435=VERTEX_POINT('',#2770);
#1436=VERTEX_POINT('',#2773);
#1437=VERTEX_POINT('',#2775);
#1438=VERTEX_POINT('',#2779);
#1439=VERTEX_POINT('',#2780);
#1440=VERTEX_POINT('',#2782);
#1441=VERTEX_POINT('',#2785);
#1442=VERTEX_POINT('',#2787);
#1443=VERTEX_POINT('',#2789);
#1444=VERTEX_POINT('',#2793);
#1445=VERTEX_POINT('',#2795);
#1446=VERTEX_POINT('',#2797);
#1447=VERTEX_POINT('',#2799);
#1448=VERTEX_POINT('',#2801);
#1449=VERTEX_POINT('',#2803);
#1450=VERTEX_POINT('',#2807);
#1451=VERTEX_POINT('',#2809);
#1452=VERTEX_POINT('',#2811);
#1453=VERTEX_POINT('',#2816);
#1454=VERTEX_POINT('',#2818);
#1455=VERTEX_POINT('',#2822);
#1456=VERTEX_POINT('',#2823);
#1457=VERTEX_POINT('',#2858);
#1458=VERTEX_POINT('',#2859);
#1459=VERTEX_POINT('',#2861);
#1460=VERTEX_POINT('',#2870);
#1461=VERTEX_POINT('',#2874);
#1462=VERTEX_POINT('',#2875);
#1463=VERTEX_POINT('',#2877);
#1464=VERTEX_POINT('',#2879);
#1465=VERTEX_POINT('',#2891);
#1466=VERTEX_POINT('',#2893);
#1467=VERTEX_POINT('',#2895);
#1468=VERTEX_POINT('',#2897);
#1469=VERTEX_POINT('',#2899);
#1470=VERTEX_POINT('',#2901);
#1471=VERTEX_POINT('',#2903);
#1472=VERTEX_POINT('',#2905);
#1473=VERTEX_POINT('',#2907);
#1474=VERTEX_POINT('',#2909);
#1475=VERTEX_POINT('',#2922);
#1476=VERTEX_POINT('',#2935);
#1477=VERTEX_POINT('',#2938);
#1478=VERTEX_POINT('',#2940);
#1479=VERTEX_POINT('',#2943);
#1480=VERTEX_POINT('',#2945);
#1481=VERTEX_POINT('',#2948);
#1482=VERTEX_POINT('',#2950);
#1483=VERTEX_POINT('',#2953);
#1484=VERTEX_POINT('',#2955);
#1485=VERTEX_POINT('',#2958);
#1486=VERTEX_POINT('',#2971);
#1487=VERTEX_POINT('',#2984);
#1488=VERTEX_POINT('',#2986);
#1489=VERTEX_POINT('',#2988);
#1490=VERTEX_POINT('',#2990);
#1491=VERTEX_POINT('',#2992);
#1492=VERTEX_POINT('',#2994);
#1493=VERTEX_POINT('',#2996);
#1494=VERTEX_POINT('',#2998);
#1495=VERTEX_POINT('',#3000);
#1496=VERTEX_POINT('',#3002);
#1497=VERTEX_POINT('',#3013);
#1498=VERTEX_POINT('',#3014);
#1499=VERTEX_POINT('',#3016);
#1500=VERTEX_POINT('',#3018);
#1501=VERTEX_POINT('',#3021);
#1502=VERTEX_POINT('',#3022);
#1503=VERTEX_POINT('',#3024);
#1504=VERTEX_POINT('',#3026);
#1505=VERTEX_POINT('',#3030);
#1506=VERTEX_POINT('',#3034);
#1507=VERTEX_POINT('',#3094);
#1508=VERTEX_POINT('',#3096);
#1509=VERTEX_POINT('',#3111);
#1510=VERTEX_POINT('',#3115);
#1511=VERTEX_POINT('',#3117);
#1512=VERTEX_POINT('',#3121);
#1513=VERTEX_POINT('',#3125);
#1514=VERTEX_POINT('',#3129);
#1515=VERTEX_POINT('',#3133);
#1516=VERTEX_POINT('',#3137);
#1517=VERTEX_POINT('',#3139);
#1518=VERTEX_POINT('',#3180);
#1519=VERTEX_POINT('',#3209);
#1520=VERTEX_POINT('',#3222);
#1521=VERTEX_POINT('',#3227);
#1522=VERTEX_POINT('',#3235);
#1523=VERTEX_POINT('',#3237);
#1524=VERTEX_POINT('',#3259);
#1525=VERTEX_POINT('',#3296);
#1526=VERTEX_POINT('',#3298);
#1527=VERTEX_POINT('',#3310);
#1528=VERTEX_POINT('',#3314);
#1529=VERTEX_POINT('',#3316);
#1530=VERTEX_POINT('',#3320);
#1531=VERTEX_POINT('',#3324);
#1532=VERTEX_POINT('',#3328);
#1533=VERTEX_POINT('',#3332);
#1534=VERTEX_POINT('',#3336);
#1535=VERTEX_POINT('',#3338);
#1536=VERTEX_POINT('',#3406);
#1537=VERTEX_POINT('',#3410);
#1538=VERTEX_POINT('',#3449);
#1539=VERTEX_POINT('',#3453);
#1540=VERTEX_POINT('',#3474);
#1541=VERTEX_POINT('',#3476);
#1542=VERTEX_POINT('',#3485);
#1543=VERTEX_POINT('',#3493);
#1544=VERTEX_POINT('',#3495);
#1545=VERTEX_POINT('',#3504);
#1546=VERTEX_POINT('',#3505);
#1547=VERTEX_POINT('',#3507);
#1548=VERTEX_POINT('',#3509);
#1549=VERTEX_POINT('',#3521);
#1550=VERTEX_POINT('',#3522);
#1551=VERTEX_POINT('',#3524);
#1552=VERTEX_POINT('',#3526);
#1553=VERTEX_POINT('',#3538);
#1554=VERTEX_POINT('',#3542);
#1555=VERTEX_POINT('',#3549);
#1556=VERTEX_POINT('',#3553);
#1557=VERTEX_POINT('',#3560);
#1558=VERTEX_POINT('',#3562);
#1559=VERTEX_POINT('',#3563);
#1560=VERTEX_POINT('',#3568);
#1561=VERTEX_POINT('',#3570);
#1562=VERTEX_POINT('',#3574);
#1563=VERTEX_POINT('',#3579);
#1564=VERTEX_POINT('',#3586);
#1565=VERTEX_POINT('',#3590);
#1566=VERTEX_POINT('',#3594);
#1567=VERTEX_POINT('',#3596);
#1568=VERTEX_POINT('',#3598);
#1569=VERTEX_POINT('',#3600);
#1570=VERTEX_POINT('',#3610);
#1571=VERTEX_POINT('',#3612);
#1572=VERTEX_POINT('',#3639);
#1573=VERTEX_POINT('',#3641);
#1574=VERTEX_POINT('',#3643);
#1575=VERTEX_POINT('',#3645);
#1576=VERTEX_POINT('',#3649);
#1577=VERTEX_POINT('',#3651);
#1578=VERTEX_POINT('',#3655);
#1579=VERTEX_POINT('',#3659);
#1580=CIRCLE('',#2013,0.0015);
#1581=CIRCLE('',#2028,0.00897387049354275);
#1582=CIRCLE('',#2029,0.00897387049354275);
#1583=CIRCLE('',#2030,0.00897387049354275);
#1584=CIRCLE('',#2031,0.00897387049354275);
#1585=CIRCLE('',#2073,0.00897387049354275);
#1586=CIRCLE('',#2079,0.00897387049354275);
#1587=CIRCLE('',#2087,0.00897387049354275);
#1588=CIRCLE('',#2091,0.00897387049354275);
#1589=CIRCLE('',#2095,0.0015);
#1590=EDGE_LOOP('',(#547));
#1591=EDGE_LOOP('',(#548,#549,#550,#551,#552,#553,#554,#555));
#1592=EDGE_LOOP('',(#556,#557,#558,#559));
#1593=EDGE_LOOP('',(#560,#561,#562,#563));
#1594=EDGE_LOOP('',(#564,#565,#566,#567));
#1595=EDGE_LOOP('',(#568,#569,#570,#571));
#1596=EDGE_LOOP('',(#572,#573,#574,#575));
#1597=EDGE_LOOP('',(#576,#577,#578,#579));
#1598=EDGE_LOOP('',(#580,#581,#582,#583));
#1599=EDGE_LOOP('',(#584,#585,#586,#587));
#1600=EDGE_LOOP('',(#588,#589,#590,#591));
#1601=EDGE_LOOP('',(#592,#593,#594,#595,#596,#597,#598));
#1602=EDGE_LOOP('',(#599,#600,#601,#602,#603,#604,#605,#606));
#1603=EDGE_LOOP('',(#607,#608,#609,#610,#611,#612,#613,#614));
#1604=EDGE_LOOP('',(#615,#616,#617,#618,#619,#620,#621));
#1605=EDGE_LOOP('',(#622,#623,#624,#625));
#1606=EDGE_LOOP('',(#626,#627,#628,#629));
#1607=EDGE_LOOP('',(#630,#631,#632,#633));
#1608=EDGE_LOOP('',(#634,#635,#636,#637));
#1609=EDGE_LOOP('',(#638,#639,#640,#641,#642,#643,#644,#645,#646,#647,#648,
#649,#650,#651,#652,#653,#654,#655,#656,#657,#658,#659,#660,#661,#662,#663,
#664,#665,#666,#667,#668,#669,#670,#671,#672,#673,#674,#675,#676,#677,#678,
#679,#680,#681,#682,#683,#684,#685,#686,#687,#688,#689,#690,#691,#692,#693));
#1610=EDGE_LOOP('',(#694,#695,#696,#697));
#1611=EDGE_LOOP('',(#698,#699,#700,#701));
#1612=EDGE_LOOP('',(#702,#703,#704,#705));
#1613=EDGE_LOOP('',(#706,#707,#708,#709));
#1614=EDGE_LOOP('',(#710,#711,#712,#713));
#1615=EDGE_LOOP('',(#714,#715,#716,#717));
#1616=EDGE_LOOP('',(#718,#719,#720,#721));
#1617=EDGE_LOOP('',(#722,#723,#724,#725));
#1618=EDGE_LOOP('',(#726,#727,#728,#729));
#1619=EDGE_LOOP('',(#730,#731,#732,#733));
#1620=EDGE_LOOP('',(#734,#735,#736,#737));
#1621=EDGE_LOOP('',(#738,#739,#740,#741));
#1622=EDGE_LOOP('',(#742,#743,#744,#745));
#1623=EDGE_LOOP('',(#746,#747,#748,#749));
#1624=EDGE_LOOP('',(#750,#751,#752,#753));
#1625=EDGE_LOOP('',(#754,#755,#756,#757));
#1626=EDGE_LOOP('',(#758,#759,#760,#761));
#1627=EDGE_LOOP('',(#762,#763,#764,#765));
#1628=EDGE_LOOP('',(#766,#767,#768,#769,#770,#771));
#1629=EDGE_LOOP('',(#772,#773,#774,#775));
#1630=EDGE_LOOP('',(#776,#777,#778,#779,#780,#781));
#1631=EDGE_LOOP('',(#782,#783,#784,#785,#786,#787,#788,#789,#790,#791,#792,
#793,#794,#795,#796));
#1632=EDGE_LOOP('',(#797,#798,#799,#800));
#1633=EDGE_LOOP('',(#801,#802,#803,#804));
#1634=EDGE_LOOP('',(#805,#806,#807,#808,#809,#810));
#1635=EDGE_LOOP('',(#811,#812,#813));
#1636=EDGE_LOOP('',(#814,#815,#816,#817));
#1637=EDGE_LOOP('',(#818,#819,#820,#821));
#1638=EDGE_LOOP('',(#822,#823,#824,#825));
#1639=EDGE_LOOP('',(#826,#827,#828,#829));
#1640=EDGE_LOOP('',(#830,#831,#832,#833));
#1641=EDGE_LOOP('',(#834,#835,#836,#837));
#1642=EDGE_LOOP('',(#838,#839,#840,#841));
#1643=EDGE_LOOP('',(#842,#843,#844,#845));
#1644=EDGE_LOOP('',(#846,#847,#848,#849));
#1645=EDGE_LOOP('',(#850,#851,#852,#853,#854,#855));
#1646=EDGE_LOOP('',(#856,#857,#858,#859));
#1647=EDGE_LOOP('',(#860,#861,#862,#863));
#1648=EDGE_LOOP('',(#864,#865,#866,#867));
#1649=EDGE_LOOP('',(#868,#869,#870,#871,#872,#873));
#1650=EDGE_LOOP('',(#874,#875,#876,#877));
#1651=EDGE_LOOP('',(#878,#879,#880,#881,#882,#883,#884,#885,#886,#887,#888,
#889,#890,#891,#892));
#1652=EDGE_LOOP('',(#893,#894,#895,#896));
#1653=EDGE_LOOP('',(#897,#898,#899,#900));
#1654=EDGE_LOOP('',(#901,#902,#903,#904,#905,#906));
#1655=EDGE_LOOP('',(#907,#908,#909));
#1656=EDGE_LOOP('',(#910,#911,#912,#913));
#1657=EDGE_LOOP('',(#914,#915,#916,#917));
#1658=EDGE_LOOP('',(#918,#919,#920,#921));
#1659=EDGE_LOOP('',(#922,#923,#924,#925));
#1660=EDGE_LOOP('',(#926,#927,#928,#929));
#1661=EDGE_LOOP('',(#930,#931,#932,#933));
#1662=EDGE_LOOP('',(#934,#935,#936,#937));
#1663=EDGE_LOOP('',(#938,#939,#940,#941));
#1664=EDGE_LOOP('',(#942,#943,#944,#945));
#1665=EDGE_LOOP('',(#946,#947,#948,#949));
#1666=EDGE_LOOP('',(#950,#951,#952,#953));
#1667=EDGE_LOOP('',(#954,#955,#956,#957));
#1668=EDGE_LOOP('',(#958,#959,#960,#961));
#1669=EDGE_LOOP('',(#962,#963,#964,#965));
#1670=EDGE_LOOP('',(#966,#967,#968,#969));
#1671=EDGE_LOOP('',(#970,#971,#972,#973));
#1672=EDGE_LOOP('',(#974,#975,#976,#977));
#1673=EDGE_LOOP('',(#978,#979,#980,#981));
#1674=EDGE_LOOP('',(#982,#983,#984,#985));
#1675=EDGE_LOOP('',(#986,#987,#988,#989));
#1676=EDGE_LOOP('',(#990,#991,#992,#993));
#1677=EDGE_LOOP('',(#994,#995,#996,#997));
#1678=EDGE_LOOP('',(#998));
#1679=EDGE_LOOP('',(#999,#1000,#1001,#1002,#1003,#1004,#1005));
#1680=EDGE_LOOP('',(#1006,#1007,#1008,#1009,#1010,#1011,#1012,#1013,#1014,
#1015,#1016,#1017,#1018,#1019,#1020,#1021,#1022,#1023,#1024));
#1681=EDGE_LOOP('',(#1025,#1026,#1027,#1028,#1029,#1030,#1031));
#1682=EDGE_LOOP('',(#1032,#1033,#1034,#1035));
#1683=EDGE_LOOP('',(#1036,#1037,#1038,#1039,#1040,#1041,#1042));
#1684=EDGE_LOOP('',(#1043,#1044,#1045,#1046,#1047,#1048,#1049,#1050));
#1685=EDGE_LOOP('',(#1051,#1052,#1053,#1054));
#1686=EDGE_LOOP('',(#1055,#1056,#1057,#1058,#1059,#1060,#1061,#1062));
#1687=EDGE_LOOP('',(#1063,#1064,#1065,#1066));
#1688=EDGE_LOOP('',(#1067,#1068,#1069,#1070));
#1689=EDGE_LOOP('',(#1071,#1072,#1073,#1074,#1075,#1076,#1077));
#1690=EDGE_LOOP('',(#1078,#1079,#1080));
#1691=EDGE_LOOP('',(#1081,#1082,#1083,#1084,#1085,#1086,#1087,#1088));
#1692=EDGE_LOOP('',(#1089,#1090,#1091,#1092,#1093,#1094));
#1693=EDGE_LOOP('',(#1095,#1096,#1097,#1098));
#1694=EDGE_LOOP('',(#1099,#1100,#1101,#1102));
#1695=EDGE_LOOP('',(#1103,#1104,#1105,#1106));
#1696=EDGE_LOOP('',(#1107,#1108,#1109,#1110));
#1697=EDGE_LOOP('',(#1111));
#1698=EDGE_LOOP('',(#1112));
#1699=FACE_BOUND('',#1590,.T.);
#1700=FACE_BOUND('',#1591,.T.);
#1701=FACE_BOUND('',#1592,.T.);
#1702=FACE_BOUND('',#1593,.T.);
#1703=FACE_BOUND('',#1594,.T.);
#1704=FACE_BOUND('',#1595,.T.);
#1705=FACE_BOUND('',#1596,.T.);
#1706=FACE_BOUND('',#1597,.T.);
#1707=FACE_BOUND('',#1598,.T.);
#1708=FACE_BOUND('',#1599,.T.);
#1709=FACE_BOUND('',#1600,.T.);
#1710=FACE_BOUND('',#1601,.T.);
#1711=FACE_BOUND('',#1602,.T.);
#1712=FACE_BOUND('',#1603,.T.);
#1713=FACE_BOUND('',#1604,.T.);
#1714=FACE_BOUND('',#1605,.T.);
#1715=FACE_BOUND('',#1606,.T.);
#1716=FACE_BOUND('',#1607,.T.);
#1717=FACE_BOUND('',#1608,.T.);
#1718=FACE_BOUND('',#1609,.T.);
#1719=FACE_BOUND('',#1610,.T.);
#1720=FACE_BOUND('',#1611,.T.);
#1721=FACE_BOUND('',#1612,.T.);
#1722=FACE_BOUND('',#1613,.T.);
#1723=FACE_BOUND('',#1614,.T.);
#1724=FACE_BOUND('',#1615,.T.);
#1725=FACE_BOUND('',#1616,.T.);
#1726=FACE_BOUND('',#1617,.T.);
#1727=FACE_BOUND('',#1618,.T.);
#1728=FACE_BOUND('',#1619,.T.);
#1729=FACE_BOUND('',#1620,.T.);
#1730=FACE_BOUND('',#1621,.T.);
#1731=FACE_BOUND('',#1622,.T.);
#1732=FACE_BOUND('',#1623,.T.);
#1733=FACE_BOUND('',#1624,.T.);
#1734=FACE_BOUND('',#1625,.T.);
#1735=FACE_BOUND('',#1626,.T.);
#1736=FACE_BOUND('',#1627,.T.);
#1737=FACE_BOUND('',#1628,.T.);
#1738=FACE_BOUND('',#1629,.T.);
#1739=FACE_BOUND('',#1630,.T.);
#1740=FACE_BOUND('',#1631,.T.);
#1741=FACE_BOUND('',#1632,.T.);
#1742=FACE_BOUND('',#1633,.T.);
#1743=FACE_BOUND('',#1634,.T.);
#1744=FACE_BOUND('',#1635,.T.);
#1745=FACE_BOUND('',#1636,.T.);
#1746=FACE_BOUND('',#1637,.T.);
#1747=FACE_BOUND('',#1638,.T.);
#1748=FACE_BOUND('',#1639,.T.);
#1749=FACE_BOUND('',#1640,.T.);
#1750=FACE_BOUND('',#1641,.T.);
#1751=FACE_BOUND('',#1642,.T.);
#1752=FACE_BOUND('',#1643,.T.);
#1753=FACE_BOUND('',#1644,.T.);
#1754=FACE_BOUND('',#1645,.T.);
#1755=FACE_BOUND('',#1646,.T.);
#1756=FACE_BOUND('',#1647,.T.);
#1757=FACE_BOUND('',#1648,.T.);
#1758=FACE_BOUND('',#1649,.T.);
#1759=FACE_BOUND('',#1650,.T.);
#1760=FACE_BOUND('',#1651,.T.);
#1761=FACE_BOUND('',#1652,.T.);
#1762=FACE_BOUND('',#1653,.T.);
#1763=FACE_BOUND('',#1654,.T.);
#1764=FACE_BOUND('',#1655,.T.);
#1765=FACE_BOUND('',#1656,.T.);
#1766=FACE_BOUND('',#1657,.T.);
#1767=FACE_BOUND('',#1658,.T.);
#1768=FACE_BOUND('',#1659,.T.);
#1769=FACE_BOUND('',#1660,.T.);
#1770=FACE_BOUND('',#1661,.T.);
#1771=FACE_BOUND('',#1662,.T.);
#1772=FACE_BOUND('',#1663,.T.);
#1773=FACE_BOUND('',#1664,.T.);
#1774=FACE_BOUND('',#1665,.T.);
#1775=FACE_BOUND('',#1666,.T.);
#1776=FACE_BOUND('',#1667,.T.);
#1777=FACE_BOUND('',#1668,.T.);
#1778=FACE_BOUND('',#1669,.T.);
#1779=FACE_BOUND('',#1670,.T.);
#1780=FACE_BOUND('',#1671,.T.);
#1781=FACE_BOUND('',#1672,.T.);
#1782=FACE_BOUND('',#1673,.T.);
#1783=FACE_BOUND('',#1674,.T.);
#1784=FACE_BOUND('',#1675,.T.);
#1785=FACE_BOUND('',#1676,.T.);
#1786=FACE_BOUND('',#1677,.T.);
#1787=FACE_BOUND('',#1678,.T.);
#1788=FACE_BOUND('',#1679,.T.);
#1789=FACE_BOUND('',#1680,.T.);
#1790=FACE_BOUND('',#1681,.T.);
#1791=FACE_BOUND('',#1682,.T.);
#1792=FACE_BOUND('',#1683,.T.);
#1793=FACE_BOUND('',#1684,.T.);
#1794=FACE_BOUND('',#1685,.T.);
#1795=FACE_BOUND('',#1686,.T.);
#1796=FACE_BOUND('',#1687,.T.);
#1797=FACE_BOUND('',#1688,.T.);
#1798=FACE_BOUND('',#1689,.T.);
#1799=FACE_BOUND('',#1690,.T.);
#1800=FACE_BOUND('',#1691,.T.);
#1801=FACE_BOUND('',#1692,.T.);
#1802=FACE_BOUND('',#1693,.T.);
#1803=FACE_BOUND('',#1694,.T.);
#1804=FACE_BOUND('',#1695,.T.);
#1805=FACE_BOUND('',#1696,.T.);
#1806=FACE_BOUND('',#1697,.T.);
#1807=FACE_BOUND('',#1698,.T.);
#1808=PLANE('',#2012);
#1809=PLANE('',#2014);
#1810=PLANE('',#2015);
#1811=PLANE('',#2016);
#1812=PLANE('',#2017);
#1813=PLANE('',#2018);
#1814=PLANE('',#2019);
#1815=PLANE('',#2020);
#1816=PLANE('',#2021);
#1817=PLANE('',#2022);
#1818=PLANE('',#2023);
#1819=PLANE('',#2024);
#1820=PLANE('',#2025);
#1821=PLANE('',#2026);
#1822=PLANE('',#2027);
#1823=PLANE('',#2032);
#1824=PLANE('',#2033);
#1825=PLANE('',#2034);
#1826=PLANE('',#2035);
#1827=PLANE('',#2036);
#1828=PLANE('',#2037);
#1829=PLANE('',#2038);
#1830=PLANE('',#2039);
#1831=PLANE('',#2040);
#1832=PLANE('',#2041);
#1833=PLANE('',#2042);
#1834=PLANE('',#2043);
#1835=PLANE('',#2044);
#1836=PLANE('',#2045);
#1837=PLANE('',#2046);
#1838=PLANE('',#2047);
#1839=PLANE('',#2048);
#1840=PLANE('',#2049);
#1841=PLANE('',#2050);
#1842=PLANE('',#2051);
#1843=PLANE('',#2052);
#1844=PLANE('',#2053);
#1845=PLANE('',#2054);
#1846=PLANE('',#2055);
#1847=PLANE('',#2056);
#1848=PLANE('',#2057);
#1849=PLANE('',#2058);
#1850=PLANE('',#2059);
#1851=PLANE('',#2060);
#1852=PLANE('',#2061);
#1853=PLANE('',#2062);
#1854=PLANE('',#2063);
#1855=PLANE('',#2064);
#1856=PLANE('',#2065);
#1857=PLANE('',#2066);
#1858=PLANE('',#2067);
#1859=PLANE('',#2068);
#1860=PLANE('',#2069);
#1861=PLANE('',#2070);
#1862=PLANE('',#2071);
#1863=PLANE('',#2072);
#1864=PLANE('',#2074);
#1865=PLANE('',#2076);
#1866=PLANE('',#2077);
#1867=PLANE('',#2078);
#1868=PLANE('',#2081);
#1869=PLANE('',#2082);
#1870=PLANE('',#2083);
#1871=PLANE('',#2084);
#1872=PLANE('',#2085);
#1873=PLANE('',#2088);
#1874=PLANE('',#2089);
#1875=PLANE('',#2092);
#1876=PLANE('',#2093);
#1877=PLANE('',#2094);
#1878=PLANE('',#2096);
#1879=PLANE('',#2097);
#1880=PLANE('',#2098);
#1881=PLANE('',#2099);
#1882=PLANE('',#2100);
#1883=PLANE('',#2101);
#1884=PLANE('',#2102);
#1885=PLANE('',#2103);
#1886=PLANE('',#2104);
#1887=PLANE('',#2105);
#1888=PLANE('',#2106);
#1889=PLANE('',#2107);
#1890=PLANE('',#2108);
#1891=PLANE('',#2109);
#1892=PLANE('',#2110);
#1893=PLANE('',#2111);
#1894=PLANE('',#2112);
#1895=ADVANCED_FACE('',(#1699,#1700),#1808,.T.);
#1896=ADVANCED_FACE('',(#1701),#1809,.T.);
#1897=ADVANCED_FACE('',(#1702),#1810,.T.);
#1898=ADVANCED_FACE('',(#1703),#1811,.T.);
#1899=ADVANCED_FACE('',(#1704),#1812,.F.);
#1900=ADVANCED_FACE('',(#1705),#45,.T.);
#1901=ADVANCED_FACE('',(#1706),#46,.F.);
#1902=ADVANCED_FACE('',(#1707),#47,.F.);
#1903=ADVANCED_FACE('',(#1708),#1813,.F.);
#1904=ADVANCED_FACE('',(#1709),#1814,.F.);
#1905=ADVANCED_FACE('',(#1710),#1815,.F.);
#1906=ADVANCED_FACE('',(#1711),#1816,.T.);
#1907=ADVANCED_FACE('',(#1712),#1817,.F.);
#1908=ADVANCED_FACE('',(#1713),#1818,.F.);
#1909=ADVANCED_FACE('',(#1714),#1819,.T.);
#1910=ADVANCED_FACE('',(#1715),#1820,.T.);
#1911=ADVANCED_FACE('',(#1716),#48,.T.);
#1912=ADVANCED_FACE('',(#1717),#1821,.T.);
#1913=ADVANCED_FACE('',(#1718,#1719,#1720),#1822,.F.);
#1914=ADVANCED_FACE('',(#1721),#1823,.T.);
#1915=ADVANCED_FACE('',(#1722),#1824,.T.);
#1916=ADVANCED_FACE('',(#1723),#1825,.T.);
#1917=ADVANCED_FACE('',(#1724),#1826,.F.);
#1918=ADVANCED_FACE('',(#1725),#49,.F.);
#1919=ADVANCED_FACE('',(#1726),#1827,.F.);
#1920=ADVANCED_FACE('',(#1727),#1828,.F.);
#1921=ADVANCED_FACE('',(#1728),#1829,.F.);
#1922=ADVANCED_FACE('',(#1729),#1830,.F.);
#1923=ADVANCED_FACE('',(#1730),#1831,.T.);
#1924=ADVANCED_FACE('',(#1731),#1832,.T.);
#1925=ADVANCED_FACE('',(#1732),#1833,.T.);
#1926=ADVANCED_FACE('',(#1733),#50,.T.);
#1927=ADVANCED_FACE('',(#1734),#51,.T.);
#1928=ADVANCED_FACE('',(#1735),#1834,.F.);
#1929=ADVANCED_FACE('',(#1736),#1835,.T.);
#1930=ADVANCED_FACE('',(#1737),#1836,.F.);
#1931=ADVANCED_FACE('',(#1738),#1837,.F.);
#1932=ADVANCED_FACE('',(#1739),#1838,.F.);
#1933=ADVANCED_FACE('',(#1740),#1839,.F.);
#1934=ADVANCED_FACE('',(#1741),#1840,.T.);
#1935=ADVANCED_FACE('',(#1742),#52,.T.);
#1936=ADVANCED_FACE('',(#1743),#1841,.F.);
#1937=ADVANCED_FACE('',(#1744),#1842,.F.);
#1938=ADVANCED_FACE('',(#1745),#53,.F.);
#1939=ADVANCED_FACE('',(#1746),#1843,.F.);
#1940=ADVANCED_FACE('',(#1747),#1844,.F.);
#1941=ADVANCED_FACE('',(#1748),#1845,.F.);
#1942=ADVANCED_FACE('',(#1749),#1846,.F.);
#1943=ADVANCED_FACE('',(#1750),#1847,.T.);
#1944=ADVANCED_FACE('',(#1751),#1848,.T.);
#1945=ADVANCED_FACE('',(#1752),#1849,.T.);
#1946=ADVANCED_FACE('',(#1753),#54,.T.);
#1947=ADVANCED_FACE('',(#1754),#1850,.F.);
#1948=ADVANCED_FACE('',(#1755),#1851,.F.);
#1949=ADVANCED_FACE('',(#1756),#1852,.T.);
#1950=ADVANCED_FACE('',(#1757),#55,.F.);
#1951=ADVANCED_FACE('',(#1758),#1853,.F.);
#1952=ADVANCED_FACE('',(#1759),#1854,.F.);
#1953=ADVANCED_FACE('',(#1760),#1855,.F.);
#1954=ADVANCED_FACE('',(#1761),#56,.F.);
#1955=ADVANCED_FACE('',(#1762),#1856,.F.);
#1956=ADVANCED_FACE('',(#1763),#1857,.F.);
#1957=ADVANCED_FACE('',(#1764),#1858,.F.);
#1958=ADVANCED_FACE('',(#1765),#1859,.F.);
#1959=ADVANCED_FACE('',(#1766),#1860,.F.);
#1960=ADVANCED_FACE('',(#1767),#1861,.F.);
#1961=ADVANCED_FACE('',(#1768),#1862,.F.);
#1962=ADVANCED_FACE('',(#1769),#1863,.F.);
#1963=ADVANCED_FACE('',(#1770),#1864,.T.);
#1964=ADVANCED_FACE('',(#1771),#12,.F.);
#1965=ADVANCED_FACE('',(#1772),#1865,.F.);
#1966=ADVANCED_FACE('',(#1773),#1866,.T.);
#1967=ADVANCED_FACE('',(#1774),#1867,.F.);
#1968=ADVANCED_FACE('',(#1775),#13,.F.);
#1969=ADVANCED_FACE('',(#1776),#1868,.F.);
#1970=ADVANCED_FACE('',(#1777),#1869,.F.);
#1971=ADVANCED_FACE('',(#1778),#1870,.T.);
#1972=ADVANCED_FACE('',(#1779),#1871,.T.);
#1973=ADVANCED_FACE('',(#1780),#1872,.F.);
#1974=ADVANCED_FACE('',(#1781),#14,.F.);
#1975=ADVANCED_FACE('',(#1782),#1873,.F.);
#1976=ADVANCED_FACE('',(#1783),#1874,.F.);
#1977=ADVANCED_FACE('',(#1784),#15,.F.);
#1978=ADVANCED_FACE('',(#1785),#1875,.T.);
#1979=ADVANCED_FACE('',(#1786),#1876,.F.);
#1980=ADVANCED_FACE('',(#1787,#1788),#1877,.F.);
#1981=ADVANCED_FACE('',(#1789),#1878,.F.);
#1982=ADVANCED_FACE('',(#1790),#1879,.F.);
#1983=ADVANCED_FACE('',(#1791),#1880,.F.);
#1984=ADVANCED_FACE('',(#1792),#1881,.T.);
#1985=ADVANCED_FACE('',(#1793),#1882,.T.);
#1986=ADVANCED_FACE('',(#1794),#1883,.T.);
#1987=ADVANCED_FACE('',(#1795),#1884,.T.);
#1988=ADVANCED_FACE('',(#1796),#1885,.T.);
#1989=ADVANCED_FACE('',(#1797),#1886,.F.);
#1990=ADVANCED_FACE('',(#1798),#1887,.T.);
#1991=ADVANCED_FACE('',(#1799),#1888,.T.);
#1992=ADVANCED_FACE('',(#1800),#1889,.F.);
#1993=ADVANCED_FACE('',(#1801),#1890,.T.);
#1994=ADVANCED_FACE('',(#1802),#1891,.F.);
#1995=ADVANCED_FACE('',(#1803),#1892,.F.);
#1996=ADVANCED_FACE('',(#1804),#1893,.T.);
#1997=ADVANCED_FACE('',(#1805),#1894,.T.);
#1998=ADVANCED_FACE('',(#1806,#1807),#16,.F.);
#1999=CLOSED_SHELL('',(#1895,#1896,#1897,#1898,#1899,#1900,#1901,#1902,
#1903,#1904,#1905,#1906,#1907,#1908,#1909,#1910,#1911,#1912,#1913,#1914,
#1915,#1916,#1917,#1918,#1919,#1920,#1921,#1922,#1923,#1924,#1925,#1926,
#1927,#1928,#1929,#1930,#1931,#1932,#1933,#1934,#1935,#1936,#1937,#1938,
#1939,#1940,#1941,#1942,#1943,#1944,#1945,#1946,#1947,#1948,#1949,#1950,
#1951,#1952,#1953,#1954,#1955,#1956,#1957,#1958,#1959,#1960,#1961,#1962,
#1963,#1964,#1965,#1966,#1967,#1968,#1969,#1970,#1971,#1972,#1973,#1974,
#1975,#1976,#1977,#1978,#1979,#1980,#1981,#1982,#1983,#1984,#1985,#1986,
#1987,#1988,#1989,#1990,#1991,#1992,#1993,#1994,#1995,#1996,#1997,#1998));
#2000=STYLED_ITEM('',(#2001),#2008);
#2001=PRESENTATION_STYLE_ASSIGNMENT((#2002));
#2002=SURFACE_STYLE_USAGE(.BOTH.,#2003);
#2003=SURFACE_SIDE_STYLE('',(#2004));
#2004=SURFACE_STYLE_FILL_AREA(#2005);
#2005=FILL_AREA_STYLE('',(#2006));
#2006=FILL_AREA_STYLE_COLOUR('',#2007);
#2007=COLOUR_RGB('',0.647058823529412,0.647058823529412,0.647058823529412);
#2008=MANIFOLD_SOLID_BREP('Plastic Window',#1999);
#2009=SHAPE_DEFINITION_REPRESENTATION(#3671,#2010);
#2010=SHAPE_REPRESENTATION('Plastic Window',(#2011),#3666);
#2011=AXIS2_PLACEMENT_3D('',#2565,#2114,#2115);
#2012=AXIS2_PLACEMENT_3D('',#2566,#2116,#2117);
#2013=AXIS2_PLACEMENT_3D('',#2567,#2118,#2119);
#2014=AXIS2_PLACEMENT_3D('',#2585,#2128,#2129);
#2015=AXIS2_PLACEMENT_3D('',#2591,#2133,#2134);
#2016=AXIS2_PLACEMENT_3D('',#2600,#2139,#2140);
#2017=AXIS2_PLACEMENT_3D('',#2609,#2145,#2146);
#2018=AXIS2_PLACEMENT_3D('',#2753,#2156,#2157);
#2019=AXIS2_PLACEMENT_3D('',#2762,#2162,#2163);
#2020=AXIS2_PLACEMENT_3D('',#2765,#2166,#2167);
#2021=AXIS2_PLACEMENT_3D('',#2777,#2174,#2175);
#2022=AXIS2_PLACEMENT_3D('',#2791,#2183,#2184);
#2023=AXIS2_PLACEMENT_3D('',#2805,#2192,#2193);
#2024=AXIS2_PLACEMENT_3D('',#2814,#2199,#2200);
#2025=AXIS2_PLACEMENT_3D('',#2820,#2204,#2205);
#2026=AXIS2_PLACEMENT_3D('',#2872,#2211,#2212);
#2027=AXIS2_PLACEMENT_3D('',#2881,#2217,#2218);
#2028=AXIS2_PLACEMENT_3D('',#2944,#2233,#2234);
#2029=AXIS2_PLACEMENT_3D('',#2949,#2237,#2238);
#2030=AXIS2_PLACEMENT_3D('',#3017,#2255,#2256);
#2031=AXIS2_PLACEMENT_3D('',#3023,#2259,#2260);
#2032=AXIS2_PLACEMENT_3D('',#3028,#2263,#2264);
#2033=AXIS2_PLACEMENT_3D('',#3032,#2267,#2268);
#2034=AXIS2_PLACEMENT_3D('',#3036,#2271,#2272);
#2035=AXIS2_PLACEMENT_3D('',#3038,#2274,#2275);
#2036=AXIS2_PLACEMENT_3D('',#3109,#2278,#2279);
#2037=AXIS2_PLACEMENT_3D('',#3113,#2282,#2283);
#2038=AXIS2_PLACEMENT_3D('',#3119,#2287,#2288);
#2039=AXIS2_PLACEMENT_3D('',#3123,#2291,#2292);
#2040=AXIS2_PLACEMENT_3D('',#3127,#2295,#2296);
#2041=AXIS2_PLACEMENT_3D('',#3131,#2299,#2300);
#2042=AXIS2_PLACEMENT_3D('',#3135,#2303,#2304);
#2043=AXIS2_PLACEMENT_3D('',#3216,#2310,#2311);
#2044=AXIS2_PLACEMENT_3D('',#3218,#2313,#2314);
#2045=AXIS2_PLACEMENT_3D('',#3220,#2316,#2317);
#2046=AXIS2_PLACEMENT_3D('',#3225,#2321,#2322);
#2047=AXIS2_PLACEMENT_3D('',#3229,#2325,#2326);
#2048=AXIS2_PLACEMENT_3D('',#3232,#2329,#2330);
#2049=AXIS2_PLACEMENT_3D('',#3233,#2331,#2332);
#2050=AXIS2_PLACEMENT_3D('',#3261,#2337,#2338);
#2051=AXIS2_PLACEMENT_3D('',#3264,#2341,#2342);
#2052=AXIS2_PLACEMENT_3D('',#3308,#2345,#2346);
#2053=AXIS2_PLACEMENT_3D('',#3312,#2349,#2350);
#2054=AXIS2_PLACEMENT_3D('',#3318,#2354,#2355);
#2055=AXIS2_PLACEMENT_3D('',#3322,#2358,#2359);
#2056=AXIS2_PLACEMENT_3D('',#3326,#2362,#2363);
#2057=AXIS2_PLACEMENT_3D('',#3330,#2366,#2367);
#2058=AXIS2_PLACEMENT_3D('',#3334,#2370,#2371);
#2059=AXIS2_PLACEMENT_3D('',#3408,#2376,#2377);
#2060=AXIS2_PLACEMENT_3D('',#3413,#2381,#2382);
#2061=AXIS2_PLACEMENT_3D('',#3415,#2384,#2385);
#2062=AXIS2_PLACEMENT_3D('',#3451,#2388,#2389);
#2063=AXIS2_PLACEMENT_3D('',#3456,#2393,#2394);
#2064=AXIS2_PLACEMENT_3D('',#3458,#2396,#2397);
#2065=AXIS2_PLACEMENT_3D('',#3483,#2400,#2401);
#2066=AXIS2_PLACEMENT_3D('',#3487,#2404,#2405);
#2067=AXIS2_PLACEMENT_3D('',#3490,#2408,#2409);
#2068=AXIS2_PLACEMENT_3D('',#3491,#2410,#2411);
#2069=AXIS2_PLACEMENT_3D('',#3497,#2415,#2416);
#2070=AXIS2_PLACEMENT_3D('',#3499,#2418,#2419);
#2071=AXIS2_PLACEMENT_3D('',#3501,#2421,#2422);
#2072=AXIS2_PLACEMENT_3D('',#3502,#2423,#2424);
#2073=AXIS2_PLACEMENT_3D('',#3508,#2427,#2428);
#2074=AXIS2_PLACEMENT_3D('',#3511,#2430,#2431);
#2075=AXIS2_PLACEMENT_3D('',#3514,#2434,#2435);
#2076=AXIS2_PLACEMENT_3D('',#3516,#2437,#2438);
#2077=AXIS2_PLACEMENT_3D('',#3518,#2440,#2441);
#2078=AXIS2_PLACEMENT_3D('',#3519,#2442,#2443);
#2079=AXIS2_PLACEMENT_3D('',#3523,#2445,#2446);
#2080=AXIS2_PLACEMENT_3D('',#3528,#2449,#2450);
#2081=AXIS2_PLACEMENT_3D('',#3531,#2453,#2454);
#2082=AXIS2_PLACEMENT_3D('',#3533,#2456,#2457);
#2083=AXIS2_PLACEMENT_3D('',#3535,#2459,#2460);
#2084=AXIS2_PLACEMENT_3D('',#3536,#2461,#2462);
#2085=AXIS2_PLACEMENT_3D('',#3540,#2465,#2466);
#2086=AXIS2_PLACEMENT_3D('',#3544,#2469,#2470);
#2087=AXIS2_PLACEMENT_3D('',#3545,#2471,#2472);
#2088=AXIS2_PLACEMENT_3D('',#3546,#2473,#2474);
#2089=AXIS2_PLACEMENT_3D('',#3547,#2475,#2476);
#2090=AXIS2_PLACEMENT_3D('',#3551,#2479,#2480);
#2091=AXIS2_PLACEMENT_3D('',#3554,#2482,#2483);
#2092=AXIS2_PLACEMENT_3D('',#3555,#2484,#2485);
#2093=AXIS2_PLACEMENT_3D('',#3557,#2487,#2488);
#2094=AXIS2_PLACEMENT_3D('',#3558,#2489,#2490);
#2095=AXIS2_PLACEMENT_3D('',#3559,#2491,#2492);
#2096=AXIS2_PLACEMENT_3D('',#3566,#2496,#2497);
#2097=AXIS2_PLACEMENT_3D('',#3572,#2501,#2502);
#2098=AXIS2_PLACEMENT_3D('',#3577,#2506,#2507);
#2099=AXIS2_PLACEMENT_3D('',#3581,#2510,#2511);
#2100=AXIS2_PLACEMENT_3D('',#3584,#2514,#2515);
#2101=AXIS2_PLACEMENT_3D('',#3588,#2518,#2519);
#2102=AXIS2_PLACEMENT_3D('',#3592,#2522,#2523);
#2103=AXIS2_PLACEMENT_3D('',#3602,#2529,#2530);
#2104=AXIS2_PLACEMENT_3D('',#3620,#2532,#2533);
#2105=AXIS2_PLACEMENT_3D('',#3635,#2534,#2535);
#2106=AXIS2_PLACEMENT_3D('',#3636,#2536,#2537);
#2107=AXIS2_PLACEMENT_3D('',#3637,#2538,#2539);
#2108=AXIS2_PLACEMENT_3D('',#3647,#2545,#2546);
#2109=AXIS2_PLACEMENT_3D('',#3653,#2550,#2551);
#2110=AXIS2_PLACEMENT_3D('',#3657,#2554,#2555);
#2111=AXIS2_PLACEMENT_3D('',#3661,#2558,#2559);
#2112=AXIS2_PLACEMENT_3D('',#3663,#2561,#2562);
#2113=AXIS2_PLACEMENT_3D('',#3664,#2563,#2564);
#2114=DIRECTION('',(0.,0.,1.));
#2115=DIRECTION('',(1.,0.,0.));
#2116=DIRECTION('',(0.,0.,1.));
#2117=DIRECTION('',(1.,0.,0.));
#2118=DIRECTION('',(0.,0.,1.));
#2119=DIRECTION('',(1.,0.,0.));
#2120=DIRECTION('',(-3.62995921080646E-16,-1.,0.));
#2121=DIRECTION('',(1.,-3.52088487948991E-16,0.));
#2122=DIRECTION('',(-3.62995921080646E-16,-1.,0.));
#2123=DIRECTION('',(1.,2.64066365961744E-16,0.));
#2124=DIRECTION('',(0.,1.,0.));
#2125=DIRECTION('',(1.,0.,0.));
#2126=DIRECTION('',(0.,-1.,0.));
#2127=DIRECTION('',(1.,2.64066365961744E-16,0.));
#2128=DIRECTION('',(1.,0.,0.));
#2129=DIRECTION('',(0.,0.,-1.));
#2130=DIRECTION('',(0.,0.,-1.));
#2131=DIRECTION('',(0.,-1.,0.));
#2132=DIRECTION('',(0.,0.,-1.));
#2133=DIRECTION('',(0.,0.,1.));
#2134=DIRECTION('',(1.,0.,0.));
#2135=DIRECTION('',(-1.,-1.43607668869854E-16,0.));
#2136=DIRECTION('',(-3.62995921080646E-16,-1.,0.));
#2137=DIRECTION('',(1.,6.6181135185738E-16,0.));
#2138=DIRECTION('',(0.,1.,0.));
#2139=DIRECTION('',(-1.,-4.21188550542661E-16,0.));
#2140=DIRECTION('',(4.21188550542661E-16,-1.,0.));
#2141=DIRECTION('',(-4.21188550542661E-16,1.,0.));
#2142=DIRECTION('',(0.,0.,-1.));
#2143=DIRECTION('',(-4.21188550542661E-16,1.,0.));
#2144=DIRECTION('',(0.,0.,-1.));
#2145=DIRECTION('',(-1.,-1.04497432729341E-15,0.));
#2146=DIRECTION('',(1.04497432729341E-15,-1.,0.));
#2147=DIRECTION('',(0.,0.,-1.));
#2148=DIRECTION('',(-1.04497432729341E-15,1.,0.));
#2149=DIRECTION('',(0.,0.,-1.));
#2150=DIRECTION('',(-1.04497432729341E-15,1.,0.));
#2151=DIRECTION('',(0.,0.,-1.));
#2152=DIRECTION('',(0.,0.,-1.));
#2153=DIRECTION('',(0.,0.,-1.));
#2154=DIRECTION('',(0.,0.,-1.));
#2155=DIRECTION('',(0.,0.,-1.));
#2156=DIRECTION('',(1.,0.,0.));
#2157=DIRECTION('',(0.,0.,-1.));
#2158=DIRECTION('',(0.,-1.,0.));
#2159=DIRECTION('',(0.,0.,-1.));
#2160=DIRECTION('',(0.,-1.,0.));
#2161=DIRECTION('',(0.,0.,-1.));
#2162=DIRECTION('',(0.,1.,0.));
#2163=DIRECTION('',(0.,0.,1.));
#2164=DIRECTION('',(1.,0.,0.));
#2165=DIRECTION('',(1.,0.,0.));
#2166=DIRECTION('',(-6.4559722807721E-16,1.,0.));
#2167=DIRECTION('',(-1.,-6.4559722807721E-16,0.));
#2168=DIRECTION('',(1.,6.4559722807721E-16,0.));
#2169=DIRECTION('',(0.,0.,-1.));
#2170=DIRECTION('',(1.,6.4559722807721E-16,0.));
#2171=DIRECTION('',(0.,0.,-1.));
#2172=DIRECTION('',(1.,7.15673217776027E-16,0.));
#2173=DIRECTION('',(0.,0.,-1.));
#2174=DIRECTION('',(-0.707106781186548,-0.707106781186548,0.));
#2175=DIRECTION('',(0.707106781186548,-0.707106781186548,0.));
#2176=DIRECTION('',(-0.707106781186548,0.707106781186548,0.));
#2177=DIRECTION('',(0.,0.,-1.));
#2178=DIRECTION('',(-0.707106781186548,0.707106781186548,0.));
#2179=DIRECTION('',(0.707106781186548,-0.707106781186548,0.));
#2180=DIRECTION('',(0.,0.,-1.));
#2181=DIRECTION('',(0.707106781186548,-0.707106781186548,0.));
#2182=DIRECTION('',(0.,0.,-1.));
#2183=DIRECTION('',(-0.707106781186548,0.707106781186548,0.));
#2184=DIRECTION('',(-0.707106781186548,-0.707106781186548,0.));
#2185=DIRECTION('',(0.707106781186548,0.707106781186548,0.));
#2186=DIRECTION('',(0.,0.,-1.));
#2187=DIRECTION('',(-0.707106781186548,-0.707106781186548,0.));
#2188=DIRECTION('',(0.,0.,-1.));
#2189=DIRECTION('',(-0.707106781186547,-0.707106781186548,0.));
#2190=DIRECTION('',(0.,0.,-1.));
#2191=DIRECTION('',(0.707106781186548,0.707106781186548,0.));
#2192=DIRECTION('',(-6.4559722807721E-16,1.,0.));
#2193=DIRECTION('',(-1.,-6.4559722807721E-16,0.));
#2194=DIRECTION('',(1.,6.4559722807721E-16,0.));
#2195=DIRECTION('',(0.,0.,-1.));
#2196=DIRECTION('',(1.,5.96394348146689E-16,0.));
#2197=DIRECTION('',(0.,0.,-1.));
#2198=DIRECTION('',(1.,6.4559722807721E-16,0.));
#2199=DIRECTION('',(0.,-1.,0.));
#2200=DIRECTION('',(0.,0.,-1.));
#2201=DIRECTION('',(-1.,0.,0.));
#2202=DIRECTION('',(0.,0.,-1.));
#2203=DIRECTION('',(-1.,0.,0.));
#2204=DIRECTION('',(1.,0.,0.));
#2205=DIRECTION('',(0.,0.,-1.));
#2206=DIRECTION('',(0.,0.,-1.));
#2207=DIRECTION('',(0.,-1.,0.));
#2208=DIRECTION('',(0.,-1.,0.));
#2209=DIRECTION('',(0.,0.,-1.));
#2210=DIRECTION('',(0.,0.,-1.));
#2211=DIRECTION('',(0.,0.,1.));
#2212=DIRECTION('',(1.,0.,0.));
#2213=DIRECTION('',(-3.62995921080646E-16,-1.,0.));
#2214=DIRECTION('',(-1.,-1.43607668869854E-16,0.));
#2215=DIRECTION('',(1.00929365875014E-15,-1.,0.));
#2216=DIRECTION('',(1.,6.77953092146583E-16,0.));
#2217=DIRECTION('',(0.,0.,1.));
#2218=DIRECTION('',(1.,0.,0.));
#2219=DIRECTION('',(1.,0.,0.));
#2220=DIRECTION('',(0.,-1.,0.));
#2221=DIRECTION('',(-1.,0.,0.));
#2222=DIRECTION('',(0.,-1.,0.));
#2223=DIRECTION('',(-0.707106781186548,0.707106781186548,0.));
#2224=DIRECTION('',(-1.,-3.43855548362456E-16,0.));
#2225=DIRECTION('',(6.00385167187698E-16,-1.,0.));
#2226=DIRECTION('',(-1.,0.,0.));
#2227=DIRECTION('',(0.,1.,0.));
#2228=DIRECTION('',(0.,-1.,0.));
#2229=DIRECTION('',(-4.21188550542661E-16,1.,0.));
#2230=DIRECTION('',(-1.,-3.43855548362456E-16,0.));
#2231=DIRECTION('',(-0.707106781186547,-0.707106781186548,0.));
#2232=DIRECTION('',(-1.,0.,0.));
#2233=DIRECTION('',(0.,0.,-1.));
#2234=DIRECTION('',(1.,0.,0.));
#2235=DIRECTION('',(-4.85105216553007E-16,1.,0.));
#2236=DIRECTION('',(-4.85105216553004E-16,1.,0.));
#2237=DIRECTION('',(0.,0.,-1.));
#2238=DIRECTION('',(1.,0.,0.));
#2239=DIRECTION('',(1.,0.,0.));
#2240=DIRECTION('',(0.707106781186548,-0.707106781186548,0.));
#2241=DIRECTION('',(1.,3.43855548362456E-16,0.));
#2242=DIRECTION('',(-1.04497432729341E-15,1.,0.));
#2243=DIRECTION('',(0.,-1.,0.));
#2244=DIRECTION('',(0.,1.,0.));
#2245=DIRECTION('',(1.,0.,0.));
#2246=DIRECTION('',(6.00385167187698E-16,-1.,0.));
#2247=DIRECTION('',(1.,3.43855548362456E-16,0.));
#2248=DIRECTION('',(-0.707106781186548,-0.707106781186547,0.));
#2249=DIRECTION('',(0.,-1.,0.));
#2250=DIRECTION('',(1.,0.,0.));
#2251=DIRECTION('',(0.,-1.,0.));
#2252=DIRECTION('',(-1.,0.,0.));
#2253=DIRECTION('',(0.707106781186547,0.707106781186548,0.));
#2254=DIRECTION('',(1.,0.,0.));
#2255=DIRECTION('',(0.,0.,1.));
#2256=DIRECTION('',(1.,0.,0.));
#2257=DIRECTION('',(-3.40232037026169E-16,-1.,0.));
#2258=DIRECTION('',(-3.40232037026169E-16,-1.,0.));
#2259=DIRECTION('',(0.,0.,1.));
#2260=DIRECTION('',(1.,0.,0.));
#2261=DIRECTION('',(-1.,0.,0.));
#2262=DIRECTION('',(0.707106781186548,-0.707106781186547,0.));
#2263=DIRECTION('',(0.707106781186548,0.707106781186548,0.));
#2264=DIRECTION('',(-0.707106781186548,0.707106781186548,0.));
#2265=DIRECTION('',(0.707106781186548,-0.707106781186548,0.));
#2266=DIRECTION('',(0.,0.,-1.));
#2267=DIRECTION('',(-3.43855548362456E-16,1.,0.));
#2268=DIRECTION('',(-1.,-3.43855548362456E-16,0.));
#2269=DIRECTION('',(1.,3.43855548362456E-16,0.));
#2270=DIRECTION('',(0.,0.,-1.));
#2271=DIRECTION('',(-1.,-4.2118855054266E-16,0.));
#2272=DIRECTION('',(4.2118855054266E-16,-1.,0.));
#2273=DIRECTION('',(-4.21188550542659E-16,1.,0.));
#2274=DIRECTION('',(0.,0.,1.));
#2275=DIRECTION('',(1.,0.,0.));
#2276=DIRECTION('',(0.,0.,-1.));
#2277=DIRECTION('',(0.,0.,-1.));
#2278=DIRECTION('',(-1.,0.,0.));
#2279=DIRECTION('',(0.,0.,1.));
#2280=DIRECTION('',(0.,0.,-1.));
#2281=DIRECTION('',(0.,1.,0.));
#2282=DIRECTION('',(1.,6.00385167187698E-16,0.));
#2283=DIRECTION('',(-6.00385167187698E-16,1.,0.));
#2284=DIRECTION('',(0.,0.,-1.));
#2285=DIRECTION('',(0.,0.,-1.));
#2286=DIRECTION('',(6.00385167187698E-16,-1.,0.));
#2287=DIRECTION('',(-3.43855548362456E-16,1.,0.));
#2288=DIRECTION('',(-1.,-3.43855548362456E-16,0.));
#2289=DIRECTION('',(0.,0.,-1.));
#2290=DIRECTION('',(1.,3.43855548362456E-16,0.));
#2291=DIRECTION('',(-0.707106781186548,0.707106781186547,0.));
#2292=DIRECTION('',(-0.707106781186547,-0.707106781186548,0.));
#2293=DIRECTION('',(0.,0.,-1.));
#2294=DIRECTION('',(0.707106781186547,0.707106781186548,0.));
#2295=DIRECTION('',(1.,0.,0.));
#2296=DIRECTION('',(0.,0.,-1.));
#2297=DIRECTION('',(0.,-1.,0.));
#2298=DIRECTION('',(0.,0.,-1.));
#2299=DIRECTION('',(0.,1.,0.));
#2300=DIRECTION('',(0.,0.,1.));
#2301=DIRECTION('',(1.,0.,0.));
#2302=DIRECTION('',(0.,0.,-1.));
#2303=DIRECTION('',(0.,-1.,0.));
#2304=DIRECTION('',(0.,0.,-1.));
#2305=DIRECTION('',(0.,0.,-1.));
#2306=DIRECTION('',(-1.,0.,0.));
#2307=DIRECTION('',(0.,0.,-1.));
#2308=DIRECTION('',(0.,0.,-1.));
#2309=DIRECTION('',(0.,0.,-1.));
#2310=DIRECTION('',(0.,1.,0.));
#2311=DIRECTION('',(0.,0.,1.));
#2312=DIRECTION('',(1.,0.,0.));
#2313=DIRECTION('',(1.,0.,0.));
#2314=DIRECTION('',(0.,0.,-1.));
#2315=DIRECTION('',(0.,-1.,0.));
#2316=DIRECTION('',(1.43607668869854E-16,-1.,0.));
#2317=DIRECTION('',(1.,1.43607668869854E-16,0.));
#2318=DIRECTION('',(-1.,-1.43607668869854E-16,0.));
#2319=DIRECTION('',(0.,0.,-1.));
#2320=DIRECTION('',(-1.,-1.43607668869854E-16,0.));
#2321=DIRECTION('',(1.,1.00929365875014E-15,0.));
#2322=DIRECTION('',(-1.00929365875014E-15,1.,0.));
#2323=DIRECTION('',(1.00929365875014E-15,-1.,0.));
#2324=DIRECTION('',(0.,0.,-1.));
#2325=DIRECTION('',(-6.77953092146583E-16,1.,0.));
#2326=DIRECTION('',(-1.,-6.77953092146583E-16,0.));
#2327=DIRECTION('',(1.,6.77953092146583E-16,0.));
#2328=DIRECTION('',(1.,6.77953092146583E-16,0.));
#2329=DIRECTION('',(0.,0.,1.));
#2330=DIRECTION('',(1.,0.,0.));
#2331=DIRECTION('',(1.,0.,0.));
#2332=DIRECTION('',(0.,0.,-1.));
#2333=DIRECTION('',(0.,0.,-1.));
#2334=DIRECTION('',(0.,-1.,0.));
#2335=DIRECTION('',(0.,0.,-1.));
#2336=DIRECTION('',(0.,0.,-1.));
#2337=DIRECTION('',(-8.1059812060219E-16,1.,0.));
#2338=DIRECTION('',(-1.,-8.1059812060219E-16,0.));
#2339=DIRECTION('',(1.,8.1059812060219E-16,0.));
#2340=DIRECTION('',(1.,8.1059812060219E-16,0.));
#2341=DIRECTION('',(0.,0.,1.));
#2342=DIRECTION('',(1.,0.,0.));
#2343=DIRECTION('',(0.,0.,-1.));
#2344=DIRECTION('',(0.,0.,-1.));
#2345=DIRECTION('',(0.,1.,0.));
#2346=DIRECTION('',(0.,0.,1.));
#2347=DIRECTION('',(0.,0.,-1.));
#2348=DIRECTION('',(1.,0.,0.));
#2349=DIRECTION('',(0.,-1.,0.));
#2350=DIRECTION('',(0.,0.,-1.));
#2351=DIRECTION('',(0.,0.,-1.));
#2352=DIRECTION('',(0.,0.,-1.));
#2353=DIRECTION('',(-1.,0.,0.));
#2354=DIRECTION('',(1.,0.,0.));
#2355=DIRECTION('',(0.,0.,-1.));
#2356=DIRECTION('',(0.,0.,-1.));
#2357=DIRECTION('',(0.,-1.,0.));
#2358=DIRECTION('',(0.707106781186547,0.707106781186548,0.));
#2359=DIRECTION('',(-0.707106781186548,0.707106781186547,0.));
#2360=DIRECTION('',(0.,0.,-1.));
#2361=DIRECTION('',(0.707106781186548,-0.707106781186547,0.));
#2362=DIRECTION('',(3.43855548362456E-16,-1.,0.));
#2363=DIRECTION('',(1.,3.43855548362456E-16,0.));
#2364=DIRECTION('',(-1.,-3.43855548362456E-16,0.));
#2365=DIRECTION('',(0.,0.,-1.));
#2366=DIRECTION('',(1.,6.00385167187698E-16,0.));
#2367=DIRECTION('',(-6.00385167187698E-16,1.,0.));
#2368=DIRECTION('',(6.00385167187698E-16,-1.,0.));
#2369=DIRECTION('',(0.,0.,-1.));
#2370=DIRECTION('',(-1.,0.,0.));
#2371=DIRECTION('',(0.,0.,1.));
#2372=DIRECTION('',(0.,0.,-1.));
#2373=DIRECTION('',(0.,1.,0.));
#2374=DIRECTION('',(0.,0.,-1.));
#2375=DIRECTION('',(0.,0.,-1.));
#2376=DIRECTION('',(1.43607668869854E-16,-1.,0.));
#2377=DIRECTION('',(1.,1.43607668869854E-16,0.));
#2378=DIRECTION('',(-1.,-1.43607668869854E-16,0.));
#2379=DIRECTION('',(-1.,-1.43607668869854E-16,0.));
#2380=DIRECTION('',(0.,0.,-1.));
#2381=DIRECTION('',(1.,0.,0.));
#2382=DIRECTION('',(0.,0.,-1.));
#2383=DIRECTION('',(0.,-1.,0.));
#2384=DIRECTION('',(0.,-1.,0.));
#2385=DIRECTION('',(0.,0.,-1.));
#2386=DIRECTION('',(-1.,0.,0.));
#2387=DIRECTION('',(0.,0.,-1.));
#2388=DIRECTION('',(-6.6181135185738E-16,1.,0.));
#2389=DIRECTION('',(-1.,-6.6181135185738E-16,0.));
#2390=DIRECTION('',(1.,6.6181135185738E-16,0.));
#2391=DIRECTION('',(0.,0.,-1.));
#2392=DIRECTION('',(1.,6.6181135185738E-16,0.));
#2393=DIRECTION('',(-1.,0.,0.));
#2394=DIRECTION('',(0.,0.,1.));
#2395=DIRECTION('',(0.,1.,0.));
#2396=DIRECTION('',(0.,0.,1.));
#2397=DIRECTION('',(1.,0.,0.));
#2398=DIRECTION('',(0.,0.,-1.));
#2399=DIRECTION('',(0.,0.,-1.));
#2400=DIRECTION('',(1.,0.,0.));
#2401=DIRECTION('',(0.,0.,-1.));
#2402=DIRECTION('',(0.,0.,-1.));
#2403=DIRECTION('',(0.,-1.,0.));
#2404=DIRECTION('',(-8.10598120602192E-16,1.,0.));
#2405=DIRECTION('',(-1.,-8.10598120602192E-16,0.));
#2406=DIRECTION('',(1.,8.10598120602192E-16,0.));
#2407=DIRECTION('',(1.,8.10598120602192E-16,0.));
#2408=DIRECTION('',(0.,0.,1.));
#2409=DIRECTION('',(1.,0.,0.));
#2410=DIRECTION('',(3.43855548362456E-16,-1.,0.));
#2411=DIRECTION('',(1.,3.43855548362456E-16,0.));
#2412=DIRECTION('',(0.,0.,-1.));
#2413=DIRECTION('',(0.,0.,-1.));
#2414=DIRECTION('',(-1.,-3.43855548362456E-16,0.));
#2415=DIRECTION('',(0.707106781186548,-0.707106781186547,0.));
#2416=DIRECTION('',(0.707106781186547,0.707106781186548,0.));
#2417=DIRECTION('',(-0.707106781186547,-0.707106781186548,0.));
#2418=DIRECTION('',(-1.,-4.21188550542661E-16,0.));
#2419=DIRECTION('',(4.21188550542661E-16,-1.,0.));
#2420=DIRECTION('',(-4.21188550542661E-16,1.,0.));
#2421=DIRECTION('',(0.,0.,1.));
#2422=DIRECTION('',(1.,0.,0.));
#2423=DIRECTION('',(0.,0.,1.));
#2424=DIRECTION('',(1.,0.,0.));
#2425=DIRECTION('',(0.707106781186548,-0.707106781186547,0.));
#2426=DIRECTION('',(-1.,0.,0.));
#2427=DIRECTION('',(0.,0.,1.));
#2428=DIRECTION('',(1.,0.,0.));
#2429=DIRECTION('',(-3.40232037026169E-16,-1.,0.));
#2430=DIRECTION('',(0.,-1.,0.));
#2431=DIRECTION('',(0.,0.,-1.));
#2432=DIRECTION('',(0.,0.,-1.));
#2433=DIRECTION('',(0.,0.,-1.));
#2434=DIRECTION('',(0.,0.,-1.));
#2435=DIRECTION('',(-1.,0.,0.));
#2436=DIRECTION('',(0.,0.,-1.));
#2437=DIRECTION('',(1.,-3.40232037026169E-16,0.));
#2438=DIRECTION('',(3.40232037026169E-16,1.,0.));
#2439=DIRECTION('',(0.,0.,-1.));
#2440=DIRECTION('',(0.707106781186547,0.707106781186548,0.));
#2441=DIRECTION('',(-0.707106781186548,0.707106781186547,0.));
#2442=DIRECTION('',(0.,0.,1.));
#2443=DIRECTION('',(1.,0.,0.));
#2444=DIRECTION('',(-3.40232037026169E-16,-1.,0.));
#2445=DIRECTION('',(0.,0.,1.));
#2446=DIRECTION('',(1.,0.,0.));
#2447=DIRECTION('',(1.,0.,0.));
#2448=DIRECTION('',(-0.707106781186548,-0.707106781186547,0.));
#2449=DIRECTION('',(0.,0.,-1.));
#2450=DIRECTION('',(-1.,0.,0.));
#2451=DIRECTION('',(0.,0.,-1.));
#2452=DIRECTION('',(0.,0.,-1.));
#2453=DIRECTION('',(0.,1.,0.));
#2454=DIRECTION('',(0.,0.,1.));
#2455=DIRECTION('',(0.,0.,-1.));
#2456=DIRECTION('',(0.707106781186547,-0.707106781186548,0.));
#2457=DIRECTION('',(0.707106781186548,0.707106781186547,0.));
#2458=DIRECTION('',(0.,0.,-1.));
#2459=DIRECTION('',(1.,-3.40232037026169E-16,0.));
#2460=DIRECTION('',(3.40232037026169E-16,1.,0.));
#2461=DIRECTION('',(0.,1.,0.));
#2462=DIRECTION('',(0.,0.,1.));
#2463=DIRECTION('',(0.,0.,-1.));
#2464=DIRECTION('',(1.,0.,0.));
#2465=DIRECTION('',(-1.,-4.85105216553004E-16,0.));
#2466=DIRECTION('',(4.85105216553004E-16,-1.,0.));
#2467=DIRECTION('',(0.,0.,-1.));
#2468=DIRECTION('',(-4.85105216553004E-16,1.,0.));
#2469=DIRECTION('',(0.,0.,-1.));
#2470=DIRECTION('',(-1.,0.,0.));
#2471=DIRECTION('',(0.,0.,-1.));
#2472=DIRECTION('',(1.,0.,0.));
#2473=DIRECTION('',(0.,0.,1.));
#2474=DIRECTION('',(1.,0.,0.));
#2475=DIRECTION('',(0.,-1.,0.));
#2476=DIRECTION('',(0.,0.,-1.));
#2477=DIRECTION('',(0.,0.,-1.));
#2478=DIRECTION('',(-1.,0.,0.));
#2479=DIRECTION('',(0.,0.,-1.));
#2480=DIRECTION('',(-1.,0.,0.));
#2481=DIRECTION('',(0.,0.,-1.));
#2482=DIRECTION('',(0.,0.,-1.));
#2483=DIRECTION('',(1.,0.,0.));
#2484=DIRECTION('',(-1.,-3.3676403175244E-16,0.));
#2485=DIRECTION('',(3.3676403175244E-16,-1.,0.));
#2486=DIRECTION('',(-3.3676403175244E-16,1.,0.));
#2487=DIRECTION('',(0.,0.,1.));
#2488=DIRECTION('',(1.,0.,0.));
#2489=DIRECTION('',(0.,0.,1.));
#2490=DIRECTION('',(1.,0.,0.));
#2491=DIRECTION('',(0.,0.,1.));
#2492=DIRECTION('',(1.,0.,0.));
#2493=DIRECTION('',(1.,2.64066365961744E-16,0.));
#2494=DIRECTION('',(-3.62995921080646E-16,-1.,0.));
#2495=DIRECTION('',(-3.62995921080646E-16,-1.,0.));
#2496=DIRECTION('',(0.,0.,1.));
#2497=DIRECTION('',(1.,0.,0.));
#2498=DIRECTION('',(-3.62995921080646E-16,-1.,0.));
#2499=DIRECTION('',(1.,2.72715063774295E-16,0.));
#2500=DIRECTION('',(-3.62995921080646E-16,-1.,0.));
#2501=DIRECTION('',(1.,-3.62995921080646E-16,0.));
#2502=DIRECTION('',(3.62995921080646E-16,1.,0.));
#2503=DIRECTION('',(0.,0.,-1.));
#2504=DIRECTION('',(-3.62995921080646E-16,-1.,0.));
#2505=DIRECTION('',(0.,0.,-1.));
#2506=DIRECTION('',(-2.72715063774295E-16,1.,0.));
#2507=DIRECTION('',(-1.,-2.72715063774295E-16,0.));
#2508=DIRECTION('',(0.,0.,-1.));
#2509=DIRECTION('',(1.,2.72715063774295E-16,0.));
#2510=DIRECTION('',(1.,-3.62995921080646E-16,0.));
#2511=DIRECTION('',(3.62995921080646E-16,1.,0.));
#2512=DIRECTION('',(0.,0.,-1.));
#2513=DIRECTION('',(-3.62995921080646E-16,-1.,0.));
#2514=DIRECTION('',(-2.64066365961744E-16,1.,0.));
#2515=DIRECTION('',(-1.,-2.64066365961744E-16,0.));
#2516=DIRECTION('',(0.,0.,-1.));
#2517=DIRECTION('',(1.,2.64066365961744E-16,0.));
#2518=DIRECTION('',(-1.,0.,0.));
#2519=DIRECTION('',(0.,0.,1.));
#2520=DIRECTION('',(0.,0.,-1.));
#2521=DIRECTION('',(0.,1.,0.));
#2522=DIRECTION('',(0.,-1.,0.));
#2523=DIRECTION('',(0.,0.,-1.));
#2524=DIRECTION('',(-1.,0.,0.));
#2525=DIRECTION('',(0.,0.,-1.));
#2526=DIRECTION('',(-1.,0.,0.));
#2527=DIRECTION('',(0.,0.,-1.));
#2528=DIRECTION('',(-1.,0.,0.));
#2529=DIRECTION('',(0.972163707939375,-0.234302635421724,0.));
#2530=DIRECTION('',(0.234302635421724,0.972163707939375,0.));
#2531=DIRECTION('',(0.,0.,-1.));
#2532=DIRECTION('',(0.972163707939375,0.234302635421725,0.));
#2533=DIRECTION('',(-0.234302635421725,0.972163707939375,0.));
#2534=DIRECTION('',(0.,0.,1.));
#2535=DIRECTION('',(1.,0.,0.));
#2536=DIRECTION('',(0.,0.,1.));
#2537=DIRECTION('',(1.,0.,0.));
#2538=DIRECTION('',(0.,0.,1.));
#2539=DIRECTION('',(1.,0.,0.));
#2540=DIRECTION('',(1.,-3.52088487948991E-16,0.));
#2541=DIRECTION('',(1.,-3.52088487948991E-16,0.));
#2542=DIRECTION('',(-3.40715981164694E-16,-1.,0.));
#2543=DIRECTION('',(1.,2.64066365961744E-16,0.));
#2544=DIRECTION('',(-3.40715981164694E-16,-1.,0.));
#2545=DIRECTION('',(3.52088487948991E-16,1.,0.));
#2546=DIRECTION('',(-1.,3.52088487948991E-16,0.));
#2547=DIRECTION('',(0.,0.,-1.));
#2548=DIRECTION('',(1.,-3.52088487948991E-16,0.));
#2549=DIRECTION('',(0.,0.,-1.));
#2550=DIRECTION('',(1.,-3.40715981164694E-16,0.));
#2551=DIRECTION('',(3.40715981164694E-16,1.,0.));
#2552=DIRECTION('',(0.,0.,-1.));
#2553=DIRECTION('',(-3.40715981164694E-16,-1.,0.));
#2554=DIRECTION('',(-2.64066365961744E-16,1.,0.));
#2555=DIRECTION('',(-1.,-2.64066365961744E-16,0.));
#2556=DIRECTION('',(0.,0.,-1.));
#2557=DIRECTION('',(1.,2.64066365961744E-16,0.));
#2558=DIRECTION('',(1.,-3.40715981164694E-16,0.));
#2559=DIRECTION('',(3.40715981164694E-16,1.,0.));
#2560=DIRECTION('',(-3.40715981164694E-16,-1.,0.));
#2561=DIRECTION('',(0.,0.,1.));
#2562=DIRECTION('',(1.,0.,0.));
#2563=DIRECTION('',(0.,0.,1.));
#2564=DIRECTION('',(1.,0.,0.));
#2565=CARTESIAN_POINT('',(0.,0.,0.));
#2566=CARTESIAN_POINT('',(2.77555756156289E-17,0.,0.005));
#2567=CARTESIAN_POINT('',(-0.09045,0.0563837228130587,0.005));
#2568=CARTESIAN_POINT('',(-0.08895,0.0563837228130587,0.005));
#2569=CARTESIAN_POINT('',(-0.1526625,-4.16333634234433E-17,0.005));
#2570=CARTESIAN_POINT('',(-0.1526625,0.0814625,0.005));
#2571=CARTESIAN_POINT('',(-0.1526625,-0.0694625,0.005));
#2572=CARTESIAN_POINT('',(0.,-0.0694625,0.005));
#2573=CARTESIAN_POINT('',(0.1526625,-0.0694625,0.005));
#2574=CARTESIAN_POINT('',(0.1526625,4.16333634234433E-17,0.005));
#2575=CARTESIAN_POINT('',(0.1526625,0.0814625,0.005));
#2576=CARTESIAN_POINT('',(5.55111512312578E-17,0.0814625,0.005));
#2577=CARTESIAN_POINT('',(0.1516625,0.0814625,0.005));
#2578=CARTESIAN_POINT('',(0.1516625,0.,0.005));
#2579=CARTESIAN_POINT('',(0.1516625,0.0714625,0.005));
#2580=CARTESIAN_POINT('',(2.77555756156289E-17,0.0714625,0.005));
#2581=CARTESIAN_POINT('',(-0.1516625,0.0714625,0.005));
#2582=CARTESIAN_POINT('',(-0.1516625,0.,0.005));
#2583=CARTESIAN_POINT('',(-0.1516625,0.0814625,0.005));
#2584=CARTESIAN_POINT('',(5.55111512312578E-17,0.0814625,0.005));
#2585=CARTESIAN_POINT('',(0.1516625,0.0739625,0.008065));
#2586=CARTESIAN_POINT('',(0.1516625,0.0814625,0.008065));
#2587=CARTESIAN_POINT('',(0.1516625,0.0814625,0.008065));
#2588=CARTESIAN_POINT('',(0.1516625,0.0739625,0.008065));
#2589=CARTESIAN_POINT('',(0.1516625,0.0714625,0.008065));
#2590=CARTESIAN_POINT('',(0.1516625,0.0714625,0.008065));
#2591=CARTESIAN_POINT('',(0.,0.,0.004));
#2592=CARTESIAN_POINT('',(0.0836848883392082,0.0458492450416089,0.004));
#2593=CARTESIAN_POINT('',(0.1561625,0.0458492450416089,0.004));
#2594=CARTESIAN_POINT('',(0.1526625,0.0458492450416089,0.004));
#2595=CARTESIAN_POINT('',(0.1526625,4.16333634234433E-17,0.004));
#2596=CARTESIAN_POINT('',(0.1526625,-0.00915075495839099,0.004));
#2597=CARTESIAN_POINT('',(0.102428409223648,-0.00915075495839103,0.004));
#2598=CARTESIAN_POINT('',(0.1561625,-0.00915075495839099,0.004));
#2599=CARTESIAN_POINT('',(0.1561625,0.0183492450416089,0.004));
#2600=CARTESIAN_POINT('',(0.0274803768843413,-0.00503211623057717,0.004));
#2601=CARTESIAN_POINT('',(0.0274803768843413,-0.00503211623057717,0.004));
#2602=CARTESIAN_POINT('',(0.0274803768843413,-0.0124708814546466,0.004));
#2603=CARTESIAN_POINT('',(0.0274803768843413,-0.00915075495839108,0.004));
#2604=CARTESIAN_POINT('',(0.0274803768843413,-0.00915075495839108,0.004));
#2605=CARTESIAN_POINT('',(0.0274803768843413,-0.00915075495839108,0.002));
#2606=CARTESIAN_POINT('',(0.0274803768843413,-0.00503211623057717,0.002));
#2607=CARTESIAN_POINT('',(0.0274803768843413,-0.0124708814546466,0.002));
#2608=CARTESIAN_POINT('',(0.0274803768843413,-0.0124708814546466,0.004));
#2609=CARTESIAN_POINT('',(-0.0274803768843413,-0.0108108182065189,0.004));
#2610=CARTESIAN_POINT('',(-0.0274803768843413,-0.00915075495839111,0.004));
#2611=CARTESIAN_POINT('',(-0.0274803768843413,-0.00915075495839111,0.004));
#2612=CARTESIAN_POINT('',(-0.0274803768843413,-0.00915075495839111,0.002));
#2613=CARTESIAN_POINT('',(-0.0274803768843413,-0.0108108182065189,0.004));
#2614=CARTESIAN_POINT('',(-0.0274803768843413,-0.0124708814546466,0.004));
#2615=CARTESIAN_POINT('',(-0.0274803768843413,-0.0124708814546466,0.004));
#2616=CARTESIAN_POINT('',(-0.0274803768843413,-0.0124708814546466,0.002));
#2617=CARTESIAN_POINT('',(-0.0274803768843413,-0.0108108182065189,0.002));
#2618=CARTESIAN_POINT('',(0.,0.071715459227562,0.004));
#2619=CARTESIAN_POINT('',(0.,0.071715459227562,0.002));
#2620=CARTESIAN_POINT('',(0.000424322640877801,0.0699548685897137,0.004));
#2621=CARTESIAN_POINT('',(0.000424322640877801,0.0699548685897137,0.002));
#2622=CARTESIAN_POINT('',(0.00122898398079626,0.0666145915067502,0.004));
#2623=CARTESIAN_POINT('',(0.00122898398079626,0.0666145915067502,0.002));
#2624=CARTESIAN_POINT('',(0.0022566014971004,0.0623583400129418,0.004));
#2625=CARTESIAN_POINT('',(0.0022566014971004,0.0623583400129418,0.002));
#2626=CARTESIAN_POINT('',(0.00303531921462735,0.0591024157990756,0.004));
#2627=CARTESIAN_POINT('',(0.00303531921462735,0.0591024157990756,0.002));
#2628=CARTESIAN_POINT('',(0.00348385540213426,0.0573258585158914,0.004));
#2629=CARTESIAN_POINT('',(0.00348385540213426,0.0573258585158914,0.002));
#2630=CARTESIAN_POINT('',(0.00418204868207209,0.0557978320445412,0.004));
#2631=CARTESIAN_POINT('',(0.00418204868207209,0.0557978320445412,0.002));
#2632=CARTESIAN_POINT('',(0.00500195395675727,0.0544207792923489,0.004));
#2633=CARTESIAN_POINT('',(0.00500195395675727,0.0544207792923489,0.002));
#2634=CARTESIAN_POINT('',(0.00606538127612052,0.0528514443598727,0.004));
#2635=CARTESIAN_POINT('',(0.00606538127612052,0.0528514443598727,0.002));
#2636=CARTESIAN_POINT('',(0.00764765526970597,0.0506664954279431,0.004));
#2637=CARTESIAN_POINT('',(0.00764765526970597,0.0506664954279431,0.002));
#2638=CARTESIAN_POINT('',(0.0096936616657449,0.0479822910320781,0.004));
#2639=CARTESIAN_POINT('',(0.0096936616657449,0.0479822910320781,0.002));
#2640=CARTESIAN_POINT('',(0.0107853363773515,0.046538152445911,0.004));
#2641=CARTESIAN_POINT('',(0.0107853363773515,0.046538152445911,0.002));
#2642=CARTESIAN_POINT('',(0.0112072766784164,0.0458492450416059,0.004));
#2643=CARTESIAN_POINT('',(0.0112072766784164,0.0458492450416059,0.002));
#2644=CARTESIAN_POINT('',(0.,0.071715459227562,0.002));
#2645=CARTESIAN_POINT('',(0.00123660370976084,0.0665845689464554,0.002));
#2646=CARTESIAN_POINT('',(0.00291013618485491,0.0596407165657993,0.002));
#2647=CARTESIAN_POINT('',(0.00392292035030491,0.0554452766020554,0.002));
#2648=CARTESIAN_POINT('',(0.00910844660173268,0.048792459696979,0.002));
#2649=CARTESIAN_POINT('',(0.0108528241380586,0.0464279643033378,0.002));
#2650=CARTESIAN_POINT('',(0.0112072766784164,0.0458492450416059,0.002));
#2651=CARTESIAN_POINT('',(0.,0.071715459227562,0.002));
#2652=CARTESIAN_POINT('',(0.0112072766784165,0.0458492450416089,0.002));
#2653=CARTESIAN_POINT('',(0.,0.071715459227562,0.004));
#2654=CARTESIAN_POINT('',(0.,0.071715459227562,0.004));
#2655=CARTESIAN_POINT('',(0.,0.071715459227562,0.004));
#2656=CARTESIAN_POINT('',(0.00123660370976084,0.0665845689464554,0.004));
#2657=CARTESIAN_POINT('',(0.00291013618485491,0.0596407165657993,0.004));
#2658=CARTESIAN_POINT('',(0.00392292035030491,0.0554452766020554,0.004));
#2659=CARTESIAN_POINT('',(0.00910844660173268,0.048792459696979,0.004));
#2660=CARTESIAN_POINT('',(0.0108528241380586,0.0464279643033378,0.004));
#2661=CARTESIAN_POINT('',(0.0112072766784164,0.0458492450416059,0.004));
#2662=CARTESIAN_POINT('',(0.0112072766784165,0.0458492450416089,0.004));
#2663=CARTESIAN_POINT('',(0.0112072766784165,0.0458492450416089,0.004));
#2664=CARTESIAN_POINT('',(0.,0.071715459227562,0.004));
#2665=CARTESIAN_POINT('',(0.,0.071715459227562,0.002));
#2666=CARTESIAN_POINT('',(-0.0004243226408778,0.0699548685897137,0.004));
#2667=CARTESIAN_POINT('',(-0.0004243226408778,0.0699548685897137,0.002));
#2668=CARTESIAN_POINT('',(-0.00122898398079626,0.0666145915067502,0.004));
#2669=CARTESIAN_POINT('',(-0.00122898398079626,0.0666145915067502,0.002));
#2670=CARTESIAN_POINT('',(-0.0022566014971004,0.0623583400129418,0.004));
#2671=CARTESIAN_POINT('',(-0.0022566014971004,0.0623583400129418,0.002));
#2672=CARTESIAN_POINT('',(-0.00303531921462736,0.0591024157990756,0.004));
#2673=CARTESIAN_POINT('',(-0.00303531921462736,0.0591024157990756,0.002));
#2674=CARTESIAN_POINT('',(-0.00348385540213428,0.0573258585158914,0.004));
#2675=CARTESIAN_POINT('',(-0.00348385540213428,0.0573258585158914,0.002));
#2676=CARTESIAN_POINT('',(-0.00418204868207211,0.0557978320445412,0.004));
#2677=CARTESIAN_POINT('',(-0.00418204868207211,0.0557978320445412,0.002));
#2678=CARTESIAN_POINT('',(-0.0050019539567573,0.0544207792923489,0.004));
#2679=CARTESIAN_POINT('',(-0.0050019539567573,0.0544207792923489,0.002));
#2680=CARTESIAN_POINT('',(-0.00606538127612054,0.0528514443598727,0.004));
#2681=CARTESIAN_POINT('',(-0.00606538127612054,0.0528514443598727,0.002));
#2682=CARTESIAN_POINT('',(-0.00764765526970598,0.0506664954279431,0.004));
#2683=CARTESIAN_POINT('',(-0.00764765526970598,0.0506664954279431,0.002));
#2684=CARTESIAN_POINT('',(-0.0096936616657449,0.0479822910320781,0.004));
#2685=CARTESIAN_POINT('',(-0.0096936616657449,0.0479822910320781,0.002));
#2686=CARTESIAN_POINT('',(-0.0107853363773515,0.046538152445911,0.004));
#2687=CARTESIAN_POINT('',(-0.0107853363773515,0.046538152445911,0.002));
#2688=CARTESIAN_POINT('',(-0.0112072766784165,0.0458492450416059,0.004));
#2689=CARTESIAN_POINT('',(-0.0112072766784165,0.0458492450416059,0.002));
#2690=CARTESIAN_POINT('',(0.,0.071715459227562,0.002));
#2691=CARTESIAN_POINT('',(-0.00123660370976084,0.0665845689464554,0.002));
#2692=CARTESIAN_POINT('',(-0.0029101361848549,0.0596407165657993,0.002));
#2693=CARTESIAN_POINT('',(-0.00392292035030496,0.0554452766020554,0.002));
#2694=CARTESIAN_POINT('',(-0.00910844660173268,0.048792459696979,0.002));
#2695=CARTESIAN_POINT('',(-0.0108528241380586,0.0464279643033378,0.002));
#2696=CARTESIAN_POINT('',(-0.0112072766784165,0.0458492450416059,0.002));
#2697=CARTESIAN_POINT('',(-0.0112072766784165,0.0458492450416089,0.002));
#2698=CARTESIAN_POINT('',(-0.0112072766784165,0.0458492450416089,0.004));
#2699=CARTESIAN_POINT('',(-0.0112072766784165,0.0458492450416089,0.004));
#2700=CARTESIAN_POINT('',(0.,0.071715459227562,0.004));
#2701=CARTESIAN_POINT('',(-0.00123660370976084,0.0665845689464554,0.004));
#2702=CARTESIAN_POINT('',(-0.0029101361848549,0.0596407165657993,0.004));
#2703=CARTESIAN_POINT('',(-0.00392292035030496,0.0554452766020554,0.004));
#2704=CARTESIAN_POINT('',(-0.00910844660173268,0.048792459696979,0.004));
#2705=CARTESIAN_POINT('',(-0.0108528241380586,0.0464279643033378,0.004));
#2706=CARTESIAN_POINT('',(-0.0112072766784165,0.0458492450416059,0.004));
#2707=CARTESIAN_POINT('',(-0.0486943184472963,-0.0091507549583983,0.004));
#2708=CARTESIAN_POINT('',(-0.0486943184472963,-0.0091507549583983,0.002));
#2709=CARTESIAN_POINT('',(-0.04789546577181,-0.00975688986280455,0.004));
#2710=CARTESIAN_POINT('',(-0.04789546577181,-0.00975688986280455,0.002));
#2711=CARTESIAN_POINT('',(-0.0465425108088492,-0.0107972968682986,0.004));
#2712=CARTESIAN_POINT('',(-0.0465425108088492,-0.0107972968682986,0.002));
#2713=CARTESIAN_POINT('',(-0.0451960292220636,-0.0116269607522294,0.004));
#2714=CARTESIAN_POINT('',(-0.0451960292220636,-0.0116269607522294,0.002));
#2715=CARTESIAN_POINT('',(-0.0439543093770301,-0.0120986419672762,0.004));
#2716=CARTESIAN_POINT('',(-0.0439543093770301,-0.0120986419672762,0.002));
#2717=CARTESIAN_POINT('',(-0.0424983388099218,-0.0124614527542935,0.004));
#2718=CARTESIAN_POINT('',(-0.0424983388099218,-0.0124614527542935,0.002));
#2719=CARTESIAN_POINT('',(-0.0403683571315096,-0.012678664591449,0.004));
#2720=CARTESIAN_POINT('',(-0.0403683571315096,-0.012678664591449,0.002));
#2721=CARTESIAN_POINT('',(-0.0376313392839929,-0.0124461916236245,0.004));
#2722=CARTESIAN_POINT('',(-0.0376313392839929,-0.0124461916236245,0.002));
#2723=CARTESIAN_POINT('',(-0.0350304437838832,-0.0116127730545617,0.004));
#2724=CARTESIAN_POINT('',(-0.0350304437838832,-0.0116127730545617,0.002));
#2725=CARTESIAN_POINT('',(-0.0328258547656648,-0.0104265330978551,0.004));
#2726=CARTESIAN_POINT('',(-0.0328258547656648,-0.0104265330978551,0.002));
#2727=CARTESIAN_POINT('',(-0.031843869748894,-0.00955969993621458,0.004));
#2728=CARTESIAN_POINT('',(-0.031843869748894,-0.00955969993621458,0.002));
#2729=CARTESIAN_POINT('',(-0.031459710674292,-0.00915075497601115,0.004));
#2730=CARTESIAN_POINT('',(-0.031459710674292,-0.00915075497601115,0.002));
#2731=CARTESIAN_POINT('',(-0.0486943184472963,-0.0091507549583983,0.002));
#2732=CARTESIAN_POINT('',(-0.048356460791587,-0.0094071067540803,0.002));
#2733=CARTESIAN_POINT('',(-0.046449066508915,-0.0108544302146836,0.002));
#2734=CARTESIAN_POINT('',(-0.044208336050068,-0.012447933181341,0.002));
#2735=CARTESIAN_POINT('',(-0.0376239393026735,-0.0129668880990177,0.002));
#2736=CARTESIAN_POINT('',(-0.0330124378293463,-0.0106748262622154,0.002));
#2737=CARTESIAN_POINT('',(-0.0316882868632732,-0.00939407886625956,0.002));
#2738=CARTESIAN_POINT('',(-0.031459710674292,-0.00915075497601115,0.002));
#2739=CARTESIAN_POINT('',(-0.0486943184472963,-0.00915075495839113,0.002));
#2740=CARTESIAN_POINT('',(-0.031459710674292,-0.00915075495839112,0.002));
#2741=CARTESIAN_POINT('',(-0.031459710674292,-0.00915075495839112,0.004));
#2742=CARTESIAN_POINT('',(-0.031459710674292,-0.00915075495839112,0.004));
#2743=CARTESIAN_POINT('',(-0.0486943184472963,-0.0091507549583983,0.004));
#2744=CARTESIAN_POINT('',(-0.048356460791587,-0.0094071067540803,0.004));
#2745=CARTESIAN_POINT('',(-0.046449066508915,-0.0108544302146836,0.004));
#2746=CARTESIAN_POINT('',(-0.044208336050068,-0.012447933181341,0.004));
#2747=CARTESIAN_POINT('',(-0.0376239393026735,-0.0129668880990177,0.004));
#2748=CARTESIAN_POINT('',(-0.0330124378293463,-0.0106748262622154,0.004));
#2749=CARTESIAN_POINT('',(-0.0316882868632732,-0.00939407886625956,0.004));
#2750=CARTESIAN_POINT('',(-0.031459710674292,-0.00915075497601115,0.004));
#2751=CARTESIAN_POINT('',(-0.0486943184472963,-0.00915075495839113,0.004));
#2752=CARTESIAN_POINT('',(-0.0486943184472963,-0.00915075495839113,0.004));
#2753=CARTESIAN_POINT('',(-0.0293196570128202,-0.0108108182065189,0.004));
#2754=CARTESIAN_POINT('',(-0.0293196570128202,-0.0108108182065189,0.004));
#2755=CARTESIAN_POINT('',(-0.0293196570128202,-0.00915075495839112,0.004));
#2756=CARTESIAN_POINT('',(-0.0293196570128202,-0.0124708814546466,0.004));
#2757=CARTESIAN_POINT('',(-0.0293196570128202,-0.00915075495839112,0.004));
#2758=CARTESIAN_POINT('',(-0.0293196570128202,-0.00915075495839112,0.002));
#2759=CARTESIAN_POINT('',(-0.0293196570128202,-0.0108108182065189,0.002));
#2760=CARTESIAN_POINT('',(-0.0293196570128202,-0.0124708814546466,0.002));
#2761=CARTESIAN_POINT('',(-0.0293196570128202,-0.0124708814546466,0.004));
#2762=CARTESIAN_POINT('',(-0.0284000169485807,-0.0124708814546466,0.004));
#2763=CARTESIAN_POINT('',(-0.0284000169485807,-0.0124708814546466,0.002));
#2764=CARTESIAN_POINT('',(-0.0284000169485807,-0.0124708814546466,0.004));
#2765=CARTESIAN_POINT('',(-0.0115934474789644,-0.0091507549583911,0.004));
#2766=CARTESIAN_POINT('',(-0.0115934474789644,-0.0091507549583911,0.002));
#2767=CARTESIAN_POINT('',(-0.0129369503632189,-0.0091507549583911,0.002));
#2768=CARTESIAN_POINT('',(-0.01024994459471,-0.0091507549583911,0.002));
#2769=CARTESIAN_POINT('',(-0.01024994459471,-0.0091507549583911,0.004));
#2770=CARTESIAN_POINT('',(-0.01024994459471,-0.0091507549583911,0.004));
#2771=CARTESIAN_POINT('',(-0.0115934474789644,-0.0091507549583911,0.004));
#2772=CARTESIAN_POINT('',(-0.0274803768843413,-0.00915075495839111,0.004));
#2773=CARTESIAN_POINT('',(-0.0274803768843413,-0.00915075495839111,-0.001));
#2774=CARTESIAN_POINT('',(-0.0202086636237801,-0.00915075495839111,-0.001));
#2775=CARTESIAN_POINT('',(-0.0129369503632189,-0.0091507549583911,-0.001));
#2776=CARTESIAN_POINT('',(-0.0129369503632189,-0.0091507549583911,0.004));
#2777=CARTESIAN_POINT('',(-0.000456738751381637,-0.0189439608017195,0.004));
#2778=CARTESIAN_POINT('',(-0.000456738751381637,-0.0189439608017195,0.002));
#2779=CARTESIAN_POINT('',(0.,-0.0194006995531011,0.002));
#2780=CARTESIAN_POINT('',(-0.000913477502763275,-0.0184872220503378,0.002));
#2781=CARTESIAN_POINT('',(0.,-0.0194006995531011,0.004));
#2782=CARTESIAN_POINT('',(0.,-0.0194006995531011,0.004));
#2783=CARTESIAN_POINT('',(-0.000456738751381637,-0.0189439608017195,0.004));
#2784=CARTESIAN_POINT('',(-0.0143685833225239,-0.00503211623057718,0.002));
#2785=CARTESIAN_POINT('',(-0.0184872220503378,-0.000913477502763265,0.002));
#2786=CARTESIAN_POINT('',(-0.0184872220503378,-0.000913477502763265,0.004));
#2787=CARTESIAN_POINT('',(-0.0184872220503378,-0.000913477502763265,-0.001));
#2788=CARTESIAN_POINT('',(-0.0143685833225239,-0.00503211623057718,-0.001));
#2789=CARTESIAN_POINT('',(-0.000913477502763275,-0.0184872220503378,-0.001));
#2790=CARTESIAN_POINT('',(-0.000913477502763275,-0.0184872220503378,0.004));
#2791=CARTESIAN_POINT('',(0.000456738751381636,-0.0189439608017195,0.004));
#2792=CARTESIAN_POINT('',(0.000456738751381636,-0.0189439608017195,0.002));
#2793=CARTESIAN_POINT('',(0.000913477502763271,-0.0184872220503378,0.002));
#2794=CARTESIAN_POINT('',(0.000913477502763271,-0.0184872220503378,0.004));
#2795=CARTESIAN_POINT('',(0.000913477502763271,-0.0184872220503378,-0.001));
#2796=CARTESIAN_POINT('',(0.0101436203049343,-0.0092570792481668,-0.001));
#2797=CARTESIAN_POINT('',(0.0184872220503378,-0.000913477502763265,-0.001));
#2798=CARTESIAN_POINT('',(0.0184872220503378,-0.000913477502763265,0.004));
#2799=CARTESIAN_POINT('',(0.0184872220503378,-0.000913477502763265,0.002));
#2800=CARTESIAN_POINT('',(0.0143685833225239,-0.00503211623057718,0.002));
#2801=CARTESIAN_POINT('',(0.01024994459471,-0.00915075495839109,0.002));
#2802=CARTESIAN_POINT('',(0.01024994459471,-0.00915075495839109,0.004));
#2803=CARTESIAN_POINT('',(0.01024994459471,-0.00915075495839109,0.004));
#2804=CARTESIAN_POINT('',(0.000456738751381636,-0.0189439608017195,0.004));
#2805=CARTESIAN_POINT('',(0.0115934474789645,-0.00915075495839109,0.004));
#2806=CARTESIAN_POINT('',(0.0115934474789645,-0.00915075495839109,0.002));
#2807=CARTESIAN_POINT('',(0.0129369503632189,-0.00915075495839109,0.002));
#2808=CARTESIAN_POINT('',(0.0129369503632189,-0.00915075495839109,0.004));
#2809=CARTESIAN_POINT('',(0.0129369503632189,-0.00915075495839109,-0.001));
#2810=CARTESIAN_POINT('',(0.0202086636237801,-0.00915075495839108,-0.001));
#2811=CARTESIAN_POINT('',(0.0274803768843413,-0.00915075495839108,-0.001));
#2812=CARTESIAN_POINT('',(0.0274803768843413,-0.00915075495839108,0.004));
#2813=CARTESIAN_POINT('',(0.0115934474789645,-0.00915075495839109,0.004));
#2814=CARTESIAN_POINT('',(0.0284000169485807,-0.0124708814546466,0.004));
#2815=CARTESIAN_POINT('',(0.0284000169485807,-0.0124708814546466,0.002));
#2816=CARTESIAN_POINT('',(0.0293196570128202,-0.0124708814546466,0.002));
#2817=CARTESIAN_POINT('',(0.0293196570128202,-0.0124708814546466,0.004));
#2818=CARTESIAN_POINT('',(0.0293196570128202,-0.0124708814546466,0.004));
#2819=CARTESIAN_POINT('',(0.0284000169485807,-0.0124708814546466,0.004));
#2820=CARTESIAN_POINT('',(0.0293196570128202,-0.0082148862164467,0.004));
#2821=CARTESIAN_POINT('',(0.0293196570128202,-0.00915075495839108,0.004));
#2822=CARTESIAN_POINT('',(0.0293196570128202,-0.00915075495839108,0.004));
#2823=CARTESIAN_POINT('',(0.0293196570128202,-0.00915075495839108,0.002));
#2824=CARTESIAN_POINT('',(0.0293196570128202,-0.0082148862164467,0.004));
#2825=CARTESIAN_POINT('',(0.0293196570128202,-0.0082148862164467,0.002));
#2826=CARTESIAN_POINT('',(0.0486943184472963,-0.00915075495839823,0.004));
#2827=CARTESIAN_POINT('',(0.0486943184472963,-0.00915075495839823,0.002));
#2828=CARTESIAN_POINT('',(0.0478954657718101,-0.00975688986280449,0.004));
#2829=CARTESIAN_POINT('',(0.0478954657718101,-0.00975688986280449,0.002));
#2830=CARTESIAN_POINT('',(0.0465425108088492,-0.0107972968682985,0.004));
#2831=CARTESIAN_POINT('',(0.0465425108088492,-0.0107972968682985,0.002));
#2832=CARTESIAN_POINT('',(0.0451960292220637,-0.0116269607522293,0.004));
#2833=CARTESIAN_POINT('',(0.0451960292220637,-0.0116269607522293,0.002));
#2834=CARTESIAN_POINT('',(0.0439543093770301,-0.0120986419672762,0.004));
#2835=CARTESIAN_POINT('',(0.0439543093770301,-0.0120986419672762,0.002));
#2836=CARTESIAN_POINT('',(0.0424983388099219,-0.0124614527542934,0.004));
#2837=CARTESIAN_POINT('',(0.0424983388099219,-0.0124614527542934,0.002));
#2838=CARTESIAN_POINT('',(0.0403683571315097,-0.012678664591449,0.004));
#2839=CARTESIAN_POINT('',(0.0403683571315097,-0.012678664591449,0.002));
#2840=CARTESIAN_POINT('',(0.0376313392839929,-0.0124461916236245,0.004));
#2841=CARTESIAN_POINT('',(0.0376313392839929,-0.0124461916236245,0.002));
#2842=CARTESIAN_POINT('',(0.0350304437838832,-0.0116127730545617,0.004));
#2843=CARTESIAN_POINT('',(0.0350304437838832,-0.0116127730545617,0.002));
#2844=CARTESIAN_POINT('',(0.0328258547656648,-0.010426533097855,0.004));
#2845=CARTESIAN_POINT('',(0.0328258547656648,-0.010426533097855,0.002));
#2846=CARTESIAN_POINT('',(0.0318438697488939,-0.00955969993621453,0.004));
#2847=CARTESIAN_POINT('',(0.0318438697488939,-0.00955969993621453,0.002));
#2848=CARTESIAN_POINT('',(0.031459710674292,-0.00915075497601111,0.004));
#2849=CARTESIAN_POINT('',(0.031459710674292,-0.00915075497601111,0.002));
#2850=CARTESIAN_POINT('',(0.0486943184472963,-0.00915075495839823,0.002));
#2851=CARTESIAN_POINT('',(0.048356460791587,-0.00940710675408024,0.002));
#2852=CARTESIAN_POINT('',(0.046449066508915,-0.0108544302146836,0.002));
#2853=CARTESIAN_POINT('',(0.044208336050068,-0.012447933181341,0.002));
#2854=CARTESIAN_POINT('',(0.0376239393026735,-0.0129668880990177,0.002));
#2855=CARTESIAN_POINT('',(0.0330124378293463,-0.0106748262622153,0.002));
#2856=CARTESIAN_POINT('',(0.0316882868632732,-0.00939407886625952,0.002));
#2857=CARTESIAN_POINT('',(0.031459710674292,-0.00915075497601111,0.002));
#2858=CARTESIAN_POINT('',(0.0486943184472964,-0.00915075495839106,0.002));
#2859=CARTESIAN_POINT('',(0.031459710674292,-0.00915075495839107,0.002));
#2860=CARTESIAN_POINT('',(0.0486943184472964,-0.00915075495839106,0.004));
#2861=CARTESIAN_POINT('',(0.0486943184472964,-0.00915075495839106,0.004));
#2862=CARTESIAN_POINT('',(0.0486943184472963,-0.00915075495839823,0.004));
#2863=CARTESIAN_POINT('',(0.048356460791587,-0.00940710675408024,0.004));
#2864=CARTESIAN_POINT('',(0.046449066508915,-0.0108544302146836,0.004));
#2865=CARTESIAN_POINT('',(0.044208336050068,-0.012447933181341,0.004));
#2866=CARTESIAN_POINT('',(0.0376239393026735,-0.0129668880990177,0.004));
#2867=CARTESIAN_POINT('',(0.0330124378293463,-0.0106748262622153,0.004));
#2868=CARTESIAN_POINT('',(0.0316882868632732,-0.00939407886625952,0.004));
#2869=CARTESIAN_POINT('',(0.031459710674292,-0.00915075497601111,0.004));
#2870=CARTESIAN_POINT('',(0.031459710674292,-0.00915075495839107,0.004));
#2871=CARTESIAN_POINT('',(0.031459710674292,-0.00915075495839107,0.004));
#2872=CARTESIAN_POINT('',(0.,0.,0.004));
#2873=CARTESIAN_POINT('',(-0.1526625,-4.16333634234433E-17,0.004));
#2874=CARTESIAN_POINT('',(-0.1526625,0.0458492450416089,0.004));
#2875=CARTESIAN_POINT('',(-0.1526625,-0.00915075495839116,0.004));
#2876=CARTESIAN_POINT('',(-0.0836848883392083,0.0458492450416089,0.004));
#2877=CARTESIAN_POINT('',(-0.1561625,0.0458492450416089,0.004));
#2878=CARTESIAN_POINT('',(-0.1561625,0.0183492450416088,0.004));
#2879=CARTESIAN_POINT('',(-0.1561625,-0.0091507549583912,0.004));
#2880=CARTESIAN_POINT('',(-0.102428409223648,-0.00915075495839116,0.004));
#2881=CARTESIAN_POINT('',(0.,0.,0.002));
#2882=CARTESIAN_POINT('',(0.0112072766784164,0.0458492450416059,0.002));
#2883=CARTESIAN_POINT('',(0.0115826129956548,0.0452364285663903,0.002));
#2884=CARTESIAN_POINT('',(0.0125231918837683,0.0432534686066804,0.002));
#2885=CARTESIAN_POINT('',(0.0129668880990177,0.0376239393026735,0.002));
#2886=CARTESIAN_POINT('',(0.0102658960355083,0.0321896928611832,0.002));
#2887=CARTESIAN_POINT('',(0.00815900526799083,0.0306660312805145,0.002));
#2888=CARTESIAN_POINT('',(0.007341059873311,0.0298366792919821,0.002));
#2889=CARTESIAN_POINT('',(0.00727901747450232,0.0297705753319046,0.002));
#2890=CARTESIAN_POINT('',(0.00727901747450232,0.0293196570128202,0.002));
#2891=CARTESIAN_POINT('',(0.00727901747450233,0.0293196570128202,0.002));
#2892=CARTESIAN_POINT('',(0.00987494946457446,0.0293196570128202,0.002));
#2893=CARTESIAN_POINT('',(0.0124708814546466,0.0293196570128202,0.002));
#2894=CARTESIAN_POINT('',(0.0124708814546466,0.0284000169485807,0.002));
#2895=CARTESIAN_POINT('',(0.0124708814546466,0.0274803768843413,0.002));
#2896=CARTESIAN_POINT('',(0.00669217947870493,0.0274803768843413,0.002));
#2897=CARTESIAN_POINT('',(0.000913477502763272,0.0274803768843413,0.002));
#2898=CARTESIAN_POINT('',(0.000913477502763272,0.024327302351594,0.002));
#2899=CARTESIAN_POINT('',(0.000913477502763276,0.0211742278188467,0.002));
#2900=CARTESIAN_POINT('',(0.0162775133591299,0.00581019196248012,0.002));
#2901=CARTESIAN_POINT('',(0.0211742278188467,0.000913477502763279,0.002));
#2902=CARTESIAN_POINT('',(0.024327302351594,0.00091347750276328,0.002));
#2903=CARTESIAN_POINT('',(0.0274803768843413,0.000913477502763282,0.002));
#2904=CARTESIAN_POINT('',(0.0274803768843413,0.00669217947870494,0.002));
#2905=CARTESIAN_POINT('',(0.0274803768843413,0.0124708814546466,0.002));
#2906=CARTESIAN_POINT('',(0.0284000169485807,0.0124708814546466,0.002));
#2907=CARTESIAN_POINT('',(0.0293196570128202,0.0124708814546466,0.002));
#2908=CARTESIAN_POINT('',(0.0293196570128202,0.00987494946457447,0.002));
#2909=CARTESIAN_POINT('',(0.0293196570128202,0.00727901747450234,0.002));
#2910=CARTESIAN_POINT('',(0.071715459227562,4.64792998548507E-17,0.002));
#2911=CARTESIAN_POINT('',(0.0665845689464554,0.00123660370976088,0.002));
#2912=CARTESIAN_POINT('',(0.0596407165657993,0.00291013618485495,0.002));
#2913=CARTESIAN_POINT('',(0.0554452766020554,0.00392292035030495,0.002));
#2914=CARTESIAN_POINT('',(0.0476288041047014,0.0100154558742668,0.002));
#2915=CARTESIAN_POINT('',(0.044208336050068,0.0124479331813411,0.002));
#2916=CARTESIAN_POINT('',(0.0376239393026735,0.0129668880990177,0.002));
#2917=CARTESIAN_POINT('',(0.0321896928611832,0.0102658960355083,0.002));
#2918=CARTESIAN_POINT('',(0.0306660312805145,0.00815900526799085,0.002));
#2919=CARTESIAN_POINT('',(0.0298366792919821,0.00734105987331103,0.002));
#2920=CARTESIAN_POINT('',(0.0297705753319046,0.00727901747450234,0.002));
#2921=CARTESIAN_POINT('',(0.0293196570128202,0.00727901747450234,0.002));
#2922=CARTESIAN_POINT('',(0.071715459227562,5.55111512312578E-17,0.002));
#2923=CARTESIAN_POINT('',(0.071715459227562,5.55111512312578E-17,0.002));
#2924=CARTESIAN_POINT('',(0.0665845689464554,-0.00123660370976079,0.002));
#2925=CARTESIAN_POINT('',(0.0596407165657993,-0.00291013618485487,0.002));
#2926=CARTESIAN_POINT('',(0.0556508802306858,-0.0038732873913696,0.002));
#2927=CARTESIAN_POINT('',(0.0507884377993752,-0.00756182764772129,0.002));
#2928=CARTESIAN_POINT('',(0.0486943184472963,-0.00915075495839823,0.002));
#2929=CARTESIAN_POINT('',(0.031459710674292,-0.00915075497601111,0.002));
#2930=CARTESIAN_POINT('',(0.0310832745156577,-0.00875003121314978,0.002));
#2931=CARTESIAN_POINT('',(0.0305158360915665,-0.00801087580691549,0.002));
#2932=CARTESIAN_POINT('',(0.0298366792919821,-0.00734105987331098,0.002));
#2933=CARTESIAN_POINT('',(0.0297705753319046,-0.00727901747450231,0.002));
#2934=CARTESIAN_POINT('',(0.0293196570128202,-0.0072790174745023,0.002));
#2935=CARTESIAN_POINT('',(0.0293196570128202,-0.0072790174745023,0.002));
#2936=CARTESIAN_POINT('',(0.0293196570128202,-0.0082148862164467,0.002));
#2937=CARTESIAN_POINT('',(0.0274803768843413,-0.00503211623057717,0.002));
#2938=CARTESIAN_POINT('',(0.0274803768843413,-0.000913477502763263,0.002));
#2939=CARTESIAN_POINT('',(0.024327302351594,-0.000913477502763263,0.002));
#2940=CARTESIAN_POINT('',(0.0211742278188467,-0.000913477502763265,0.002));
#2941=CARTESIAN_POINT('',(0.0170555890910328,-0.00503211623057718,0.002));
#2942=CARTESIAN_POINT('',(0.0137072393275375,-0.000913477502763265,0.002));
#2943=CARTESIAN_POINT('',(0.00892725660473712,-0.000913477502763282,0.002));
#2944=CARTESIAN_POINT('',(-2.38524477946811E-18,-2.71050543121376E-19,0.002));
#2945=CARTESIAN_POINT('',(0.000913477502763269,-0.00892725660473712,0.002));
#2946=CARTESIAN_POINT('',(0.000913477502763268,-0.00903900578156411,0.002));
#2947=CARTESIAN_POINT('',(-0.000913477502763278,-0.00903900578156411,0.002));
#2948=CARTESIAN_POINT('',(-0.000913477502763278,-0.00892725660473712,0.002));
#2949=CARTESIAN_POINT('',(2.71050543121376E-19,3.84891771232354E-18,0.002));
#2950=CARTESIAN_POINT('',(-0.00892725660473713,-0.000913477502763282,0.002));
#2951=CARTESIAN_POINT('',(-0.0137072393275375,-0.000913477502763265,0.002));
#2952=CARTESIAN_POINT('',(-0.0170555890910328,-0.00503211623057719,0.002));
#2953=CARTESIAN_POINT('',(-0.0211742278188467,-0.000913477502763279,0.002));
#2954=CARTESIAN_POINT('',(-0.024327302351594,-0.00091347750276328,0.002));
#2955=CARTESIAN_POINT('',(-0.0274803768843413,-0.000913477502763282,0.002));
#2956=CARTESIAN_POINT('',(-0.0274803768843413,-0.0108108182065189,0.002));
#2957=CARTESIAN_POINT('',(-0.0293196570128202,-0.0108108182065189,0.002));
#2958=CARTESIAN_POINT('',(-0.0293196570128202,-0.00727901747450234,0.002));
#2959=CARTESIAN_POINT('',(-0.031459710674292,-0.00915075497601115,0.002));
#2960=CARTESIAN_POINT('',(-0.0310832745156577,-0.00875003121314981,0.002));
#2961=CARTESIAN_POINT('',(-0.0305158360915665,-0.00801087580691553,0.002));
#2962=CARTESIAN_POINT('',(-0.0298366792919821,-0.00734105987331101,0.002));
#2963=CARTESIAN_POINT('',(-0.0297705753319046,-0.00727901747450234,0.002));
#2964=CARTESIAN_POINT('',(-0.0293196570128202,-0.00727901747450234,0.002));
#2965=CARTESIAN_POINT('',(-0.071715459227562,-2.77555756156289E-17,0.002));
#2966=CARTESIAN_POINT('',(-0.0665845689464554,-0.00123660370976087,0.002));
#2967=CARTESIAN_POINT('',(-0.0596407165657993,-0.00291013618485493,0.002));
#2968=CARTESIAN_POINT('',(-0.0556508802306858,-0.00387328739136966,0.002));
#2969=CARTESIAN_POINT('',(-0.0507884377993752,-0.00756182764772136,0.002));
#2970=CARTESIAN_POINT('',(-0.0486943184472963,-0.0091507549583983,0.002));
#2971=CARTESIAN_POINT('',(-0.071715459227562,-2.78928662067202E-17,0.002));
#2972=CARTESIAN_POINT('',(-0.071715459227562,-2.78928662067202E-17,0.002));
#2973=CARTESIAN_POINT('',(-0.0665845689464554,0.00123660370976081,0.002));
#2974=CARTESIAN_POINT('',(-0.0596407165657993,0.00291013618485486,0.002));
#2975=CARTESIAN_POINT('',(-0.0554452766020554,0.00392292035030492,0.002));
#2976=CARTESIAN_POINT('',(-0.0476288041047014,0.0100154558742668,0.002));
#2977=CARTESIAN_POINT('',(-0.044208336050068,0.012447933181341,0.002));
#2978=CARTESIAN_POINT('',(-0.0376239393026735,0.0129668880990177,0.002));
#2979=CARTESIAN_POINT('',(-0.0321896928611832,0.0102658960355082,0.002));
#2980=CARTESIAN_POINT('',(-0.0306660312805145,0.00815900526799082,0.002));
#2981=CARTESIAN_POINT('',(-0.0298366792919821,0.00734105987331099,0.002));
#2982=CARTESIAN_POINT('',(-0.0297705753319046,0.00727901747450231,0.002));
#2983=CARTESIAN_POINT('',(-0.0293196570128202,0.00727901747450231,0.002));
#2984=CARTESIAN_POINT('',(-0.0293196570128202,0.00727901747450232,0.002));
#2985=CARTESIAN_POINT('',(-0.0293196570128202,0.00987494946457445,0.002));
#2986=CARTESIAN_POINT('',(-0.0293196570128202,0.0124708814546466,0.002));
#2987=CARTESIAN_POINT('',(-0.0284000169485807,0.0124708814546466,0.002));
#2988=CARTESIAN_POINT('',(-0.0274803768843413,0.0124708814546466,0.002));
#2989=CARTESIAN_POINT('',(-0.0274803768843413,0.00669217947870492,0.002));
#2990=CARTESIAN_POINT('',(-0.0274803768843413,0.000913477502763262,0.002));
#2991=CARTESIAN_POINT('',(-0.024327302351594,0.000913477502763263,0.002));
#2992=CARTESIAN_POINT('',(-0.0211742278188467,0.000913477502763268,0.002));
#2993=CARTESIAN_POINT('',(-0.00581019196248012,0.0162775133591299,0.002));
#2994=CARTESIAN_POINT('',(-0.000913477502763272,0.0211742278188467,0.002));
#2995=CARTESIAN_POINT('',(-0.000913477502763272,0.024327302351594,0.002));
#2996=CARTESIAN_POINT('',(-0.000913477502763275,0.0274803768843413,0.002));
#2997=CARTESIAN_POINT('',(-0.00669217947870493,0.0274803768843413,0.002));
#2998=CARTESIAN_POINT('',(-0.0124708814546466,0.0274803768843413,0.002));
#2999=CARTESIAN_POINT('',(-0.0124708814546466,0.0284000169485807,0.002));
#3000=CARTESIAN_POINT('',(-0.0124708814546466,0.0293196570128202,0.002));
#3001=CARTESIAN_POINT('',(-0.00987494946457446,0.0293196570128202,0.002));
#3002=CARTESIAN_POINT('',(-0.00727901747450233,0.0293196570128202,0.002));
#3003=CARTESIAN_POINT('',(-0.0112072766784165,0.0458492450416059,0.002));
#3004=CARTESIAN_POINT('',(-0.0115826129956548,0.0452364285663903,0.002));
#3005=CARTESIAN_POINT('',(-0.0125231918837683,0.0432534686066804,0.002));
#3006=CARTESIAN_POINT('',(-0.0129668880990177,0.0376239393026735,0.002));
#3007=CARTESIAN_POINT('',(-0.0102658960355083,0.0321896928611832,0.002));
#3008=CARTESIAN_POINT('',(-0.00815900526799083,0.0306660312805145,0.002));
#3009=CARTESIAN_POINT('',(-0.00734105987331101,0.0298366792919821,0.002));
#3010=CARTESIAN_POINT('',(-0.00727901747450233,0.0297705753319046,0.002));
#3011=CARTESIAN_POINT('',(-0.00727901747450233,0.0293196570128202,0.002));
#3012=CARTESIAN_POINT('',(-0.0142622590327482,0.0051384405203529,0.002));
#3013=CARTESIAN_POINT('',(-0.0184872220503378,0.000913477502763281,0.002));
#3014=CARTESIAN_POINT('',(-0.000913477502763275,0.0184872220503378,0.002));
#3015=CARTESIAN_POINT('',(-0.0137072393275375,0.000913477502763281,0.002));
#3016=CARTESIAN_POINT('',(-0.00892725660473713,0.000913477502763282,0.002));
#3017=CARTESIAN_POINT('',(2.71050543121376E-19,-3.84891771232354E-18,0.002));
#3018=CARTESIAN_POINT('',(-0.000913477502763278,0.00892725660473712,0.002));
#3019=CARTESIAN_POINT('',(-0.000913477502763277,0.0137072393275375,0.002));
#3020=CARTESIAN_POINT('',(0.00091347750276327,0.0137072393275375,0.002));
#3021=CARTESIAN_POINT('',(0.000913477502763271,0.0184872220503378,0.002));
#3022=CARTESIAN_POINT('',(0.000913477502763269,0.00892725660473712,0.002));
#3023=CARTESIAN_POINT('',(-2.33103467084383E-18,2.16840434497101E-19,0.002));
#3024=CARTESIAN_POINT('',(0.00892725660473712,0.000913477502763281,0.002));
#3025=CARTESIAN_POINT('',(0.0137072393275375,0.000913477502763281,0.002));
#3026=CARTESIAN_POINT('',(0.0184872220503378,0.000913477502763281,0.002));
#3027=CARTESIAN_POINT('',(0.0051384405203529,0.0142622590327482,0.002));
#3028=CARTESIAN_POINT('',(-0.0170555890910328,-0.00503211623057719,0.004));
#3029=CARTESIAN_POINT('',(-0.0170555890910328,-0.00503211623057719,-0.001));
#3030=CARTESIAN_POINT('',(-0.0211742278188467,-0.000913477502763279,-0.001));
#3031=CARTESIAN_POINT('',(-0.0211742278188467,-0.000913477502763279,0.004));
#3032=CARTESIAN_POINT('',(-0.024327302351594,-0.00091347750276328,0.004));
#3033=CARTESIAN_POINT('',(-0.024327302351594,-0.00091347750276328,-0.001));
#3034=CARTESIAN_POINT('',(-0.0274803768843413,-0.000913477502763282,-0.001));
#3035=CARTESIAN_POINT('',(-0.0274803768843413,-0.000913477502763282,0.004));
#3036=CARTESIAN_POINT('',(-0.0274803768843413,-0.0050321162305772,0.004));
#3037=CARTESIAN_POINT('',(-0.0274803768843413,-0.0050321162305772,-0.001));
#3038=CARTESIAN_POINT('',(0.,0.,-0.001));
#3039=CARTESIAN_POINT('',(-0.071715459227562,-2.78928662067202E-17,0.002));
#3040=CARTESIAN_POINT('',(-0.071715459227562,-2.78928662067202E-17,-0.001));
#3041=CARTESIAN_POINT('',(-0.0699902496459133,0.000415795398439408,0.002));
#3042=CARTESIAN_POINT('',(-0.0699902496459133,0.000415795398439408,-0.001));
#3043=CARTESIAN_POINT('',(-0.0667129008043275,0.00120555051390823,0.002));
#3044=CARTESIAN_POINT('',(-0.0667129008043275,0.00120555051390823,-0.001));
#3045=CARTESIAN_POINT('',(-0.062520602842603,0.00221657817981447,0.002));
#3046=CARTESIAN_POINT('',(-0.062520602842603,0.00221657817981447,-0.001));
#3047=CARTESIAN_POINT('',(-0.0592669796406182,0.00299901521302023,0.002));
#3048=CARTESIAN_POINT('',(-0.0592669796406182,0.00299901521302023,-0.001));
#3049=CARTESIAN_POINT('',(-0.0574865241948892,0.00343483439265521,0.002));
#3050=CARTESIAN_POINT('',(-0.0574865241948892,0.00343483439265521,-0.001));
#3051=CARTESIAN_POINT('',(-0.0560156014898988,0.00407098153263078,0.002));
#3052=CARTESIAN_POINT('',(-0.0560156014898988,0.00407098153263078,-0.001));
#3053=CARTESIAN_POINT('',(-0.0547168536573787,0.00481433037550771,0.002));
#3054=CARTESIAN_POINT('',(-0.0547168536573787,0.00481433037550771,-0.001));
#3055=CARTESIAN_POINT('',(-0.0532072954070344,0.00581716510502198,0.002));
#3056=CARTESIAN_POINT('',(-0.0532072954070344,0.00581716510502198,-0.001));
#3057=CARTESIAN_POINT('',(-0.0516082466374952,0.00696070254346613,0.002));
#3058=CARTESIAN_POINT('',(-0.0516082466374952,0.00696070254346613,-0.001));
#3059=CARTESIAN_POINT('',(-0.0500125418697928,0.00815000484702469,0.002));
#3060=CARTESIAN_POINT('',(-0.0500125418697928,0.00815000484702469,-0.001));
#3061=CARTESIAN_POINT('',(-0.0485143214986261,0.00928714793963454,0.002));
#3062=CARTESIAN_POINT('',(-0.0485143214986261,0.00928714793963454,-0.001));
#3063=CARTESIAN_POINT('',(-0.0472309878016227,0.0102623073403311,0.002));
#3064=CARTESIAN_POINT('',(-0.0472309878016227,0.0102623073403311,-0.001));
#3065=CARTESIAN_POINT('',(-0.0458190151086194,0.0112774245140338,0.002));
#3066=CARTESIAN_POINT('',(-0.0458190151086194,0.0112774245140338,-0.001));
#3067=CARTESIAN_POINT('',(-0.0442275542786936,0.0121123079203746,0.002));
#3068=CARTESIAN_POINT('',(-0.0442275542786936,0.0121123079203746,-0.001));
#3069=CARTESIAN_POINT('',(-0.0414431135938386,0.0126549624799714,0.002));
#3070=CARTESIAN_POINT('',(-0.0414431135938386,0.0126549624799714,-0.001));
#3071=CARTESIAN_POINT('',(-0.0382135028467821,0.0125881346876697,0.002));
#3072=CARTESIAN_POINT('',(-0.0382135028467821,0.0125881346876697,-0.001));
#3073=CARTESIAN_POINT('',(-0.0350865787366371,0.0116748391421803,0.002));
#3074=CARTESIAN_POINT('',(-0.0350865787366371,0.0116748391421803,-0.001));
#3075=CARTESIAN_POINT('',(-0.0329382563246191,0.0104795516206173,0.002));
#3076=CARTESIAN_POINT('',(-0.0329382563246191,0.0104795516206173,-0.001));
#3077=CARTESIAN_POINT('',(-0.031741981402844,0.00947243759524395,0.002));
#3078=CARTESIAN_POINT('',(-0.031741981402844,0.00947243759524395,-0.001));
#3079=CARTESIAN_POINT('',(-0.0310848474014421,0.00874365266542693,0.002));
#3080=CARTESIAN_POINT('',(-0.0310848474014421,0.00874365266542693,-0.001));
#3081=CARTESIAN_POINT('',(-0.0305683746722442,0.00809953318611398,0.002));
#3082=CARTESIAN_POINT('',(-0.0305683746722442,0.00809953318611398,-0.001));
#3083=CARTESIAN_POINT('',(-0.0301797599062156,0.00768031849196381,0.002));
#3084=CARTESIAN_POINT('',(-0.0301797599062156,0.00768031849196381,-0.001));
#3085=CARTESIAN_POINT('',(-0.0299439201502864,0.00744931472255867,0.002));
#3086=CARTESIAN_POINT('',(-0.0299439201502864,0.00744931472255867,-0.001));
#3087=CARTESIAN_POINT('',(-0.0298083967673458,0.00730315240330208,0.002));
#3088=CARTESIAN_POINT('',(-0.0298083967673458,0.00730315240330208,-0.001));
#3089=CARTESIAN_POINT('',(-0.0296669094697562,0.00727901747450231,0.002));
#3090=CARTESIAN_POINT('',(-0.0296669094697562,0.00727901747450231,-0.001));
#3091=CARTESIAN_POINT('',(-0.0293196570128202,0.00727901747450231,0.002));
#3092=CARTESIAN_POINT('',(-0.0293196570128202,0.00727901747450231,-0.001));
#3093=CARTESIAN_POINT('',(-0.0293196570128202,0.00727901747450232,0.004));
#3094=CARTESIAN_POINT('',(-0.0293196570128202,0.00727901747450232,-0.001));
#3095=CARTESIAN_POINT('',(-0.071715459227562,-2.78928662067202E-17,0.004));
#3096=CARTESIAN_POINT('',(-0.071715459227562,-2.78928662067202E-17,-0.001));
#3097=CARTESIAN_POINT('',(-0.071715459227562,-2.78928662067202E-17,-0.001));
#3098=CARTESIAN_POINT('',(-0.0665845689464554,0.00123660370976081,-0.001));
#3099=CARTESIAN_POINT('',(-0.0596407165657993,0.00291013618485486,-0.001));
#3100=CARTESIAN_POINT('',(-0.0554452766020554,0.00392292035030492,-0.001));
#3101=CARTESIAN_POINT('',(-0.0476288041047014,0.0100154558742668,-0.001));
#3102=CARTESIAN_POINT('',(-0.044208336050068,0.012447933181341,-0.001));
#3103=CARTESIAN_POINT('',(-0.0376239393026735,0.0129668880990177,-0.001));
#3104=CARTESIAN_POINT('',(-0.0321896928611832,0.0102658960355082,-0.001));
#3105=CARTESIAN_POINT('',(-0.0306660312805145,0.00815900526799082,-0.001));
#3106=CARTESIAN_POINT('',(-0.0298366792919821,0.00734105987331099,-0.001));
#3107=CARTESIAN_POINT('',(-0.0297705753319046,0.00727901747450231,-0.001));
#3108=CARTESIAN_POINT('',(-0.0293196570128202,0.00727901747450231,-0.001));
#3109=CARTESIAN_POINT('',(-0.0293196570128202,0.00987494946457445,0.004));
#3110=CARTESIAN_POINT('',(-0.0293196570128202,0.0124708814546466,0.004));
#3111=CARTESIAN_POINT('',(-0.0293196570128202,0.0124708814546466,-0.001));
#3112=CARTESIAN_POINT('',(-0.0293196570128202,0.00987494946457445,-0.001));
#3113=CARTESIAN_POINT('',(-0.0274803768843413,0.00669217947870492,0.004));
#3114=CARTESIAN_POINT('',(-0.0274803768843413,0.000913477502763262,0.004));
#3115=CARTESIAN_POINT('',(-0.0274803768843413,0.000913477502763262,-0.001));
#3116=CARTESIAN_POINT('',(-0.0274803768843413,0.0124708814546466,0.004));
#3117=CARTESIAN_POINT('',(-0.0274803768843413,0.0124708814546466,-0.001));
#3118=CARTESIAN_POINT('',(-0.0274803768843413,0.00669217947870492,-0.001));
#3119=CARTESIAN_POINT('',(-0.024327302351594,0.000913477502763263,0.004));
#3120=CARTESIAN_POINT('',(-0.0211742278188467,0.000913477502763268,0.004));
#3121=CARTESIAN_POINT('',(-0.0211742278188467,0.000913477502763268,-0.001));
#3122=CARTESIAN_POINT('',(-0.024327302351594,0.000913477502763263,-0.001));
#3123=CARTESIAN_POINT('',(-0.0162775133591299,0.00581019196248011,0.004));
#3124=CARTESIAN_POINT('',(-0.000913477502763272,0.0211742278188467,0.004));
#3125=CARTESIAN_POINT('',(-0.000913477502763272,0.0211742278188467,-0.001));
#3126=CARTESIAN_POINT('',(-0.0162775133591299,0.00581019196248011,-0.001));
#3127=CARTESIAN_POINT('',(-0.000913477502763272,0.024327302351594,0.004));
#3128=CARTESIAN_POINT('',(-0.000913477502763272,0.024327302351594,-0.001));
#3129=CARTESIAN_POINT('',(-0.000913477502763275,0.0274803768843413,-0.001));
#3130=CARTESIAN_POINT('',(-0.000913477502763275,0.0274803768843413,0.004));
#3131=CARTESIAN_POINT('',(-0.00669217947870493,0.0274803768843413,0.004));
#3132=CARTESIAN_POINT('',(-0.00669217947870493,0.0274803768843413,-0.001));
#3133=CARTESIAN_POINT('',(-0.0124708814546466,0.0274803768843413,-0.001));
#3134=CARTESIAN_POINT('',(-0.0124708814546466,0.0274803768843413,0.004));
#3135=CARTESIAN_POINT('',(-0.00987494946457446,0.0293196570128202,0.004));
#3136=CARTESIAN_POINT('',(-0.0124708814546466,0.0293196570128202,0.004));
#3137=CARTESIAN_POINT('',(-0.0124708814546466,0.0293196570128202,-0.001));
#3138=CARTESIAN_POINT('',(-0.00987494946457446,0.0293196570128202,-0.001));
#3139=CARTESIAN_POINT('',(-0.00727901747450233,0.0293196570128202,-0.001));
#3140=CARTESIAN_POINT('',(-0.00727901747450233,0.0293196570128202,0.004));
#3141=CARTESIAN_POINT('',(-0.0112072766784165,0.0458492450416059,0.002));
#3142=CARTESIAN_POINT('',(-0.0112072766784165,0.0458492450416059,-0.001));
#3143=CARTESIAN_POINT('',(-0.0116122582462201,0.0451880263811395,0.002));
#3144=CARTESIAN_POINT('',(-0.0116122582462201,0.0451880263811395,-0.001));
#3145=CARTESIAN_POINT('',(-0.0122139971841197,0.0438843143361744,0.002));
#3146=CARTESIAN_POINT('',(-0.0122139971841197,0.0438843143361744,-0.001));
#3147=CARTESIAN_POINT('',(-0.0126809457315994,0.0410513180534035,0.002));
#3148=CARTESIAN_POINT('',(-0.0126809457315994,0.0410513180534035,-0.001));
#3149=CARTESIAN_POINT('',(-0.0125285090311667,0.0378819904272474,0.002));
#3150=CARTESIAN_POINT('',(-0.0125285090311667,0.0378819904272474,-0.001));
#3151=CARTESIAN_POINT('',(-0.0115661565588319,0.0348522327715076,0.002));
#3152=CARTESIAN_POINT('',(-0.0115661565588319,0.0348522327715076,-0.001));
#3153=CARTESIAN_POINT('',(-0.0103818032909015,0.0327972877057049,0.002));
#3154=CARTESIAN_POINT('',(-0.0103818032909015,0.0327972877057049,-0.001));
#3155=CARTESIAN_POINT('',(-0.00939565899910158,0.0316672549026741,0.002));
#3156=CARTESIAN_POINT('',(-0.00939565899910158,0.0316672549026741,-0.001));
#3157=CARTESIAN_POINT('',(-0.00868748963179247,0.0310392550255126,0.002));
#3158=CARTESIAN_POINT('',(-0.00868748963179247,0.0310392550255126,-0.000999999999999999));
#3159=CARTESIAN_POINT('',(-0.00806485702195081,0.030538804719822,0.002));
#3160=CARTESIAN_POINT('',(-0.00806485702195081,0.030538804719822,-0.001));
#3161=CARTESIAN_POINT('',(-0.00766183526183484,0.0301613320107957,0.002));
#3162=CARTESIAN_POINT('',(-0.00766183526183484,0.0301613320107957,-0.001));
#3163=CARTESIAN_POINT('',(-0.00744104564194207,0.0299356182751856,0.002));
#3164=CARTESIAN_POINT('',(-0.00744104564194207,0.0299356182751856,-0.001));
#3165=CARTESIAN_POINT('',(-0.00730225327754964,0.0298066010452614,0.002));
#3166=CARTESIAN_POINT('',(-0.00730225327754964,0.0298066010452614,-0.001));
#3167=CARTESIAN_POINT('',(-0.00727901747450233,0.0296597879241625,0.002));
#3168=CARTESIAN_POINT('',(-0.00727901747450233,0.0296597879241625,-0.001));
#3169=CARTESIAN_POINT('',(-0.00727901747450233,0.0293196570128203,0.002));
#3170=CARTESIAN_POINT('',(-0.00727901747450233,0.0293196570128203,-0.001));
#3171=CARTESIAN_POINT('',(-0.0112072766784165,0.0458492450416059,-0.001));
#3172=CARTESIAN_POINT('',(-0.0115826129956548,0.0452364285663903,-0.001));
#3173=CARTESIAN_POINT('',(-0.0125231918837683,0.0432534686066804,-0.001));
#3174=CARTESIAN_POINT('',(-0.0129668880990177,0.0376239393026735,-0.001));
#3175=CARTESIAN_POINT('',(-0.0102658960355083,0.0321896928611832,-0.001));
#3176=CARTESIAN_POINT('',(-0.00815900526799083,0.0306660312805145,-0.001));
#3177=CARTESIAN_POINT('',(-0.00734105987331101,0.0298366792919821,-0.001));
#3178=CARTESIAN_POINT('',(-0.00727901747450233,0.0297705753319046,-0.001));
#3179=CARTESIAN_POINT('',(-0.00727901747450233,0.0293196570128202,-0.001));
#3180=CARTESIAN_POINT('',(-0.0112072766784165,0.0458492450416089,-0.001));
#3181=CARTESIAN_POINT('',(-0.0112072766784165,0.0458492450416089,0.004));
#3182=CARTESIAN_POINT('',(-0.071715459227562,-2.77555756156289E-17,0.002));
#3183=CARTESIAN_POINT('',(-0.071715459227562,-2.77555756156289E-17,-0.001));
#3184=CARTESIAN_POINT('',(-0.0702169627295742,-0.000361154931591302,0.002));
#3185=CARTESIAN_POINT('',(-0.0702169627295742,-0.000361154931591302,-0.001));
#3186=CARTESIAN_POINT('',(-0.0673502234109752,-0.00105210919958977,0.002));
#3187=CARTESIAN_POINT('',(-0.0673502234109752,-0.00105210919958977,-0.001));
#3188=CARTESIAN_POINT('',(-0.0635775011906062,-0.00196126160005958,0.002));
#3189=CARTESIAN_POINT('',(-0.0635775011906062,-0.00196126160005958,-0.001));
#3190=CARTESIAN_POINT('',(-0.0609839180901635,-0.00258702972222783,0.002));
#3191=CARTESIAN_POINT('',(-0.0609839180901635,-0.00258702972222783,-0.001));
#3192=CARTESIAN_POINT('',(-0.059312063201292,-0.00298909708049617,0.002));
#3193=CARTESIAN_POINT('',(-0.059312063201292,-0.00298909708049617,-0.001));
#3194=CARTESIAN_POINT('',(-0.0579142098951372,-0.00333091331883586,0.002));
#3195=CARTESIAN_POINT('',(-0.0579142098951372,-0.00333091331883586,-0.001));
#3196=CARTESIAN_POINT('',(-0.0567157456084465,-0.00372767574008967,0.002));
#3197=CARTESIAN_POINT('',(-0.0567157456084465,-0.00372767574008967,-0.001));
#3198=CARTESIAN_POINT('',(-0.0553201268082202,-0.00445500149569344,0.002));
#3199=CARTESIAN_POINT('',(-0.0553201268082202,-0.00445500149569344,-0.001));
#3200=CARTESIAN_POINT('',(-0.0536774664680803,-0.0054806139695559,0.002));
#3201=CARTESIAN_POINT('',(-0.0536774664680803,-0.0054806139695559,-0.000999999999999999));
#3202=CARTESIAN_POINT('',(-0.0513434395270874,-0.00714084984977788,0.002));
#3203=CARTESIAN_POINT('',(-0.0513434395270874,-0.00714084984977788,-0.001));
#3204=CARTESIAN_POINT('',(-0.0495138545370927,-0.00852892637261585,0.002));
#3205=CARTESIAN_POINT('',(-0.0495138545370927,-0.00852892637261585,-0.001));
#3206=CARTESIAN_POINT('',(-0.0486943184472963,-0.0091507549583983,0.002));
#3207=CARTESIAN_POINT('',(-0.0486943184472963,-0.0091507549583983,-0.001));
#3208=CARTESIAN_POINT('',(-0.0486943184472963,-0.00915075495839113,0.004));
#3209=CARTESIAN_POINT('',(-0.0486943184472963,-0.00915075495839113,-0.001));
#3210=CARTESIAN_POINT('',(-0.071715459227562,-2.77555756156289E-17,-0.001));
#3211=CARTESIAN_POINT('',(-0.0665845689464554,-0.00123660370976087,-0.001));
#3212=CARTESIAN_POINT('',(-0.0596407165657993,-0.00291013618485493,-0.001));
#3213=CARTESIAN_POINT('',(-0.0556508802306858,-0.00387328739136966,-0.001));
#3214=CARTESIAN_POINT('',(-0.0507884377993752,-0.00756182764772136,-0.001));
#3215=CARTESIAN_POINT('',(-0.0486943184472963,-0.0091507549583983,-0.001));
#3216=CARTESIAN_POINT('',(-0.0284000169485807,0.0124708814546466,0.004));
#3217=CARTESIAN_POINT('',(-0.0284000169485807,0.0124708814546466,-0.001));
#3218=CARTESIAN_POINT('',(-0.0124708814546466,0.0284000169485807,0.004));
#3219=CARTESIAN_POINT('',(-0.0124708814546466,0.0284000169485807,-0.001));
#3220=CARTESIAN_POINT('',(-0.0836848883392083,0.0458492450416089,0.004));
#3221=CARTESIAN_POINT('',(-0.0836848883392083,0.0458492450416089,-0.001));
#3222=CARTESIAN_POINT('',(-0.1561625,0.0458492450416089,-0.001));
#3223=CARTESIAN_POINT('',(-0.1561625,0.0458492450416089,0.004));
#3224=CARTESIAN_POINT('',(-0.0836848883392083,0.0458492450416089,0.004));
#3225=CARTESIAN_POINT('',(-0.1561625,0.0183492450416088,0.004));
#3226=CARTESIAN_POINT('',(-0.1561625,0.0183492450416088,-0.001));
#3227=CARTESIAN_POINT('',(-0.1561625,-0.0091507549583912,-0.001));
#3228=CARTESIAN_POINT('',(-0.1561625,-0.0091507549583912,0.004));
#3229=CARTESIAN_POINT('',(-0.102428409223648,-0.00915075495839116,0.004));
#3230=CARTESIAN_POINT('',(-0.102428409223648,-0.00915075495839116,-0.001));
#3231=CARTESIAN_POINT('',(-0.102428409223648,-0.00915075495839116,0.004));
#3232=CARTESIAN_POINT('',(0.,0.,-0.001));
#3233=CARTESIAN_POINT('',(-0.0293196570128202,-0.00821488621644673,0.004));
#3234=CARTESIAN_POINT('',(-0.0293196570128202,-0.00915075495839112,0.004));
#3235=CARTESIAN_POINT('',(-0.0293196570128202,-0.00915075495839112,-0.001));
#3236=CARTESIAN_POINT('',(-0.0293196570128202,-0.00821488621644673,-0.001));
#3237=CARTESIAN_POINT('',(-0.0293196570128202,-0.00727901747450234,-0.001));
#3238=CARTESIAN_POINT('',(-0.0293196570128202,-0.00727901747450234,0.004));
#3239=CARTESIAN_POINT('',(-0.031459710674292,-0.00915075497601115,0.002));
#3240=CARTESIAN_POINT('',(-0.031459710674292,-0.00915075497601115,-0.001));
#3241=CARTESIAN_POINT('',(-0.031201315125711,-0.00887568778557535,0.002));
#3242=CARTESIAN_POINT('',(-0.031201315125711,-0.00887568778557535,-0.001));
#3243=CARTESIAN_POINT('',(-0.0307739399492237,-0.00834895549647616,0.002));
#3244=CARTESIAN_POINT('',(-0.0307739399492237,-0.00834895549647616,-0.001));
#3245=CARTESIAN_POINT('',(-0.0302091696675532,-0.00770779852891164,0.002));
#3246=CARTESIAN_POINT('',(-0.0302091696675532,-0.00770779852891164,-0.001));
#3247=CARTESIAN_POINT('',(-0.0298355630413373,-0.00731896383814613,0.002));
#3248=CARTESIAN_POINT('',(-0.0298355630413373,-0.00731896383814613,-0.001));
#3249=CARTESIAN_POINT('',(-0.0297151708988197,-0.00727901747450234,0.002));
#3250=CARTESIAN_POINT('',(-0.0297151708988197,-0.00727901747450234,-0.001));
#3251=CARTESIAN_POINT('',(-0.0293196570128202,-0.00727901747450234,0.002));
#3252=CARTESIAN_POINT('',(-0.0293196570128202,-0.00727901747450234,-0.001));
#3253=CARTESIAN_POINT('',(-0.031459710674292,-0.00915075497601115,-0.001));
#3254=CARTESIAN_POINT('',(-0.0310832745156577,-0.00875003121314981,-0.001));
#3255=CARTESIAN_POINT('',(-0.0305158360915665,-0.00801087580691553,-0.001));
#3256=CARTESIAN_POINT('',(-0.0298366792919821,-0.00734105987331101,-0.001));
#3257=CARTESIAN_POINT('',(-0.0297705753319046,-0.00727901747450234,-0.001));
#3258=CARTESIAN_POINT('',(-0.0293196570128202,-0.00727901747450234,-0.001));
#3259=CARTESIAN_POINT('',(-0.031459710674292,-0.00915075495839112,-0.001));
#3260=CARTESIAN_POINT('',(-0.031459710674292,-0.00915075495839112,0.004));
#3261=CARTESIAN_POINT('',(-0.0303896838435561,-0.00915075495839112,0.004));
#3262=CARTESIAN_POINT('',(-0.0303896838435561,-0.00915075495839112,-0.001));
#3263=CARTESIAN_POINT('',(-0.0303896838435561,-0.00915075495839112,0.004));
#3264=CARTESIAN_POINT('',(0.,0.,-0.001));
#3265=CARTESIAN_POINT('',(0.0112072766784164,0.0458492450416059,0.002));
#3266=CARTESIAN_POINT('',(0.0112072766784164,0.0458492450416059,-0.001));
#3267=CARTESIAN_POINT('',(0.0116122582462201,0.0451880263811395,0.002));
#3268=CARTESIAN_POINT('',(0.0116122582462201,0.0451880263811395,-0.001));
#3269=CARTESIAN_POINT('',(0.0122139971841196,0.0438843143361744,0.002));
#3270=CARTESIAN_POINT('',(0.0122139971841196,0.0438843143361744,-0.001));
#3271=CARTESIAN_POINT('',(0.0126809457315994,0.0410513180534035,0.002));
#3272=CARTESIAN_POINT('',(0.0126809457315994,0.0410513180534035,-0.001));
#3273=CARTESIAN_POINT('',(0.0125285090311667,0.0378819904272474,0.002));
#3274=CARTESIAN_POINT('',(0.0125285090311667,0.0378819904272474,-0.001));
#3275=CARTESIAN_POINT('',(0.0115661565588319,0.0348522327715076,0.002));
#3276=CARTESIAN_POINT('',(0.0115661565588319,0.0348522327715076,-0.001));
#3277=CARTESIAN_POINT('',(0.0103818032909015,0.0327972877057049,0.002));
#3278=CARTESIAN_POINT('',(0.0103818032909015,0.0327972877057049,-0.001));
#3279=CARTESIAN_POINT('',(0.00939565899910158,0.0316672549026741,0.002));
#3280=CARTESIAN_POINT('',(0.00939565899910158,0.0316672549026741,-0.001));
#3281=CARTESIAN_POINT('',(0.00868748963179247,0.0310392550255126,0.002));
#3282=CARTESIAN_POINT('',(0.00868748963179247,0.0310392550255126,-0.000999999999999999));
#3283=CARTESIAN_POINT('',(0.0080648570219508,0.030538804719822,0.002));
#3284=CARTESIAN_POINT('',(0.0080648570219508,0.030538804719822,-0.001));
#3285=CARTESIAN_POINT('',(0.00766183526183483,0.0301613320107957,0.002));
#3286=CARTESIAN_POINT('',(0.00766183526183483,0.0301613320107957,-0.001));
#3287=CARTESIAN_POINT('',(0.00744104564194206,0.0299356182751856,0.002));
#3288=CARTESIAN_POINT('',(0.00744104564194206,0.0299356182751856,-0.001));
#3289=CARTESIAN_POINT('',(0.00730225327754963,0.0298066010452614,0.002));
#3290=CARTESIAN_POINT('',(0.00730225327754963,0.0298066010452614,-0.001));
#3291=CARTESIAN_POINT('',(0.00727901747450232,0.0296597879241625,0.002));
#3292=CARTESIAN_POINT('',(0.00727901747450232,0.0296597879241625,-0.001));
#3293=CARTESIAN_POINT('',(0.00727901747450232,0.0293196570128203,0.002));
#3294=CARTESIAN_POINT('',(0.00727901747450232,0.0293196570128203,-0.001));
#3295=CARTESIAN_POINT('',(0.00727901747450233,0.0293196570128202,0.004));
#3296=CARTESIAN_POINT('',(0.00727901747450233,0.0293196570128202,-0.001));
#3297=CARTESIAN_POINT('',(0.0112072766784165,0.0458492450416089,0.004));
#3298=CARTESIAN_POINT('',(0.0112072766784165,0.0458492450416089,-0.001));
#3299=CARTESIAN_POINT('',(0.0112072766784164,0.0458492450416059,-0.001));
#3300=CARTESIAN_POINT('',(0.0115826129956548,0.0452364285663903,-0.001));
#3301=CARTESIAN_POINT('',(0.0125231918837683,0.0432534686066804,-0.001));
#3302=CARTESIAN_POINT('',(0.0129668880990177,0.0376239393026735,-0.001));
#3303=CARTESIAN_POINT('',(0.0102658960355083,0.0321896928611832,-0.001));
#3304=CARTESIAN_POINT('',(0.00815900526799083,0.0306660312805145,-0.001));
#3305=CARTESIAN_POINT('',(0.007341059873311,0.0298366792919821,-0.001));
#3306=CARTESIAN_POINT('',(0.00727901747450232,0.0297705753319046,-0.001));
#3307=CARTESIAN_POINT('',(0.00727901747450232,0.0293196570128202,-0.001));
#3308=CARTESIAN_POINT('',(0.00987494946457446,0.0293196570128202,0.004));
#3309=CARTESIAN_POINT('',(0.0124708814546466,0.0293196570128202,0.004));
#3310=CARTESIAN_POINT('',(0.0124708814546466,0.0293196570128202,-0.001));
#3311=CARTESIAN_POINT('',(0.00987494946457446,0.0293196570128202,-0.001));
#3312=CARTESIAN_POINT('',(0.00669217947870493,0.0274803768843413,0.004));
#3313=CARTESIAN_POINT('',(0.000913477502763272,0.0274803768843413,0.004));
#3314=CARTESIAN_POINT('',(0.000913477502763272,0.0274803768843413,-0.001));
#3315=CARTESIAN_POINT('',(0.0124708814546466,0.0274803768843413,0.004));
#3316=CARTESIAN_POINT('',(0.0124708814546466,0.0274803768843413,-0.001));
#3317=CARTESIAN_POINT('',(0.00669217947870493,0.0274803768843413,-0.001));
#3318=CARTESIAN_POINT('',(0.000913477502763272,0.024327302351594,0.004));
#3319=CARTESIAN_POINT('',(0.000913477502763276,0.0211742278188467,0.004));
#3320=CARTESIAN_POINT('',(0.000913477502763276,0.0211742278188467,-0.001));
#3321=CARTESIAN_POINT('',(0.000913477502763272,0.024327302351594,-0.001));
#3322=CARTESIAN_POINT('',(0.00581019196248012,0.0162775133591299,0.004));
#3323=CARTESIAN_POINT('',(0.0211742278188467,0.000913477502763279,0.004));
#3324=CARTESIAN_POINT('',(0.0211742278188467,0.000913477502763279,-0.001));
#3325=CARTESIAN_POINT('',(0.00581019196248012,0.0162775133591299,-0.001));
#3326=CARTESIAN_POINT('',(0.024327302351594,0.00091347750276328,0.004));
#3327=CARTESIAN_POINT('',(0.024327302351594,0.00091347750276328,-0.001));
#3328=CARTESIAN_POINT('',(0.0274803768843413,0.000913477502763282,-0.001));
#3329=CARTESIAN_POINT('',(0.0274803768843413,0.000913477502763282,0.004));
#3330=CARTESIAN_POINT('',(0.0274803768843413,0.00669217947870494,0.004));
#3331=CARTESIAN_POINT('',(0.0274803768843413,0.00669217947870494,-0.001));
#3332=CARTESIAN_POINT('',(0.0274803768843413,0.0124708814546466,-0.001));
#3333=CARTESIAN_POINT('',(0.0274803768843413,0.0124708814546466,0.004));
#3334=CARTESIAN_POINT('',(0.0293196570128202,0.00987494946457447,0.004));
#3335=CARTESIAN_POINT('',(0.0293196570128202,0.0124708814546466,0.004));
#3336=CARTESIAN_POINT('',(0.0293196570128202,0.0124708814546466,-0.001));
#3337=CARTESIAN_POINT('',(0.0293196570128202,0.00987494946457447,-0.001));
#3338=CARTESIAN_POINT('',(0.0293196570128202,0.00727901747450234,-0.001));
#3339=CARTESIAN_POINT('',(0.0293196570128202,0.00727901747450234,0.004));
#3340=CARTESIAN_POINT('',(0.071715459227562,4.64792998548507E-17,0.002));
#3341=CARTESIAN_POINT('',(0.071715459227562,4.64792998548507E-17,-0.001));
#3342=CARTESIAN_POINT('',(0.0699902496459133,0.000415795398439481,0.002));
#3343=CARTESIAN_POINT('',(0.0699902496459133,0.000415795398439481,-0.001));
#3344=CARTESIAN_POINT('',(0.0667129008043275,0.00120555051390831,0.002));
#3345=CARTESIAN_POINT('',(0.0667129008043275,0.00120555051390831,-0.001));
#3346=CARTESIAN_POINT('',(0.0625206028426029,0.00221657817981455,0.002));
#3347=CARTESIAN_POINT('',(0.0625206028426029,0.00221657817981455,-0.001));
#3348=CARTESIAN_POINT('',(0.0592669796406182,0.00299901521302031,0.002));
#3349=CARTESIAN_POINT('',(0.0592669796406182,0.00299901521302031,-0.001));
#3350=CARTESIAN_POINT('',(0.0574865241948892,0.00343483439265528,0.002));
#3351=CARTESIAN_POINT('',(0.0574865241948892,0.00343483439265528,-0.001));
#3352=CARTESIAN_POINT('',(0.0560156014898988,0.00407098153263083,0.002));
#3353=CARTESIAN_POINT('',(0.0560156014898988,0.00407098153263083,-0.001));
#3354=CARTESIAN_POINT('',(0.0547168536573787,0.00481433037550776,0.002));
#3355=CARTESIAN_POINT('',(0.0547168536573787,0.00481433037550776,-0.001));
#3356=CARTESIAN_POINT('',(0.0532072954070344,0.00581716510502202,0.002));
#3357=CARTESIAN_POINT('',(0.0532072954070344,0.00581716510502202,-0.001));
#3358=CARTESIAN_POINT('',(0.0516082466374952,0.00696070254346618,0.002));
#3359=CARTESIAN_POINT('',(0.0516082466374952,0.00696070254346618,-0.001));
#3360=CARTESIAN_POINT('',(0.0500125418697928,0.00815000484702473,0.002));
#3361=CARTESIAN_POINT('',(0.0500125418697928,0.00815000484702473,-0.001));
#3362=CARTESIAN_POINT('',(0.0485143214986261,0.00928714793963458,0.002));
#3363=CARTESIAN_POINT('',(0.0485143214986261,0.00928714793963458,-0.001));
#3364=CARTESIAN_POINT('',(0.0472309878016227,0.0102623073403311,0.002));
#3365=CARTESIAN_POINT('',(0.0472309878016227,0.0102623073403311,-0.001));
#3366=CARTESIAN_POINT('',(0.0458190151086194,0.0112774245140339,0.002));
#3367=CARTESIAN_POINT('',(0.0458190151086194,0.0112774245140339,-0.001));
#3368=CARTESIAN_POINT('',(0.0442275542786936,0.0121123079203746,0.002));
#3369=CARTESIAN_POINT('',(0.0442275542786936,0.0121123079203746,-0.001));
#3370=CARTESIAN_POINT('',(0.0414431135938386,0.0126549624799714,0.002));
#3371=CARTESIAN_POINT('',(0.0414431135938386,0.0126549624799714,-0.001));
#3372=CARTESIAN_POINT('',(0.0382135028467821,0.0125881346876698,0.002));
#3373=CARTESIAN_POINT('',(0.0382135028467821,0.0125881346876698,-0.001));
#3374=CARTESIAN_POINT('',(0.0350865787366371,0.0116748391421803,0.002));
#3375=CARTESIAN_POINT('',(0.0350865787366371,0.0116748391421803,-0.001));
#3376=CARTESIAN_POINT('',(0.0329382563246191,0.0104795516206173,0.002));
#3377=CARTESIAN_POINT('',(0.0329382563246191,0.0104795516206173,-0.001));
#3378=CARTESIAN_POINT('',(0.031741981402844,0.00947243759524399,0.002));
#3379=CARTESIAN_POINT('',(0.031741981402844,0.00947243759524399,-0.001));
#3380=CARTESIAN_POINT('',(0.0310848474014421,0.00874365266542698,0.002));
#3381=CARTESIAN_POINT('',(0.0310848474014421,0.00874365266542698,-0.001));
#3382=CARTESIAN_POINT('',(0.0305683746722442,0.00809953318611402,0.002));
#3383=CARTESIAN_POINT('',(0.0305683746722442,0.00809953318611402,-0.001));
#3384=CARTESIAN_POINT('',(0.0301797599062156,0.00768031849196384,0.002));
#3385=CARTESIAN_POINT('',(0.0301797599062156,0.00768031849196384,-0.001));
#3386=CARTESIAN_POINT('',(0.0299439201502864,0.00744931472255871,0.002));
#3387=CARTESIAN_POINT('',(0.0299439201502864,0.00744931472255871,-0.001));
#3388=CARTESIAN_POINT('',(0.0298083967673458,0.00730315240330211,0.002));
#3389=CARTESIAN_POINT('',(0.0298083967673458,0.00730315240330211,-0.001));
#3390=CARTESIAN_POINT('',(0.0296669094697562,0.00727901747450234,0.002));
#3391=CARTESIAN_POINT('',(0.0296669094697562,0.00727901747450234,-0.001));
#3392=CARTESIAN_POINT('',(0.0293196570128202,0.00727901747450234,0.002));
#3393=CARTESIAN_POINT('',(0.0293196570128202,0.00727901747450234,-0.001));
#3394=CARTESIAN_POINT('',(0.071715459227562,4.64792998548507E-17,-0.001));
#3395=CARTESIAN_POINT('',(0.0665845689464554,0.00123660370976088,-0.001));
#3396=CARTESIAN_POINT('',(0.0596407165657993,0.00291013618485495,-0.001));
#3397=CARTESIAN_POINT('',(0.0554452766020554,0.00392292035030495,-0.001));
#3398=CARTESIAN_POINT('',(0.0476288041047014,0.0100154558742668,-0.001));
#3399=CARTESIAN_POINT('',(0.044208336050068,0.0124479331813411,-0.001));
#3400=CARTESIAN_POINT('',(0.0376239393026735,0.0129668880990177,-0.001));
#3401=CARTESIAN_POINT('',(0.0321896928611832,0.0102658960355083,-0.001));
#3402=CARTESIAN_POINT('',(0.0306660312805145,0.00815900526799085,-0.001));
#3403=CARTESIAN_POINT('',(0.0298366792919821,0.00734105987331103,-0.001));
#3404=CARTESIAN_POINT('',(0.0297705753319046,0.00727901747450234,-0.001));
#3405=CARTESIAN_POINT('',(0.0293196570128202,0.00727901747450234,-0.001));
#3406=CARTESIAN_POINT('',(0.071715459227562,5.55111512312578E-17,-0.001));
#3407=CARTESIAN_POINT('',(0.071715459227562,5.55111512312578E-17,0.004));
#3408=CARTESIAN_POINT('',(0.0836848883392082,0.0458492450416089,0.004));
#3409=CARTESIAN_POINT('',(0.0836848883392082,0.0458492450416089,-0.001));
#3410=CARTESIAN_POINT('',(0.1561625,0.0458492450416089,-0.001));
#3411=CARTESIAN_POINT('',(0.0836848883392082,0.0458492450416089,0.004));
#3412=CARTESIAN_POINT('',(0.1561625,0.0458492450416089,0.004));
#3413=CARTESIAN_POINT('',(0.0124708814546466,0.0284000169485807,0.004));
#3414=CARTESIAN_POINT('',(0.0124708814546466,0.0284000169485807,-0.001));
#3415=CARTESIAN_POINT('',(0.0284000169485807,0.0124708814546466,0.004));
#3416=CARTESIAN_POINT('',(0.0284000169485807,0.0124708814546466,-0.001));
#3417=CARTESIAN_POINT('',(0.071715459227562,5.55111512312578E-17,0.002));
#3418=CARTESIAN_POINT('',(0.071715459227562,5.55111512312578E-17,-0.001));
#3419=CARTESIAN_POINT('',(0.0702169627295741,-0.000361154931591219,0.002));
#3420=CARTESIAN_POINT('',(0.0702169627295741,-0.000361154931591219,-0.001));
#3421=CARTESIAN_POINT('',(0.0673502234109752,-0.00105210919958969,0.002));
#3422=CARTESIAN_POINT('',(0.0673502234109752,-0.00105210919958969,-0.000999999999999999));
#3423=CARTESIAN_POINT('',(0.0635775011906062,-0.00196126160005951,0.002));
#3424=CARTESIAN_POINT('',(0.0635775011906062,-0.00196126160005951,-0.001));
#3425=CARTESIAN_POINT('',(0.0609839180901636,-0.00258702972222776,0.002));
#3426=CARTESIAN_POINT('',(0.0609839180901636,-0.00258702972222776,-0.001));
#3427=CARTESIAN_POINT('',(0.059312063201292,-0.00298909708049611,0.002));
#3428=CARTESIAN_POINT('',(0.059312063201292,-0.00298909708049611,-0.001));
#3429=CARTESIAN_POINT('',(0.0579142098951372,-0.00333091331883579,0.002));
#3430=CARTESIAN_POINT('',(0.0579142098951372,-0.00333091331883579,-0.001));
#3431=CARTESIAN_POINT('',(0.0567157456084465,-0.0037276757400896,0.002));
#3432=CARTESIAN_POINT('',(0.0567157456084465,-0.0037276757400896,-0.001));
#3433=CARTESIAN_POINT('',(0.0553201268082202,-0.00445500149569337,0.002));
#3434=CARTESIAN_POINT('',(0.0553201268082202,-0.00445500149569337,-0.001));
#3435=CARTESIAN_POINT('',(0.0536774664680803,-0.00548061396955581,0.002));
#3436=CARTESIAN_POINT('',(0.0536774664680803,-0.00548061396955581,-0.001));
#3437=CARTESIAN_POINT('',(0.0513434395270874,-0.00714084984977782,0.002));
#3438=CARTESIAN_POINT('',(0.0513434395270874,-0.00714084984977782,-0.001));
#3439=CARTESIAN_POINT('',(0.0495138545370927,-0.00852892637261578,0.002));
#3440=CARTESIAN_POINT('',(0.0495138545370927,-0.00852892637261578,-0.001));
#3441=CARTESIAN_POINT('',(0.0486943184472963,-0.00915075495839823,0.002));
#3442=CARTESIAN_POINT('',(0.0486943184472963,-0.00915075495839823,-0.001));
#3443=CARTESIAN_POINT('',(0.071715459227562,5.55111512312578E-17,-0.001));
#3444=CARTESIAN_POINT('',(0.0665845689464554,-0.00123660370976079,-0.001));
#3445=CARTESIAN_POINT('',(0.0596407165657993,-0.00291013618485487,-0.001));
#3446=CARTESIAN_POINT('',(0.0556508802306858,-0.0038732873913696,-0.001));
#3447=CARTESIAN_POINT('',(0.0507884377993752,-0.00756182764772129,-0.001));
#3448=CARTESIAN_POINT('',(0.0486943184472963,-0.00915075495839823,-0.001));
#3449=CARTESIAN_POINT('',(0.0486943184472964,-0.00915075495839106,-0.001));
#3450=CARTESIAN_POINT('',(0.0486943184472964,-0.00915075495839106,0.004));
#3451=CARTESIAN_POINT('',(0.102428409223648,-0.00915075495839103,0.004));
#3452=CARTESIAN_POINT('',(0.102428409223648,-0.00915075495839103,-0.001));
#3453=CARTESIAN_POINT('',(0.1561625,-0.00915075495839099,-0.001));
#3454=CARTESIAN_POINT('',(0.1561625,-0.00915075495839099,0.004));
#3455=CARTESIAN_POINT('',(0.102428409223648,-0.00915075495839103,0.004));
#3456=CARTESIAN_POINT('',(0.1561625,0.0183492450416089,0.004));
#3457=CARTESIAN_POINT('',(0.1561625,0.0183492450416089,-0.001));
#3458=CARTESIAN_POINT('',(0.,0.,-0.001));
#3459=CARTESIAN_POINT('',(0.031459710674292,-0.00915075497601111,0.002));
#3460=CARTESIAN_POINT('',(0.031459710674292,-0.00915075497601111,-0.001));
#3461=CARTESIAN_POINT('',(0.031201315125711,-0.00887568778557532,0.002));
#3462=CARTESIAN_POINT('',(0.031201315125711,-0.00887568778557532,-0.001));
#3463=CARTESIAN_POINT('',(0.0307739399492237,-0.00834895549647612,0.002));
#3464=CARTESIAN_POINT('',(0.0307739399492237,-0.00834895549647612,-0.001));
#3465=CARTESIAN_POINT('',(0.0302091696675532,-0.00770779852891161,0.002));
#3466=CARTESIAN_POINT('',(0.0302091696675532,-0.00770779852891161,-0.001));
#3467=CARTESIAN_POINT('',(0.0298355630413373,-0.0073189638381461,0.002));
#3468=CARTESIAN_POINT('',(0.0298355630413373,-0.0073189638381461,-0.001));
#3469=CARTESIAN_POINT('',(0.0297151708988197,-0.00727901747450231,0.002));
#3470=CARTESIAN_POINT('',(0.0297151708988197,-0.00727901747450231,-0.001));
#3471=CARTESIAN_POINT('',(0.0293196570128202,-0.0072790174745023,0.002));
#3472=CARTESIAN_POINT('',(0.0293196570128202,-0.0072790174745023,-0.001));
#3473=CARTESIAN_POINT('',(0.0293196570128202,-0.0072790174745023,0.004));
#3474=CARTESIAN_POINT('',(0.0293196570128202,-0.0072790174745023,-0.001));
#3475=CARTESIAN_POINT('',(0.031459710674292,-0.00915075495839107,0.004));
#3476=CARTESIAN_POINT('',(0.031459710674292,-0.00915075495839107,-0.001));
#3477=CARTESIAN_POINT('',(0.031459710674292,-0.00915075497601111,-0.001));
#3478=CARTESIAN_POINT('',(0.0310832745156577,-0.00875003121314978,-0.001));
#3479=CARTESIAN_POINT('',(0.0305158360915665,-0.00801087580691549,-0.001));
#3480=CARTESIAN_POINT('',(0.0298366792919821,-0.00734105987331098,-0.001));
#3481=CARTESIAN_POINT('',(0.0297705753319046,-0.00727901747450231,-0.001));
#3482=CARTESIAN_POINT('',(0.0293196570128202,-0.0072790174745023,-0.001));
#3483=CARTESIAN_POINT('',(0.0293196570128202,-0.0082148862164467,0.004));
#3484=CARTESIAN_POINT('',(0.0293196570128202,-0.00915075495839108,0.004));
#3485=CARTESIAN_POINT('',(0.0293196570128202,-0.00915075495839108,-0.001));
#3486=CARTESIAN_POINT('',(0.0293196570128202,-0.0082148862164467,-0.001));
#3487=CARTESIAN_POINT('',(0.0303896838435561,-0.00915075495839108,0.004));
#3488=CARTESIAN_POINT('',(0.0303896838435561,-0.00915075495839108,-0.001));
#3489=CARTESIAN_POINT('',(0.0303896838435561,-0.00915075495839108,0.004));
#3490=CARTESIAN_POINT('',(0.,0.,-0.001));
#3491=CARTESIAN_POINT('',(0.024327302351594,-0.000913477502763263,0.004));
#3492=CARTESIAN_POINT('',(0.0211742278188467,-0.000913477502763265,0.004));
#3493=CARTESIAN_POINT('',(0.0211742278188467,-0.000913477502763265,-0.001));
#3494=CARTESIAN_POINT('',(0.0274803768843413,-0.000913477502763263,0.004));
#3495=CARTESIAN_POINT('',(0.0274803768843413,-0.000913477502763263,-0.001));
#3496=CARTESIAN_POINT('',(0.024327302351594,-0.000913477502763263,-0.001));
#3497=CARTESIAN_POINT('',(0.0170555890910328,-0.00503211623057718,0.004));
#3498=CARTESIAN_POINT('',(0.0170555890910328,-0.00503211623057718,-0.001));
#3499=CARTESIAN_POINT('',(0.0274803768843413,-0.00503211623057717,0.004));
#3500=CARTESIAN_POINT('',(0.0274803768843413,-0.00503211623057717,-0.001));
#3501=CARTESIAN_POINT('',(0.,0.,-0.001));
#3502=CARTESIAN_POINT('',(0.,0.,-0.001));
#3503=CARTESIAN_POINT('',(0.0051384405203529,0.0142622590327482,-0.001));
#3504=CARTESIAN_POINT('',(0.000913477502763271,0.0184872220503378,-0.001));
#3505=CARTESIAN_POINT('',(0.0184872220503378,0.000913477502763281,-0.001));
#3506=CARTESIAN_POINT('',(0.0137072393275375,0.000913477502763281,-0.001));
#3507=CARTESIAN_POINT('',(0.00892725660473712,0.000913477502763281,-0.001));
#3508=CARTESIAN_POINT('',(-2.33103467084383E-18,2.16840434497101E-19,-0.001));
#3509=CARTESIAN_POINT('',(0.000913477502763269,0.00892725660473712,-0.001));
#3510=CARTESIAN_POINT('',(0.00091347750276327,0.0137072393275375,-0.001));
#3511=CARTESIAN_POINT('',(0.0137072393275375,0.000913477502763281,0.004));
#3512=CARTESIAN_POINT('',(0.00892725660473712,0.000913477502763281,0.004));
#3513=CARTESIAN_POINT('',(0.0184872220503378,0.000913477502763281,0.004));
#3514=CARTESIAN_POINT('',(-2.33103467084383E-18,2.16840434497101E-19,0.004));
#3515=CARTESIAN_POINT('',(0.000913477502763269,0.00892725660473712,0.004));
#3516=CARTESIAN_POINT('',(0.00091347750276327,0.0137072393275375,0.004));
#3517=CARTESIAN_POINT('',(0.000913477502763271,0.0184872220503378,0.004));
#3518=CARTESIAN_POINT('',(0.0051384405203529,0.0142622590327482,0.004));
#3519=CARTESIAN_POINT('',(0.,0.,-0.001));
#3520=CARTESIAN_POINT('',(-0.000913477502763277,0.0137072393275375,-0.001));
#3521=CARTESIAN_POINT('',(-0.000913477502763275,0.0184872220503378,-0.001));
#3522=CARTESIAN_POINT('',(-0.000913477502763278,0.00892725660473712,-0.001));
#3523=CARTESIAN_POINT('',(2.71050543121376E-19,-3.84891771232354E-18,-0.001));
#3524=CARTESIAN_POINT('',(-0.00892725660473713,0.000913477502763282,-0.001));
#3525=CARTESIAN_POINT('',(-0.0137072393275375,0.000913477502763281,-0.001));
#3526=CARTESIAN_POINT('',(-0.0184872220503378,0.000913477502763281,-0.001));
#3527=CARTESIAN_POINT('',(-0.0051384405203529,0.0142622590327482,-0.001));
#3528=CARTESIAN_POINT('',(2.71050543121376E-19,-3.84891771232354E-18,0.004));
#3529=CARTESIAN_POINT('',(-0.00892725660473713,0.000913477502763282,0.004));
#3530=CARTESIAN_POINT('',(-0.000913477502763278,0.00892725660473712,0.004));
#3531=CARTESIAN_POINT('',(-0.0137072393275375,0.000913477502763281,0.004));
#3532=CARTESIAN_POINT('',(-0.0184872220503378,0.000913477502763281,0.004));
#3533=CARTESIAN_POINT('',(-0.0051384405203529,0.0142622590327482,0.004));
#3534=CARTESIAN_POINT('',(-0.000913477502763275,0.0184872220503378,0.004));
#3535=CARTESIAN_POINT('',(-0.000913477502763277,0.0137072393275375,0.004));
#3536=CARTESIAN_POINT('',(-0.0137072393275375,-0.000913477502763265,0.004));
#3537=CARTESIAN_POINT('',(-0.00892725660473713,-0.000913477502763282,0.004));
#3538=CARTESIAN_POINT('',(-0.00892725660473713,-0.000913477502763282,-0.001));
#3539=CARTESIAN_POINT('',(-0.0137072393275375,-0.000913477502763265,-0.001));
#3540=CARTESIAN_POINT('',(-0.000913477502763278,-0.00903900578156411,0.004));
#3541=CARTESIAN_POINT('',(-0.000913477502763278,-0.00892725660473712,0.004));
#3542=CARTESIAN_POINT('',(-0.000913477502763278,-0.00892725660473712,-0.001));
#3543=CARTESIAN_POINT('',(-0.000913477502763278,-0.00903900578156411,-0.001));
#3544=CARTESIAN_POINT('',(2.71050543121376E-19,3.84891771232354E-18,0.004));
#3545=CARTESIAN_POINT('',(2.71050543121376E-19,3.84891771232354E-18,-0.001));
#3546=CARTESIAN_POINT('',(0.,0.,-0.001));
#3547=CARTESIAN_POINT('',(0.0137072393275375,-0.000913477502763265,0.004));
#3548=CARTESIAN_POINT('',(0.00892725660473712,-0.000913477502763282,0.004));
#3549=CARTESIAN_POINT('',(0.00892725660473712,-0.000913477502763282,-0.001));
#3550=CARTESIAN_POINT('',(0.0137072393275375,-0.000913477502763265,-0.001));
#3551=CARTESIAN_POINT('',(-2.38524477946811E-18,-2.71050543121376E-19,0.004));
#3552=CARTESIAN_POINT('',(0.000913477502763269,-0.00892725660473712,0.004));
#3553=CARTESIAN_POINT('',(0.000913477502763269,-0.00892725660473712,-0.001));
#3554=CARTESIAN_POINT('',(-2.38524477946811E-18,-2.71050543121376E-19,-0.001));
#3555=CARTESIAN_POINT('',(0.00091347750276327,-0.0138189885043645,0.004));
#3556=CARTESIAN_POINT('',(0.00091347750276327,-0.0138189885043645,-0.001));
#3557=CARTESIAN_POINT('',(0.,0.,-0.001));
#3558=CARTESIAN_POINT('',(2.77555756156289E-17,0.,0.004));
#3559=CARTESIAN_POINT('',(-0.09045,0.0563837228130587,0.004));
#3560=CARTESIAN_POINT('',(-0.08895,0.0563837228130587,0.004));
#3561=CARTESIAN_POINT('',(5.55111512312578E-17,0.0814625,0.004));
#3562=CARTESIAN_POINT('',(-0.1526625,0.0814625,0.004));
#3563=CARTESIAN_POINT('',(0.1526625,0.0814625,0.004));
#3564=CARTESIAN_POINT('',(0.1526625,4.16333634234433E-17,0.004));
#3565=CARTESIAN_POINT('',(-0.1526625,-4.16333634234433E-17,0.004));
#3566=CARTESIAN_POINT('',(2.77555756156289E-17,0.,0.004));
#3567=CARTESIAN_POINT('',(0.1526625,4.16333634234433E-17,0.004));
#3568=CARTESIAN_POINT('',(0.1526625,-0.0764625,0.004));
#3569=CARTESIAN_POINT('',(0.,-0.0764625,0.004));
#3570=CARTESIAN_POINT('',(-0.1526625,-0.0764625,0.004));
#3571=CARTESIAN_POINT('',(-0.1526625,-4.16333634234433E-17,0.004));
#3572=CARTESIAN_POINT('',(-0.1526625,-4.16333634234433E-17,0.005));
#3573=CARTESIAN_POINT('',(-0.1526625,-0.0764625,0.005));
#3574=CARTESIAN_POINT('',(-0.1526625,-0.0764625,0.005));
#3575=CARTESIAN_POINT('',(-0.1526625,-4.16333634234433E-17,0.005));
#3576=CARTESIAN_POINT('',(-0.1526625,0.0814625,0.005));
#3577=CARTESIAN_POINT('',(0.,-0.0764625,0.005));
#3578=CARTESIAN_POINT('',(0.1526625,-0.0764625,0.005));
#3579=CARTESIAN_POINT('',(0.1526625,-0.0764625,0.005));
#3580=CARTESIAN_POINT('',(0.,-0.0764625,0.005));
#3581=CARTESIAN_POINT('',(0.1526625,4.16333634234433E-17,0.005));
#3582=CARTESIAN_POINT('',(0.1526625,0.0814625,0.005));
#3583=CARTESIAN_POINT('',(0.1526625,4.16333634234433E-17,0.005));
#3584=CARTESIAN_POINT('',(5.55111512312578E-17,0.0814625,0.008065));
#3585=CARTESIAN_POINT('',(-0.1516625,0.0814625,0.008065));
#3586=CARTESIAN_POINT('',(-0.1516625,0.0814625,0.008065));
#3587=CARTESIAN_POINT('',(5.55111512312578E-17,0.0814625,0.008065));
#3588=CARTESIAN_POINT('',(-0.1516625,0.0739625,0.008065));
#3589=CARTESIAN_POINT('',(-0.1516625,0.0714625,0.008065));
#3590=CARTESIAN_POINT('',(-0.1516625,0.0714625,0.008065));
#3591=CARTESIAN_POINT('',(-0.1516625,0.0739625,0.008065));
#3592=CARTESIAN_POINT('',(2.77555756156289E-17,0.0714625,0.008065));
#3593=CARTESIAN_POINT('',(2.77555756156289E-17,0.0714625,0.008065));
#3594=CARTESIAN_POINT('',(6.09660839104979E-5,0.0714624999997932,0.008065));
#3595=CARTESIAN_POINT('',(6.09660839104979E-5,0.0714624999997932,0.008065));
#3596=CARTESIAN_POINT('',(6.09660839104979E-5,0.0714624999997932,0.007065));
#3597=CARTESIAN_POINT('',(2.77555756156289E-17,0.0714625,0.007065));
#3598=CARTESIAN_POINT('',(-6.09660839104912E-5,0.0714624999997933,0.007065));
#3599=CARTESIAN_POINT('',(-6.09660839104912E-5,0.0714624999997933,0.008065));
#3600=CARTESIAN_POINT('',(-6.09660839104912E-5,0.0714624999997933,0.008065));
#3601=CARTESIAN_POINT('',(2.77555756156289E-17,0.0714625,0.008065));
#3602=CARTESIAN_POINT('',(-3.052089774126E-5,0.0715888225487149,0.007565));
#3603=CARTESIAN_POINT('',(0.,0.071715459227562,0.007065));
#3604=CARTESIAN_POINT('',(-0.00123660370976084,0.0665845689464554,0.007065));
#3605=CARTESIAN_POINT('',(-0.0029101361848549,0.0596407165657993,0.007065));
#3606=CARTESIAN_POINT('',(-0.00392292035030496,0.0554452766020554,0.007065));
#3607=CARTESIAN_POINT('',(-0.00910844660173268,0.048792459696979,0.007065));
#3608=CARTESIAN_POINT('',(-0.0108528241380586,0.0464279643033378,0.007065));
#3609=CARTESIAN_POINT('',(-0.0112072766784165,0.0458492450416059,0.007065));
#3610=CARTESIAN_POINT('',(0.,0.071715459227562,0.007065));
#3611=CARTESIAN_POINT('',(0.,0.071715459227562,0.008065));
#3612=CARTESIAN_POINT('',(0.,0.071715459227562,0.008065));
#3613=CARTESIAN_POINT('',(0.,0.071715459227562,0.008065));
#3614=CARTESIAN_POINT('',(-0.00123660370976084,0.0665845689464554,0.008065));
#3615=CARTESIAN_POINT('',(-0.0029101361848549,0.0596407165657993,0.008065));
#3616=CARTESIAN_POINT('',(-0.00392292035030496,0.0554452766020554,0.008065));
#3617=CARTESIAN_POINT('',(-0.00910844660173268,0.048792459696979,0.008065));
#3618=CARTESIAN_POINT('',(-0.0108528241380586,0.0464279643033378,0.008065));
#3619=CARTESIAN_POINT('',(-0.0112072766784165,0.0458492450416059,0.008065));
#3620=CARTESIAN_POINT('',(3.05208977412712E-5,0.0715888225487148,0.007565));
#3621=CARTESIAN_POINT('',(0.,0.071715459227562,0.007065));
#3622=CARTESIAN_POINT('',(0.00123660370976084,0.0665845689464554,0.007065));
#3623=CARTESIAN_POINT('',(0.00291013618485491,0.0596407165657993,0.007065));
#3624=CARTESIAN_POINT('',(0.00392292035030491,0.0554452766020554,0.007065));
#3625=CARTESIAN_POINT('',(0.00910844660173268,0.048792459696979,0.007065));
#3626=CARTESIAN_POINT('',(0.0108528241380586,0.0464279643033378,0.007065));
#3627=CARTESIAN_POINT('',(0.0112072766784164,0.0458492450416059,0.007065));
#3628=CARTESIAN_POINT('',(0.,0.071715459227562,0.008065));
#3629=CARTESIAN_POINT('',(0.00123660370976084,0.0665845689464554,0.008065));
#3630=CARTESIAN_POINT('',(0.00291013618485491,0.0596407165657993,0.008065));
#3631=CARTESIAN_POINT('',(0.00392292035030491,0.0554452766020554,0.008065));
#3632=CARTESIAN_POINT('',(0.00910844660173268,0.048792459696979,0.008065));
#3633=CARTESIAN_POINT('',(0.0108528241380586,0.0464279643033378,0.008065));
#3634=CARTESIAN_POINT('',(0.0112072766784164,0.0458492450416059,0.008065));
#3635=CARTESIAN_POINT('',(2.77555756156289E-17,0.,0.008065));
#3636=CARTESIAN_POINT('',(2.77555756156289E-17,0.,0.007065));
#3637=CARTESIAN_POINT('',(2.77555756156289E-17,0.,0.005));
#3638=CARTESIAN_POINT('',(0.,-0.0694625,0.005));
#3639=CARTESIAN_POINT('',(-0.1576625,-0.0694625,0.005));
#3640=CARTESIAN_POINT('',(0.,-0.0694625,0.005));
#3641=CARTESIAN_POINT('',(0.1576625,-0.0694625,0.005));
#3642=CARTESIAN_POINT('',(0.1576625,4.16333634234433E-17,0.005));
#3643=CARTESIAN_POINT('',(0.1576625,-0.0814625,0.005));
#3644=CARTESIAN_POINT('',(0.,-0.0814625,0.005));
#3645=CARTESIAN_POINT('',(-0.1576625,-0.0814625,0.005));
#3646=CARTESIAN_POINT('',(-0.1576625,-4.16333634234433E-17,0.005));
#3647=CARTESIAN_POINT('',(0.,-0.0694625,0.008065));
#3648=CARTESIAN_POINT('',(-0.1576625,-0.0694625,0.008065));
#3649=CARTESIAN_POINT('',(-0.1576625,-0.0694625,0.008065));
#3650=CARTESIAN_POINT('',(0.,-0.0694625,0.008065));
#3651=CARTESIAN_POINT('',(0.1576625,-0.0694625,0.008065));
#3652=CARTESIAN_POINT('',(0.1576625,-0.0694625,0.008065));
#3653=CARTESIAN_POINT('',(-0.1576625,-4.16333634234433E-17,0.008065));
#3654=CARTESIAN_POINT('',(-0.1576625,-0.0814625,0.008065));
#3655=CARTESIAN_POINT('',(-0.1576625,-0.0814625,0.008065));
#3656=CARTESIAN_POINT('',(-0.1576625,-4.16333634234433E-17,0.008065));
#3657=CARTESIAN_POINT('',(0.,-0.0814625,0.008065));
#3658=CARTESIAN_POINT('',(0.1576625,-0.0814625,0.008065));
#3659=CARTESIAN_POINT('',(0.1576625,-0.0814625,0.008065));
#3660=CARTESIAN_POINT('',(0.,-0.0814625,0.008065));
#3661=CARTESIAN_POINT('',(0.1576625,4.16333634234433E-17,0.008065));
#3662=CARTESIAN_POINT('',(0.1576625,4.16333634234433E-17,0.008065));
#3663=CARTESIAN_POINT('',(2.77555756156289E-17,0.,0.008065));
#3664=CARTESIAN_POINT('',(-0.09045,0.0563837228130587,0.00051));
#3665=MECHANICAL_DESIGN_GEOMETRIC_PRESENTATION_REPRESENTATION('',(#2000),
#3666);
#3666=(
GEOMETRIC_REPRESENTATION_CONTEXT(3)
GLOBAL_UNCERTAINTY_ASSIGNED_CONTEXT((#3667))
GLOBAL_UNIT_ASSIGNED_CONTEXT((#3670,#3669,#3668))
REPRESENTATION_CONTEXT('Plastic Window','TOP_LEVEL_ASSEMBLY_PART')
);
#3667=UNCERTAINTY_MEASURE_WITH_UNIT(LENGTH_MEASURE(2.E-5),#3670,
'DISTANCE_ACCURACY_VALUE','Maximum Tolerance applied to model');
#3668=(
NAMED_UNIT(*)
SI_UNIT($,.STERADIAN.)
SOLID_ANGLE_UNIT()
);
#3669=(
NAMED_UNIT(*)
PLANE_ANGLE_UNIT()
SI_UNIT($,.RADIAN.)
);
#3670=(
LENGTH_UNIT()
NAMED_UNIT(*)
SI_UNIT($,.METRE.)
);
#3671=PRODUCT_DEFINITION_SHAPE('','',#3672);
#3672=PRODUCT_DEFINITION('','',#3674,#3673);
#3673=PRODUCT_DEFINITION_CONTEXT('',#3680,'design');
#3674=PRODUCT_DEFINITION_FORMATION_WITH_SPECIFIED_SOURCE('','',#3676,
 .NOT_KNOWN.);
#3675=PRODUCT_RELATED_PRODUCT_CATEGORY('','',(#3676));
#3676=PRODUCT('Plastic Window','Plastic Window','Plastic Window',(#3678));
#3677=PRODUCT_CATEGORY('','');
#3678=PRODUCT_CONTEXT('',#3680,'mechanical');
#3679=APPLICATION_PROTOCOL_DEFINITION('international standard',
'ap242_managed_model_based_3d_engineering',2020,#3680);
#3680=APPLICATION_CONTEXT('managed model based 3d engineering');
ENDSEC;
END-ISO-10303-21;
