ISO-10303-21;
HEADER;
/* Generated by software containing ST-Developer
 * from STEP Tools, Inc. (www.steptools.com) 
 */
/* OPTION: using custom renumber hook */

FILE_DESCRIPTION(
/* description */ ('STEP AP242 Edition 2',
'CAx-IF Rec.Pracs.---Representation and Presentation of Product Manufa
cturing Information (PMI)---4.0---2014-10-13',
'CAx-IF Rec.Pracs.---3D Tessellated Geometry---0.4---2014-09-14','2;1',
'CAx-IF Rec.Pracs.---User Defined Attributes---1.5---2016-08-15'),
/* implementation_level */ '2;1');

FILE_NAME(
/* name */ 'Case - Translucent Emblem',
/* time_stamp */ '2026-08-02T16:10:44Z',
/* author */ (''),
/* organization */ (''),
/* preprocessor_version */ 'ST-DEVELOPER v20',
/* originating_system */ 'ONSHAPE BY PTC INC, 1.218',
/* authorisation */ '  ');

FILE_SCHEMA (('AP242_MANAGED_MODEL_BASED_3D_ENGINEERING_MIM_LF { 1 0 10303 442 3 1 4 }'));
ENDSEC;

DATA;
#10=SHAPE_REPRESENTATION_RELATIONSHIP('','',#1605,#11);
#11=ADVANCED_BREP_SHAPE_REPRESENTATION('',(#1603),#2689);
#12=CYLINDRICAL_SURFACE('',#1622,0.00557922318443828);
#13=CIRCLE('',#1612,0.00557922318443828);
#14=CIRCLE('',#1623,0.00557922318443828);
#15=B_SPLINE_CURVE_WITH_KNOTS('',3,(#2105,#2106,#2107,#2108,#2109,#2110,
#2111,#2112,#2113,#2114),.UNSPECIFIED.,.F.,.F.,(4,1,1,1,1,1,1,4),(0.,0.1429130549066,
0.290929908584403,0.448736645387321,0.623084867669509,0.755643598986917,
0.898379567440666,1.),.UNSPECIFIED.);
#16=B_SPLINE_CURVE_WITH_KNOTS('',3,(#2115,#2116,#2117,#2118,#2119,#2120,
#2121,#2122,#2123,#2124),.UNSPECIFIED.,.F.,.F.,(4,1,1,1,1,1,1,4),(0.,0.1429130549066,
0.290929908584403,0.448736645387321,0.623084867669509,0.755643598986917,
0.898379567440666,1.),.UNSPECIFIED.);
#17=B_SPLINE_CURVE_WITH_KNOTS('',3,(#2132,#2133,#2134,#2135,#2136,#2137,
#2138,#2139,#2140,#2141,#2142,#2143,#2144,#2145),.UNSPECIFIED.,.F.,.F.,
(4,1,1,1,1,1,1,1,1,1,1,4),(0.,0.140849184630429,0.262989889772981,0.370315338201393,
0.435738763477196,0.461591268088771,0.514713214936234,0.603542484429259,
0.7093171830232,0.812775177165557,0.908208764157025,1.),.UNSPECIFIED.);
#18=B_SPLINE_CURVE_WITH_KNOTS('',3,(#2185,#2186,#2187,#2188,#2189,#2190,
#2191,#2192),.UNSPECIFIED.,.F.,.F.,(4,1,1,1,1,4),(0.,0.189895999742776,
0.405561011121477,0.603099385985185,0.779317621055531,1.),.UNSPECIFIED.);
#19=B_SPLINE_CURVE_WITH_KNOTS('',3,(#2274,#2275,#2276,#2277,#2278,#2279,
#2280,#2281),.UNSPECIFIED.,.F.,.F.,(4,1,1,1,1,4),(0.,0.189895999742776,
0.405561011121477,0.603099385985185,0.779317621055531,1.),.UNSPECIFIED.);
#20=B_SPLINE_CURVE_WITH_KNOTS('',3,(#2346,#2347,#2348,#2349,#2350,#2351,
#2352,#2353),.UNSPECIFIED.,.F.,.F.,(4,1,1,1,1,4),(0.,0.189895999742776,
0.405561011121477,0.603099385985185,0.779317621055531,1.),.UNSPECIFIED.);
#21=B_SPLINE_CURVE_WITH_KNOTS('',3,(#2499,#2500,#2501,#2502,#2503,#2504,
#2505,#2506,#2507,#2508,#2509,#2510,#2511,#2512),.UNSPECIFIED.,.F.,.F.,
(4,1,1,1,1,1,1,1,1,1,1,4),(0.,0.140849184630429,0.262989889772981,0.370315338201393,
0.435738763477196,0.461591268088771,0.514713214936234,0.603542484429259,
0.7093171830232,0.812775177165557,0.908208764157025,1.),.UNSPECIFIED.);
#22=B_SPLINE_CURVE_WITH_KNOTS('',3,(#2617,#2618,#2619,#2620,#2621,#2622,
#2623,#2624),.UNSPECIFIED.,.F.,.F.,(4,1,1,1,1,4),(0.,0.189895999742776,
0.405561011121477,0.603099385985185,0.779317621055531,1.),.UNSPECIFIED.);
#23=B_SPLINE_SURFACE_WITH_KNOTS('',3,1,((#2085,#2086),(#2087,#2088),(#2089,
#2090),(#2091,#2092),(#2093,#2094),(#2095,#2096),(#2097,#2098),(#2099,#2100),
(#2101,#2102),(#2103,#2104)),.SURF_OF_LINEAR_EXTRUSION.,.F.,.F.,.F.,(4,
1,1,1,1,1,1,4),(2,2),(0.,0.1429130549066,0.290929908584403,0.448736645387321,
0.623084867669509,0.755643598986917,0.898379567440666,1.),(0.,1.),
 .UNSPECIFIED.);
#24=B_SPLINE_SURFACE_WITH_KNOTS('',3,1,((#2322,#2323),(#2324,#2325),(#2326,
#2327),(#2328,#2329),(#2330,#2331),(#2332,#2333),(#2334,#2335),(#2336,#2337),
(#2338,#2339),(#2340,#2341),(#2342,#2343),(#2344,#2345)),
 .SURF_OF_LINEAR_EXTRUSION.,.F.,.F.,.F.,(4,1,1,1,1,1,1,1,1,4),(2,2),(0.,
0.125,0.1875,0.25,0.375,0.5,0.625,0.75,0.875,1.),(0.,1.),.UNSPECIFIED.);
#25=B_SPLINE_SURFACE_WITH_KNOTS('',3,1,((#2459,#2460),(#2461,#2462),(#2463,
#2464),(#2465,#2466),(#2467,#2468),(#2469,#2470),(#2471,#2472),(#2473,#2474),
(#2475,#2476),(#2477,#2478),(#2479,#2480),(#2481,#2482),(#2483,#2484),(#2485,
#2486),(#2487,#2488),(#2489,#2490),(#2491,#2492),(#2493,#2494),(#2495,#2496),
(#2497,#2498)),.SURF_OF_LINEAR_EXTRUSION.,.F.,.F.,.F.,(4,1,1,1,1,1,1,1,
1,1,1,1,1,1,1,1,1,4),(2,2),(0.,0.125,0.1875,0.25,0.3125,0.375,0.40625,0.4375,
0.46875,0.5,0.53125,0.5625,0.625,0.6875,0.75,0.8125,0.875,1.),(0.,1.),
 .UNSPECIFIED.);
#26=B_SPLINE_SURFACE_WITH_KNOTS('',3,1,((#2593,#2594),(#2595,#2596),(#2597,
#2598),(#2599,#2600),(#2601,#2602),(#2603,#2604),(#2605,#2606),(#2607,#2608),
(#2609,#2610),(#2611,#2612),(#2613,#2614),(#2615,#2616)),
 .SURF_OF_LINEAR_EXTRUSION.,.F.,.F.,.F.,(4,1,1,1,1,1,1,1,1,4),(2,2),(0.,
0.125,0.1875,0.25,0.375,0.5,0.625,0.75,0.875,1.),(0.,1.),.UNSPECIFIED.);
#27=ORIENTED_EDGE('',*,*,#463,.T.);
#28=ORIENTED_EDGE('',*,*,#464,.F.);
#29=ORIENTED_EDGE('',*,*,#465,.F.);
#30=ORIENTED_EDGE('',*,*,#466,.T.);
#31=ORIENTED_EDGE('',*,*,#467,.F.);
#32=ORIENTED_EDGE('',*,*,#466,.F.);
#33=ORIENTED_EDGE('',*,*,#468,.T.);
#34=ORIENTED_EDGE('',*,*,#469,.T.);
#35=ORIENTED_EDGE('',*,*,#470,.F.);
#36=ORIENTED_EDGE('',*,*,#469,.F.);
#37=ORIENTED_EDGE('',*,*,#471,.T.);
#38=ORIENTED_EDGE('',*,*,#472,.T.);
#39=ORIENTED_EDGE('',*,*,#473,.T.);
#40=ORIENTED_EDGE('',*,*,#472,.F.);
#41=ORIENTED_EDGE('',*,*,#474,.F.);
#42=ORIENTED_EDGE('',*,*,#464,.T.);
#43=ORIENTED_EDGE('',*,*,#463,.F.);
#44=ORIENTED_EDGE('',*,*,#467,.T.);
#45=ORIENTED_EDGE('',*,*,#470,.T.);
#46=ORIENTED_EDGE('',*,*,#473,.F.);
#47=ORIENTED_EDGE('',*,*,#475,.F.);
#48=ORIENTED_EDGE('',*,*,#476,.F.);
#49=ORIENTED_EDGE('',*,*,#477,.F.);
#50=ORIENTED_EDGE('',*,*,#478,.F.);
#51=ORIENTED_EDGE('',*,*,#479,.F.);
#52=ORIENTED_EDGE('',*,*,#480,.T.);
#53=ORIENTED_EDGE('',*,*,#481,.T.);
#54=ORIENTED_EDGE('',*,*,#482,.F.);
#55=ORIENTED_EDGE('',*,*,#483,.F.);
#56=ORIENTED_EDGE('',*,*,#484,.T.);
#57=ORIENTED_EDGE('',*,*,#485,.T.);
#58=ORIENTED_EDGE('',*,*,#486,.T.);
#59=ORIENTED_EDGE('',*,*,#487,.T.);
#60=ORIENTED_EDGE('',*,*,#488,.T.);
#61=ORIENTED_EDGE('',*,*,#489,.T.);
#62=ORIENTED_EDGE('',*,*,#490,.T.);
#63=ORIENTED_EDGE('',*,*,#491,.T.);
#64=ORIENTED_EDGE('',*,*,#492,.T.);
#65=ORIENTED_EDGE('',*,*,#493,.T.);
#66=ORIENTED_EDGE('',*,*,#494,.T.);
#67=ORIENTED_EDGE('',*,*,#495,.T.);
#68=ORIENTED_EDGE('',*,*,#496,.T.);
#69=ORIENTED_EDGE('',*,*,#497,.T.);
#70=ORIENTED_EDGE('',*,*,#498,.T.);
#71=ORIENTED_EDGE('',*,*,#499,.T.);
#72=ORIENTED_EDGE('',*,*,#500,.T.);
#73=ORIENTED_EDGE('',*,*,#501,.T.);
#74=ORIENTED_EDGE('',*,*,#502,.T.);
#75=ORIENTED_EDGE('',*,*,#503,.T.);
#76=ORIENTED_EDGE('',*,*,#504,.T.);
#77=ORIENTED_EDGE('',*,*,#505,.T.);
#78=ORIENTED_EDGE('',*,*,#506,.T.);
#79=ORIENTED_EDGE('',*,*,#507,.T.);
#80=ORIENTED_EDGE('',*,*,#508,.T.);
#81=ORIENTED_EDGE('',*,*,#509,.T.);
#82=ORIENTED_EDGE('',*,*,#510,.T.);
#83=ORIENTED_EDGE('',*,*,#511,.T.);
#84=ORIENTED_EDGE('',*,*,#512,.T.);
#85=ORIENTED_EDGE('',*,*,#513,.T.);
#86=ORIENTED_EDGE('',*,*,#514,.T.);
#87=ORIENTED_EDGE('',*,*,#515,.T.);
#88=ORIENTED_EDGE('',*,*,#516,.T.);
#89=ORIENTED_EDGE('',*,*,#517,.T.);
#90=ORIENTED_EDGE('',*,*,#518,.T.);
#91=ORIENTED_EDGE('',*,*,#519,.T.);
#92=ORIENTED_EDGE('',*,*,#520,.T.);
#93=ORIENTED_EDGE('',*,*,#521,.T.);
#94=ORIENTED_EDGE('',*,*,#522,.T.);
#95=ORIENTED_EDGE('',*,*,#523,.T.);
#96=ORIENTED_EDGE('',*,*,#524,.T.);
#97=ORIENTED_EDGE('',*,*,#525,.T.);
#98=ORIENTED_EDGE('',*,*,#526,.T.);
#99=ORIENTED_EDGE('',*,*,#527,.T.);
#100=ORIENTED_EDGE('',*,*,#528,.T.);
#101=ORIENTED_EDGE('',*,*,#529,.T.);
#102=ORIENTED_EDGE('',*,*,#530,.T.);
#103=ORIENTED_EDGE('',*,*,#531,.T.);
#104=ORIENTED_EDGE('',*,*,#532,.T.);
#105=ORIENTED_EDGE('',*,*,#533,.T.);
#106=ORIENTED_EDGE('',*,*,#534,.T.);
#107=ORIENTED_EDGE('',*,*,#535,.T.);
#108=ORIENTED_EDGE('',*,*,#536,.T.);
#109=ORIENTED_EDGE('',*,*,#537,.T.);
#110=ORIENTED_EDGE('',*,*,#538,.T.);
#111=ORIENTED_EDGE('',*,*,#539,.T.);
#112=ORIENTED_EDGE('',*,*,#540,.T.);
#113=ORIENTED_EDGE('',*,*,#541,.T.);
#114=ORIENTED_EDGE('',*,*,#542,.T.);
#115=ORIENTED_EDGE('',*,*,#543,.T.);
#116=ORIENTED_EDGE('',*,*,#468,.F.);
#117=ORIENTED_EDGE('',*,*,#465,.T.);
#118=ORIENTED_EDGE('',*,*,#474,.T.);
#119=ORIENTED_EDGE('',*,*,#471,.F.);
#120=ORIENTED_EDGE('',*,*,#544,.T.);
#121=ORIENTED_EDGE('',*,*,#545,.F.);
#122=ORIENTED_EDGE('',*,*,#536,.F.);
#123=ORIENTED_EDGE('',*,*,#546,.T.);
#124=ORIENTED_EDGE('',*,*,#547,.T.);
#125=ORIENTED_EDGE('',*,*,#546,.F.);
#126=ORIENTED_EDGE('',*,*,#535,.F.);
#127=ORIENTED_EDGE('',*,*,#548,.T.);
#128=ORIENTED_EDGE('',*,*,#549,.T.);
#129=ORIENTED_EDGE('',*,*,#548,.F.);
#130=ORIENTED_EDGE('',*,*,#543,.F.);
#131=ORIENTED_EDGE('',*,*,#550,.T.);
#132=ORIENTED_EDGE('',*,*,#551,.T.);
#133=ORIENTED_EDGE('',*,*,#550,.F.);
#134=ORIENTED_EDGE('',*,*,#542,.F.);
#135=ORIENTED_EDGE('',*,*,#552,.T.);
#136=ORIENTED_EDGE('',*,*,#553,.T.);
#137=ORIENTED_EDGE('',*,*,#552,.F.);
#138=ORIENTED_EDGE('',*,*,#541,.F.);
#139=ORIENTED_EDGE('',*,*,#554,.T.);
#140=ORIENTED_EDGE('',*,*,#555,.T.);
#141=ORIENTED_EDGE('',*,*,#554,.F.);
#142=ORIENTED_EDGE('',*,*,#540,.F.);
#143=ORIENTED_EDGE('',*,*,#556,.T.);
#144=ORIENTED_EDGE('',*,*,#557,.T.);
#145=ORIENTED_EDGE('',*,*,#556,.F.);
#146=ORIENTED_EDGE('',*,*,#539,.F.);
#147=ORIENTED_EDGE('',*,*,#558,.T.);
#148=ORIENTED_EDGE('',*,*,#559,.T.);
#149=ORIENTED_EDGE('',*,*,#558,.F.);
#150=ORIENTED_EDGE('',*,*,#538,.F.);
#151=ORIENTED_EDGE('',*,*,#560,.T.);
#152=ORIENTED_EDGE('',*,*,#561,.T.);
#153=ORIENTED_EDGE('',*,*,#560,.F.);
#154=ORIENTED_EDGE('',*,*,#537,.F.);
#155=ORIENTED_EDGE('',*,*,#545,.T.);
#156=ORIENTED_EDGE('',*,*,#544,.F.);
#157=ORIENTED_EDGE('',*,*,#547,.F.);
#158=ORIENTED_EDGE('',*,*,#549,.F.);
#159=ORIENTED_EDGE('',*,*,#551,.F.);
#160=ORIENTED_EDGE('',*,*,#553,.F.);
#161=ORIENTED_EDGE('',*,*,#555,.F.);
#162=ORIENTED_EDGE('',*,*,#557,.F.);
#163=ORIENTED_EDGE('',*,*,#559,.F.);
#164=ORIENTED_EDGE('',*,*,#561,.F.);
#165=ORIENTED_EDGE('',*,*,#475,.T.);
#166=ORIENTED_EDGE('',*,*,#562,.F.);
#167=ORIENTED_EDGE('',*,*,#562,.T.);
#168=ORIENTED_EDGE('',*,*,#563,.T.);
#169=ORIENTED_EDGE('',*,*,#564,.F.);
#170=ORIENTED_EDGE('',*,*,#528,.F.);
#171=ORIENTED_EDGE('',*,*,#565,.T.);
#172=ORIENTED_EDGE('',*,*,#566,.T.);
#173=ORIENTED_EDGE('',*,*,#565,.F.);
#174=ORIENTED_EDGE('',*,*,#527,.F.);
#175=ORIENTED_EDGE('',*,*,#567,.T.);
#176=ORIENTED_EDGE('',*,*,#568,.T.);
#177=ORIENTED_EDGE('',*,*,#567,.F.);
#178=ORIENTED_EDGE('',*,*,#534,.F.);
#179=ORIENTED_EDGE('',*,*,#569,.T.);
#180=ORIENTED_EDGE('',*,*,#570,.T.);
#181=ORIENTED_EDGE('',*,*,#569,.F.);
#182=ORIENTED_EDGE('',*,*,#533,.F.);
#183=ORIENTED_EDGE('',*,*,#571,.T.);
#184=ORIENTED_EDGE('',*,*,#572,.T.);
#185=ORIENTED_EDGE('',*,*,#571,.F.);
#186=ORIENTED_EDGE('',*,*,#532,.F.);
#187=ORIENTED_EDGE('',*,*,#573,.T.);
#188=ORIENTED_EDGE('',*,*,#574,.T.);
#189=ORIENTED_EDGE('',*,*,#573,.F.);
#190=ORIENTED_EDGE('',*,*,#531,.F.);
#191=ORIENTED_EDGE('',*,*,#575,.T.);
#192=ORIENTED_EDGE('',*,*,#576,.T.);
#193=ORIENTED_EDGE('',*,*,#575,.F.);
#194=ORIENTED_EDGE('',*,*,#530,.F.);
#195=ORIENTED_EDGE('',*,*,#577,.T.);
#196=ORIENTED_EDGE('',*,*,#578,.T.);
#197=ORIENTED_EDGE('',*,*,#577,.F.);
#198=ORIENTED_EDGE('',*,*,#529,.F.);
#199=ORIENTED_EDGE('',*,*,#564,.T.);
#200=ORIENTED_EDGE('',*,*,#563,.F.);
#201=ORIENTED_EDGE('',*,*,#566,.F.);
#202=ORIENTED_EDGE('',*,*,#568,.F.);
#203=ORIENTED_EDGE('',*,*,#570,.F.);
#204=ORIENTED_EDGE('',*,*,#572,.F.);
#205=ORIENTED_EDGE('',*,*,#574,.F.);
#206=ORIENTED_EDGE('',*,*,#576,.F.);
#207=ORIENTED_EDGE('',*,*,#578,.F.);
#208=ORIENTED_EDGE('',*,*,#579,.T.);
#209=ORIENTED_EDGE('',*,*,#580,.F.);
#210=ORIENTED_EDGE('',*,*,#516,.F.);
#211=ORIENTED_EDGE('',*,*,#581,.T.);
#212=ORIENTED_EDGE('',*,*,#582,.T.);
#213=ORIENTED_EDGE('',*,*,#581,.F.);
#214=ORIENTED_EDGE('',*,*,#515,.F.);
#215=ORIENTED_EDGE('',*,*,#583,.T.);
#216=ORIENTED_EDGE('',*,*,#584,.T.);
#217=ORIENTED_EDGE('',*,*,#583,.F.);
#218=ORIENTED_EDGE('',*,*,#526,.F.);
#219=ORIENTED_EDGE('',*,*,#585,.T.);
#220=ORIENTED_EDGE('',*,*,#586,.T.);
#221=ORIENTED_EDGE('',*,*,#585,.F.);
#222=ORIENTED_EDGE('',*,*,#525,.F.);
#223=ORIENTED_EDGE('',*,*,#587,.T.);
#224=ORIENTED_EDGE('',*,*,#588,.T.);
#225=ORIENTED_EDGE('',*,*,#587,.F.);
#226=ORIENTED_EDGE('',*,*,#524,.F.);
#227=ORIENTED_EDGE('',*,*,#589,.T.);
#228=ORIENTED_EDGE('',*,*,#590,.T.);
#229=ORIENTED_EDGE('',*,*,#589,.F.);
#230=ORIENTED_EDGE('',*,*,#523,.F.);
#231=ORIENTED_EDGE('',*,*,#591,.T.);
#232=ORIENTED_EDGE('',*,*,#592,.T.);
#233=ORIENTED_EDGE('',*,*,#591,.F.);
#234=ORIENTED_EDGE('',*,*,#522,.F.);
#235=ORIENTED_EDGE('',*,*,#593,.T.);
#236=ORIENTED_EDGE('',*,*,#594,.T.);
#237=ORIENTED_EDGE('',*,*,#593,.F.);
#238=ORIENTED_EDGE('',*,*,#521,.F.);
#239=ORIENTED_EDGE('',*,*,#595,.T.);
#240=ORIENTED_EDGE('',*,*,#596,.T.);
#241=ORIENTED_EDGE('',*,*,#595,.F.);
#242=ORIENTED_EDGE('',*,*,#520,.F.);
#243=ORIENTED_EDGE('',*,*,#597,.T.);
#244=ORIENTED_EDGE('',*,*,#598,.T.);
#245=ORIENTED_EDGE('',*,*,#597,.F.);
#246=ORIENTED_EDGE('',*,*,#519,.F.);
#247=ORIENTED_EDGE('',*,*,#599,.T.);
#248=ORIENTED_EDGE('',*,*,#600,.T.);
#249=ORIENTED_EDGE('',*,*,#599,.F.);
#250=ORIENTED_EDGE('',*,*,#518,.F.);
#251=ORIENTED_EDGE('',*,*,#601,.T.);
#252=ORIENTED_EDGE('',*,*,#602,.T.);
#253=ORIENTED_EDGE('',*,*,#601,.F.);
#254=ORIENTED_EDGE('',*,*,#517,.F.);
#255=ORIENTED_EDGE('',*,*,#580,.T.);
#256=ORIENTED_EDGE('',*,*,#579,.F.);
#257=ORIENTED_EDGE('',*,*,#582,.F.);
#258=ORIENTED_EDGE('',*,*,#584,.F.);
#259=ORIENTED_EDGE('',*,*,#586,.F.);
#260=ORIENTED_EDGE('',*,*,#588,.F.);
#261=ORIENTED_EDGE('',*,*,#590,.F.);
#262=ORIENTED_EDGE('',*,*,#592,.F.);
#263=ORIENTED_EDGE('',*,*,#594,.F.);
#264=ORIENTED_EDGE('',*,*,#596,.F.);
#265=ORIENTED_EDGE('',*,*,#598,.F.);
#266=ORIENTED_EDGE('',*,*,#600,.F.);
#267=ORIENTED_EDGE('',*,*,#602,.F.);
#268=ORIENTED_EDGE('',*,*,#603,.F.);
#269=ORIENTED_EDGE('',*,*,#604,.F.);
#270=ORIENTED_EDGE('',*,*,#476,.T.);
#271=ORIENTED_EDGE('',*,*,#605,.T.);
#272=ORIENTED_EDGE('',*,*,#606,.F.);
#273=ORIENTED_EDGE('',*,*,#605,.F.);
#274=ORIENTED_EDGE('',*,*,#479,.T.);
#275=ORIENTED_EDGE('',*,*,#607,.T.);
#276=ORIENTED_EDGE('',*,*,#608,.F.);
#277=ORIENTED_EDGE('',*,*,#607,.F.);
#278=ORIENTED_EDGE('',*,*,#478,.T.);
#279=ORIENTED_EDGE('',*,*,#609,.T.);
#280=ORIENTED_EDGE('',*,*,#610,.F.);
#281=ORIENTED_EDGE('',*,*,#609,.F.);
#282=ORIENTED_EDGE('',*,*,#477,.T.);
#283=ORIENTED_EDGE('',*,*,#604,.T.);
#284=ORIENTED_EDGE('',*,*,#603,.T.);
#285=ORIENTED_EDGE('',*,*,#606,.T.);
#286=ORIENTED_EDGE('',*,*,#608,.T.);
#287=ORIENTED_EDGE('',*,*,#610,.T.);
#288=ORIENTED_EDGE('',*,*,#611,.T.);
#289=ORIENTED_EDGE('',*,*,#612,.F.);
#290=ORIENTED_EDGE('',*,*,#504,.F.);
#291=ORIENTED_EDGE('',*,*,#613,.T.);
#292=ORIENTED_EDGE('',*,*,#614,.T.);
#293=ORIENTED_EDGE('',*,*,#613,.F.);
#294=ORIENTED_EDGE('',*,*,#503,.F.);
#295=ORIENTED_EDGE('',*,*,#615,.T.);
#296=ORIENTED_EDGE('',*,*,#616,.T.);
#297=ORIENTED_EDGE('',*,*,#615,.F.);
#298=ORIENTED_EDGE('',*,*,#514,.F.);
#299=ORIENTED_EDGE('',*,*,#617,.T.);
#300=ORIENTED_EDGE('',*,*,#618,.T.);
#301=ORIENTED_EDGE('',*,*,#617,.F.);
#302=ORIENTED_EDGE('',*,*,#513,.F.);
#303=ORIENTED_EDGE('',*,*,#619,.T.);
#304=ORIENTED_EDGE('',*,*,#620,.T.);
#305=ORIENTED_EDGE('',*,*,#619,.F.);
#306=ORIENTED_EDGE('',*,*,#512,.F.);
#307=ORIENTED_EDGE('',*,*,#621,.T.);
#308=ORIENTED_EDGE('',*,*,#622,.T.);
#309=ORIENTED_EDGE('',*,*,#621,.F.);
#310=ORIENTED_EDGE('',*,*,#511,.F.);
#311=ORIENTED_EDGE('',*,*,#623,.T.);
#312=ORIENTED_EDGE('',*,*,#624,.T.);
#313=ORIENTED_EDGE('',*,*,#623,.F.);
#314=ORIENTED_EDGE('',*,*,#510,.F.);
#315=ORIENTED_EDGE('',*,*,#625,.T.);
#316=ORIENTED_EDGE('',*,*,#626,.T.);
#317=ORIENTED_EDGE('',*,*,#625,.F.);
#318=ORIENTED_EDGE('',*,*,#509,.F.);
#319=ORIENTED_EDGE('',*,*,#627,.T.);
#320=ORIENTED_EDGE('',*,*,#628,.T.);
#321=ORIENTED_EDGE('',*,*,#627,.F.);
#322=ORIENTED_EDGE('',*,*,#508,.F.);
#323=ORIENTED_EDGE('',*,*,#629,.T.);
#324=ORIENTED_EDGE('',*,*,#630,.T.);
#325=ORIENTED_EDGE('',*,*,#629,.F.);
#326=ORIENTED_EDGE('',*,*,#507,.F.);
#327=ORIENTED_EDGE('',*,*,#631,.T.);
#328=ORIENTED_EDGE('',*,*,#632,.T.);
#329=ORIENTED_EDGE('',*,*,#631,.F.);
#330=ORIENTED_EDGE('',*,*,#506,.F.);
#331=ORIENTED_EDGE('',*,*,#633,.T.);
#332=ORIENTED_EDGE('',*,*,#634,.T.);
#333=ORIENTED_EDGE('',*,*,#633,.F.);
#334=ORIENTED_EDGE('',*,*,#505,.F.);
#335=ORIENTED_EDGE('',*,*,#612,.T.);
#336=ORIENTED_EDGE('',*,*,#611,.F.);
#337=ORIENTED_EDGE('',*,*,#614,.F.);
#338=ORIENTED_EDGE('',*,*,#616,.F.);
#339=ORIENTED_EDGE('',*,*,#618,.F.);
#340=ORIENTED_EDGE('',*,*,#620,.F.);
#341=ORIENTED_EDGE('',*,*,#622,.F.);
#342=ORIENTED_EDGE('',*,*,#624,.F.);
#343=ORIENTED_EDGE('',*,*,#626,.F.);
#344=ORIENTED_EDGE('',*,*,#628,.F.);
#345=ORIENTED_EDGE('',*,*,#630,.F.);
#346=ORIENTED_EDGE('',*,*,#632,.F.);
#347=ORIENTED_EDGE('',*,*,#634,.F.);
#348=ORIENTED_EDGE('',*,*,#635,.T.);
#349=ORIENTED_EDGE('',*,*,#636,.F.);
#350=ORIENTED_EDGE('',*,*,#495,.F.);
#351=ORIENTED_EDGE('',*,*,#637,.T.);
#352=ORIENTED_EDGE('',*,*,#638,.T.);
#353=ORIENTED_EDGE('',*,*,#637,.F.);
#354=ORIENTED_EDGE('',*,*,#494,.F.);
#355=ORIENTED_EDGE('',*,*,#639,.T.);
#356=ORIENTED_EDGE('',*,*,#640,.T.);
#357=ORIENTED_EDGE('',*,*,#639,.F.);
#358=ORIENTED_EDGE('',*,*,#502,.F.);
#359=ORIENTED_EDGE('',*,*,#641,.T.);
#360=ORIENTED_EDGE('',*,*,#642,.T.);
#361=ORIENTED_EDGE('',*,*,#641,.F.);
#362=ORIENTED_EDGE('',*,*,#501,.F.);
#363=ORIENTED_EDGE('',*,*,#643,.T.);
#364=ORIENTED_EDGE('',*,*,#644,.T.);
#365=ORIENTED_EDGE('',*,*,#643,.F.);
#366=ORIENTED_EDGE('',*,*,#500,.F.);
#367=ORIENTED_EDGE('',*,*,#645,.T.);
#368=ORIENTED_EDGE('',*,*,#646,.T.);
#369=ORIENTED_EDGE('',*,*,#645,.F.);
#370=ORIENTED_EDGE('',*,*,#499,.F.);
#371=ORIENTED_EDGE('',*,*,#647,.T.);
#372=ORIENTED_EDGE('',*,*,#648,.T.);
#373=ORIENTED_EDGE('',*,*,#647,.F.);
#374=ORIENTED_EDGE('',*,*,#498,.F.);
#375=ORIENTED_EDGE('',*,*,#649,.T.);
#376=ORIENTED_EDGE('',*,*,#650,.T.);
#377=ORIENTED_EDGE('',*,*,#649,.F.);
#378=ORIENTED_EDGE('',*,*,#497,.F.);
#379=ORIENTED_EDGE('',*,*,#651,.T.);
#380=ORIENTED_EDGE('',*,*,#652,.T.);
#381=ORIENTED_EDGE('',*,*,#651,.F.);
#382=ORIENTED_EDGE('',*,*,#496,.F.);
#383=ORIENTED_EDGE('',*,*,#636,.T.);
#384=ORIENTED_EDGE('',*,*,#635,.F.);
#385=ORIENTED_EDGE('',*,*,#638,.F.);
#386=ORIENTED_EDGE('',*,*,#640,.F.);
#387=ORIENTED_EDGE('',*,*,#642,.F.);
#388=ORIENTED_EDGE('',*,*,#644,.F.);
#389=ORIENTED_EDGE('',*,*,#646,.F.);
#390=ORIENTED_EDGE('',*,*,#648,.F.);
#391=ORIENTED_EDGE('',*,*,#650,.F.);
#392=ORIENTED_EDGE('',*,*,#652,.F.);
#393=ORIENTED_EDGE('',*,*,#653,.T.);
#394=ORIENTED_EDGE('',*,*,#654,.F.);
#395=ORIENTED_EDGE('',*,*,#485,.F.);
#396=ORIENTED_EDGE('',*,*,#655,.T.);
#397=ORIENTED_EDGE('',*,*,#656,.T.);
#398=ORIENTED_EDGE('',*,*,#655,.F.);
#399=ORIENTED_EDGE('',*,*,#484,.F.);
#400=ORIENTED_EDGE('',*,*,#657,.T.);
#401=ORIENTED_EDGE('',*,*,#658,.T.);
#402=ORIENTED_EDGE('',*,*,#657,.F.);
#403=ORIENTED_EDGE('',*,*,#493,.F.);
#404=ORIENTED_EDGE('',*,*,#659,.T.);
#405=ORIENTED_EDGE('',*,*,#660,.T.);
#406=ORIENTED_EDGE('',*,*,#659,.F.);
#407=ORIENTED_EDGE('',*,*,#492,.F.);
#408=ORIENTED_EDGE('',*,*,#661,.T.);
#409=ORIENTED_EDGE('',*,*,#662,.T.);
#410=ORIENTED_EDGE('',*,*,#661,.F.);
#411=ORIENTED_EDGE('',*,*,#491,.F.);
#412=ORIENTED_EDGE('',*,*,#663,.T.);
#413=ORIENTED_EDGE('',*,*,#664,.T.);
#414=ORIENTED_EDGE('',*,*,#663,.F.);
#415=ORIENTED_EDGE('',*,*,#490,.F.);
#416=ORIENTED_EDGE('',*,*,#665,.T.);
#417=ORIENTED_EDGE('',*,*,#666,.T.);
#418=ORIENTED_EDGE('',*,*,#665,.F.);
#419=ORIENTED_EDGE('',*,*,#489,.F.);
#420=ORIENTED_EDGE('',*,*,#667,.T.);
#421=ORIENTED_EDGE('',*,*,#668,.T.);
#422=ORIENTED_EDGE('',*,*,#667,.F.);
#423=ORIENTED_EDGE('',*,*,#488,.F.);
#424=ORIENTED_EDGE('',*,*,#669,.T.);
#425=ORIENTED_EDGE('',*,*,#670,.T.);
#426=ORIENTED_EDGE('',*,*,#669,.F.);
#427=ORIENTED_EDGE('',*,*,#487,.F.);
#428=ORIENTED_EDGE('',*,*,#671,.T.);
#429=ORIENTED_EDGE('',*,*,#672,.T.);
#430=ORIENTED_EDGE('',*,*,#671,.F.);
#431=ORIENTED_EDGE('',*,*,#486,.F.);
#432=ORIENTED_EDGE('',*,*,#654,.T.);
#433=ORIENTED_EDGE('',*,*,#653,.F.);
#434=ORIENTED_EDGE('',*,*,#656,.F.);
#435=ORIENTED_EDGE('',*,*,#658,.F.);
#436=ORIENTED_EDGE('',*,*,#660,.F.);
#437=ORIENTED_EDGE('',*,*,#662,.F.);
#438=ORIENTED_EDGE('',*,*,#664,.F.);
#439=ORIENTED_EDGE('',*,*,#666,.F.);
#440=ORIENTED_EDGE('',*,*,#668,.F.);
#441=ORIENTED_EDGE('',*,*,#670,.F.);
#442=ORIENTED_EDGE('',*,*,#672,.F.);
#443=ORIENTED_EDGE('',*,*,#480,.F.);
#444=ORIENTED_EDGE('',*,*,#673,.F.);
#445=ORIENTED_EDGE('',*,*,#674,.T.);
#446=ORIENTED_EDGE('',*,*,#675,.T.);
#447=ORIENTED_EDGE('',*,*,#483,.T.);
#448=ORIENTED_EDGE('',*,*,#676,.F.);
#449=ORIENTED_EDGE('',*,*,#677,.F.);
#450=ORIENTED_EDGE('',*,*,#673,.T.);
#451=ORIENTED_EDGE('',*,*,#482,.T.);
#452=ORIENTED_EDGE('',*,*,#678,.F.);
#453=ORIENTED_EDGE('',*,*,#679,.F.);
#454=ORIENTED_EDGE('',*,*,#676,.T.);
#455=ORIENTED_EDGE('',*,*,#481,.F.);
#456=ORIENTED_EDGE('',*,*,#675,.F.);
#457=ORIENTED_EDGE('',*,*,#680,.T.);
#458=ORIENTED_EDGE('',*,*,#678,.T.);
#459=ORIENTED_EDGE('',*,*,#674,.F.);
#460=ORIENTED_EDGE('',*,*,#677,.T.);
#461=ORIENTED_EDGE('',*,*,#679,.T.);
#462=ORIENTED_EDGE('',*,*,#680,.F.);
#463=EDGE_CURVE('',#681,#682,#827,.T.);
#464=EDGE_CURVE('',#683,#682,#828,.T.);
#465=EDGE_CURVE('',#684,#683,#829,.T.);
#466=EDGE_CURVE('',#684,#681,#830,.T.);
#467=EDGE_CURVE('',#681,#685,#831,.T.);
#468=EDGE_CURVE('',#684,#686,#832,.T.);
#469=EDGE_CURVE('',#686,#685,#833,.T.);
#470=EDGE_CURVE('',#685,#687,#834,.T.);
#471=EDGE_CURVE('',#686,#688,#835,.T.);
#472=EDGE_CURVE('',#688,#687,#836,.T.);
#473=EDGE_CURVE('',#682,#687,#15,.T.);
#474=EDGE_CURVE('',#683,#688,#16,.T.);
#475=EDGE_CURVE('',#689,#689,#13,.F.);
#476=EDGE_CURVE('',#690,#691,#837,.T.);
#477=EDGE_CURVE('',#692,#690,#17,.T.);
#478=EDGE_CURVE('',#693,#692,#838,.T.);
#479=EDGE_CURVE('',#691,#693,#839,.T.);
#480=EDGE_CURVE('',#694,#695,#840,.T.);
#481=EDGE_CURVE('',#695,#696,#841,.T.);
#482=EDGE_CURVE('',#697,#696,#842,.T.);
#483=EDGE_CURVE('',#694,#697,#843,.T.);
#484=EDGE_CURVE('',#698,#699,#844,.T.);
#485=EDGE_CURVE('',#699,#700,#845,.T.);
#486=EDGE_CURVE('',#700,#701,#846,.T.);
#487=EDGE_CURVE('',#701,#702,#847,.T.);
#488=EDGE_CURVE('',#702,#703,#848,.T.);
#489=EDGE_CURVE('',#703,#704,#849,.T.);
#490=EDGE_CURVE('',#704,#705,#850,.T.);
#491=EDGE_CURVE('',#705,#706,#851,.T.);
#492=EDGE_CURVE('',#706,#707,#852,.T.);
#493=EDGE_CURVE('',#707,#698,#853,.T.);
#494=EDGE_CURVE('',#708,#709,#854,.T.);
#495=EDGE_CURVE('',#709,#710,#855,.T.);
#496=EDGE_CURVE('',#710,#711,#856,.T.);
#497=EDGE_CURVE('',#711,#712,#18,.T.);
#498=EDGE_CURVE('',#712,#713,#857,.T.);
#499=EDGE_CURVE('',#713,#714,#858,.T.);
#500=EDGE_CURVE('',#714,#715,#859,.T.);
#501=EDGE_CURVE('',#715,#716,#860,.T.);
#502=EDGE_CURVE('',#716,#708,#861,.T.);
#503=EDGE_CURVE('',#717,#718,#862,.T.);
#504=EDGE_CURVE('',#718,#719,#863,.T.);
#505=EDGE_CURVE('',#719,#720,#864,.T.);
#506=EDGE_CURVE('',#720,#721,#865,.T.);
#507=EDGE_CURVE('',#721,#722,#866,.T.);
#508=EDGE_CURVE('',#722,#723,#867,.T.);
#509=EDGE_CURVE('',#723,#724,#868,.T.);
#510=EDGE_CURVE('',#724,#725,#869,.T.);
#511=EDGE_CURVE('',#725,#726,#870,.T.);
#512=EDGE_CURVE('',#726,#727,#871,.T.);
#513=EDGE_CURVE('',#727,#728,#872,.T.);
#514=EDGE_CURVE('',#728,#717,#873,.T.);
#515=EDGE_CURVE('',#729,#730,#874,.T.);
#516=EDGE_CURVE('',#730,#731,#875,.T.);
#517=EDGE_CURVE('',#731,#732,#876,.T.);
#518=EDGE_CURVE('',#732,#733,#877,.T.);
#519=EDGE_CURVE('',#733,#734,#878,.T.);
#520=EDGE_CURVE('',#734,#735,#879,.T.);
#521=EDGE_CURVE('',#735,#736,#880,.T.);
#522=EDGE_CURVE('',#736,#737,#881,.T.);
#523=EDGE_CURVE('',#737,#738,#882,.T.);
#524=EDGE_CURVE('',#738,#739,#883,.T.);
#525=EDGE_CURVE('',#739,#740,#884,.T.);
#526=EDGE_CURVE('',#740,#729,#885,.T.);
#527=EDGE_CURVE('',#741,#742,#886,.T.);
#528=EDGE_CURVE('',#742,#743,#887,.T.);
#529=EDGE_CURVE('',#743,#744,#888,.T.);
#530=EDGE_CURVE('',#744,#745,#889,.T.);
#531=EDGE_CURVE('',#745,#746,#890,.T.);
#532=EDGE_CURVE('',#746,#747,#891,.T.);
#533=EDGE_CURVE('',#747,#748,#892,.T.);
#534=EDGE_CURVE('',#748,#741,#893,.T.);
#535=EDGE_CURVE('',#749,#750,#894,.T.);
#536=EDGE_CURVE('',#750,#751,#895,.T.);
#537=EDGE_CURVE('',#751,#752,#896,.T.);
#538=EDGE_CURVE('',#752,#753,#19,.T.);
#539=EDGE_CURVE('',#753,#754,#897,.T.);
#540=EDGE_CURVE('',#754,#755,#898,.T.);
#541=EDGE_CURVE('',#755,#756,#899,.T.);
#542=EDGE_CURVE('',#756,#757,#900,.T.);
#543=EDGE_CURVE('',#757,#749,#901,.T.);
#544=EDGE_CURVE('',#758,#759,#902,.T.);
#545=EDGE_CURVE('',#751,#759,#903,.T.);
#546=EDGE_CURVE('',#750,#758,#904,.T.);
#547=EDGE_CURVE('',#760,#758,#905,.T.);
#548=EDGE_CURVE('',#749,#760,#906,.T.);
#549=EDGE_CURVE('',#761,#760,#907,.T.);
#550=EDGE_CURVE('',#757,#761,#908,.T.);
#551=EDGE_CURVE('',#762,#761,#909,.T.);
#552=EDGE_CURVE('',#756,#762,#910,.T.);
#553=EDGE_CURVE('',#763,#762,#911,.T.);
#554=EDGE_CURVE('',#755,#763,#912,.T.);
#555=EDGE_CURVE('',#764,#763,#913,.T.);
#556=EDGE_CURVE('',#754,#764,#914,.T.);
#557=EDGE_CURVE('',#765,#764,#915,.T.);
#558=EDGE_CURVE('',#753,#765,#916,.T.);
#559=EDGE_CURVE('',#766,#765,#20,.T.);
#560=EDGE_CURVE('',#752,#766,#917,.T.);
#561=EDGE_CURVE('',#759,#766,#918,.T.);
#562=EDGE_CURVE('',#767,#767,#14,.T.);
#563=EDGE_CURVE('',#768,#769,#919,.T.);
#564=EDGE_CURVE('',#743,#769,#920,.T.);
#565=EDGE_CURVE('',#742,#768,#921,.T.);
#566=EDGE_CURVE('',#770,#768,#922,.T.);
#567=EDGE_CURVE('',#741,#770,#923,.T.);
#568=EDGE_CURVE('',#771,#770,#924,.T.);
#569=EDGE_CURVE('',#748,#771,#925,.T.);
#570=EDGE_CURVE('',#772,#771,#926,.T.);
#571=EDGE_CURVE('',#747,#772,#927,.T.);
#572=EDGE_CURVE('',#773,#772,#928,.T.);
#573=EDGE_CURVE('',#746,#773,#929,.T.);
#574=EDGE_CURVE('',#774,#773,#930,.T.);
#575=EDGE_CURVE('',#745,#774,#931,.T.);
#576=EDGE_CURVE('',#775,#774,#932,.T.);
#577=EDGE_CURVE('',#744,#775,#933,.T.);
#578=EDGE_CURVE('',#769,#775,#934,.T.);
#579=EDGE_CURVE('',#776,#777,#935,.T.);
#580=EDGE_CURVE('',#731,#777,#936,.T.);
#581=EDGE_CURVE('',#730,#776,#937,.T.);
#582=EDGE_CURVE('',#778,#776,#938,.T.);
#583=EDGE_CURVE('',#729,#778,#939,.T.);
#584=EDGE_CURVE('',#779,#778,#940,.T.);
#585=EDGE_CURVE('',#740,#779,#941,.T.);
#586=EDGE_CURVE('',#780,#779,#942,.T.);
#587=EDGE_CURVE('',#739,#780,#943,.T.);
#588=EDGE_CURVE('',#781,#780,#944,.T.);
#589=EDGE_CURVE('',#738,#781,#945,.T.);
#590=EDGE_CURVE('',#782,#781,#946,.T.);
#591=EDGE_CURVE('',#737,#782,#947,.T.);
#592=EDGE_CURVE('',#783,#782,#948,.T.);
#593=EDGE_CURVE('',#736,#783,#949,.T.);
#594=EDGE_CURVE('',#784,#783,#950,.T.);
#595=EDGE_CURVE('',#735,#784,#951,.T.);
#596=EDGE_CURVE('',#785,#784,#952,.T.);
#597=EDGE_CURVE('',#734,#785,#953,.T.);
#598=EDGE_CURVE('',#786,#785,#954,.T.);
#599=EDGE_CURVE('',#733,#786,#955,.T.);
#600=EDGE_CURVE('',#787,#786,#956,.T.);
#601=EDGE_CURVE('',#732,#787,#957,.T.);
#602=EDGE_CURVE('',#777,#787,#958,.T.);
#603=EDGE_CURVE('',#788,#789,#959,.T.);
#604=EDGE_CURVE('',#690,#788,#960,.T.);
#605=EDGE_CURVE('',#691,#789,#961,.T.);
#606=EDGE_CURVE('',#789,#790,#962,.T.);
#607=EDGE_CURVE('',#693,#790,#963,.T.);
#608=EDGE_CURVE('',#790,#791,#964,.T.);
#609=EDGE_CURVE('',#692,#791,#965,.T.);
#610=EDGE_CURVE('',#791,#788,#21,.T.);
#611=EDGE_CURVE('',#792,#793,#966,.T.);
#612=EDGE_CURVE('',#719,#793,#967,.T.);
#613=EDGE_CURVE('',#718,#792,#968,.T.);
#614=EDGE_CURVE('',#794,#792,#969,.T.);
#615=EDGE_CURVE('',#717,#794,#970,.T.);
#616=EDGE_CURVE('',#795,#794,#971,.T.);
#617=EDGE_CURVE('',#728,#795,#972,.T.);
#618=EDGE_CURVE('',#796,#795,#973,.T.);
#619=EDGE_CURVE('',#727,#796,#974,.T.);
#620=EDGE_CURVE('',#797,#796,#975,.T.);
#621=EDGE_CURVE('',#726,#797,#976,.T.);
#622=EDGE_CURVE('',#798,#797,#977,.T.);
#623=EDGE_CURVE('',#725,#798,#978,.T.);
#624=EDGE_CURVE('',#799,#798,#979,.T.);
#625=EDGE_CURVE('',#724,#799,#980,.T.);
#626=EDGE_CURVE('',#800,#799,#981,.T.);
#627=EDGE_CURVE('',#723,#800,#982,.T.);
#628=EDGE_CURVE('',#801,#800,#983,.T.);
#629=EDGE_CURVE('',#722,#801,#984,.T.);
#630=EDGE_CURVE('',#802,#801,#985,.T.);
#631=EDGE_CURVE('',#721,#802,#986,.T.);
#632=EDGE_CURVE('',#803,#802,#987,.T.);
#633=EDGE_CURVE('',#720,#803,#988,.T.);
#634=EDGE_CURVE('',#793,#803,#989,.T.);
#635=EDGE_CURVE('',#804,#805,#990,.T.);
#636=EDGE_CURVE('',#710,#805,#991,.T.);
#637=EDGE_CURVE('',#709,#804,#992,.T.);
#638=EDGE_CURVE('',#806,#804,#993,.T.);
#639=EDGE_CURVE('',#708,#806,#994,.T.);
#640=EDGE_CURVE('',#807,#806,#995,.T.);
#641=EDGE_CURVE('',#716,#807,#996,.T.);
#642=EDGE_CURVE('',#808,#807,#997,.T.);
#643=EDGE_CURVE('',#715,#808,#998,.T.);
#644=EDGE_CURVE('',#809,#808,#999,.T.);
#645=EDGE_CURVE('',#714,#809,#1000,.T.);
#646=EDGE_CURVE('',#810,#809,#1001,.T.);
#647=EDGE_CURVE('',#713,#810,#1002,.T.);
#648=EDGE_CURVE('',#811,#810,#1003,.T.);
#649=EDGE_CURVE('',#712,#811,#1004,.T.);
#650=EDGE_CURVE('',#812,#811,#22,.T.);
#651=EDGE_CURVE('',#711,#812,#1005,.T.);
#652=EDGE_CURVE('',#805,#812,#1006,.T.);
#653=EDGE_CURVE('',#813,#814,#1007,.T.);
#654=EDGE_CURVE('',#700,#814,#1008,.T.);
#655=EDGE_CURVE('',#699,#813,#1009,.T.);
#656=EDGE_CURVE('',#815,#813,#1010,.T.);
#657=EDGE_CURVE('',#698,#815,#1011,.T.);
#658=EDGE_CURVE('',#816,#815,#1012,.T.);
#659=EDGE_CURVE('',#707,#816,#1013,.T.);
#660=EDGE_CURVE('',#817,#816,#1014,.T.);
#661=EDGE_CURVE('',#706,#817,#1015,.T.);
#662=EDGE_CURVE('',#818,#817,#1016,.T.);
#663=EDGE_CURVE('',#705,#818,#1017,.T.);
#664=EDGE_CURVE('',#819,#818,#1018,.T.);
#665=EDGE_CURVE('',#704,#819,#1019,.T.);
#666=EDGE_CURVE('',#820,#819,#1020,.T.);
#667=EDGE_CURVE('',#703,#820,#1021,.T.);
#668=EDGE_CURVE('',#821,#820,#1022,.T.);
#669=EDGE_CURVE('',#702,#821,#1023,.T.);
#670=EDGE_CURVE('',#822,#821,#1024,.T.);
#671=EDGE_CURVE('',#701,#822,#1025,.T.);
#672=EDGE_CURVE('',#814,#822,#1026,.T.);
#673=EDGE_CURVE('',#823,#694,#1027,.T.);
#674=EDGE_CURVE('',#823,#824,#1028,.T.);
#675=EDGE_CURVE('',#824,#695,#1029,.T.);
#676=EDGE_CURVE('',#825,#697,#1030,.T.);
#677=EDGE_CURVE('',#823,#825,#1031,.T.);
#678=EDGE_CURVE('',#826,#696,#1032,.T.);
#679=EDGE_CURVE('',#825,#826,#1033,.T.);
#680=EDGE_CURVE('',#824,#826,#1034,.T.);
#681=VERTEX_POINT('',#2066);
#682=VERTEX_POINT('',#2067);
#683=VERTEX_POINT('',#2069);
#684=VERTEX_POINT('',#2071);
#685=VERTEX_POINT('',#2075);
#686=VERTEX_POINT('',#2077);
#687=VERTEX_POINT('',#2081);
#688=VERTEX_POINT('',#2083);
#689=VERTEX_POINT('',#2128);
#690=VERTEX_POINT('',#2130);
#691=VERTEX_POINT('',#2131);
#692=VERTEX_POINT('',#2146);
#693=VERTEX_POINT('',#2148);
#694=VERTEX_POINT('',#2151);
#695=VERTEX_POINT('',#2152);
#696=VERTEX_POINT('',#2154);
#697=VERTEX_POINT('',#2156);
#698=VERTEX_POINT('',#2159);
#699=VERTEX_POINT('',#2160);
#700=VERTEX_POINT('',#2162);
#701=VERTEX_POINT('',#2164);
#702=VERTEX_POINT('',#2166);
#703=VERTEX_POINT('',#2168);
#704=VERTEX_POINT('',#2170);
#705=VERTEX_POINT('',#2172);
#706=VERTEX_POINT('',#2174);
#707=VERTEX_POINT('',#2176);
#708=VERTEX_POINT('',#2179);
#709=VERTEX_POINT('',#2180);
#710=VERTEX_POINT('',#2182);
#711=VERTEX_POINT('',#2184);
#712=VERTEX_POINT('',#2193);
#713=VERTEX_POINT('',#2195);
#714=VERTEX_POINT('',#2197);
#715=VERTEX_POINT('',#2199);
#716=VERTEX_POINT('',#2201);
#717=VERTEX_POINT('',#2204);
#718=VERTEX_POINT('',#2205);
#719=VERTEX_POINT('',#2207);
#720=VERTEX_POINT('',#2209);
#721=VERTEX_POINT('',#2211);
#722=VERTEX_POINT('',#2213);
#723=VERTEX_POINT('',#2215);
#724=VERTEX_POINT('',#2217);
#725=VERTEX_POINT('',#2219);
#726=VERTEX_POINT('',#2221);
#727=VERTEX_POINT('',#2223);
#728=VERTEX_POINT('',#2225);
#729=VERTEX_POINT('',#2228);
#730=VERTEX_POINT('',#2229);
#731=VERTEX_POINT('',#2231);
#732=VERTEX_POINT('',#2233);
#733=VERTEX_POINT('',#2235);
#734=VERTEX_POINT('',#2237);
#735=VERTEX_POINT('',#2239);
#736=VERTEX_POINT('',#2241);
#737=VERTEX_POINT('',#2243);
#738=VERTEX_POINT('',#2245);
#739=VERTEX_POINT('',#2247);
#740=VERTEX_POINT('',#2249);
#741=VERTEX_POINT('',#2252);
#742=VERTEX_POINT('',#2253);
#743=VERTEX_POINT('',#2255);
#744=VERTEX_POINT('',#2257);
#745=VERTEX_POINT('',#2259);
#746=VERTEX_POINT('',#2261);
#747=VERTEX_POINT('',#2263);
#748=VERTEX_POINT('',#2265);
#749=VERTEX_POINT('',#2268);
#750=VERTEX_POINT('',#2269);
#751=VERTEX_POINT('',#2271);
#752=VERTEX_POINT('',#2273);
#753=VERTEX_POINT('',#2282);
#754=VERTEX_POINT('',#2284);
#755=VERTEX_POINT('',#2286);
#756=VERTEX_POINT('',#2288);
#757=VERTEX_POINT('',#2290);
#758=VERTEX_POINT('',#2294);
#759=VERTEX_POINT('',#2295);
#760=VERTEX_POINT('',#2300);
#761=VERTEX_POINT('',#2304);
#762=VERTEX_POINT('',#2308);
#763=VERTEX_POINT('',#2312);
#764=VERTEX_POINT('',#2316);
#765=VERTEX_POINT('',#2320);
#766=VERTEX_POINT('',#2354);
#767=VERTEX_POINT('',#2361);
#768=VERTEX_POINT('',#2365);
#769=VERTEX_POINT('',#2366);
#770=VERTEX_POINT('',#2371);
#771=VERTEX_POINT('',#2375);
#772=VERTEX_POINT('',#2379);
#773=VERTEX_POINT('',#2383);
#774=VERTEX_POINT('',#2387);
#775=VERTEX_POINT('',#2391);
#776=VERTEX_POINT('',#2398);
#777=VERTEX_POINT('',#2399);
#778=VERTEX_POINT('',#2404);
#779=VERTEX_POINT('',#2408);
#780=VERTEX_POINT('',#2412);
#781=VERTEX_POINT('',#2416);
#782=VERTEX_POINT('',#2420);
#783=VERTEX_POINT('',#2424);
#784=VERTEX_POINT('',#2428);
#785=VERTEX_POINT('',#2432);
#786=VERTEX_POINT('',#2436);
#787=VERTEX_POINT('',#2440);
#788=VERTEX_POINT('',#2447);
#789=VERTEX_POINT('',#2448);
#790=VERTEX_POINT('',#2453);
#791=VERTEX_POINT('',#2457);
#792=VERTEX_POINT('',#2516);
#793=VERTEX_POINT('',#2517);
#794=VERTEX_POINT('',#2522);
#795=VERTEX_POINT('',#2526);
#796=VERTEX_POINT('',#2530);
#797=VERTEX_POINT('',#2534);
#798=VERTEX_POINT('',#2538);
#799=VERTEX_POINT('',#2542);
#800=VERTEX_POINT('',#2546);
#801=VERTEX_POINT('',#2550);
#802=VERTEX_POINT('',#2554);
#803=VERTEX_POINT('',#2558);
#804=VERTEX_POINT('',#2565);
#805=VERTEX_POINT('',#2566);
#806=VERTEX_POINT('',#2571);
#807=VERTEX_POINT('',#2575);
#808=VERTEX_POINT('',#2579);
#809=VERTEX_POINT('',#2583);
#810=VERTEX_POINT('',#2587);
#811=VERTEX_POINT('',#2591);
#812=VERTEX_POINT('',#2625);
#813=VERTEX_POINT('',#2632);
#814=VERTEX_POINT('',#2633);
#815=VERTEX_POINT('',#2638);
#816=VERTEX_POINT('',#2642);
#817=VERTEX_POINT('',#2646);
#818=VERTEX_POINT('',#2650);
#819=VERTEX_POINT('',#2654);
#820=VERTEX_POINT('',#2658);
#821=VERTEX_POINT('',#2662);
#822=VERTEX_POINT('',#2666);
#823=VERTEX_POINT('',#2673);
#824=VERTEX_POINT('',#2675);
#825=VERTEX_POINT('',#2679);
#826=VERTEX_POINT('',#2683);
#827=LINE('',#2065,#1035);
#828=LINE('',#2068,#1036);
#829=LINE('',#2070,#1037);
#830=LINE('',#2072,#1038);
#831=LINE('',#2074,#1039);
#832=LINE('',#2076,#1040);
#833=LINE('',#2078,#1041);
#834=LINE('',#2080,#1042);
#835=LINE('',#2082,#1043);
#836=LINE('',#2084,#1044);
#837=LINE('',#2129,#1045);
#838=LINE('',#2147,#1046);
#839=LINE('',#2149,#1047);
#840=LINE('',#2150,#1048);
#841=LINE('',#2153,#1049);
#842=LINE('',#2155,#1050);
#843=LINE('',#2157,#1051);
#844=LINE('',#2158,#1052);
#845=LINE('',#2161,#1053);
#846=LINE('',#2163,#1054);
#847=LINE('',#2165,#1055);
#848=LINE('',#2167,#1056);
#849=LINE('',#2169,#1057);
#850=LINE('',#2171,#1058);
#851=LINE('',#2173,#1059);
#852=LINE('',#2175,#1060);
#853=LINE('',#2177,#1061);
#854=LINE('',#2178,#1062);
#855=LINE('',#2181,#1063);
#856=LINE('',#2183,#1064);
#857=LINE('',#2194,#1065);
#858=LINE('',#2196,#1066);
#859=LINE('',#2198,#1067);
#860=LINE('',#2200,#1068);
#861=LINE('',#2202,#1069);
#862=LINE('',#2203,#1070);
#863=LINE('',#2206,#1071);
#864=LINE('',#2208,#1072);
#865=LINE('',#2210,#1073);
#866=LINE('',#2212,#1074);
#867=LINE('',#2214,#1075);
#868=LINE('',#2216,#1076);
#869=LINE('',#2218,#1077);
#870=LINE('',#2220,#1078);
#871=LINE('',#2222,#1079);
#872=LINE('',#2224,#1080);
#873=LINE('',#2226,#1081);
#874=LINE('',#2227,#1082);
#875=LINE('',#2230,#1083);
#876=LINE('',#2232,#1084);
#877=LINE('',#2234,#1085);
#878=LINE('',#2236,#1086);
#879=LINE('',#2238,#1087);
#880=LINE('',#2240,#1088);
#881=LINE('',#2242,#1089);
#882=LINE('',#2244,#1090);
#883=LINE('',#2246,#1091);
#884=LINE('',#2248,#1092);
#885=LINE('',#2250,#1093);
#886=LINE('',#2251,#1094);
#887=LINE('',#2254,#1095);
#888=LINE('',#2256,#1096);
#889=LINE('',#2258,#1097);
#890=LINE('',#2260,#1098);
#891=LINE('',#2262,#1099);
#892=LINE('',#2264,#1100);
#893=LINE('',#2266,#1101);
#894=LINE('',#2267,#1102);
#895=LINE('',#2270,#1103);
#896=LINE('',#2272,#1104);
#897=LINE('',#2283,#1105);
#898=LINE('',#2285,#1106);
#899=LINE('',#2287,#1107);
#900=LINE('',#2289,#1108);
#901=LINE('',#2291,#1109);
#902=LINE('',#2293,#1110);
#903=LINE('',#2296,#1111);
#904=LINE('',#2297,#1112);
#905=LINE('',#2299,#1113);
#906=LINE('',#2301,#1114);
#907=LINE('',#2303,#1115);
#908=LINE('',#2305,#1116);
#909=LINE('',#2307,#1117);
#910=LINE('',#2309,#1118);
#911=LINE('',#2311,#1119);
#912=LINE('',#2313,#1120);
#913=LINE('',#2315,#1121);
#914=LINE('',#2317,#1122);
#915=LINE('',#2319,#1123);
#916=LINE('',#2321,#1124);
#917=LINE('',#2355,#1125);
#918=LINE('',#2357,#1126);
#919=LINE('',#2364,#1127);
#920=LINE('',#2367,#1128);
#921=LINE('',#2368,#1129);
#922=LINE('',#2370,#1130);
#923=LINE('',#2372,#1131);
#924=LINE('',#2374,#1132);
#925=LINE('',#2376,#1133);
#926=LINE('',#2378,#1134);
#927=LINE('',#2380,#1135);
#928=LINE('',#2382,#1136);
#929=LINE('',#2384,#1137);
#930=LINE('',#2386,#1138);
#931=LINE('',#2388,#1139);
#932=LINE('',#2390,#1140);
#933=LINE('',#2392,#1141);
#934=LINE('',#2394,#1142);
#935=LINE('',#2397,#1143);
#936=LINE('',#2400,#1144);
#937=LINE('',#2401,#1145);
#938=LINE('',#2403,#1146);
#939=LINE('',#2405,#1147);
#940=LINE('',#2407,#1148);
#941=LINE('',#2409,#1149);
#942=LINE('',#2411,#1150);
#943=LINE('',#2413,#1151);
#944=LINE('',#2415,#1152);
#945=LINE('',#2417,#1153);
#946=LINE('',#2419,#1154);
#947=LINE('',#2421,#1155);
#948=LINE('',#2423,#1156);
#949=LINE('',#2425,#1157);
#950=LINE('',#2427,#1158);
#951=LINE('',#2429,#1159);
#952=LINE('',#2431,#1160);
#953=LINE('',#2433,#1161);
#954=LINE('',#2435,#1162);
#955=LINE('',#2437,#1163);
#956=LINE('',#2439,#1164);
#957=LINE('',#2441,#1165);
#958=LINE('',#2443,#1166);
#959=LINE('',#2446,#1167);
#960=LINE('',#2449,#1168);
#961=LINE('',#2450,#1169);
#962=LINE('',#2452,#1170);
#963=LINE('',#2454,#1171);
#964=LINE('',#2456,#1172);
#965=LINE('',#2458,#1173);
#966=LINE('',#2515,#1174);
#967=LINE('',#2518,#1175);
#968=LINE('',#2519,#1176);
#969=LINE('',#2521,#1177);
#970=LINE('',#2523,#1178);
#971=LINE('',#2525,#1179);
#972=LINE('',#2527,#1180);
#973=LINE('',#2529,#1181);
#974=LINE('',#2531,#1182);
#975=LINE('',#2533,#1183);
#976=LINE('',#2535,#1184);
#977=LINE('',#2537,#1185);
#978=LINE('',#2539,#1186);
#979=LINE('',#2541,#1187);
#980=LINE('',#2543,#1188);
#981=LINE('',#2545,#1189);
#982=LINE('',#2547,#1190);
#983=LINE('',#2549,#1191);
#984=LINE('',#2551,#1192);
#985=LINE('',#2553,#1193);
#986=LINE('',#2555,#1194);
#987=LINE('',#2557,#1195);
#988=LINE('',#2559,#1196);
#989=LINE('',#2561,#1197);
#990=LINE('',#2564,#1198);
#991=LINE('',#2567,#1199);
#992=LINE('',#2568,#1200);
#993=LINE('',#2570,#1201);
#994=LINE('',#2572,#1202);
#995=LINE('',#2574,#1203);
#996=LINE('',#2576,#1204);
#997=LINE('',#2578,#1205);
#998=LINE('',#2580,#1206);
#999=LINE('',#2582,#1207);
#1000=LINE('',#2584,#1208);
#1001=LINE('',#2586,#1209);
#1002=LINE('',#2588,#1210);
#1003=LINE('',#2590,#1211);
#1004=LINE('',#2592,#1212);
#1005=LINE('',#2626,#1213);
#1006=LINE('',#2628,#1214);
#1007=LINE('',#2631,#1215);
#1008=LINE('',#2634,#1216);
#1009=LINE('',#2635,#1217);
#1010=LINE('',#2637,#1218);
#1011=LINE('',#2639,#1219);
#1012=LINE('',#2641,#1220);
#1013=LINE('',#2643,#1221);
#1014=LINE('',#2645,#1222);
#1015=LINE('',#2647,#1223);
#1016=LINE('',#2649,#1224);
#1017=LINE('',#2651,#1225);
#1018=LINE('',#2653,#1226);
#1019=LINE('',#2655,#1227);
#1020=LINE('',#2657,#1228);
#1021=LINE('',#2659,#1229);
#1022=LINE('',#2661,#1230);
#1023=LINE('',#2663,#1231);
#1024=LINE('',#2665,#1232);
#1025=LINE('',#2667,#1233);
#1026=LINE('',#2669,#1234);
#1027=LINE('',#2672,#1235);
#1028=LINE('',#2674,#1236);
#1029=LINE('',#2676,#1237);
#1030=LINE('',#2678,#1238);
#1031=LINE('',#2680,#1239);
#1032=LINE('',#2682,#1240);
#1033=LINE('',#2684,#1241);
#1034=LINE('',#2686,#1242);
#1035=VECTOR('',#1693,1.);
#1036=VECTOR('',#1694,1.);
#1037=VECTOR('',#1695,1.);
#1038=VECTOR('',#1696,1.);
#1039=VECTOR('',#1699,1.);
#1040=VECTOR('',#1700,1.);
#1041=VECTOR('',#1701,1.);
#1042=VECTOR('',#1704,1.);
#1043=VECTOR('',#1705,1.);
#1044=VECTOR('',#1706,1.);
#1045=VECTOR('',#1713,1.);
#1046=VECTOR('',#1714,1.);
#1047=VECTOR('',#1715,1.);
#1048=VECTOR('',#1716,1.);
#1049=VECTOR('',#1717,1.);
#1050=VECTOR('',#1718,1.);
#1051=VECTOR('',#1719,1.);
#1052=VECTOR('',#1720,1.);
#1053=VECTOR('',#1721,1.);
#1054=VECTOR('',#1722,1.);
#1055=VECTOR('',#1723,1.);
#1056=VECTOR('',#1724,1.);
#1057=VECTOR('',#1725,1.);
#1058=VECTOR('',#1726,1.);
#1059=VECTOR('',#1727,1.);
#1060=VECTOR('',#1728,1.);
#1061=VECTOR('',#1729,1.);
#1062=VECTOR('',#1730,1.);
#1063=VECTOR('',#1731,1.);
#1064=VECTOR('',#1732,1.);
#1065=VECTOR('',#1733,1.);
#1066=VECTOR('',#1734,1.);
#1067=VECTOR('',#1735,1.);
#1068=VECTOR('',#1736,1.);
#1069=VECTOR('',#1737,1.);
#1070=VECTOR('',#1738,1.);
#1071=VECTOR('',#1739,1.);
#1072=VECTOR('',#1740,1.);
#1073=VECTOR('',#1741,1.);
#1074=VECTOR('',#1742,1.);
#1075=VECTOR('',#1743,1.);
#1076=VECTOR('',#1744,1.);
#1077=VECTOR('',#1745,1.);
#1078=VECTOR('',#1746,1.);
#1079=VECTOR('',#1747,1.);
#1080=VECTOR('',#1748,1.);
#1081=VECTOR('',#1749,1.);
#1082=VECTOR('',#1750,1.);
#1083=VECTOR('',#1751,1.);
#1084=VECTOR('',#1752,1.);
#1085=VECTOR('',#1753,1.);
#1086=VECTOR('',#1754,1.);
#1087=VECTOR('',#1755,1.);
#1088=VECTOR('',#1756,1.);
#1089=VECTOR('',#1757,1.);
#1090=VECTOR('',#1758,1.);
#1091=VECTOR('',#1759,1.);
#1092=VECTOR('',#1760,1.);
#1093=VECTOR('',#1761,1.);
#1094=VECTOR('',#1762,1.);
#1095=VECTOR('',#1763,1.);
#1096=VECTOR('',#1764,1.);
#1097=VECTOR('',#1765,1.);
#1098=VECTOR('',#1766,1.);
#1099=VECTOR('',#1767,1.);
#1100=VECTOR('',#1768,1.);
#1101=VECTOR('',#1769,1.);
#1102=VECTOR('',#1770,1.);
#1103=VECTOR('',#1771,1.);
#1104=VECTOR('',#1772,1.);
#1105=VECTOR('',#1773,1.);
#1106=VECTOR('',#1774,1.);
#1107=VECTOR('',#1775,1.);
#1108=VECTOR('',#1776,1.);
#1109=VECTOR('',#1777,1.);
#1110=VECTOR('',#1780,1.);
#1111=VECTOR('',#1781,1.);
#1112=VECTOR('',#1782,1.);
#1113=VECTOR('',#1785,1.);
#1114=VECTOR('',#1786,1.);
#1115=VECTOR('',#1789,1.);
#1116=VECTOR('',#1790,1.);
#1117=VECTOR('',#1793,1.);
#1118=VECTOR('',#1794,1.);
#1119=VECTOR('',#1797,1.);
#1120=VECTOR('',#1798,1.);
#1121=VECTOR('',#1801,1.);
#1122=VECTOR('',#1802,1.);
#1123=VECTOR('',#1805,1.);
#1124=VECTOR('',#1806,1.);
#1125=VECTOR('',#1807,1.);
#1126=VECTOR('',#1810,1.);
#1127=VECTOR('',#1821,1.);
#1128=VECTOR('',#1822,1.);
#1129=VECTOR('',#1823,1.);
#1130=VECTOR('',#1826,1.);
#1131=VECTOR('',#1827,1.);
#1132=VECTOR('',#1830,1.);
#1133=VECTOR('',#1831,1.);
#1134=VECTOR('',#1834,1.);
#1135=VECTOR('',#1835,1.);
#1136=VECTOR('',#1838,1.);
#1137=VECTOR('',#1839,1.);
#1138=VECTOR('',#1842,1.);
#1139=VECTOR('',#1843,1.);
#1140=VECTOR('',#1846,1.);
#1141=VECTOR('',#1847,1.);
#1142=VECTOR('',#1850,1.);
#1143=VECTOR('',#1855,1.);
#1144=VECTOR('',#1856,1.);
#1145=VECTOR('',#1857,1.);
#1146=VECTOR('',#1860,1.);
#1147=VECTOR('',#1861,1.);
#1148=VECTOR('',#1864,1.);
#1149=VECTOR('',#1865,1.);
#1150=VECTOR('',#1868,1.);
#1151=VECTOR('',#1869,1.);
#1152=VECTOR('',#1872,1.);
#1153=VECTOR('',#1873,1.);
#1154=VECTOR('',#1876,1.);
#1155=VECTOR('',#1877,1.);
#1156=VECTOR('',#1880,1.);
#1157=VECTOR('',#1881,1.);
#1158=VECTOR('',#1884,1.);
#1159=VECTOR('',#1885,1.);
#1160=VECTOR('',#1888,1.);
#1161=VECTOR('',#1889,1.);
#1162=VECTOR('',#1892,1.);
#1163=VECTOR('',#1893,1.);
#1164=VECTOR('',#1896,1.);
#1165=VECTOR('',#1897,1.);
#1166=VECTOR('',#1900,1.);
#1167=VECTOR('',#1905,1.);
#1168=VECTOR('',#1906,1.);
#1169=VECTOR('',#1907,1.);
#1170=VECTOR('',#1910,1.);
#1171=VECTOR('',#1911,1.);
#1172=VECTOR('',#1914,1.);
#1173=VECTOR('',#1915,1.);
#1174=VECTOR('',#1920,1.);
#1175=VECTOR('',#1921,1.);
#1176=VECTOR('',#1922,1.);
#1177=VECTOR('',#1925,1.);
#1178=VECTOR('',#1926,1.);
#1179=VECTOR('',#1929,1.);
#1180=VECTOR('',#1930,1.);
#1181=VECTOR('',#1933,1.);
#1182=VECTOR('',#1934,1.);
#1183=VECTOR('',#1937,1.);
#1184=VECTOR('',#1938,1.);
#1185=VECTOR('',#1941,1.);
#1186=VECTOR('',#1942,1.);
#1187=VECTOR('',#1945,1.);
#1188=VECTOR('',#1946,1.);
#1189=VECTOR('',#1949,1.);
#1190=VECTOR('',#1950,1.);
#1191=VECTOR('',#1953,1.);
#1192=VECTOR('',#1954,1.);
#1193=VECTOR('',#1957,1.);
#1194=VECTOR('',#1958,1.);
#1195=VECTOR('',#1961,1.);
#1196=VECTOR('',#1962,1.);
#1197=VECTOR('',#1965,1.);
#1198=VECTOR('',#1970,1.);
#1199=VECTOR('',#1971,1.);
#1200=VECTOR('',#1972,1.);
#1201=VECTOR('',#1975,1.);
#1202=VECTOR('',#1976,1.);
#1203=VECTOR('',#1979,1.);
#1204=VECTOR('',#1980,1.);
#1205=VECTOR('',#1983,1.);
#1206=VECTOR('',#1984,1.);
#1207=VECTOR('',#1987,1.);
#1208=VECTOR('',#1988,1.);
#1209=VECTOR('',#1991,1.);
#1210=VECTOR('',#1992,1.);
#1211=VECTOR('',#1995,1.);
#1212=VECTOR('',#1996,1.);
#1213=VECTOR('',#1997,1.);
#1214=VECTOR('',#2000,1.);
#1215=VECTOR('',#2005,1.);
#1216=VECTOR('',#2006,1.);
#1217=VECTOR('',#2007,1.);
#1218=VECTOR('',#2010,1.);
#1219=VECTOR('',#2011,1.);
#1220=VECTOR('',#2014,1.);
#1221=VECTOR('',#2015,1.);
#1222=VECTOR('',#2018,1.);
#1223=VECTOR('',#2019,1.);
#1224=VECTOR('',#2022,1.);
#1225=VECTOR('',#2023,1.);
#1226=VECTOR('',#2026,1.);
#1227=VECTOR('',#2027,1.);
#1228=VECTOR('',#2030,1.);
#1229=VECTOR('',#2031,1.);
#1230=VECTOR('',#2034,1.);
#1231=VECTOR('',#2035,1.);
#1232=VECTOR('',#2038,1.);
#1233=VECTOR('',#2039,1.);
#1234=VECTOR('',#2042,1.);
#1235=VECTOR('',#2047,1.);
#1236=VECTOR('',#2048,1.);
#1237=VECTOR('',#2049,1.);
#1238=VECTOR('',#2052,1.);
#1239=VECTOR('',#2053,1.);
#1240=VECTOR('',#2056,1.);
#1241=VECTOR('',#2057,1.);
#1242=VECTOR('',#2060,1.);
#1243=EDGE_LOOP('',(#27,#28,#29,#30));
#1244=EDGE_LOOP('',(#31,#32,#33,#34));
#1245=EDGE_LOOP('',(#35,#36,#37,#38));
#1246=EDGE_LOOP('',(#39,#40,#41,#42));
#1247=EDGE_LOOP('',(#43,#44,#45,#46));
#1248=EDGE_LOOP('',(#47));
#1249=EDGE_LOOP('',(#48,#49,#50,#51));
#1250=EDGE_LOOP('',(#52,#53,#54,#55));
#1251=EDGE_LOOP('',(#56,#57,#58,#59,#60,#61,#62,#63,#64,#65));
#1252=EDGE_LOOP('',(#66,#67,#68,#69,#70,#71,#72,#73,#74));
#1253=EDGE_LOOP('',(#75,#76,#77,#78,#79,#80,#81,#82,#83,#84,#85,#86));
#1254=EDGE_LOOP('',(#87,#88,#89,#90,#91,#92,#93,#94,#95,#96,#97,#98));
#1255=EDGE_LOOP('',(#99,#100,#101,#102,#103,#104,#105,#106));
#1256=EDGE_LOOP('',(#107,#108,#109,#110,#111,#112,#113,#114,#115));
#1257=EDGE_LOOP('',(#116,#117,#118,#119));
#1258=EDGE_LOOP('',(#120,#121,#122,#123));
#1259=EDGE_LOOP('',(#124,#125,#126,#127));
#1260=EDGE_LOOP('',(#128,#129,#130,#131));
#1261=EDGE_LOOP('',(#132,#133,#134,#135));
#1262=EDGE_LOOP('',(#136,#137,#138,#139));
#1263=EDGE_LOOP('',(#140,#141,#142,#143));
#1264=EDGE_LOOP('',(#144,#145,#146,#147));
#1265=EDGE_LOOP('',(#148,#149,#150,#151));
#1266=EDGE_LOOP('',(#152,#153,#154,#155));
#1267=EDGE_LOOP('',(#156,#157,#158,#159,#160,#161,#162,#163,#164));
#1268=EDGE_LOOP('',(#165));
#1269=EDGE_LOOP('',(#166));
#1270=EDGE_LOOP('',(#167));
#1271=EDGE_LOOP('',(#168,#169,#170,#171));
#1272=EDGE_LOOP('',(#172,#173,#174,#175));
#1273=EDGE_LOOP('',(#176,#177,#178,#179));
#1274=EDGE_LOOP('',(#180,#181,#182,#183));
#1275=EDGE_LOOP('',(#184,#185,#186,#187));
#1276=EDGE_LOOP('',(#188,#189,#190,#191));
#1277=EDGE_LOOP('',(#192,#193,#194,#195));
#1278=EDGE_LOOP('',(#196,#197,#198,#199));
#1279=EDGE_LOOP('',(#200,#201,#202,#203,#204,#205,#206,#207));
#1280=EDGE_LOOP('',(#208,#209,#210,#211));
#1281=EDGE_LOOP('',(#212,#213,#214,#215));
#1282=EDGE_LOOP('',(#216,#217,#218,#219));
#1283=EDGE_LOOP('',(#220,#221,#222,#223));
#1284=EDGE_LOOP('',(#224,#225,#226,#227));
#1285=EDGE_LOOP('',(#228,#229,#230,#231));
#1286=EDGE_LOOP('',(#232,#233,#234,#235));
#1287=EDGE_LOOP('',(#236,#237,#238,#239));
#1288=EDGE_LOOP('',(#240,#241,#242,#243));
#1289=EDGE_LOOP('',(#244,#245,#246,#247));
#1290=EDGE_LOOP('',(#248,#249,#250,#251));
#1291=EDGE_LOOP('',(#252,#253,#254,#255));
#1292=EDGE_LOOP('',(#256,#257,#258,#259,#260,#261,#262,#263,#264,#265,#266,
#267));
#1293=EDGE_LOOP('',(#268,#269,#270,#271));
#1294=EDGE_LOOP('',(#272,#273,#274,#275));
#1295=EDGE_LOOP('',(#276,#277,#278,#279));
#1296=EDGE_LOOP('',(#280,#281,#282,#283));
#1297=EDGE_LOOP('',(#284,#285,#286,#287));
#1298=EDGE_LOOP('',(#288,#289,#290,#291));
#1299=EDGE_LOOP('',(#292,#293,#294,#295));
#1300=EDGE_LOOP('',(#296,#297,#298,#299));
#1301=EDGE_LOOP('',(#300,#301,#302,#303));
#1302=EDGE_LOOP('',(#304,#305,#306,#307));
#1303=EDGE_LOOP('',(#308,#309,#310,#311));
#1304=EDGE_LOOP('',(#312,#313,#314,#315));
#1305=EDGE_LOOP('',(#316,#317,#318,#319));
#1306=EDGE_LOOP('',(#320,#321,#322,#323));
#1307=EDGE_LOOP('',(#324,#325,#326,#327));
#1308=EDGE_LOOP('',(#328,#329,#330,#331));
#1309=EDGE_LOOP('',(#332,#333,#334,#335));
#1310=EDGE_LOOP('',(#336,#337,#338,#339,#340,#341,#342,#343,#344,#345,#346,
#347));
#1311=EDGE_LOOP('',(#348,#349,#350,#351));
#1312=EDGE_LOOP('',(#352,#353,#354,#355));
#1313=EDGE_LOOP('',(#356,#357,#358,#359));
#1314=EDGE_LOOP('',(#360,#361,#362,#363));
#1315=EDGE_LOOP('',(#364,#365,#366,#367));
#1316=EDGE_LOOP('',(#368,#369,#370,#371));
#1317=EDGE_LOOP('',(#372,#373,#374,#375));
#1318=EDGE_LOOP('',(#376,#377,#378,#379));
#1319=EDGE_LOOP('',(#380,#381,#382,#383));
#1320=EDGE_LOOP('',(#384,#385,#386,#387,#388,#389,#390,#391,#392));
#1321=EDGE_LOOP('',(#393,#394,#395,#396));
#1322=EDGE_LOOP('',(#397,#398,#399,#400));
#1323=EDGE_LOOP('',(#401,#402,#403,#404));
#1324=EDGE_LOOP('',(#405,#406,#407,#408));
#1325=EDGE_LOOP('',(#409,#410,#411,#412));
#1326=EDGE_LOOP('',(#413,#414,#415,#416));
#1327=EDGE_LOOP('',(#417,#418,#419,#420));
#1328=EDGE_LOOP('',(#421,#422,#423,#424));
#1329=EDGE_LOOP('',(#425,#426,#427,#428));
#1330=EDGE_LOOP('',(#429,#430,#431,#432));
#1331=EDGE_LOOP('',(#433,#434,#435,#436,#437,#438,#439,#440,#441,#442));
#1332=EDGE_LOOP('',(#443,#444,#445,#446));
#1333=EDGE_LOOP('',(#447,#448,#449,#450));
#1334=EDGE_LOOP('',(#451,#452,#453,#454));
#1335=EDGE_LOOP('',(#455,#456,#457,#458));
#1336=EDGE_LOOP('',(#459,#460,#461,#462));
#1337=FACE_BOUND('',#1243,.T.);
#1338=FACE_BOUND('',#1244,.T.);
#1339=FACE_BOUND('',#1245,.T.);
#1340=FACE_BOUND('',#1246,.T.);
#1341=FACE_BOUND('',#1247,.T.);
#1342=FACE_BOUND('',#1248,.T.);
#1343=FACE_BOUND('',#1249,.T.);
#1344=FACE_BOUND('',#1250,.T.);
#1345=FACE_BOUND('',#1251,.T.);
#1346=FACE_BOUND('',#1252,.T.);
#1347=FACE_BOUND('',#1253,.T.);
#1348=FACE_BOUND('',#1254,.T.);
#1349=FACE_BOUND('',#1255,.T.);
#1350=FACE_BOUND('',#1256,.T.);
#1351=FACE_BOUND('',#1257,.T.);
#1352=FACE_BOUND('',#1258,.T.);
#1353=FACE_BOUND('',#1259,.T.);
#1354=FACE_BOUND('',#1260,.T.);
#1355=FACE_BOUND('',#1261,.T.);
#1356=FACE_BOUND('',#1262,.T.);
#1357=FACE_BOUND('',#1263,.T.);
#1358=FACE_BOUND('',#1264,.T.);
#1359=FACE_BOUND('',#1265,.T.);
#1360=FACE_BOUND('',#1266,.T.);
#1361=FACE_BOUND('',#1267,.T.);
#1362=FACE_BOUND('',#1268,.T.);
#1363=FACE_BOUND('',#1269,.T.);
#1364=FACE_BOUND('',#1270,.T.);
#1365=FACE_BOUND('',#1271,.T.);
#1366=FACE_BOUND('',#1272,.T.);
#1367=FACE_BOUND('',#1273,.T.);
#1368=FACE_BOUND('',#1274,.T.);
#1369=FACE_BOUND('',#1275,.T.);
#1370=FACE_BOUND('',#1276,.T.);
#1371=FACE_BOUND('',#1277,.T.);
#1372=FACE_BOUND('',#1278,.T.);
#1373=FACE_BOUND('',#1279,.T.);
#1374=FACE_BOUND('',#1280,.T.);
#1375=FACE_BOUND('',#1281,.T.);
#1376=FACE_BOUND('',#1282,.T.);
#1377=FACE_BOUND('',#1283,.T.);
#1378=FACE_BOUND('',#1284,.T.);
#1379=FACE_BOUND('',#1285,.T.);
#1380=FACE_BOUND('',#1286,.T.);
#1381=FACE_BOUND('',#1287,.T.);
#1382=FACE_BOUND('',#1288,.T.);
#1383=FACE_BOUND('',#1289,.T.);
#1384=FACE_BOUND('',#1290,.T.);
#1385=FACE_BOUND('',#1291,.T.);
#1386=FACE_BOUND('',#1292,.T.);
#1387=FACE_BOUND('',#1293,.T.);
#1388=FACE_BOUND('',#1294,.T.);
#1389=FACE_BOUND('',#1295,.T.);
#1390=FACE_BOUND('',#1296,.T.);
#1391=FACE_BOUND('',#1297,.T.);
#1392=FACE_BOUND('',#1298,.T.);
#1393=FACE_BOUND('',#1299,.T.);
#1394=FACE_BOUND('',#1300,.T.);
#1395=FACE_BOUND('',#1301,.T.);
#1396=FACE_BOUND('',#1302,.T.);
#1397=FACE_BOUND('',#1303,.T.);
#1398=FACE_BOUND('',#1304,.T.);
#1399=FACE_BOUND('',#1305,.T.);
#1400=FACE_BOUND('',#1306,.T.);
#1401=FACE_BOUND('',#1307,.T.);
#1402=FACE_BOUND('',#1308,.T.);
#1403=FACE_BOUND('',#1309,.T.);
#1404=FACE_BOUND('',#1310,.T.);
#1405=FACE_BOUND('',#1311,.T.);
#1406=FACE_BOUND('',#1312,.T.);
#1407=FACE_BOUND('',#1313,.T.);
#1408=FACE_BOUND('',#1314,.T.);
#1409=FACE_BOUND('',#1315,.T.);
#1410=FACE_BOUND('',#1316,.T.);
#1411=FACE_BOUND('',#1317,.T.);
#1412=FACE_BOUND('',#1318,.T.);
#1413=FACE_BOUND('',#1319,.T.);
#1414=FACE_BOUND('',#1320,.T.);
#1415=FACE_BOUND('',#1321,.T.);
#1416=FACE_BOUND('',#1322,.T.);
#1417=FACE_BOUND('',#1323,.T.);
#1418=FACE_BOUND('',#1324,.T.);
#1419=FACE_BOUND('',#1325,.T.);
#1420=FACE_BOUND('',#1326,.T.);
#1421=FACE_BOUND('',#1327,.T.);
#1422=FACE_BOUND('',#1328,.T.);
#1423=FACE_BOUND('',#1329,.T.);
#1424=FACE_BOUND('',#1330,.T.);
#1425=FACE_BOUND('',#1331,.T.);
#1426=FACE_BOUND('',#1332,.T.);
#1427=FACE_BOUND('',#1333,.T.);
#1428=FACE_BOUND('',#1334,.T.);
#1429=FACE_BOUND('',#1335,.T.);
#1430=FACE_BOUND('',#1336,.T.);
#1431=PLANE('',#1607);
#1432=PLANE('',#1608);
#1433=PLANE('',#1609);
#1434=PLANE('',#1610);
#1435=PLANE('',#1611);
#1436=PLANE('',#1613);
#1437=PLANE('',#1614);
#1438=PLANE('',#1615);
#1439=PLANE('',#1616);
#1440=PLANE('',#1617);
#1441=PLANE('',#1618);
#1442=PLANE('',#1619);
#1443=PLANE('',#1620);
#1444=PLANE('',#1621);
#1445=PLANE('',#1624);
#1446=PLANE('',#1625);
#1447=PLANE('',#1626);
#1448=PLANE('',#1627);
#1449=PLANE('',#1628);
#1450=PLANE('',#1629);
#1451=PLANE('',#1630);
#1452=PLANE('',#1631);
#1453=PLANE('',#1632);
#1454=PLANE('',#1633);
#1455=PLANE('',#1634);
#1456=PLANE('',#1635);
#1457=PLANE('',#1636);
#1458=PLANE('',#1637);
#1459=PLANE('',#1638);
#1460=PLANE('',#1639);
#1461=PLANE('',#1640);
#1462=PLANE('',#1641);
#1463=PLANE('',#1642);
#1464=PLANE('',#1643);
#1465=PLANE('',#1644);
#1466=PLANE('',#1645);
#1467=PLANE('',#1646);
#1468=PLANE('',#1647);
#1469=PLANE('',#1648);
#1470=PLANE('',#1649);
#1471=PLANE('',#1650);
#1472=PLANE('',#1651);
#1473=PLANE('',#1652);
#1474=PLANE('',#1653);
#1475=PLANE('',#1654);
#1476=PLANE('',#1655);
#1477=PLANE('',#1656);
#1478=PLANE('',#1657);
#1479=PLANE('',#1658);
#1480=PLANE('',#1659);
#1481=PLANE('',#1660);
#1482=PLANE('',#1661);
#1483=PLANE('',#1662);
#1484=PLANE('',#1663);
#1485=PLANE('',#1664);
#1486=PLANE('',#1665);
#1487=PLANE('',#1666);
#1488=PLANE('',#1667);
#1489=PLANE('',#1668);
#1490=PLANE('',#1669);
#1491=PLANE('',#1670);
#1492=PLANE('',#1671);
#1493=PLANE('',#1672);
#1494=PLANE('',#1673);
#1495=PLANE('',#1674);
#1496=PLANE('',#1675);
#1497=PLANE('',#1676);
#1498=PLANE('',#1677);
#1499=PLANE('',#1678);
#1500=PLANE('',#1679);
#1501=PLANE('',#1680);
#1502=PLANE('',#1681);
#1503=PLANE('',#1682);
#1504=PLANE('',#1683);
#1505=PLANE('',#1684);
#1506=PLANE('',#1685);
#1507=PLANE('',#1686);
#1508=PLANE('',#1687);
#1509=PLANE('',#1688);
#1510=ADVANCED_FACE('',(#1337),#1431,.F.);
#1511=ADVANCED_FACE('',(#1338),#1432,.T.);
#1512=ADVANCED_FACE('',(#1339),#1433,.T.);
#1513=ADVANCED_FACE('',(#1340),#23,.F.);
#1514=ADVANCED_FACE('',(#1341),#1434,.T.);
#1515=ADVANCED_FACE('',(#1342,#1343,#1344,#1345,#1346,#1347,#1348,#1349,
#1350,#1351),#1435,.F.);
#1516=ADVANCED_FACE('',(#1352),#1436,.F.);
#1517=ADVANCED_FACE('',(#1353),#1437,.F.);
#1518=ADVANCED_FACE('',(#1354),#1438,.F.);
#1519=ADVANCED_FACE('',(#1355),#1439,.F.);
#1520=ADVANCED_FACE('',(#1356),#1440,.F.);
#1521=ADVANCED_FACE('',(#1357),#1441,.F.);
#1522=ADVANCED_FACE('',(#1358),#1442,.F.);
#1523=ADVANCED_FACE('',(#1359),#24,.F.);
#1524=ADVANCED_FACE('',(#1360),#1443,.F.);
#1525=ADVANCED_FACE('',(#1361),#1444,.T.);
#1526=ADVANCED_FACE('',(#1362,#1363),#12,.T.);
#1527=ADVANCED_FACE('',(#1364),#1445,.T.);
#1528=ADVANCED_FACE('',(#1365),#1446,.F.);
#1529=ADVANCED_FACE('',(#1366),#1447,.F.);
#1530=ADVANCED_FACE('',(#1367),#1448,.F.);
#1531=ADVANCED_FACE('',(#1368),#1449,.F.);
#1532=ADVANCED_FACE('',(#1369),#1450,.F.);
#1533=ADVANCED_FACE('',(#1370),#1451,.F.);
#1534=ADVANCED_FACE('',(#1371),#1452,.F.);
#1535=ADVANCED_FACE('',(#1372),#1453,.F.);
#1536=ADVANCED_FACE('',(#1373),#1454,.T.);
#1537=ADVANCED_FACE('',(#1374),#1455,.F.);
#1538=ADVANCED_FACE('',(#1375),#1456,.F.);
#1539=ADVANCED_FACE('',(#1376),#1457,.F.);
#1540=ADVANCED_FACE('',(#1377),#1458,.F.);
#1541=ADVANCED_FACE('',(#1378),#1459,.F.);
#1542=ADVANCED_FACE('',(#1379),#1460,.F.);
#1543=ADVANCED_FACE('',(#1380),#1461,.F.);
#1544=ADVANCED_FACE('',(#1381),#1462,.F.);
#1545=ADVANCED_FACE('',(#1382),#1463,.F.);
#1546=ADVANCED_FACE('',(#1383),#1464,.F.);
#1547=ADVANCED_FACE('',(#1384),#1465,.F.);
#1548=ADVANCED_FACE('',(#1385),#1466,.F.);
#1549=ADVANCED_FACE('',(#1386),#1467,.T.);
#1550=ADVANCED_FACE('',(#1387),#1468,.T.);
#1551=ADVANCED_FACE('',(#1388),#1469,.T.);
#1552=ADVANCED_FACE('',(#1389),#1470,.T.);
#1553=ADVANCED_FACE('',(#1390),#25,.T.);
#1554=ADVANCED_FACE('',(#1391),#1471,.T.);
#1555=ADVANCED_FACE('',(#1392),#1472,.F.);
#1556=ADVANCED_FACE('',(#1393),#1473,.F.);
#1557=ADVANCED_FACE('',(#1394),#1474,.F.);
#1558=ADVANCED_FACE('',(#1395),#1475,.F.);
#1559=ADVANCED_FACE('',(#1396),#1476,.F.);
#1560=ADVANCED_FACE('',(#1397),#1477,.F.);
#1561=ADVANCED_FACE('',(#1398),#1478,.F.);
#1562=ADVANCED_FACE('',(#1399),#1479,.F.);
#1563=ADVANCED_FACE('',(#1400),#1480,.F.);
#1564=ADVANCED_FACE('',(#1401),#1481,.F.);
#1565=ADVANCED_FACE('',(#1402),#1482,.F.);
#1566=ADVANCED_FACE('',(#1403),#1483,.F.);
#1567=ADVANCED_FACE('',(#1404),#1484,.T.);
#1568=ADVANCED_FACE('',(#1405),#1485,.F.);
#1569=ADVANCED_FACE('',(#1406),#1486,.F.);
#1570=ADVANCED_FACE('',(#1407),#1487,.F.);
#1571=ADVANCED_FACE('',(#1408),#1488,.F.);
#1572=ADVANCED_FACE('',(#1409),#1489,.F.);
#1573=ADVANCED_FACE('',(#1410),#1490,.F.);
#1574=ADVANCED_FACE('',(#1411),#1491,.F.);
#1575=ADVANCED_FACE('',(#1412),#26,.F.);
#1576=ADVANCED_FACE('',(#1413),#1492,.F.);
#1577=ADVANCED_FACE('',(#1414),#1493,.T.);
#1578=ADVANCED_FACE('',(#1415),#1494,.F.);
#1579=ADVANCED_FACE('',(#1416),#1495,.F.);
#1580=ADVANCED_FACE('',(#1417),#1496,.F.);
#1581=ADVANCED_FACE('',(#1418),#1497,.F.);
#1582=ADVANCED_FACE('',(#1419),#1498,.F.);
#1583=ADVANCED_FACE('',(#1420),#1499,.F.);
#1584=ADVANCED_FACE('',(#1421),#1500,.F.);
#1585=ADVANCED_FACE('',(#1422),#1501,.F.);
#1586=ADVANCED_FACE('',(#1423),#1502,.F.);
#1587=ADVANCED_FACE('',(#1424),#1503,.F.);
#1588=ADVANCED_FACE('',(#1425),#1504,.T.);
#1589=ADVANCED_FACE('',(#1426),#1505,.T.);
#1590=ADVANCED_FACE('',(#1427),#1506,.F.);
#1591=ADVANCED_FACE('',(#1428),#1507,.F.);
#1592=ADVANCED_FACE('',(#1429),#1508,.T.);
#1593=ADVANCED_FACE('',(#1430),#1509,.T.);
#1594=CLOSED_SHELL('',(#1510,#1511,#1512,#1513,#1514,#1515,#1516,#1517,
#1518,#1519,#1520,#1521,#1522,#1523,#1524,#1525,#1526,#1527,#1528,#1529,
#1530,#1531,#1532,#1533,#1534,#1535,#1536,#1537,#1538,#1539,#1540,#1541,
#1542,#1543,#1544,#1545,#1546,#1547,#1548,#1549,#1550,#1551,#1552,#1553,
#1554,#1555,#1556,#1557,#1558,#1559,#1560,#1561,#1562,#1563,#1564,#1565,
#1566,#1567,#1568,#1569,#1570,#1571,#1572,#1573,#1574,#1575,#1576,#1577,
#1578,#1579,#1580,#1581,#1582,#1583,#1584,#1585,#1586,#1587,#1588,#1589,
#1590,#1591,#1592,#1593));
#1595=STYLED_ITEM('',(#1596),#1603);
#1596=PRESENTATION_STYLE_ASSIGNMENT((#1597));
#1597=SURFACE_STYLE_USAGE(.BOTH.,#1598);
#1598=SURFACE_SIDE_STYLE('',(#1599));
#1599=SURFACE_STYLE_FILL_AREA(#1600);
#1600=FILL_AREA_STYLE('',(#1601));
#1601=FILL_AREA_STYLE_COLOUR('',#1602);
#1602=COLOUR_RGB('',0.980392156862745,0.713725490196078,0.00392156862745098);
#1603=MANIFOLD_SOLID_BREP('Translucent Emblem',#1594);
#1604=SHAPE_DEFINITION_REPRESENTATION(#2694,#1605);
#1605=SHAPE_REPRESENTATION('Translucent Emblem',(#1606),#2689);
#1606=AXIS2_PLACEMENT_3D('',#2063,#1689,#1690);
#1607=AXIS2_PLACEMENT_3D('',#2064,#1691,#1692);
#1608=AXIS2_PLACEMENT_3D('',#2073,#1697,#1698);
#1609=AXIS2_PLACEMENT_3D('',#2079,#1702,#1703);
#1610=AXIS2_PLACEMENT_3D('',#2125,#1707,#1708);
#1611=AXIS2_PLACEMENT_3D('',#2126,#1709,#1710);
#1612=AXIS2_PLACEMENT_3D('',#2127,#1711,#1712);
#1613=AXIS2_PLACEMENT_3D('',#2292,#1778,#1779);
#1614=AXIS2_PLACEMENT_3D('',#2298,#1783,#1784);
#1615=AXIS2_PLACEMENT_3D('',#2302,#1787,#1788);
#1616=AXIS2_PLACEMENT_3D('',#2306,#1791,#1792);
#1617=AXIS2_PLACEMENT_3D('',#2310,#1795,#1796);
#1618=AXIS2_PLACEMENT_3D('',#2314,#1799,#1800);
#1619=AXIS2_PLACEMENT_3D('',#2318,#1803,#1804);
#1620=AXIS2_PLACEMENT_3D('',#2356,#1808,#1809);
#1621=AXIS2_PLACEMENT_3D('',#2358,#1811,#1812);
#1622=AXIS2_PLACEMENT_3D('',#2359,#1813,#1814);
#1623=AXIS2_PLACEMENT_3D('',#2360,#1815,#1816);
#1624=AXIS2_PLACEMENT_3D('',#2362,#1817,#1818);
#1625=AXIS2_PLACEMENT_3D('',#2363,#1819,#1820);
#1626=AXIS2_PLACEMENT_3D('',#2369,#1824,#1825);
#1627=AXIS2_PLACEMENT_3D('',#2373,#1828,#1829);
#1628=AXIS2_PLACEMENT_3D('',#2377,#1832,#1833);
#1629=AXIS2_PLACEMENT_3D('',#2381,#1836,#1837);
#1630=AXIS2_PLACEMENT_3D('',#2385,#1840,#1841);
#1631=AXIS2_PLACEMENT_3D('',#2389,#1844,#1845);
#1632=AXIS2_PLACEMENT_3D('',#2393,#1848,#1849);
#1633=AXIS2_PLACEMENT_3D('',#2395,#1851,#1852);
#1634=AXIS2_PLACEMENT_3D('',#2396,#1853,#1854);
#1635=AXIS2_PLACEMENT_3D('',#2402,#1858,#1859);
#1636=AXIS2_PLACEMENT_3D('',#2406,#1862,#1863);
#1637=AXIS2_PLACEMENT_3D('',#2410,#1866,#1867);
#1638=AXIS2_PLACEMENT_3D('',#2414,#1870,#1871);
#1639=AXIS2_PLACEMENT_3D('',#2418,#1874,#1875);
#1640=AXIS2_PLACEMENT_3D('',#2422,#1878,#1879);
#1641=AXIS2_PLACEMENT_3D('',#2426,#1882,#1883);
#1642=AXIS2_PLACEMENT_3D('',#2430,#1886,#1887);
#1643=AXIS2_PLACEMENT_3D('',#2434,#1890,#1891);
#1644=AXIS2_PLACEMENT_3D('',#2438,#1894,#1895);
#1645=AXIS2_PLACEMENT_3D('',#2442,#1898,#1899);
#1646=AXIS2_PLACEMENT_3D('',#2444,#1901,#1902);
#1647=AXIS2_PLACEMENT_3D('',#2445,#1903,#1904);
#1648=AXIS2_PLACEMENT_3D('',#2451,#1908,#1909);
#1649=AXIS2_PLACEMENT_3D('',#2455,#1912,#1913);
#1650=AXIS2_PLACEMENT_3D('',#2513,#1916,#1917);
#1651=AXIS2_PLACEMENT_3D('',#2514,#1918,#1919);
#1652=AXIS2_PLACEMENT_3D('',#2520,#1923,#1924);
#1653=AXIS2_PLACEMENT_3D('',#2524,#1927,#1928);
#1654=AXIS2_PLACEMENT_3D('',#2528,#1931,#1932);
#1655=AXIS2_PLACEMENT_3D('',#2532,#1935,#1936);
#1656=AXIS2_PLACEMENT_3D('',#2536,#1939,#1940);
#1657=AXIS2_PLACEMENT_3D('',#2540,#1943,#1944);
#1658=AXIS2_PLACEMENT_3D('',#2544,#1947,#1948);
#1659=AXIS2_PLACEMENT_3D('',#2548,#1951,#1952);
#1660=AXIS2_PLACEMENT_3D('',#2552,#1955,#1956);
#1661=AXIS2_PLACEMENT_3D('',#2556,#1959,#1960);
#1662=AXIS2_PLACEMENT_3D('',#2560,#1963,#1964);
#1663=AXIS2_PLACEMENT_3D('',#2562,#1966,#1967);
#1664=AXIS2_PLACEMENT_3D('',#2563,#1968,#1969);
#1665=AXIS2_PLACEMENT_3D('',#2569,#1973,#1974);
#1666=AXIS2_PLACEMENT_3D('',#2573,#1977,#1978);
#1667=AXIS2_PLACEMENT_3D('',#2577,#1981,#1982);
#1668=AXIS2_PLACEMENT_3D('',#2581,#1985,#1986);
#1669=AXIS2_PLACEMENT_3D('',#2585,#1989,#1990);
#1670=AXIS2_PLACEMENT_3D('',#2589,#1993,#1994);
#1671=AXIS2_PLACEMENT_3D('',#2627,#1998,#1999);
#1672=AXIS2_PLACEMENT_3D('',#2629,#2001,#2002);
#1673=AXIS2_PLACEMENT_3D('',#2630,#2003,#2004);
#1674=AXIS2_PLACEMENT_3D('',#2636,#2008,#2009);
#1675=AXIS2_PLACEMENT_3D('',#2640,#2012,#2013);
#1676=AXIS2_PLACEMENT_3D('',#2644,#2016,#2017);
#1677=AXIS2_PLACEMENT_3D('',#2648,#2020,#2021);
#1678=AXIS2_PLACEMENT_3D('',#2652,#2024,#2025);
#1679=AXIS2_PLACEMENT_3D('',#2656,#2028,#2029);
#1680=AXIS2_PLACEMENT_3D('',#2660,#2032,#2033);
#1681=AXIS2_PLACEMENT_3D('',#2664,#2036,#2037);
#1682=AXIS2_PLACEMENT_3D('',#2668,#2040,#2041);
#1683=AXIS2_PLACEMENT_3D('',#2670,#2043,#2044);
#1684=AXIS2_PLACEMENT_3D('',#2671,#2045,#2046);
#1685=AXIS2_PLACEMENT_3D('',#2677,#2050,#2051);
#1686=AXIS2_PLACEMENT_3D('',#2681,#2054,#2055);
#1687=AXIS2_PLACEMENT_3D('',#2685,#2058,#2059);
#1688=AXIS2_PLACEMENT_3D('',#2687,#2061,#2062);
#1689=DIRECTION('',(0.,0.,1.));
#1690=DIRECTION('',(1.,0.,0.));
#1691=DIRECTION('',(0.,1.,0.));
#1692=DIRECTION('',(0.,0.,1.));
#1693=DIRECTION('',(-1.,0.,0.));
#1694=DIRECTION('',(0.,0.,1.));
#1695=DIRECTION('',(-1.,0.,0.));
#1696=DIRECTION('',(0.,0.,1.));
#1697=DIRECTION('',(1.,0.,0.));
#1698=DIRECTION('',(0.,0.,-1.));
#1699=DIRECTION('',(0.,1.,0.));
#1700=DIRECTION('',(0.,1.,0.));
#1701=DIRECTION('',(0.,0.,1.));
#1702=DIRECTION('',(0.,1.,0.));
#1703=DIRECTION('',(0.,0.,1.));
#1704=DIRECTION('',(-1.,0.,0.));
#1705=DIRECTION('',(-1.,0.,0.));
#1706=DIRECTION('',(0.,0.,1.));
#1707=DIRECTION('',(0.,0.,1.));
#1708=DIRECTION('',(1.,0.,0.));
#1709=DIRECTION('',(0.,0.,-1.));
#1710=DIRECTION('',(1.,0.,0.));
#1711=DIRECTION('',(0.,0.,-1.));
#1712=DIRECTION('',(-1.,0.,0.));
#1713=DIRECTION('',(1.,0.,0.));
#1714=DIRECTION('',(-1.,0.,0.));
#1715=DIRECTION('',(0.,1.,0.));
#1716=DIRECTION('',(0.,1.,0.));
#1717=DIRECTION('',(-1.,0.,0.));
#1718=DIRECTION('',(0.,1.,0.));
#1719=DIRECTION('',(-1.,0.,0.));
#1720=DIRECTION('',(1.,0.,0.));
#1721=DIRECTION('',(0.,-1.,0.));
#1722=DIRECTION('',(-1.,0.,0.));
#1723=DIRECTION('',(0.,1.,0.));
#1724=DIRECTION('',(1.,0.,0.));
#1725=DIRECTION('',(0.,1.,0.));
#1726=DIRECTION('',(-1.,0.,0.));
#1727=DIRECTION('',(0.,1.,0.));
#1728=DIRECTION('',(1.,0.,0.));
#1729=DIRECTION('',(0.,1.,0.));
#1730=DIRECTION('',(1.,0.,0.));
#1731=DIRECTION('',(0.,-1.,0.));
#1732=DIRECTION('',(-1.,0.,0.));
#1733=DIRECTION('',(-0.524418519006533,0.851460637330344,0.));
#1734=DIRECTION('',(1.,0.,0.));
#1735=DIRECTION('',(0.497185066143664,-0.867644518223749,0.));
#1736=DIRECTION('',(1.,0.,0.));
#1737=DIRECTION('',(0.,1.,0.));
#1738=DIRECTION('',(0.,-1.,0.));
#1739=DIRECTION('',(-1.,0.,0.));
#1740=DIRECTION('',(0.,1.,0.));
#1741=DIRECTION('',(1.,0.,0.));
#1742=DIRECTION('',(0.,1.,0.));
#1743=DIRECTION('',(-1.,0.,0.));
#1744=DIRECTION('',(0.,1.,0.));
#1745=DIRECTION('',(1.,0.,0.));
#1746=DIRECTION('',(0.,1.,0.));
#1747=DIRECTION('',(-1.,0.,0.));
#1748=DIRECTION('',(0.,1.,0.));
#1749=DIRECTION('',(1.,0.,0.));
#1750=DIRECTION('',(0.,-1.,0.));
#1751=DIRECTION('',(-1.,0.,0.));
#1752=DIRECTION('',(0.,1.,0.));
#1753=DIRECTION('',(1.,0.,0.));
#1754=DIRECTION('',(0.,1.,0.));
#1755=DIRECTION('',(-1.,0.,0.));
#1756=DIRECTION('',(0.,1.,0.));
#1757=DIRECTION('',(1.,0.,0.));
#1758=DIRECTION('',(0.,1.,0.));
#1759=DIRECTION('',(-1.,0.,0.));
#1760=DIRECTION('',(0.,1.,0.));
#1761=DIRECTION('',(1.,0.,0.));
#1762=DIRECTION('',(-0.288986800823461,-0.957333081508114,0.));
#1763=DIRECTION('',(-1.,0.,0.));
#1764=DIRECTION('',(-0.283106974885733,0.9590883383563,0.));
#1765=DIRECTION('',(0.999957064746353,0.00926653461965622,0.));
#1766=DIRECTION('',(0.331603976318197,-0.943418678472056,0.));
#1767=DIRECTION('',(1.,0.,0.));
#1768=DIRECTION('',(0.252076821969815,0.967707226296052,0.));
#1769=DIRECTION('',(0.999851872053843,0.0172114482373411,0.));
#1770=DIRECTION('',(1.,0.,0.));
#1771=DIRECTION('',(0.,-1.,0.));
#1772=DIRECTION('',(-1.,0.,0.));
#1773=DIRECTION('',(-0.524418519006531,0.851460637330345,0.));
#1774=DIRECTION('',(1.,0.,0.));
#1775=DIRECTION('',(0.497185066143664,-0.867644518223749,0.));
#1776=DIRECTION('',(1.,0.,0.));
#1777=DIRECTION('',(0.,1.,0.));
#1778=DIRECTION('',(-1.,0.,0.));
#1779=DIRECTION('',(0.,0.,1.));
#1780=DIRECTION('',(0.,-1.,0.));
#1781=DIRECTION('',(0.,0.,1.));
#1782=DIRECTION('',(0.,0.,1.));
#1783=DIRECTION('',(0.,-1.,0.));
#1784=DIRECTION('',(0.,0.,-1.));
#1785=DIRECTION('',(1.,0.,0.));
#1786=DIRECTION('',(0.,0.,1.));
#1787=DIRECTION('',(1.,0.,0.));
#1788=DIRECTION('',(0.,0.,-1.));
#1789=DIRECTION('',(0.,1.,0.));
#1790=DIRECTION('',(0.,0.,1.));
#1791=DIRECTION('',(0.,-1.,0.));
#1792=DIRECTION('',(0.,0.,-1.));
#1793=DIRECTION('',(1.,0.,0.));
#1794=DIRECTION('',(0.,0.,1.));
#1795=DIRECTION('',(-0.867644518223749,-0.497185066143664,0.));
#1796=DIRECTION('',(0.497185066143664,-0.867644518223749,0.));
#1797=DIRECTION('',(0.497185066143664,-0.867644518223749,0.));
#1798=DIRECTION('',(0.,0.,1.));
#1799=DIRECTION('',(0.,-1.,0.));
#1800=DIRECTION('',(0.,0.,-1.));
#1801=DIRECTION('',(1.,0.,0.));
#1802=DIRECTION('',(0.,0.,1.));
#1803=DIRECTION('',(0.851460637330345,0.524418519006531,0.));
#1804=DIRECTION('',(-0.524418519006531,0.851460637330345,0.));
#1805=DIRECTION('',(-0.524418519006531,0.851460637330345,0.));
#1806=DIRECTION('',(0.,0.,1.));
#1807=DIRECTION('',(0.,0.,1.));
#1808=DIRECTION('',(0.,1.,0.));
#1809=DIRECTION('',(0.,0.,1.));
#1810=DIRECTION('',(-1.,0.,0.));
#1811=DIRECTION('',(0.,0.,1.));
#1812=DIRECTION('',(1.,0.,0.));
#1813=DIRECTION('',(0.,0.,1.));
#1814=DIRECTION('',(1.,0.,0.));
#1815=DIRECTION('',(0.,0.,1.));
#1816=DIRECTION('',(1.,0.,0.));
#1817=DIRECTION('',(0.,0.,1.));
#1818=DIRECTION('',(1.,0.,0.));
#1819=DIRECTION('',(0.,1.,0.));
#1820=DIRECTION('',(0.,0.,1.));
#1821=DIRECTION('',(-1.,0.,0.));
#1822=DIRECTION('',(0.,0.,1.));
#1823=DIRECTION('',(0.,0.,1.));
#1824=DIRECTION('',(-0.957333081508114,0.288986800823461,0.));
#1825=DIRECTION('',(-0.288986800823461,-0.957333081508114,0.));
#1826=DIRECTION('',(-0.288986800823461,-0.957333081508114,0.));
#1827=DIRECTION('',(0.,0.,1.));
#1828=DIRECTION('',(0.0172114482373411,-0.999851872053843,0.));
#1829=DIRECTION('',(0.999851872053843,0.0172114482373411,0.));
#1830=DIRECTION('',(0.999851872053843,0.0172114482373411,0.));
#1831=DIRECTION('',(0.,0.,1.));
#1832=DIRECTION('',(0.967707226296052,-0.252076821969815,0.));
#1833=DIRECTION('',(0.252076821969815,0.967707226296052,0.));
#1834=DIRECTION('',(0.252076821969815,0.967707226296052,0.));
#1835=DIRECTION('',(0.,0.,1.));
#1836=DIRECTION('',(0.,-1.,0.));
#1837=DIRECTION('',(0.,0.,-1.));
#1838=DIRECTION('',(1.,0.,0.));
#1839=DIRECTION('',(0.,0.,1.));
#1840=DIRECTION('',(-0.943418678472056,-0.331603976318197,0.));
#1841=DIRECTION('',(0.331603976318197,-0.943418678472056,0.));
#1842=DIRECTION('',(0.331603976318197,-0.943418678472056,0.));
#1843=DIRECTION('',(0.,0.,1.));
#1844=DIRECTION('',(0.00926653461965622,-0.999957064746353,0.));
#1845=DIRECTION('',(0.999957064746353,0.00926653461965622,0.));
#1846=DIRECTION('',(0.999957064746353,0.00926653461965622,0.));
#1847=DIRECTION('',(0.,0.,1.));
#1848=DIRECTION('',(0.9590883383563,0.283106974885733,0.));
#1849=DIRECTION('',(-0.283106974885733,0.9590883383563,0.));
#1850=DIRECTION('',(-0.283106974885733,0.9590883383563,0.));
#1851=DIRECTION('',(0.,0.,1.));
#1852=DIRECTION('',(1.,0.,0.));
#1853=DIRECTION('',(0.,1.,0.));
#1854=DIRECTION('',(0.,0.,1.));
#1855=DIRECTION('',(-1.,0.,0.));
#1856=DIRECTION('',(0.,0.,1.));
#1857=DIRECTION('',(0.,0.,1.));
#1858=DIRECTION('',(-1.,0.,0.));
#1859=DIRECTION('',(0.,0.,1.));
#1860=DIRECTION('',(0.,-1.,0.));
#1861=DIRECTION('',(0.,0.,1.));
#1862=DIRECTION('',(0.,-1.,0.));
#1863=DIRECTION('',(0.,0.,-1.));
#1864=DIRECTION('',(1.,0.,0.));
#1865=DIRECTION('',(0.,0.,1.));
#1866=DIRECTION('',(1.,0.,0.));
#1867=DIRECTION('',(0.,0.,-1.));
#1868=DIRECTION('',(0.,1.,0.));
#1869=DIRECTION('',(0.,0.,1.));
#1870=DIRECTION('',(0.,1.,0.));
#1871=DIRECTION('',(0.,0.,1.));
#1872=DIRECTION('',(-1.,0.,0.));
#1873=DIRECTION('',(0.,0.,1.));
#1874=DIRECTION('',(1.,0.,0.));
#1875=DIRECTION('',(0.,0.,-1.));
#1876=DIRECTION('',(0.,1.,0.));
#1877=DIRECTION('',(0.,0.,1.));
#1878=DIRECTION('',(0.,-1.,0.));
#1879=DIRECTION('',(0.,0.,-1.));
#1880=DIRECTION('',(1.,0.,0.));
#1881=DIRECTION('',(0.,0.,1.));
#1882=DIRECTION('',(1.,0.,0.));
#1883=DIRECTION('',(0.,0.,-1.));
#1884=DIRECTION('',(0.,1.,0.));
#1885=DIRECTION('',(0.,0.,1.));
#1886=DIRECTION('',(0.,1.,0.));
#1887=DIRECTION('',(0.,0.,1.));
#1888=DIRECTION('',(-1.,0.,0.));
#1889=DIRECTION('',(0.,0.,1.));
#1890=DIRECTION('',(1.,0.,0.));
#1891=DIRECTION('',(0.,0.,-1.));
#1892=DIRECTION('',(0.,1.,0.));
#1893=DIRECTION('',(0.,0.,1.));
#1894=DIRECTION('',(0.,-1.,0.));
#1895=DIRECTION('',(0.,0.,-1.));
#1896=DIRECTION('',(1.,0.,0.));
#1897=DIRECTION('',(0.,0.,1.));
#1898=DIRECTION('',(1.,0.,0.));
#1899=DIRECTION('',(0.,0.,-1.));
#1900=DIRECTION('',(0.,1.,0.));
#1901=DIRECTION('',(0.,0.,1.));
#1902=DIRECTION('',(1.,0.,0.));
#1903=DIRECTION('',(0.,-1.,0.));
#1904=DIRECTION('',(0.,0.,-1.));
#1905=DIRECTION('',(1.,0.,0.));
#1906=DIRECTION('',(0.,0.,1.));
#1907=DIRECTION('',(0.,0.,1.));
#1908=DIRECTION('',(1.,0.,0.));
#1909=DIRECTION('',(0.,0.,-1.));
#1910=DIRECTION('',(0.,1.,0.));
#1911=DIRECTION('',(0.,0.,1.));
#1912=DIRECTION('',(0.,1.,0.));
#1913=DIRECTION('',(0.,0.,1.));
#1914=DIRECTION('',(-1.,0.,0.));
#1915=DIRECTION('',(0.,0.,1.));
#1916=DIRECTION('',(0.,0.,1.));
#1917=DIRECTION('',(1.,0.,0.));
#1918=DIRECTION('',(0.,1.,0.));
#1919=DIRECTION('',(0.,0.,1.));
#1920=DIRECTION('',(-1.,0.,0.));
#1921=DIRECTION('',(0.,0.,1.));
#1922=DIRECTION('',(0.,0.,1.));
#1923=DIRECTION('',(-1.,0.,0.));
#1924=DIRECTION('',(0.,0.,1.));
#1925=DIRECTION('',(0.,-1.,0.));
#1926=DIRECTION('',(0.,0.,1.));
#1927=DIRECTION('',(0.,-1.,0.));
#1928=DIRECTION('',(0.,0.,-1.));
#1929=DIRECTION('',(1.,0.,0.));
#1930=DIRECTION('',(0.,0.,1.));
#1931=DIRECTION('',(1.,0.,0.));
#1932=DIRECTION('',(0.,0.,-1.));
#1933=DIRECTION('',(0.,1.,0.));
#1934=DIRECTION('',(0.,0.,1.));
#1935=DIRECTION('',(0.,1.,0.));
#1936=DIRECTION('',(0.,0.,1.));
#1937=DIRECTION('',(-1.,0.,0.));
#1938=DIRECTION('',(0.,0.,1.));
#1939=DIRECTION('',(1.,0.,0.));
#1940=DIRECTION('',(0.,0.,-1.));
#1941=DIRECTION('',(0.,1.,0.));
#1942=DIRECTION('',(0.,0.,1.));
#1943=DIRECTION('',(0.,-1.,0.));
#1944=DIRECTION('',(0.,0.,-1.));
#1945=DIRECTION('',(1.,0.,0.));
#1946=DIRECTION('',(0.,0.,1.));
#1947=DIRECTION('',(1.,0.,0.));
#1948=DIRECTION('',(0.,0.,-1.));
#1949=DIRECTION('',(0.,1.,0.));
#1950=DIRECTION('',(0.,0.,1.));
#1951=DIRECTION('',(0.,1.,0.));
#1952=DIRECTION('',(0.,0.,1.));
#1953=DIRECTION('',(-1.,0.,0.));
#1954=DIRECTION('',(0.,0.,1.));
#1955=DIRECTION('',(1.,0.,0.));
#1956=DIRECTION('',(0.,0.,-1.));
#1957=DIRECTION('',(0.,1.,0.));
#1958=DIRECTION('',(0.,0.,1.));
#1959=DIRECTION('',(0.,-1.,0.));
#1960=DIRECTION('',(0.,0.,-1.));
#1961=DIRECTION('',(1.,0.,0.));
#1962=DIRECTION('',(0.,0.,1.));
#1963=DIRECTION('',(1.,0.,0.));
#1964=DIRECTION('',(0.,0.,-1.));
#1965=DIRECTION('',(0.,1.,0.));
#1966=DIRECTION('',(0.,0.,1.));
#1967=DIRECTION('',(1.,0.,0.));
#1968=DIRECTION('',(-1.,0.,0.));
#1969=DIRECTION('',(0.,0.,1.));
#1970=DIRECTION('',(0.,-1.,0.));
#1971=DIRECTION('',(0.,0.,1.));
#1972=DIRECTION('',(0.,0.,1.));
#1973=DIRECTION('',(0.,-1.,0.));
#1974=DIRECTION('',(0.,0.,-1.));
#1975=DIRECTION('',(1.,0.,0.));
#1976=DIRECTION('',(0.,0.,1.));
#1977=DIRECTION('',(1.,0.,0.));
#1978=DIRECTION('',(0.,0.,-1.));
#1979=DIRECTION('',(0.,1.,0.));
#1980=DIRECTION('',(0.,0.,1.));
#1981=DIRECTION('',(0.,-1.,0.));
#1982=DIRECTION('',(0.,0.,-1.));
#1983=DIRECTION('',(1.,0.,0.));
#1984=DIRECTION('',(0.,0.,1.));
#1985=DIRECTION('',(-0.867644518223749,-0.497185066143664,0.));
#1986=DIRECTION('',(0.497185066143664,-0.867644518223749,0.));
#1987=DIRECTION('',(0.497185066143664,-0.867644518223749,0.));
#1988=DIRECTION('',(0.,0.,1.));
#1989=DIRECTION('',(0.,-1.,0.));
#1990=DIRECTION('',(0.,0.,-1.));
#1991=DIRECTION('',(1.,0.,0.));
#1992=DIRECTION('',(0.,0.,1.));
#1993=DIRECTION('',(0.851460637330344,0.524418519006533,0.));
#1994=DIRECTION('',(-0.524418519006533,0.851460637330344,0.));
#1995=DIRECTION('',(-0.524418519006533,0.851460637330344,0.));
#1996=DIRECTION('',(0.,0.,1.));
#1997=DIRECTION('',(0.,0.,1.));
#1998=DIRECTION('',(0.,1.,0.));
#1999=DIRECTION('',(0.,0.,1.));
#2000=DIRECTION('',(-1.,0.,0.));
#2001=DIRECTION('',(0.,0.,1.));
#2002=DIRECTION('',(1.,0.,0.));
#2003=DIRECTION('',(-1.,0.,0.));
#2004=DIRECTION('',(0.,0.,1.));
#2005=DIRECTION('',(0.,-1.,0.));
#2006=DIRECTION('',(0.,0.,1.));
#2007=DIRECTION('',(0.,0.,1.));
#2008=DIRECTION('',(0.,-1.,0.));
#2009=DIRECTION('',(0.,0.,-1.));
#2010=DIRECTION('',(1.,0.,0.));
#2011=DIRECTION('',(0.,0.,1.));
#2012=DIRECTION('',(1.,0.,0.));
#2013=DIRECTION('',(0.,0.,-1.));
#2014=DIRECTION('',(0.,1.,0.));
#2015=DIRECTION('',(0.,0.,1.));
#2016=DIRECTION('',(0.,-1.,0.));
#2017=DIRECTION('',(0.,0.,-1.));
#2018=DIRECTION('',(1.,0.,0.));
#2019=DIRECTION('',(0.,0.,1.));
#2020=DIRECTION('',(1.,0.,0.));
#2021=DIRECTION('',(0.,0.,-1.));
#2022=DIRECTION('',(0.,1.,0.));
#2023=DIRECTION('',(0.,0.,1.));
#2024=DIRECTION('',(0.,1.,0.));
#2025=DIRECTION('',(0.,0.,1.));
#2026=DIRECTION('',(-1.,0.,0.));
#2027=DIRECTION('',(0.,0.,1.));
#2028=DIRECTION('',(1.,0.,0.));
#2029=DIRECTION('',(0.,0.,-1.));
#2030=DIRECTION('',(0.,1.,0.));
#2031=DIRECTION('',(0.,0.,1.));
#2032=DIRECTION('',(0.,-1.,0.));
#2033=DIRECTION('',(0.,0.,-1.));
#2034=DIRECTION('',(1.,0.,0.));
#2035=DIRECTION('',(0.,0.,1.));
#2036=DIRECTION('',(1.,0.,0.));
#2037=DIRECTION('',(0.,0.,-1.));
#2038=DIRECTION('',(0.,1.,0.));
#2039=DIRECTION('',(0.,0.,1.));
#2040=DIRECTION('',(0.,1.,0.));
#2041=DIRECTION('',(0.,0.,1.));
#2042=DIRECTION('',(-1.,0.,0.));
#2043=DIRECTION('',(0.,0.,1.));
#2044=DIRECTION('',(1.,0.,0.));
#2045=DIRECTION('',(1.,0.,0.));
#2046=DIRECTION('',(0.,0.,-1.));
#2047=DIRECTION('',(0.,0.,1.));
#2048=DIRECTION('',(0.,1.,0.));
#2049=DIRECTION('',(0.,0.,1.));
#2050=DIRECTION('',(0.,1.,0.));
#2051=DIRECTION('',(0.,0.,1.));
#2052=DIRECTION('',(0.,0.,1.));
#2053=DIRECTION('',(-1.,0.,0.));
#2054=DIRECTION('',(1.,0.,0.));
#2055=DIRECTION('',(0.,0.,-1.));
#2056=DIRECTION('',(0.,0.,1.));
#2057=DIRECTION('',(0.,1.,0.));
#2058=DIRECTION('',(0.,1.,0.));
#2059=DIRECTION('',(0.,0.,1.));
#2060=DIRECTION('',(-1.,0.,0.));
#2061=DIRECTION('',(0.,0.,-1.));
#2062=DIRECTION('',(1.,0.,0.));
#2063=CARTESIAN_POINT('',(0.,0.,0.));
#2064=CARTESIAN_POINT('',(0.0552024472430488,-0.0689433048124385,0.01451));
#2065=CARTESIAN_POINT('',(0.0552024472430488,-0.0689433048124385,0.01951));
#2066=CARTESIAN_POINT('',(0.0586819662043798,-0.0689433048124385,0.01951));
#2067=CARTESIAN_POINT('',(0.0517229282817178,-0.0689433048124385,0.01951));
#2068=CARTESIAN_POINT('',(0.0517229282817178,-0.0689433048124385,0.01451));
#2069=CARTESIAN_POINT('',(0.0517229282817178,-0.0689433048124385,0.01451));
#2070=CARTESIAN_POINT('',(0.0552024472430488,-0.0689433048124385,0.01451));
#2071=CARTESIAN_POINT('',(0.0586819662043798,-0.0689433048124385,0.01451));
#2072=CARTESIAN_POINT('',(0.0586819662043798,-0.0689433048124385,0.01451));
#2073=CARTESIAN_POINT('',(0.0586819662043798,-0.0634708905901438,0.01451));
#2074=CARTESIAN_POINT('',(0.0586819662043798,-0.0634708905901438,0.01951));
#2075=CARTESIAN_POINT('',(0.0586819662043798,-0.0579984763678492,0.01951));
#2076=CARTESIAN_POINT('',(0.0586819662043798,-0.0634708905901438,0.01451));
#2077=CARTESIAN_POINT('',(0.0586819662043798,-0.0579984763678492,0.01451));
#2078=CARTESIAN_POINT('',(0.0586819662043798,-0.0579984763678492,0.01451));
#2079=CARTESIAN_POINT('',(0.0554277403766072,-0.0579984763678492,0.01451));
#2080=CARTESIAN_POINT('',(0.0554277403766072,-0.0579984763678492,0.01951));
#2081=CARTESIAN_POINT('',(0.0521735145488347,-0.0579984763678492,0.01951));
#2082=CARTESIAN_POINT('',(0.0554277403766072,-0.0579984763678492,0.01451));
#2083=CARTESIAN_POINT('',(0.0521735145488347,-0.0579984763678492,0.01451));
#2084=CARTESIAN_POINT('',(0.0521735145488347,-0.0579984763678492,0.01451));
#2085=CARTESIAN_POINT('',(0.0517229282817178,-0.0689433048124385,0.01451));
#2086=CARTESIAN_POINT('',(0.0517229282817178,-0.0689433048124385,0.01951));
#2087=CARTESIAN_POINT('',(0.0509667081732005,-0.0688039813910657,0.01451));
#2088=CARTESIAN_POINT('',(0.0509667081732005,-0.0688039813910657,0.01951));
#2089=CARTESIAN_POINT('',(0.0494272613593008,-0.0685203589447458,0.01451));
#2090=CARTESIAN_POINT('',(0.0494272613593008,-0.0685203589447458,0.01951));
#2091=CARTESIAN_POINT('',(0.0475033760852707,-0.0667422148480546,0.01451));
#2092=CARTESIAN_POINT('',(0.0475033760852707,-0.0667422148480546,0.01951));
#2093=CARTESIAN_POINT('',(0.0465574229004311,-0.0640607956123553,0.01451));
#2094=CARTESIAN_POINT('',(0.0465574229004311,-0.0640607956123553,0.01951));
#2095=CARTESIAN_POINT('',(0.0474496401994051,-0.0605400904987865,0.01451));
#2096=CARTESIAN_POINT('',(0.0474496401994051,-0.0605400904987865,0.01951));
#2097=CARTESIAN_POINT('',(0.0489177837317991,-0.0592626985332515,0.01451));
#2098=CARTESIAN_POINT('',(0.0489177837317991,-0.0592626985332515,0.01951));
#2099=CARTESIAN_POINT('',(0.0509772916715304,-0.0580845383039201,0.01451));
#2100=CARTESIAN_POINT('',(0.0509772916715304,-0.0580845383039201,0.01951));
#2101=CARTESIAN_POINT('',(0.0518221595607742,-0.0580237545088164,0.01451));
#2102=CARTESIAN_POINT('',(0.0518221595607742,-0.0580237545088164,0.01951));
#2103=CARTESIAN_POINT('',(0.0521735145488347,-0.0579984763678492,0.01451));
#2104=CARTESIAN_POINT('',(0.0521735145488347,-0.0579984763678492,0.01951));
#2105=CARTESIAN_POINT('',(0.0517229282817178,-0.0689433048124385,0.01951));
#2106=CARTESIAN_POINT('',(0.0509667081732005,-0.0688039813910657,0.01951));
#2107=CARTESIAN_POINT('',(0.0494272613593008,-0.0685203589447458,0.01951));
#2108=CARTESIAN_POINT('',(0.0475033760852707,-0.0667422148480546,0.01951));
#2109=CARTESIAN_POINT('',(0.0465574229004311,-0.0640607956123553,0.01951));
#2110=CARTESIAN_POINT('',(0.0474496401994051,-0.0605400904987865,0.01951));
#2111=CARTESIAN_POINT('',(0.0489177837317991,-0.0592626985332515,0.01951));
#2112=CARTESIAN_POINT('',(0.0509772916715304,-0.0580845383039201,0.01951));
#2113=CARTESIAN_POINT('',(0.0518221595607742,-0.0580237545088164,0.01951));
#2114=CARTESIAN_POINT('',(0.0521735145488347,-0.0579984763678492,0.01951));
#2115=CARTESIAN_POINT('',(0.0517229282817178,-0.0689433048124385,0.01451));
#2116=CARTESIAN_POINT('',(0.0509667081732005,-0.0688039813910657,0.01451));
#2117=CARTESIAN_POINT('',(0.0494272613593008,-0.0685203589447458,0.01451));
#2118=CARTESIAN_POINT('',(0.0475033760852707,-0.0667422148480546,0.01451));
#2119=CARTESIAN_POINT('',(0.0465574229004311,-0.0640607956123553,0.01451));
#2120=CARTESIAN_POINT('',(0.0474496401994051,-0.0605400904987865,0.01451));
#2121=CARTESIAN_POINT('',(0.0489177837317991,-0.0592626985332515,0.01451));
#2122=CARTESIAN_POINT('',(0.0509772916715304,-0.0580845383039201,0.01451));
#2123=CARTESIAN_POINT('',(0.0518221595607742,-0.0580237545088164,0.01451));
#2124=CARTESIAN_POINT('',(0.0521735145488347,-0.0579984763678492,0.01451));
#2125=CARTESIAN_POINT('',(2.77555756156289E-17,0.,0.01951));
#2126=CARTESIAN_POINT('',(0.100004437300887,-0.0639460513591766,0.01451));
#2127=CARTESIAN_POINT('',(0.089011507352547,-0.0635280017927673,0.01451));
#2128=CARTESIAN_POINT('',(0.0834322841681087,-0.0635280017927673,0.01451));
#2129=CARTESIAN_POINT('',(0.10291067445945,-0.068916081494041,0.01451));
#2130=CARTESIAN_POINT('',(0.0991262574150992,-0.068916081494041,0.01451));
#2131=CARTESIAN_POINT('',(0.1066950915038,-0.068916081494041,0.01451));
#2132=CARTESIAN_POINT('',(0.0991262574150992,-0.0580603558333715,0.01451));
#2133=CARTESIAN_POINT('',(0.0980139524670375,-0.0582589949939784,0.01451));
#2134=CARTESIAN_POINT('',(0.0959493198951877,-0.0586223743037836,0.01451));
#2135=CARTESIAN_POINT('',(0.0952501460464864,-0.0611652884094779,0.01451));
#2136=CARTESIAN_POINT('',(0.0956003634975005,-0.0628630819373056,0.01451));
#2137=CARTESIAN_POINT('',(0.0959500016681223,-0.0635227329597906,0.01451));
#2138=CARTESIAN_POINT('',(0.0960957922503939,-0.0636138485410282,0.01451));
#2139=CARTESIAN_POINT('',(0.0957461461071831,-0.0640404080571217,0.01451));
#2140=CARTESIAN_POINT('',(0.0953351776889768,-0.065169038126338,0.01451));
#2141=CARTESIAN_POINT('',(0.0955284031723091,-0.0668929270897365,0.01451));
#2142=CARTESIAN_POINT('',(0.0964707819264001,-0.0683110223238358,0.01451));
#2143=CARTESIAN_POINT('',(0.0978188386036171,-0.0689028237536276,0.01451));
#2144=CARTESIAN_POINT('',(0.0986946686283487,-0.0689116728223765,0.01451));
#2145=CARTESIAN_POINT('',(0.0991262574150992,-0.068916081494041,0.01451));
#2146=CARTESIAN_POINT('',(0.0991262574150992,-0.0580603558333715,0.01451));
#2147=CARTESIAN_POINT('',(0.10291067445945,-0.0580603558333715,0.01451));
#2148=CARTESIAN_POINT('',(0.1066950915038,-0.0580603558333715,0.01451));
#2149=CARTESIAN_POINT('',(0.1066950915038,-0.0634882186637062,0.01451));
#2150=CARTESIAN_POINT('',(0.1538204381532,-0.0639460513591766,0.01451));
#2151=CARTESIAN_POINT('',(0.1538204381532,-0.0708400492072104,0.01451));
#2152=CARTESIAN_POINT('',(0.1538204381532,-0.0570520535111427,0.01451));
#2153=CARTESIAN_POINT('',(0.100004437300887,-0.0570520535111427,0.01451));
#2154=CARTESIAN_POINT('',(0.0461884364485741,-0.0570520535111427,0.01451));
#2155=CARTESIAN_POINT('',(0.0461884364485741,-0.0639460513591766,0.01451));
#2156=CARTESIAN_POINT('',(0.0461884364485741,-0.0708400492072104,0.01451));
#2157=CARTESIAN_POINT('',(0.100004437300887,-0.0708400492072104,0.01451));
#2158=CARTESIAN_POINT('',(0.149992787364449,-0.0580740086734295,0.01451));
#2159=CARTESIAN_POINT('',(0.148165136575699,-0.0580740086734295,0.01451));
#2160=CARTESIAN_POINT('',(0.1518204381532,-0.0580740086734295,0.01451));
#2161=CARTESIAN_POINT('',(0.1518204381532,-0.06345702894032,0.01451));
#2162=CARTESIAN_POINT('',(0.1518204381532,-0.0688400492072104,0.01451));
#2163=CARTESIAN_POINT('',(0.147085295144047,-0.0688400492072104,0.01451));
#2164=CARTESIAN_POINT('',(0.142350152134895,-0.0688400492072104,0.01451));
#2165=CARTESIAN_POINT('',(0.142350152134895,-0.067377995699644,0.01451));
#2166=CARTESIAN_POINT('',(0.142350152134895,-0.0659159421920776,0.01451));
#2167=CARTESIAN_POINT('',(0.145207807421684,-0.0659159421920776,0.01451));
#2168=CARTESIAN_POINT('',(0.148065462708473,-0.0659159421920776,0.01451));
#2169=CARTESIAN_POINT('',(0.148065462708473,-0.0655172020196915,0.01451));
#2170=CARTESIAN_POINT('',(0.148065462708473,-0.0651184618473053,0.01451));
#2171=CARTESIAN_POINT('',(0.145207807421684,-0.0651184618473053,0.01451));
#2172=CARTESIAN_POINT('',(0.142350152134895,-0.0651184618473053,0.01451));
#2173=CARTESIAN_POINT('',(0.142350152134895,-0.0636397916823626,0.01451));
#2174=CARTESIAN_POINT('',(0.142350152134895,-0.0621611215174198,0.01451));
#2175=CARTESIAN_POINT('',(0.145257644355297,-0.0621611215174198,0.01451));
#2176=CARTESIAN_POINT('',(0.148165136575699,-0.0621611215174198,0.01451));
#2177=CARTESIAN_POINT('',(0.148165136575699,-0.0601175650954247,0.01451));
#2178=CARTESIAN_POINT('',(0.139280311763287,-0.0580740086734295,0.01451));
#2179=CARTESIAN_POINT('',(0.137473165988922,-0.0580740086734295,0.01451));
#2180=CARTESIAN_POINT('',(0.141087457537651,-0.0580740086734295,0.01451));
#2181=CARTESIAN_POINT('',(0.141087457537651,-0.06345702894032,0.01451));
#2182=CARTESIAN_POINT('',(0.141087457537651,-0.0688400492072104,0.01451));
#2183=CARTESIAN_POINT('',(0.137299403548241,-0.0688400492072104,0.01451));
#2184=CARTESIAN_POINT('',(0.13351134955883,-0.0688400492072104,0.01451));
#2185=CARTESIAN_POINT('',(0.13351134955883,-0.0688400492072104,0.01451));
#2186=CARTESIAN_POINT('',(0.132943191035361,-0.068828601848543,0.01451));
#2187=CARTESIAN_POINT('',(0.131719908112904,-0.0690053912585071,0.01451));
#2188=CARTESIAN_POINT('',(0.129804722949954,-0.0673215222794497,0.01451));
#2189=CARTESIAN_POINT('',(0.129895958872607,-0.0653666167971607,0.01451));
#2190=CARTESIAN_POINT('',(0.129932085223431,-0.063709112198112,0.01451));
#2191=CARTESIAN_POINT('',(0.131270672226107,-0.0628860456753796,0.01451));
#2192=CARTESIAN_POINT('',(0.132016077637672,-0.0624269470572472,0.01451));
#2193=CARTESIAN_POINT('',(0.132016077637672,-0.0624269470572472,0.01451));
#2194=CARTESIAN_POINT('',(0.130675580261466,-0.0602504778653384,0.01451));
#2195=CARTESIAN_POINT('',(0.12933508288526,-0.0580740086734295,0.01451));
#2196=CARTESIAN_POINT('',(0.131436455903766,-0.0580740086734295,0.01451));
#2197=CARTESIAN_POINT('',(0.133537828922272,-0.0580740086734295,0.01451));
#2198=CARTESIAN_POINT('',(0.134692117571831,-0.0600883737206459,0.01451));
#2199=CARTESIAN_POINT('',(0.13584640622139,-0.0621027387678623,0.01451));
#2200=CARTESIAN_POINT('',(0.136659786105156,-0.0621027387678623,0.01451));
#2201=CARTESIAN_POINT('',(0.137473165988922,-0.0621027387678623,0.01451));
#2202=CARTESIAN_POINT('',(0.137473165988922,-0.0600883737206459,0.01451));
#2203=CARTESIAN_POINT('',(0.1285340487957,-0.06345702894032,0.01451));
#2204=CARTESIAN_POINT('',(0.1285340487957,-0.0580740086734295,0.01451));
#2205=CARTESIAN_POINT('',(0.1285340487957,-0.0688400492072104,0.01451));
#2206=CARTESIAN_POINT('',(0.123787835240364,-0.0688400492072104,0.01451));
#2207=CARTESIAN_POINT('',(0.119041621685028,-0.0688400492072104,0.01451));
#2208=CARTESIAN_POINT('',(0.119041621685028,-0.0673757120966911,0.01451));
#2209=CARTESIAN_POINT('',(0.119041621685028,-0.0659113749861717,0.01451));
#2210=CARTESIAN_POINT('',(0.121966887265444,-0.0659113749861717,0.01451));
#2211=CARTESIAN_POINT('',(0.124892152845859,-0.0659113749861717,0.01451));
#2212=CARTESIAN_POINT('',(0.124892152845859,-0.0654884465038776,0.01451));
#2213=CARTESIAN_POINT('',(0.124892152845859,-0.0650655180215836,0.01451));
#2214=CARTESIAN_POINT('',(0.121966887265444,-0.0650655180215836,0.01451));
#2215=CARTESIAN_POINT('',(0.119041621685028,-0.0650655180215836,0.01451));
#2216=CARTESIAN_POINT('',(0.119041621685028,-0.0636205058544874,0.01451));
#2217=CARTESIAN_POINT('',(0.119041621685028,-0.0621754936873913,0.01451));
#2218=CARTESIAN_POINT('',(0.121966887265444,-0.0621754936873913,0.01451));
#2219=CARTESIAN_POINT('',(0.124892152845859,-0.0621754936873913,0.01451));
#2220=CARTESIAN_POINT('',(0.124892152845859,-0.0616585779935122,0.01451));
#2221=CARTESIAN_POINT('',(0.124892152845859,-0.061141662299633,0.01451));
#2222=CARTESIAN_POINT('',(0.121966887265444,-0.061141662299633,0.01451));
#2223=CARTESIAN_POINT('',(0.119041621685028,-0.061141662299633,0.01451));
#2224=CARTESIAN_POINT('',(0.119041621685028,-0.0596078354865313,0.01451));
#2225=CARTESIAN_POINT('',(0.119041621685028,-0.0580740086734295,0.01451));
#2226=CARTESIAN_POINT('',(0.123787835240364,-0.0580740086734295,0.01451));
#2227=CARTESIAN_POINT('',(0.117543709876081,-0.0634882186637062,0.01451));
#2228=CARTESIAN_POINT('',(0.117543709876081,-0.0580603558333715,0.01451));
#2229=CARTESIAN_POINT('',(0.117543709876081,-0.068916081494041,0.01451));
#2230=CARTESIAN_POINT('',(0.112797496320745,-0.068916081494041,0.01451));
#2231=CARTESIAN_POINT('',(0.108051282765409,-0.068916081494041,0.01451));
#2232=CARTESIAN_POINT('',(0.108051282765409,-0.0674809096812683,0.01451));
#2233=CARTESIAN_POINT('',(0.108051282765409,-0.0660457378684955,0.01451));
#2234=CARTESIAN_POINT('',(0.110976548345825,-0.0660457378684955,0.01451));
#2235=CARTESIAN_POINT('',(0.113901813926241,-0.0660457378684955,0.01451));
#2236=CARTESIAN_POINT('',(0.113901813926241,-0.0655488027691322,0.01451));
#2237=CARTESIAN_POINT('',(0.113901813926241,-0.0650518676697689,0.01451));
#2238=CARTESIAN_POINT('',(0.110976548345825,-0.0650518676697689,0.01451));
#2239=CARTESIAN_POINT('',(0.108051282765409,-0.0650518676697689,0.01451));
#2240=CARTESIAN_POINT('',(0.108051282765409,-0.06360388830895,0.01451));
#2241=CARTESIAN_POINT('',(0.108051282765409,-0.0621559089481311,0.01451));
#2242=CARTESIAN_POINT('',(0.110976548345825,-0.0621559089481311,0.01451));
#2243=CARTESIAN_POINT('',(0.113901813926241,-0.0621559089481311,0.01451));
#2244=CARTESIAN_POINT('',(0.113901813926241,-0.0616203425883728,0.01451));
#2245=CARTESIAN_POINT('',(0.113901813926241,-0.0610847762286144,0.01451));
#2246=CARTESIAN_POINT('',(0.110976548345825,-0.0610847762286144,0.01451));
#2247=CARTESIAN_POINT('',(0.108051282765409,-0.0610847762286144,0.01451));
#2248=CARTESIAN_POINT('',(0.108051282765409,-0.0595725660309929,0.01451));
#2249=CARTESIAN_POINT('',(0.108051282765409,-0.0580603558333715,0.01451));
#2250=CARTESIAN_POINT('',(0.112797496320745,-0.0580603558333715,0.01451));
#2251=CARTESIAN_POINT('',(0.082067362788497,-0.0634776550881386,0.01451));
#2252=CARTESIAN_POINT('',(0.0837090416136764,-0.0580392286822361,0.01451));
#2253=CARTESIAN_POINT('',(0.0804256839633177,-0.068916081494041,0.01451));
#2254=CARTESIAN_POINT('',(0.0776322802171162,-0.068916081494041,0.01451));
#2255=CARTESIAN_POINT('',(0.0748388764709146,-0.068916081494041,0.01451));
#2256=CARTESIAN_POINT('',(0.07324390531316,-0.0635127591702637,0.01451));
#2257=CARTESIAN_POINT('',(0.0716489341554053,-0.0581094368464863,0.01451));
#2258=CARTESIAN_POINT('',(0.0735059595614315,-0.058092227917402,0.01451));
#2259=CARTESIAN_POINT('',(0.0753629849674578,-0.0580750189883178,0.01451));
#2260=CARTESIAN_POINT('',(0.0755706866765565,-0.0586659337116269,0.01451));
#2261=CARTESIAN_POINT('',(0.0757783883856552,-0.0592568484349361,0.01451));
#2262=CARTESIAN_POINT('',(0.0776323468999182,-0.0592568484349361,0.01451));
#2263=CARTESIAN_POINT('',(0.0794863054141813,-0.0592568484349361,0.01451));
#2264=CARTESIAN_POINT('',(0.0796360977141755,-0.0586818051206987,0.01451));
#2265=CARTESIAN_POINT('',(0.0797858900141698,-0.0581067618064613,0.01451));
#2266=CARTESIAN_POINT('',(0.0817474658139231,-0.0580729952443487,0.01451));
#2267=CARTESIAN_POINT('',(0.069243852584362,-0.0580768633115291,0.01451));
#2268=CARTESIAN_POINT('',(0.0674367068099975,-0.0580768633115291,0.01451));
#2269=CARTESIAN_POINT('',(0.0710509983587264,-0.0580768633115291,0.01451));
#2270=CARTESIAN_POINT('',(0.0710509983587264,-0.0634598835784196,0.01451));
#2271=CARTESIAN_POINT('',(0.0710509983587264,-0.0688429038453101,0.01451));
#2272=CARTESIAN_POINT('',(0.067262944369316,-0.0688429038453101,0.01451));
#2273=CARTESIAN_POINT('',(0.0634748903799056,-0.0688429038453101,0.01451));
#2274=CARTESIAN_POINT('',(0.0634748903799056,-0.0688429038453101,0.01451));
#2275=CARTESIAN_POINT('',(0.0629067318564367,-0.0688314564866426,0.01451));
#2276=CARTESIAN_POINT('',(0.0616834489339798,-0.0690082458966067,0.01451));
#2277=CARTESIAN_POINT('',(0.0597682637710296,-0.0673243769175493,0.01451));
#2278=CARTESIAN_POINT('',(0.0598594996936828,-0.0653694714352603,0.01451));
#2279=CARTESIAN_POINT('',(0.0598956260445062,-0.0637119668362116,0.01451));
#2280=CARTESIAN_POINT('',(0.0612342130471826,-0.0628889003134792,0.01451));
#2281=CARTESIAN_POINT('',(0.0619796184587478,-0.0624298016953468,0.01451));
#2282=CARTESIAN_POINT('',(0.0619796184587478,-0.0624298016953468,0.01451));
#2283=CARTESIAN_POINT('',(0.0606391210825416,-0.060253332503438,0.01451));
#2284=CARTESIAN_POINT('',(0.0592986237063355,-0.0580768633115291,0.01451));
#2285=CARTESIAN_POINT('',(0.0613999967248413,-0.0580768633115291,0.01451));
#2286=CARTESIAN_POINT('',(0.0635013697433471,-0.0580768633115291,0.01451));
#2287=CARTESIAN_POINT('',(0.0646556583929061,-0.0600912283587455,0.01451));
#2288=CARTESIAN_POINT('',(0.0658099470424652,-0.062105593405962,0.01451));
#2289=CARTESIAN_POINT('',(0.0666233269262313,-0.062105593405962,0.01451));
#2290=CARTESIAN_POINT('',(0.0674367068099975,-0.062105593405962,0.01451));
#2291=CARTESIAN_POINT('',(0.0674367068099975,-0.0600912283587455,0.01451));
#2292=CARTESIAN_POINT('',(0.0710509983587264,-0.0634598835784196,0.01451));
#2293=CARTESIAN_POINT('',(0.0710509983587264,-0.0634598835784196,0.01951));
#2294=CARTESIAN_POINT('',(0.0710509983587264,-0.0580768633115291,0.01951));
#2295=CARTESIAN_POINT('',(0.0710509983587264,-0.0688429038453101,0.01951));
#2296=CARTESIAN_POINT('',(0.0710509983587264,-0.0688429038453101,0.01451));
#2297=CARTESIAN_POINT('',(0.0710509983587264,-0.0580768633115291,0.01451));
#2298=CARTESIAN_POINT('',(0.069243852584362,-0.0580768633115291,0.01451));
#2299=CARTESIAN_POINT('',(0.069243852584362,-0.0580768633115291,0.01951));
#2300=CARTESIAN_POINT('',(0.0674367068099975,-0.0580768633115291,0.01951));
#2301=CARTESIAN_POINT('',(0.0674367068099975,-0.0580768633115291,0.01451));
#2302=CARTESIAN_POINT('',(0.0674367068099975,-0.0600912283587455,0.01451));
#2303=CARTESIAN_POINT('',(0.0674367068099975,-0.0600912283587455,0.01951));
#2304=CARTESIAN_POINT('',(0.0674367068099975,-0.062105593405962,0.01951));
#2305=CARTESIAN_POINT('',(0.0674367068099975,-0.062105593405962,0.01451));
#2306=CARTESIAN_POINT('',(0.0666233269262313,-0.062105593405962,0.01451));
#2307=CARTESIAN_POINT('',(0.0666233269262313,-0.062105593405962,0.01951));
#2308=CARTESIAN_POINT('',(0.0658099470424652,-0.062105593405962,0.01951));
#2309=CARTESIAN_POINT('',(0.0658099470424652,-0.062105593405962,0.01451));
#2310=CARTESIAN_POINT('',(0.0646556583929061,-0.0600912283587455,0.01451));
#2311=CARTESIAN_POINT('',(0.0646556583929061,-0.0600912283587455,0.01951));
#2312=CARTESIAN_POINT('',(0.0635013697433471,-0.0580768633115291,0.01951));
#2313=CARTESIAN_POINT('',(0.0635013697433471,-0.0580768633115291,0.01451));
#2314=CARTESIAN_POINT('',(0.0613999967248413,-0.0580768633115291,0.01451));
#2315=CARTESIAN_POINT('',(0.0613999967248413,-0.0580768633115291,0.01951));
#2316=CARTESIAN_POINT('',(0.0592986237063355,-0.0580768633115291,0.01951));
#2317=CARTESIAN_POINT('',(0.0592986237063355,-0.0580768633115291,0.01451));
#2318=CARTESIAN_POINT('',(0.0606391210825416,-0.060253332503438,0.01451));
#2319=CARTESIAN_POINT('',(0.0606391210825416,-0.060253332503438,0.01951));
#2320=CARTESIAN_POINT('',(0.0619796184587478,-0.0624298016953468,0.01951));
#2321=CARTESIAN_POINT('',(0.0619796184587478,-0.0624298016953468,0.01451));
#2322=CARTESIAN_POINT('',(0.0634748903799056,-0.0688429038453101,0.01451));
#2323=CARTESIAN_POINT('',(0.0634748903799056,-0.0688429038453101,0.01951));
#2324=CARTESIAN_POINT('',(0.0631008971650416,-0.0688353685637066,0.01451));
#2325=CARTESIAN_POINT('',(0.0631008971650416,-0.0688353685637066,0.01951));
#2326=CARTESIAN_POINT('',(0.0625369827665519,-0.0688851117454104,0.01451));
#2327=CARTESIAN_POINT('',(0.0625369827665519,-0.0688851117454104,0.01951));
#2328=CARTESIAN_POINT('',(0.0617706129246746,-0.0687484905840073,0.01451));
#2329=CARTESIAN_POINT('',(0.0617706129246746,-0.0687484905840073,0.01951));
#2330=CARTESIAN_POINT('',(0.060993113268309,-0.0683647032587442,0.01451));
#2331=CARTESIAN_POINT('',(0.060993113268309,-0.0683647032587442,0.01951));
#2332=CARTESIAN_POINT('',(0.0601180905601835,-0.0675234833842966,0.01451));
#2333=CARTESIAN_POINT('',(0.0601180905601835,-0.0675234833842966,0.01951));
#2334=CARTESIAN_POINT('',(0.0597924452006123,-0.0663212596299283,0.01451));
#2335=CARTESIAN_POINT('',(0.0597924452006123,-0.0663212596299283,0.01951));
#2336=CARTESIAN_POINT('',(0.0598635211604756,-0.0651329403368718,0.01451));
#2337=CARTESIAN_POINT('',(0.0598635211604756,-0.0651329403368718,0.01951));
#2338=CARTESIAN_POINT('',(0.0599137104239241,-0.0640854280518441,0.01451));
#2339=CARTESIAN_POINT('',(0.0599137104239241,-0.0640854280518441,0.01951));
#2340=CARTESIAN_POINT('',(0.0607075445829662,-0.063208052014004,0.01451));
#2341=CARTESIAN_POINT('',(0.0607075445829662,-0.063208052014004,0.01951));
#2342=CARTESIAN_POINT('',(0.061557402254213,-0.0626898465958098,0.01451));
#2343=CARTESIAN_POINT('',(0.061557402254213,-0.0626898465958098,0.01951));
#2344=CARTESIAN_POINT('',(0.0619796184587478,-0.0624298016953468,0.01451));
#2345=CARTESIAN_POINT('',(0.0619796184587478,-0.0624298016953468,0.01951));
#2346=CARTESIAN_POINT('',(0.0634748903799056,-0.0688429038453101,0.01951));
#2347=CARTESIAN_POINT('',(0.0629067318564367,-0.0688314564866426,0.01951));
#2348=CARTESIAN_POINT('',(0.0616834489339798,-0.0690082458966067,0.01951));
#2349=CARTESIAN_POINT('',(0.0597682637710296,-0.0673243769175493,0.01951));
#2350=CARTESIAN_POINT('',(0.0598594996936828,-0.0653694714352603,0.01951));
#2351=CARTESIAN_POINT('',(0.0598956260445062,-0.0637119668362116,0.01951));
#2352=CARTESIAN_POINT('',(0.0612342130471826,-0.0628889003134792,0.01951));
#2353=CARTESIAN_POINT('',(0.0619796184587478,-0.0624298016953468,0.01951));
#2354=CARTESIAN_POINT('',(0.0634748903799056,-0.0688429038453101,0.01951));
#2355=CARTESIAN_POINT('',(0.0634748903799056,-0.0688429038453101,0.01451));
#2356=CARTESIAN_POINT('',(0.067262944369316,-0.0688429038453101,0.01451));
#2357=CARTESIAN_POINT('',(0.067262944369316,-0.0688429038453101,0.01951));
#2358=CARTESIAN_POINT('',(2.77555756156289E-17,0.,0.01951));
#2359=CARTESIAN_POINT('',(0.089011507352547,-0.0635280017927673,0.01451));
#2360=CARTESIAN_POINT('',(0.089011507352547,-0.0635280017927673,0.01951));
#2361=CARTESIAN_POINT('',(0.0945907305369853,-0.0635280017927673,0.01951));
#2362=CARTESIAN_POINT('',(2.77555756156289E-17,0.,0.01951));
#2363=CARTESIAN_POINT('',(0.0776322802171162,-0.068916081494041,0.01451));
#2364=CARTESIAN_POINT('',(0.0776322802171162,-0.068916081494041,0.01951));
#2365=CARTESIAN_POINT('',(0.0804256839633177,-0.068916081494041,0.01951));
#2366=CARTESIAN_POINT('',(0.0748388764709146,-0.068916081494041,0.01951));
#2367=CARTESIAN_POINT('',(0.0748388764709146,-0.068916081494041,0.01451));
#2368=CARTESIAN_POINT('',(0.0804256839633177,-0.068916081494041,0.01451));
#2369=CARTESIAN_POINT('',(0.082067362788497,-0.0634776550881386,0.01451));
#2370=CARTESIAN_POINT('',(0.082067362788497,-0.0634776550881386,0.01951));
#2371=CARTESIAN_POINT('',(0.0837090416136764,-0.0580392286822361,0.01951));
#2372=CARTESIAN_POINT('',(0.0837090416136764,-0.0580392286822361,0.01451));
#2373=CARTESIAN_POINT('',(0.0817474658139231,-0.0580729952443487,0.01451));
#2374=CARTESIAN_POINT('',(0.0817474658139231,-0.0580729952443487,0.01951));
#2375=CARTESIAN_POINT('',(0.0797858900141698,-0.0581067618064613,0.01951));
#2376=CARTESIAN_POINT('',(0.0797858900141698,-0.0581067618064613,0.01451));
#2377=CARTESIAN_POINT('',(0.0796360977141755,-0.0586818051206987,0.01451));
#2378=CARTESIAN_POINT('',(0.0796360977141755,-0.0586818051206987,0.01951));
#2379=CARTESIAN_POINT('',(0.0794863054141813,-0.0592568484349361,0.01951));
#2380=CARTESIAN_POINT('',(0.0794863054141813,-0.0592568484349361,0.01451));
#2381=CARTESIAN_POINT('',(0.0776323468999182,-0.0592568484349361,0.01451));
#2382=CARTESIAN_POINT('',(0.0776323468999182,-0.0592568484349361,0.01951));
#2383=CARTESIAN_POINT('',(0.0757783883856552,-0.0592568484349361,0.01951));
#2384=CARTESIAN_POINT('',(0.0757783883856552,-0.0592568484349361,0.01451));
#2385=CARTESIAN_POINT('',(0.0755706866765565,-0.0586659337116269,0.01451));
#2386=CARTESIAN_POINT('',(0.0755706866765565,-0.0586659337116269,0.01951));
#2387=CARTESIAN_POINT('',(0.0753629849674578,-0.0580750189883178,0.01951));
#2388=CARTESIAN_POINT('',(0.0753629849674578,-0.0580750189883178,0.01451));
#2389=CARTESIAN_POINT('',(0.0735059595614315,-0.058092227917402,0.01451));
#2390=CARTESIAN_POINT('',(0.0735059595614315,-0.058092227917402,0.01951));
#2391=CARTESIAN_POINT('',(0.0716489341554053,-0.0581094368464863,0.01951));
#2392=CARTESIAN_POINT('',(0.0716489341554053,-0.0581094368464863,0.01451));
#2393=CARTESIAN_POINT('',(0.07324390531316,-0.0635127591702637,0.01451));
#2394=CARTESIAN_POINT('',(0.07324390531316,-0.0635127591702637,0.01951));
#2395=CARTESIAN_POINT('',(2.77555756156289E-17,0.,0.01951));
#2396=CARTESIAN_POINT('',(0.112797496320745,-0.068916081494041,0.01451));
#2397=CARTESIAN_POINT('',(0.112797496320745,-0.068916081494041,0.01951));
#2398=CARTESIAN_POINT('',(0.117543709876081,-0.068916081494041,0.01951));
#2399=CARTESIAN_POINT('',(0.108051282765409,-0.068916081494041,0.01951));
#2400=CARTESIAN_POINT('',(0.108051282765409,-0.068916081494041,0.01451));
#2401=CARTESIAN_POINT('',(0.117543709876081,-0.068916081494041,0.01451));
#2402=CARTESIAN_POINT('',(0.117543709876081,-0.0634882186637062,0.01451));
#2403=CARTESIAN_POINT('',(0.117543709876081,-0.0634882186637062,0.01951));
#2404=CARTESIAN_POINT('',(0.117543709876081,-0.0580603558333715,0.01951));
#2405=CARTESIAN_POINT('',(0.117543709876081,-0.0580603558333715,0.01451));
#2406=CARTESIAN_POINT('',(0.112797496320745,-0.0580603558333715,0.01451));
#2407=CARTESIAN_POINT('',(0.112797496320745,-0.0580603558333715,0.01951));
#2408=CARTESIAN_POINT('',(0.108051282765409,-0.0580603558333715,0.01951));
#2409=CARTESIAN_POINT('',(0.108051282765409,-0.0580603558333715,0.01451));
#2410=CARTESIAN_POINT('',(0.108051282765409,-0.0595725660309929,0.01451));
#2411=CARTESIAN_POINT('',(0.108051282765409,-0.0595725660309929,0.01951));
#2412=CARTESIAN_POINT('',(0.108051282765409,-0.0610847762286144,0.01951));
#2413=CARTESIAN_POINT('',(0.108051282765409,-0.0610847762286144,0.01451));
#2414=CARTESIAN_POINT('',(0.110976548345825,-0.0610847762286144,0.01451));
#2415=CARTESIAN_POINT('',(0.110976548345825,-0.0610847762286144,0.01951));
#2416=CARTESIAN_POINT('',(0.113901813926241,-0.0610847762286144,0.01951));
#2417=CARTESIAN_POINT('',(0.113901813926241,-0.0610847762286144,0.01451));
#2418=CARTESIAN_POINT('',(0.113901813926241,-0.0616203425883728,0.01451));
#2419=CARTESIAN_POINT('',(0.113901813926241,-0.0616203425883728,0.01951));
#2420=CARTESIAN_POINT('',(0.113901813926241,-0.0621559089481311,0.01951));
#2421=CARTESIAN_POINT('',(0.113901813926241,-0.0621559089481311,0.01451));
#2422=CARTESIAN_POINT('',(0.110976548345825,-0.0621559089481311,0.01451));
#2423=CARTESIAN_POINT('',(0.110976548345825,-0.0621559089481311,0.01951));
#2424=CARTESIAN_POINT('',(0.108051282765409,-0.0621559089481311,0.01951));
#2425=CARTESIAN_POINT('',(0.108051282765409,-0.0621559089481311,0.01451));
#2426=CARTESIAN_POINT('',(0.108051282765409,-0.06360388830895,0.01451));
#2427=CARTESIAN_POINT('',(0.108051282765409,-0.06360388830895,0.01951));
#2428=CARTESIAN_POINT('',(0.108051282765409,-0.0650518676697689,0.01951));
#2429=CARTESIAN_POINT('',(0.108051282765409,-0.0650518676697689,0.01451));
#2430=CARTESIAN_POINT('',(0.110976548345825,-0.0650518676697689,0.01451));
#2431=CARTESIAN_POINT('',(0.110976548345825,-0.0650518676697689,0.01951));
#2432=CARTESIAN_POINT('',(0.113901813926241,-0.0650518676697689,0.01951));
#2433=CARTESIAN_POINT('',(0.113901813926241,-0.0650518676697689,0.01451));
#2434=CARTESIAN_POINT('',(0.113901813926241,-0.0655488027691322,0.01451));
#2435=CARTESIAN_POINT('',(0.113901813926241,-0.0655488027691322,0.01951));
#2436=CARTESIAN_POINT('',(0.113901813926241,-0.0660457378684955,0.01951));
#2437=CARTESIAN_POINT('',(0.113901813926241,-0.0660457378684955,0.01451));
#2438=CARTESIAN_POINT('',(0.110976548345825,-0.0660457378684955,0.01451));
#2439=CARTESIAN_POINT('',(0.110976548345825,-0.0660457378684955,0.01951));
#2440=CARTESIAN_POINT('',(0.108051282765409,-0.0660457378684955,0.01951));
#2441=CARTESIAN_POINT('',(0.108051282765409,-0.0660457378684955,0.01451));
#2442=CARTESIAN_POINT('',(0.108051282765409,-0.0674809096812683,0.01451));
#2443=CARTESIAN_POINT('',(0.108051282765409,-0.0674809096812683,0.01951));
#2444=CARTESIAN_POINT('',(2.77555756156289E-17,0.,0.01951));
#2445=CARTESIAN_POINT('',(0.10291067445945,-0.068916081494041,0.01451));
#2446=CARTESIAN_POINT('',(0.10291067445945,-0.068916081494041,0.01951));
#2447=CARTESIAN_POINT('',(0.0991262574150992,-0.068916081494041,0.01951));
#2448=CARTESIAN_POINT('',(0.1066950915038,-0.068916081494041,0.01951));
#2449=CARTESIAN_POINT('',(0.0991262574150992,-0.068916081494041,0.01451));
#2450=CARTESIAN_POINT('',(0.1066950915038,-0.068916081494041,0.01451));
#2451=CARTESIAN_POINT('',(0.1066950915038,-0.0634882186637062,0.01451));
#2452=CARTESIAN_POINT('',(0.1066950915038,-0.0634882186637062,0.01951));
#2453=CARTESIAN_POINT('',(0.1066950915038,-0.0580603558333715,0.01951));
#2454=CARTESIAN_POINT('',(0.1066950915038,-0.0580603558333715,0.01451));
#2455=CARTESIAN_POINT('',(0.10291067445945,-0.0580603558333715,0.01451));
#2456=CARTESIAN_POINT('',(0.10291067445945,-0.0580603558333715,0.01951));
#2457=CARTESIAN_POINT('',(0.0991262574150992,-0.0580603558333715,0.01951));
#2458=CARTESIAN_POINT('',(0.0991262574150992,-0.0580603558333715,0.01451));
#2459=CARTESIAN_POINT('',(0.0991262574150992,-0.0580603558333715,0.01451));
#2460=CARTESIAN_POINT('',(0.0991262574150992,-0.0580603558333715,0.01951));
#2461=CARTESIAN_POINT('',(0.0981391156089714,-0.0582366429389093,0.01451));
#2462=CARTESIAN_POINT('',(0.0981391156089714,-0.0582366429389093,0.01951));
#2463=CARTESIAN_POINT('',(0.0966564186129173,-0.0584817826830501,0.01451));
#2464=CARTESIAN_POINT('',(0.0966564186129173,-0.0584817826830501,0.01951));
#2465=CARTESIAN_POINT('',(0.0956633040237268,-0.0597333667483496,0.01451));
#2466=CARTESIAN_POINT('',(0.0956633040237268,-0.0597333667483496,0.01951));
#2467=CARTESIAN_POINT('',(0.0953831808115951,-0.0609597926436283,0.01451));
#2468=CARTESIAN_POINT('',(0.0953831808115951,-0.0609597926436283,0.01951));
#2469=CARTESIAN_POINT('',(0.0954371540635168,-0.0621173712708881,0.01451));
#2470=CARTESIAN_POINT('',(0.0954371540635168,-0.0621173712708881,0.01951));
#2471=CARTESIAN_POINT('',(0.0956564810316135,-0.0629005682953971,0.01451));
#2472=CARTESIAN_POINT('',(0.0956564810316135,-0.0629005682953971,0.01951));
#2473=CARTESIAN_POINT('',(0.0958615619433929,-0.0633572928995457,0.01451));
#2474=CARTESIAN_POINT('',(0.0958615619433929,-0.0633572928995457,0.01951));
#2475=CARTESIAN_POINT('',(0.0960023200803786,-0.0635594457732763,0.01451));
#2476=CARTESIAN_POINT('',(0.0960023200803786,-0.0635594457732763,0.01951));
#2477=CARTESIAN_POINT('',(0.096074146648382,-0.0636155195309579,0.01451));
#2478=CARTESIAN_POINT('',(0.096074146648382,-0.0636155195309579,0.01951));
#2479=CARTESIAN_POINT('',(0.0959188170705271,-0.0638391864287299,0.01451));
#2480=CARTESIAN_POINT('',(0.0959188170705271,-0.0638391864287299,0.01951));
#2481=CARTESIAN_POINT('',(0.0957307624741347,-0.0641518533051759,0.01451));
#2482=CARTESIAN_POINT('',(0.0957307624741347,-0.0641518533051759,0.01951));
#2483=CARTESIAN_POINT('',(0.0955252050717003,-0.0646692337330101,0.01451));
#2484=CARTESIAN_POINT('',(0.0955252050717003,-0.0646692337330101,0.01951));
#2485=CARTESIAN_POINT('',(0.0953860476301538,-0.065462582770788,0.01451));
#2486=CARTESIAN_POINT('',(0.0953860476301538,-0.065462582770788,0.01951));
#2487=CARTESIAN_POINT('',(0.0955080039218907,-0.066510638229543,0.01451));
#2488=CARTESIAN_POINT('',(0.0955080039218907,-0.066510638229543,0.01951));
#2489=CARTESIAN_POINT('',(0.0959060297350148,-0.0674840891813141,0.01451));
#2490=CARTESIAN_POINT('',(0.0959060297350148,-0.0674840891813141,0.01951));
#2491=CARTESIAN_POINT('',(0.096544340092347,-0.0682549440111873,0.01451));
#2492=CARTESIAN_POINT('',(0.096544340092347,-0.0682549440111873,0.01951));
#2493=CARTESIAN_POINT('',(0.0976447098575782,-0.0688809936427963,0.01451));
#2494=CARTESIAN_POINT('',(0.0976447098575782,-0.0688809936427963,0.01951));
#2495=CARTESIAN_POINT('',(0.0985385259410824,-0.0689100778276452,0.01451));
#2496=CARTESIAN_POINT('',(0.0985385259410824,-0.0689100778276452,0.01951));
#2497=CARTESIAN_POINT('',(0.0991262574150992,-0.068916081494041,0.01451));
#2498=CARTESIAN_POINT('',(0.0991262574150992,-0.068916081494041,0.01951));
#2499=CARTESIAN_POINT('',(0.0991262574150992,-0.0580603558333715,0.01951));
#2500=CARTESIAN_POINT('',(0.0980139524670375,-0.0582589949939784,0.01951));
#2501=CARTESIAN_POINT('',(0.0959493198951877,-0.0586223743037836,0.01951));
#2502=CARTESIAN_POINT('',(0.0952501460464864,-0.0611652884094779,0.01951));
#2503=CARTESIAN_POINT('',(0.0956003634975005,-0.0628630819373056,0.01951));
#2504=CARTESIAN_POINT('',(0.0959500016681223,-0.0635227329597906,0.01951));
#2505=CARTESIAN_POINT('',(0.0960957922503939,-0.0636138485410282,0.01951));
#2506=CARTESIAN_POINT('',(0.0957461461071831,-0.0640404080571217,0.01951));
#2507=CARTESIAN_POINT('',(0.0953351776889768,-0.065169038126338,0.01951));
#2508=CARTESIAN_POINT('',(0.0955284031723091,-0.0668929270897365,0.01951));
#2509=CARTESIAN_POINT('',(0.0964707819264001,-0.0683110223238358,0.01951));
#2510=CARTESIAN_POINT('',(0.0978188386036171,-0.0689028237536276,0.01951));
#2511=CARTESIAN_POINT('',(0.0986946686283487,-0.0689116728223765,0.01951));
#2512=CARTESIAN_POINT('',(0.0991262574150992,-0.068916081494041,0.01951));
#2513=CARTESIAN_POINT('',(2.77555756156289E-17,0.,0.01951));
#2514=CARTESIAN_POINT('',(0.123787835240364,-0.0688400492072104,0.01451));
#2515=CARTESIAN_POINT('',(0.123787835240364,-0.0688400492072104,0.01951));
#2516=CARTESIAN_POINT('',(0.1285340487957,-0.0688400492072104,0.01951));
#2517=CARTESIAN_POINT('',(0.119041621685028,-0.0688400492072104,0.01951));
#2518=CARTESIAN_POINT('',(0.119041621685028,-0.0688400492072104,0.01451));
#2519=CARTESIAN_POINT('',(0.1285340487957,-0.0688400492072104,0.01451));
#2520=CARTESIAN_POINT('',(0.1285340487957,-0.06345702894032,0.01451));
#2521=CARTESIAN_POINT('',(0.1285340487957,-0.06345702894032,0.01951));
#2522=CARTESIAN_POINT('',(0.1285340487957,-0.0580740086734295,0.01951));
#2523=CARTESIAN_POINT('',(0.1285340487957,-0.0580740086734295,0.01451));
#2524=CARTESIAN_POINT('',(0.123787835240364,-0.0580740086734295,0.01451));
#2525=CARTESIAN_POINT('',(0.123787835240364,-0.0580740086734295,0.01951));
#2526=CARTESIAN_POINT('',(0.119041621685028,-0.0580740086734295,0.01951));
#2527=CARTESIAN_POINT('',(0.119041621685028,-0.0580740086734295,0.01451));
#2528=CARTESIAN_POINT('',(0.119041621685028,-0.0596078354865313,0.01451));
#2529=CARTESIAN_POINT('',(0.119041621685028,-0.0596078354865313,0.01951));
#2530=CARTESIAN_POINT('',(0.119041621685028,-0.061141662299633,0.01951));
#2531=CARTESIAN_POINT('',(0.119041621685028,-0.061141662299633,0.01451));
#2532=CARTESIAN_POINT('',(0.121966887265444,-0.061141662299633,0.01451));
#2533=CARTESIAN_POINT('',(0.121966887265444,-0.061141662299633,0.01951));
#2534=CARTESIAN_POINT('',(0.124892152845859,-0.061141662299633,0.01951));
#2535=CARTESIAN_POINT('',(0.124892152845859,-0.061141662299633,0.01451));
#2536=CARTESIAN_POINT('',(0.124892152845859,-0.0616585779935122,0.01451));
#2537=CARTESIAN_POINT('',(0.124892152845859,-0.0616585779935122,0.01951));
#2538=CARTESIAN_POINT('',(0.124892152845859,-0.0621754936873913,0.01951));
#2539=CARTESIAN_POINT('',(0.124892152845859,-0.0621754936873913,0.01451));
#2540=CARTESIAN_POINT('',(0.121966887265444,-0.0621754936873913,0.01451));
#2541=CARTESIAN_POINT('',(0.121966887265444,-0.0621754936873913,0.01951));
#2542=CARTESIAN_POINT('',(0.119041621685028,-0.0621754936873913,0.01951));
#2543=CARTESIAN_POINT('',(0.119041621685028,-0.0621754936873913,0.01451));
#2544=CARTESIAN_POINT('',(0.119041621685028,-0.0636205058544874,0.01451));
#2545=CARTESIAN_POINT('',(0.119041621685028,-0.0636205058544874,0.01951));
#2546=CARTESIAN_POINT('',(0.119041621685028,-0.0650655180215836,0.01951));
#2547=CARTESIAN_POINT('',(0.119041621685028,-0.0650655180215836,0.01451));
#2548=CARTESIAN_POINT('',(0.121966887265444,-0.0650655180215836,0.01451));
#2549=CARTESIAN_POINT('',(0.121966887265444,-0.0650655180215836,0.01951));
#2550=CARTESIAN_POINT('',(0.124892152845859,-0.0650655180215836,0.01951));
#2551=CARTESIAN_POINT('',(0.124892152845859,-0.0650655180215836,0.01451));
#2552=CARTESIAN_POINT('',(0.124892152845859,-0.0654884465038776,0.01451));
#2553=CARTESIAN_POINT('',(0.124892152845859,-0.0654884465038776,0.01951));
#2554=CARTESIAN_POINT('',(0.124892152845859,-0.0659113749861717,0.01951));
#2555=CARTESIAN_POINT('',(0.124892152845859,-0.0659113749861717,0.01451));
#2556=CARTESIAN_POINT('',(0.121966887265444,-0.0659113749861717,0.01451));
#2557=CARTESIAN_POINT('',(0.121966887265444,-0.0659113749861717,0.01951));
#2558=CARTESIAN_POINT('',(0.119041621685028,-0.0659113749861717,0.01951));
#2559=CARTESIAN_POINT('',(0.119041621685028,-0.0659113749861717,0.01451));
#2560=CARTESIAN_POINT('',(0.119041621685028,-0.0673757120966911,0.01451));
#2561=CARTESIAN_POINT('',(0.119041621685028,-0.0673757120966911,0.01951));
#2562=CARTESIAN_POINT('',(2.77555756156289E-17,0.,0.01951));
#2563=CARTESIAN_POINT('',(0.141087457537651,-0.06345702894032,0.01451));
#2564=CARTESIAN_POINT('',(0.141087457537651,-0.06345702894032,0.01951));
#2565=CARTESIAN_POINT('',(0.141087457537651,-0.0580740086734295,0.01951));
#2566=CARTESIAN_POINT('',(0.141087457537651,-0.0688400492072104,0.01951));
#2567=CARTESIAN_POINT('',(0.141087457537651,-0.0688400492072104,0.01451));
#2568=CARTESIAN_POINT('',(0.141087457537651,-0.0580740086734295,0.01451));
#2569=CARTESIAN_POINT('',(0.139280311763287,-0.0580740086734295,0.01451));
#2570=CARTESIAN_POINT('',(0.139280311763287,-0.0580740086734295,0.01951));
#2571=CARTESIAN_POINT('',(0.137473165988922,-0.0580740086734295,0.01951));
#2572=CARTESIAN_POINT('',(0.137473165988922,-0.0580740086734295,0.01451));
#2573=CARTESIAN_POINT('',(0.137473165988922,-0.0600883737206459,0.01451));
#2574=CARTESIAN_POINT('',(0.137473165988922,-0.0600883737206459,0.01951));
#2575=CARTESIAN_POINT('',(0.137473165988922,-0.0621027387678623,0.01951));
#2576=CARTESIAN_POINT('',(0.137473165988922,-0.0621027387678623,0.01451));
#2577=CARTESIAN_POINT('',(0.136659786105156,-0.0621027387678623,0.01451));
#2578=CARTESIAN_POINT('',(0.136659786105156,-0.0621027387678623,0.01951));
#2579=CARTESIAN_POINT('',(0.13584640622139,-0.0621027387678623,0.01951));
#2580=CARTESIAN_POINT('',(0.13584640622139,-0.0621027387678623,0.01451));
#2581=CARTESIAN_POINT('',(0.134692117571831,-0.0600883737206459,0.01451));
#2582=CARTESIAN_POINT('',(0.134692117571831,-0.0600883737206459,0.01951));
#2583=CARTESIAN_POINT('',(0.133537828922272,-0.0580740086734295,0.01951));
#2584=CARTESIAN_POINT('',(0.133537828922272,-0.0580740086734295,0.01451));
#2585=CARTESIAN_POINT('',(0.131436455903766,-0.0580740086734295,0.01451));
#2586=CARTESIAN_POINT('',(0.131436455903766,-0.0580740086734295,0.01951));
#2587=CARTESIAN_POINT('',(0.12933508288526,-0.0580740086734295,0.01951));
#2588=CARTESIAN_POINT('',(0.12933508288526,-0.0580740086734295,0.01451));
#2589=CARTESIAN_POINT('',(0.130675580261466,-0.0602504778653384,0.01451));
#2590=CARTESIAN_POINT('',(0.130675580261466,-0.0602504778653384,0.01951));
#2591=CARTESIAN_POINT('',(0.132016077637672,-0.0624269470572472,0.01951));
#2592=CARTESIAN_POINT('',(0.132016077637672,-0.0624269470572472,0.01451));
#2593=CARTESIAN_POINT('',(0.13351134955883,-0.0688400492072104,0.01451));
#2594=CARTESIAN_POINT('',(0.13351134955883,-0.0688400492072104,0.01951));
#2595=CARTESIAN_POINT('',(0.133137356343966,-0.068832513925607,0.01451));
#2596=CARTESIAN_POINT('',(0.133137356343966,-0.068832513925607,0.01951));
#2597=CARTESIAN_POINT('',(0.132573441945476,-0.0688822571073108,0.01451));
#2598=CARTESIAN_POINT('',(0.132573441945476,-0.0688822571073108,0.01951));
#2599=CARTESIAN_POINT('',(0.131807072103599,-0.0687456359459077,0.01451));
#2600=CARTESIAN_POINT('',(0.131807072103599,-0.0687456359459077,0.01951));
#2601=CARTESIAN_POINT('',(0.131029572447234,-0.0683618486206446,0.01451));
#2602=CARTESIAN_POINT('',(0.131029572447234,-0.0683618486206446,0.01951));
#2603=CARTESIAN_POINT('',(0.130154549739108,-0.067520628746197,0.01451));
#2604=CARTESIAN_POINT('',(0.130154549739108,-0.067520628746197,0.01951));
#2605=CARTESIAN_POINT('',(0.129828904379537,-0.0663184049918287,0.01451));
#2606=CARTESIAN_POINT('',(0.129828904379537,-0.0663184049918287,0.01951));
#2607=CARTESIAN_POINT('',(0.1298999803394,-0.0651300856987722,0.01451));
#2608=CARTESIAN_POINT('',(0.1298999803394,-0.0651300856987722,0.01951));
#2609=CARTESIAN_POINT('',(0.129950169602849,-0.0640825734137445,0.01451));
#2610=CARTESIAN_POINT('',(0.129950169602849,-0.0640825734137445,0.01951));
#2611=CARTESIAN_POINT('',(0.130744003761891,-0.0632051973759044,0.01451));
#2612=CARTESIAN_POINT('',(0.130744003761891,-0.0632051973759044,0.01951));
#2613=CARTESIAN_POINT('',(0.131593861433138,-0.0626869919577102,0.01451));
#2614=CARTESIAN_POINT('',(0.131593861433138,-0.0626869919577102,0.01951));
#2615=CARTESIAN_POINT('',(0.132016077637672,-0.0624269470572472,0.01451));
#2616=CARTESIAN_POINT('',(0.132016077637672,-0.0624269470572472,0.01951));
#2617=CARTESIAN_POINT('',(0.13351134955883,-0.0688400492072104,0.01951));
#2618=CARTESIAN_POINT('',(0.132943191035361,-0.068828601848543,0.01951));
#2619=CARTESIAN_POINT('',(0.131719908112904,-0.0690053912585071,0.01951));
#2620=CARTESIAN_POINT('',(0.129804722949954,-0.0673215222794497,0.01951));
#2621=CARTESIAN_POINT('',(0.129895958872607,-0.0653666167971607,0.01951));
#2622=CARTESIAN_POINT('',(0.129932085223431,-0.063709112198112,0.01951));
#2623=CARTESIAN_POINT('',(0.131270672226107,-0.0628860456753796,0.01951));
#2624=CARTESIAN_POINT('',(0.132016077637672,-0.0624269470572472,0.01951));
#2625=CARTESIAN_POINT('',(0.13351134955883,-0.0688400492072104,0.01951));
#2626=CARTESIAN_POINT('',(0.13351134955883,-0.0688400492072104,0.01451));
#2627=CARTESIAN_POINT('',(0.137299403548241,-0.0688400492072104,0.01451));
#2628=CARTESIAN_POINT('',(0.137299403548241,-0.0688400492072104,0.01951));
#2629=CARTESIAN_POINT('',(2.77555756156289E-17,0.,0.01951));
#2630=CARTESIAN_POINT('',(0.1518204381532,-0.06345702894032,0.01451));
#2631=CARTESIAN_POINT('',(0.1518204381532,-0.06345702894032,0.01951));
#2632=CARTESIAN_POINT('',(0.1518204381532,-0.0580740086734295,0.01951));
#2633=CARTESIAN_POINT('',(0.1518204381532,-0.0688400492072104,0.01951));
#2634=CARTESIAN_POINT('',(0.1518204381532,-0.0688400492072104,0.01451));
#2635=CARTESIAN_POINT('',(0.1518204381532,-0.0580740086734295,0.01451));
#2636=CARTESIAN_POINT('',(0.149992787364449,-0.0580740086734295,0.01451));
#2637=CARTESIAN_POINT('',(0.149992787364449,-0.0580740086734295,0.01951));
#2638=CARTESIAN_POINT('',(0.148165136575699,-0.0580740086734295,0.01951));
#2639=CARTESIAN_POINT('',(0.148165136575699,-0.0580740086734295,0.01451));
#2640=CARTESIAN_POINT('',(0.148165136575699,-0.0601175650954247,0.01451));
#2641=CARTESIAN_POINT('',(0.148165136575699,-0.0601175650954247,0.01951));
#2642=CARTESIAN_POINT('',(0.148165136575699,-0.0621611215174198,0.01951));
#2643=CARTESIAN_POINT('',(0.148165136575699,-0.0621611215174198,0.01451));
#2644=CARTESIAN_POINT('',(0.145257644355297,-0.0621611215174198,0.01451));
#2645=CARTESIAN_POINT('',(0.145257644355297,-0.0621611215174198,0.01951));
#2646=CARTESIAN_POINT('',(0.142350152134895,-0.0621611215174198,0.01951));
#2647=CARTESIAN_POINT('',(0.142350152134895,-0.0621611215174198,0.01451));
#2648=CARTESIAN_POINT('',(0.142350152134895,-0.0636397916823626,0.01451));
#2649=CARTESIAN_POINT('',(0.142350152134895,-0.0636397916823626,0.01951));
#2650=CARTESIAN_POINT('',(0.142350152134895,-0.0651184618473053,0.01951));
#2651=CARTESIAN_POINT('',(0.142350152134895,-0.0651184618473053,0.01451));
#2652=CARTESIAN_POINT('',(0.145207807421684,-0.0651184618473053,0.01451));
#2653=CARTESIAN_POINT('',(0.145207807421684,-0.0651184618473053,0.01951));
#2654=CARTESIAN_POINT('',(0.148065462708473,-0.0651184618473053,0.01951));
#2655=CARTESIAN_POINT('',(0.148065462708473,-0.0651184618473053,0.01451));
#2656=CARTESIAN_POINT('',(0.148065462708473,-0.0655172020196915,0.01451));
#2657=CARTESIAN_POINT('',(0.148065462708473,-0.0655172020196915,0.01951));
#2658=CARTESIAN_POINT('',(0.148065462708473,-0.0659159421920776,0.01951));
#2659=CARTESIAN_POINT('',(0.148065462708473,-0.0659159421920776,0.01451));
#2660=CARTESIAN_POINT('',(0.145207807421684,-0.0659159421920776,0.01451));
#2661=CARTESIAN_POINT('',(0.145207807421684,-0.0659159421920776,0.01951));
#2662=CARTESIAN_POINT('',(0.142350152134895,-0.0659159421920776,0.01951));
#2663=CARTESIAN_POINT('',(0.142350152134895,-0.0659159421920776,0.01451));
#2664=CARTESIAN_POINT('',(0.142350152134895,-0.067377995699644,0.01451));
#2665=CARTESIAN_POINT('',(0.142350152134895,-0.067377995699644,0.01951));
#2666=CARTESIAN_POINT('',(0.142350152134895,-0.0688400492072104,0.01951));
#2667=CARTESIAN_POINT('',(0.142350152134895,-0.0688400492072104,0.01451));
#2668=CARTESIAN_POINT('',(0.147085295144047,-0.0688400492072104,0.01451));
#2669=CARTESIAN_POINT('',(0.147085295144047,-0.0688400492072104,0.01951));
#2670=CARTESIAN_POINT('',(2.77555756156289E-17,0.,0.01951));
#2671=CARTESIAN_POINT('',(0.1538204381532,-0.0639460513591766,0.01351));
#2672=CARTESIAN_POINT('',(0.1538204381532,-0.0708400492072104,0.01351));
#2673=CARTESIAN_POINT('',(0.1538204381532,-0.0708400492072104,0.01351));
#2674=CARTESIAN_POINT('',(0.1538204381532,-0.0639460513591766,0.01351));
#2675=CARTESIAN_POINT('',(0.1538204381532,-0.0570520535111427,0.01351));
#2676=CARTESIAN_POINT('',(0.1538204381532,-0.0570520535111427,0.01351));
#2677=CARTESIAN_POINT('',(0.100004437300887,-0.0708400492072104,0.01351));
#2678=CARTESIAN_POINT('',(0.0461884364485741,-0.0708400492072104,0.01351));
#2679=CARTESIAN_POINT('',(0.0461884364485741,-0.0708400492072104,0.01351));
#2680=CARTESIAN_POINT('',(0.100004437300887,-0.0708400492072104,0.01351));
#2681=CARTESIAN_POINT('',(0.0461884364485741,-0.0639460513591766,0.01351));
#2682=CARTESIAN_POINT('',(0.0461884364485741,-0.0570520535111427,0.01351));
#2683=CARTESIAN_POINT('',(0.0461884364485741,-0.0570520535111427,0.01351));
#2684=CARTESIAN_POINT('',(0.0461884364485741,-0.0639460513591766,0.01351));
#2685=CARTESIAN_POINT('',(0.100004437300887,-0.0570520535111427,0.01351));
#2686=CARTESIAN_POINT('',(0.100004437300887,-0.0570520535111427,0.01351));
#2687=CARTESIAN_POINT('',(0.100004437300887,-0.0639460513591766,0.01351));
#2688=MECHANICAL_DESIGN_GEOMETRIC_PRESENTATION_REPRESENTATION('',(#1595),
#2689);
#2689=(
GEOMETRIC_REPRESENTATION_CONTEXT(3)
GLOBAL_UNCERTAINTY_ASSIGNED_CONTEXT((#2690))
GLOBAL_UNIT_ASSIGNED_CONTEXT((#2693,#2692,#2691))
REPRESENTATION_CONTEXT('Translucent Emblem','TOP_LEVEL_ASSEMBLY_PART')
);
#2690=UNCERTAINTY_MEASURE_WITH_UNIT(LENGTH_MEASURE(2.E-5),#2693,
'DISTANCE_ACCURACY_VALUE','Maximum Tolerance applied to model');
#2691=(
NAMED_UNIT(*)
SI_UNIT($,.STERADIAN.)
SOLID_ANGLE_UNIT()
);
#2692=(
NAMED_UNIT(*)
PLANE_ANGLE_UNIT()
SI_UNIT($,.RADIAN.)
);
#2693=(
LENGTH_UNIT()
NAMED_UNIT(*)
SI_UNIT($,.METRE.)
);
#2694=PRODUCT_DEFINITION_SHAPE('','',#2695);
#2695=PRODUCT_DEFINITION('','',#2697,#2696);
#2696=PRODUCT_DEFINITION_CONTEXT('',#2703,'design');
#2697=PRODUCT_DEFINITION_FORMATION_WITH_SPECIFIED_SOURCE('','',#2699,
 .NOT_KNOWN.);
#2698=PRODUCT_RELATED_PRODUCT_CATEGORY('','',(#2699));
#2699=PRODUCT('Translucent Emblem','Translucent Emblem',
'Translucent Emblem',(#2701));
#2700=PRODUCT_CATEGORY('','');
#2701=PRODUCT_CONTEXT('',#2703,'mechanical');
#2702=APPLICATION_PROTOCOL_DEFINITION('international standard',
'ap242_managed_model_based_3d_engineering',2020,#2703);
#2703=APPLICATION_CONTEXT('managed model based 3d engineering');
ENDSEC;
END-ISO-10303-21;
