ISO-10303-21;
HEADER;
/* Generated by software containing ST-Developer
 * from STEP Tools, Inc. (www.steptools.com) 
 */
/* OPTION: using custom renumber hook */

FILE_DESCRIPTION(
/* description */ ('STEP AP242 Edition 2',
'CAx-IF Rec.Pracs.---Representation and Presentation of Product Manufa
cturing Information (PMI)---4.0---2014-10-13',
'CAx-IF Rec.Pracs.---3D Tessellated Geometry---0.4---2014-09-14','2;1',
'CAx-IF Rec.Pracs.---User Defined Attributes---1.5---2016-08-15'),
/* implementation_level */ '2;1');

FILE_NAME(
/* name */ 'Case - Base Case',
/* time_stamp */ '2026-08-03T19:40:53Z',
/* author */ (''),
/* organization */ (''),
/* preprocessor_version */ 'ST-DEVELOPER v20',
/* originating_system */ 'ONSHAPE BY PTC INC, 1.218',
/* authorisation */ '  ');

FILE_SCHEMA (('AP242_MANAGED_MODEL_BASED_3D_ENGINEERING_MIM_LF { 1 0 10303 442 3 1 4 }'));
ENDSEC;

DATA;
#10=SHAPE_REPRESENTATION_RELATIONSHIP('','',#2632,#11);
#11=ADVANCED_BREP_SHAPE_REPRESENTATION('',(#2630),#4624);
#12=ELLIPSE('',#2779,0.00212132034355965,0.0015);
#13=ELLIPSE('',#2780,0.00212132034355965,0.0015);
#14=ELLIPSE('',#2782,0.00212132034355965,0.0015);
#15=ELLIPSE('',#2784,0.00212132034355965,0.0015);
#16=B_SPLINE_SURFACE_WITH_KNOTS('',3,1,((#4223,#4224),(#4225,#4226),(#4227,
#4228),(#4229,#4230),(#4231,#4232),(#4233,#4234),(#4235,#4236),(#4237,#4238),
(#4239,#4240),(#4241,#4242),(#4243,#4244),(#4245,#4246)),
 .SURF_OF_LINEAR_EXTRUSION.,.F.,.F.,.F.,(4,1,1,1,1,1,1,1,1,4),(2,2),(0.434294045757555,
0.487210714822034,0.540127383886513,0.566585718418753,0.593044052950992,
0.645960722015471,0.69887739107995,0.751794060144429,0.804710729208908,
0.857627398273387),(0.,1.),.UNSPECIFIED.);
#17=B_SPLINE_SURFACE_WITH_KNOTS('',3,1,((#4254,#4255),(#4256,#4257),(#4258,
#4259),(#4260,#4261),(#4262,#4263),(#4264,#4265),(#4266,#4267),(#4268,#4269),
(#4270,#4271),(#4272,#4273),(#4274,#4275),(#4276,#4277),(#4278,#4279)),
 .SURF_OF_LINEAR_EXTRUSION.,.F.,.F.,.F.,(4,1,1,1,1,1,1,1,1,1,4),(2,2),(0.,
0.0637817665957779,0.127563533191556,0.191345299787334,0.255127066383112,
0.287017949681,0.318908832978889,0.350799716276778,0.382690599574667,0.446472366170445,
0.510254132766223),(0.,1.),.UNSPECIFIED.);
#18=B_SPLINE_SURFACE_WITH_KNOTS('',3,1,((#4281,#4282),(#4283,#4284),(#4285,
#4286),(#4287,#4288),(#4289,#4290),(#4291,#4292),(#4293,#4294),(#4295,#4296),
(#4297,#4298),(#4299,#4300),(#4301,#4302),(#4303,#4304),(#4305,#4306)),
 .SURF_OF_LINEAR_EXTRUSION.,.F.,.F.,.F.,(4,1,1,1,1,1,1,1,1,1,4),(2,2),(0.,
0.0637817665957779,0.127563533191556,0.191345299787334,0.255127066383112,
0.287017949681,0.318908832978889,0.350799716276778,0.382690599574667,0.446472366170445,
0.510254132766223),(0.,1.),.UNSPECIFIED.);
#19=B_SPLINE_SURFACE_WITH_KNOTS('',3,1,((#4314,#4315),(#4316,#4317),(#4318,
#4319),(#4320,#4321),(#4322,#4323),(#4324,#4325),(#4326,#4327),(#4328,#4329),
(#4330,#4331),(#4332,#4333),(#4334,#4335),(#4336,#4337)),
 .SURF_OF_LINEAR_EXTRUSION.,.F.,.F.,.F.,(4,1,1,1,1,1,1,1,1,4),(2,2),(0.434294045757555,
0.487210714822034,0.540127383886513,0.566585718418753,0.593044052950992,
0.645960722015471,0.69887739107995,0.75179406014443,0.804710729208909,0.857627398273388),
(0.,1.),.UNSPECIFIED.);
#20=B_SPLINE_SURFACE_WITH_KNOTS('',3,1,((#4359,#4360),(#4361,#4362),(#4363,
#4364),(#4365,#4366),(#4367,#4368),(#4369,#4370),(#4371,#4372),(#4373,#4374),
(#4375,#4376),(#4377,#4378),(#4379,#4380),(#4381,#4382),(#4383,#4384),(#4385,
#4386),(#4387,#4388),(#4389,#4390),(#4391,#4392),(#4393,#4394),(#4395,#4396),
(#4397,#4398),(#4399,#4400),(#4401,#4402),(#4403,#4404),(#4405,#4406),(#4407,
#4408),(#4409,#4410),(#4411,#4412)),.SURF_OF_LINEAR_EXTRUSION.,.F.,.F.,
 .F.,(4,1,1,1,1,1,1,1,1,1,1,1,1,1,1,1,1,1,1,1,1,1,1,1,4),(2,2),(0.,0.0625,
0.125,0.1875,0.25,0.28125,0.3125,0.34375,0.375,0.40625,0.4375,0.46875,0.5,
0.5625,0.625,0.6875,0.75,0.8125,0.84375,0.875,0.90625,0.9375,0.953125,0.96875,
1.),(0.,1.),.UNSPECIFIED.);
#21=B_SPLINE_SURFACE_WITH_KNOTS('',3,1,((#4414,#4415),(#4416,#4417),(#4418,
#4419),(#4420,#4421),(#4422,#4423),(#4424,#4425),(#4426,#4427),(#4428,#4429),
(#4430,#4431),(#4432,#4433),(#4434,#4435),(#4436,#4437),(#4438,#4439),(#4440,
#4441),(#4442,#4443),(#4444,#4445),(#4446,#4447),(#4448,#4449),(#4450,#4451),
(#4452,#4453),(#4454,#4455),(#4456,#4457),(#4458,#4459),(#4460,#4461),(#4462,
#4463),(#4464,#4465),(#4466,#4467)),.SURF_OF_LINEAR_EXTRUSION.,.F.,.F.,
 .F.,(4,1,1,1,1,1,1,1,1,1,1,1,1,1,1,1,1,1,1,1,1,1,1,1,4),(2,2),(0.,0.0625,
0.125,0.1875,0.25,0.28125,0.3125,0.34375,0.375,0.40625,0.4375,0.46875,0.5,
0.5625,0.625,0.6875,0.75,0.8125,0.84375,0.875,0.90625,0.9375,0.953125,0.96875,
1.),(0.,1.),.UNSPECIFIED.);
#22=B_SPLINE_CURVE_WITH_KNOTS('',3,(#3738,#3739,#3740,#3741,#3742,#3743,
#3744,#3745,#3746,#3747,#3748,#3749),.UNSPECIFIED.,.F.,.F.,(4,1,1,1,1,1,
1,1,1,4),(0.,0.185879238082309,0.295577829193577,0.456674019320499,0.566991100817361,
0.697764204461554,0.826141768106062,0.909480260661171,0.959420884748453,
1.),.UNSPECIFIED.);
#23=B_SPLINE_CURVE_WITH_KNOTS('',3,(#3751,#3752,#3753,#3754,#3755,#3756,
#3757,#3758,#3759,#3760,#3761,#3762),.UNSPECIFIED.,.F.,.F.,(4,1,1,1,1,1,
1,1,1,4),(0.,0.185879238082309,0.295577829193577,0.456674019320499,0.566991100817361,
0.697764204461554,0.826141768106062,0.909480260661171,0.959420884748453,
1.),.UNSPECIFIED.);
#24=B_SPLINE_CURVE_WITH_KNOTS('',3,(#3784,#3785,#3786,#3787,#3788,#3789,
#3790,#3791),.UNSPECIFIED.,.F.,.F.,(4,1,1,1,1,4),(0.434294045757555,0.456674019320499,
0.566991100817361,0.697764204461554,0.826141768106062,0.857627398273388),
 .UNSPECIFIED.);
#25=B_SPLINE_CURVE_WITH_KNOTS('',3,(#3799,#3800,#3801,#3802,#3803,#3804,
#3805),.UNSPECIFIED.,.F.,.F.,(4,1,1,1,4),(0.,0.185879238082309,0.295577829193578,
0.456674019320499,0.510254132766223),.UNSPECIFIED.);
#26=B_SPLINE_CURVE_WITH_KNOTS('',3,(#3807,#3808,#3809,#3810,#3811,#3812,
#3813),.UNSPECIFIED.,.F.,.F.,(4,1,1,1,4),(0.,0.185879238082309,0.295577829193578,
0.456674019320499,0.510254132766223),.UNSPECIFIED.);
#27=B_SPLINE_CURVE_WITH_KNOTS('',3,(#3821,#3822,#3823,#3824,#3825,#3826,
#3827,#3828),.UNSPECIFIED.,.F.,.F.,(4,1,1,1,1,4),(0.434294045757555,0.456674019320499,
0.566991100817361,0.697764204461554,0.826141768106062,0.857627398273387),
 .UNSPECIFIED.);
#28=B_SPLINE_CURVE_WITH_KNOTS('',3,(#4099,#4100,#4101,#4102,#4103,#4104,
#4105,#4106),.UNSPECIFIED.,.F.,.F.,(4,1,1,1,1,4),(0.434294045757555,0.456674019320499,
0.566991100817361,0.697764204461554,0.826141768106062,0.857627398273387),
 .UNSPECIFIED.);
#29=B_SPLINE_CURVE_WITH_KNOTS('',3,(#4114,#4115,#4116,#4117,#4118,#4119,
#4120),.UNSPECIFIED.,.F.,.F.,(4,1,1,1,4),(0.,0.185879238082309,0.295577829193578,
0.456674019320499,0.510254132766223),.UNSPECIFIED.);
#30=B_SPLINE_CURVE_WITH_KNOTS('',3,(#4122,#4123,#4124,#4125,#4126,#4127,
#4128),.UNSPECIFIED.,.F.,.F.,(4,1,1,1,4),(0.,0.185879238082309,0.295577829193578,
0.456674019320499,0.510254132766223),.UNSPECIFIED.);
#31=B_SPLINE_CURVE_WITH_KNOTS('',3,(#4136,#4137,#4138,#4139,#4140,#4141,
#4142,#4143),.UNSPECIFIED.,.F.,.F.,(4,1,1,1,1,4),(0.434294045757555,0.456674019320499,
0.566991100817361,0.697764204461554,0.826141768106062,0.857627398273388),
 .UNSPECIFIED.);
#32=B_SPLINE_CURVE_WITH_KNOTS('',3,(#4167,#4168,#4169,#4170,#4171,#4172,
#4173,#4174,#4175,#4176,#4177,#4178),.UNSPECIFIED.,.F.,.F.,(4,1,1,1,1,1,
1,1,1,4),(0.,0.185879238082309,0.295577829193577,0.456674019320499,0.566991100817361,
0.697764204461554,0.826141768106062,0.909480260661171,0.959420884748453,
1.),.UNSPECIFIED.);
#33=B_SPLINE_CURVE_WITH_KNOTS('',3,(#4180,#4181,#4182,#4183,#4184,#4185,
#4186,#4187,#4188,#4189,#4190,#4191),.UNSPECIFIED.,.F.,.F.,(4,1,1,1,1,1,
1,1,1,4),(0.,0.185879238082309,0.295577829193577,0.456674019320499,0.566991100817361,
0.697764204461554,0.826141768106062,0.909480260661171,0.959420884748453,
1.),.UNSPECIFIED.);
#34=B_SPLINE_CURVE_WITH_KNOTS('',3,(#4482,#4483,#4484,#4485,#4486),
 .UNSPECIFIED.,.F.,.F.,(4,1,4),(0.,0.0011879700388192,0.0023759400776384),
 .UNSPECIFIED.);
#35=B_SPLINE_CURVE_WITH_KNOTS('',3,(#4487,#4488,#4489,#4490,#4491),
 .UNSPECIFIED.,.F.,.F.,(4,1,4),(0.,0.00118926634812534,0.00237853269625067),
 .UNSPECIFIED.);
#36=B_SPLINE_CURVE_WITH_KNOTS('',3,(#4497,#4498,#4499,#4500,#4501),
 .UNSPECIFIED.,.F.,.F.,(4,1,4),(2.16840434497101E-19,0.00118797003881901,
0.00237594007763803),.UNSPECIFIED.);
#37=B_SPLINE_CURVE_WITH_KNOTS('',3,(#4502,#4503,#4504,#4505,#4506),
 .UNSPECIFIED.,.F.,.F.,(4,1,4),(0.,0.00118926634812523,0.00237853269625045),
 .UNSPECIFIED.);
#38=B_SPLINE_CURVE_WITH_KNOTS('',3,(#4510,#4511,#4512,#4513,#4514),
 .UNSPECIFIED.,.F.,.F.,(4,1,4),(2.16840434497101E-19,0.0011879700388192,
0.0023759400776384),.UNSPECIFIED.);
#39=B_SPLINE_CURVE_WITH_KNOTS('',3,(#4515,#4516,#4517,#4518,#4519),
 .UNSPECIFIED.,.F.,.F.,(4,1,4),(0.,0.00118926634812537,0.00237853269625075),
 .UNSPECIFIED.);
#40=B_SPLINE_CURVE_WITH_KNOTS('',3,(#4521,#4522,#4523,#4524,#4525),
 .UNSPECIFIED.,.F.,.F.,(4,1,4),(0.,0.00118926634812522,0.00237853269625043),
 .UNSPECIFIED.);
#41=B_SPLINE_CURVE_WITH_KNOTS('',3,(#4526,#4527,#4528,#4529,#4530),
 .UNSPECIFIED.,.F.,.F.,(4,1,4),(0.,0.00118797003881903,0.00237594007763807),
 .UNSPECIFIED.);
#42=CYLINDRICAL_SURFACE('',#2661,0.0005);
#43=CYLINDRICAL_SURFACE('',#2662,0.0005);
#44=CYLINDRICAL_SURFACE('',#2703,0.0005);
#45=CYLINDRICAL_SURFACE('',#2710,0.0005);
#46=CYLINDRICAL_SURFACE('',#2778,0.0015);
#47=CYLINDRICAL_SURFACE('',#2781,0.0015);
#48=CYLINDRICAL_SURFACE('',#2783,0.0015);
#49=CYLINDRICAL_SURFACE('',#2785,0.0015);
#50=CYLINDRICAL_SURFACE('',#2798,0.003);
#51=CYLINDRICAL_SURFACE('',#2799,0.003);
#52=CYLINDRICAL_SURFACE('',#2800,0.003);
#53=CYLINDRICAL_SURFACE('',#2801,0.003);
#54=CYLINDRICAL_SURFACE('',#2802,0.003);
#55=CYLINDRICAL_SURFACE('',#2803,0.003);
#56=CYLINDRICAL_SURFACE('',#2804,0.003);
#57=CYLINDRICAL_SURFACE('',#2805,0.003);
#58=CYLINDRICAL_SURFACE('',#2806,0.003);
#59=CYLINDRICAL_SURFACE('',#2807,0.003);
#60=CYLINDRICAL_SURFACE('',#2808,0.003);
#61=CYLINDRICAL_SURFACE('',#2809,0.003);
#62=CYLINDRICAL_SURFACE('',#2810,0.003);
#63=CYLINDRICAL_SURFACE('',#2811,0.003);
#64=CYLINDRICAL_SURFACE('',#2812,0.003);
#65=CYLINDRICAL_SURFACE('',#2813,0.003);
#66=CYLINDRICAL_SURFACE('',#2814,0.003);
#67=CYLINDRICAL_SURFACE('',#2815,0.003);
#68=CYLINDRICAL_SURFACE('',#2816,0.003);
#69=CYLINDRICAL_SURFACE('',#2817,0.003);
#70=CYLINDRICAL_SURFACE('',#2818,0.003);
#71=CYLINDRICAL_SURFACE('',#2819,0.003);
#72=CYLINDRICAL_SURFACE('',#2820,0.003);
#73=CYLINDRICAL_SURFACE('',#2821,0.003);
#74=CYLINDRICAL_SURFACE('',#2822,0.003);
#75=CYLINDRICAL_SURFACE('',#2824,0.003);
#76=CYLINDRICAL_SURFACE('',#2826,0.003);
#77=CYLINDRICAL_SURFACE('',#2828,0.003);
#78=CYLINDRICAL_SURFACE('',#2831,0.0015);
#79=CYLINDRICAL_SURFACE('',#2838,0.002);
#80=CYLINDRICAL_SURFACE('',#2839,0.002);
#81=CYLINDRICAL_SURFACE('',#2840,0.002);
#82=CYLINDRICAL_SURFACE('',#2841,0.002);
#83=CIRCLE('',#2635,0.002);
#84=CIRCLE('',#2636,0.002);
#85=CIRCLE('',#2637,0.002);
#86=CIRCLE('',#2638,0.002);
#87=CIRCLE('',#2640,0.002);
#88=CIRCLE('',#2641,0.002);
#89=CIRCLE('',#2642,0.002);
#90=CIRCLE('',#2643,0.002);
#91=CIRCLE('',#2645,0.0005);
#92=CIRCLE('',#2648,0.0005);
#93=CIRCLE('',#2652,0.0005);
#94=CIRCLE('',#2655,0.003);
#95=CIRCLE('',#2656,0.003);
#96=CIRCLE('',#2657,0.003);
#97=CIRCLE('',#2658,0.003);
#98=CIRCLE('',#2663,0.0005);
#99=CIRCLE('',#2672,0.003);
#100=CIRCLE('',#2673,0.003);
#101=CIRCLE('',#2674,0.003);
#102=CIRCLE('',#2675,0.003);
#103=CIRCLE('',#2676,0.003);
#104=CIRCLE('',#2677,0.003);
#105=CIRCLE('',#2678,0.003);
#106=CIRCLE('',#2679,0.003);
#107=CIRCLE('',#2680,0.003);
#108=CIRCLE('',#2681,0.003);
#109=CIRCLE('',#2682,0.003);
#110=CIRCLE('',#2683,0.003);
#111=CIRCLE('',#2684,0.003);
#112=CIRCLE('',#2685,0.003);
#113=CIRCLE('',#2686,0.003);
#114=CIRCLE('',#2687,0.003);
#115=CIRCLE('',#2688,0.003);
#116=CIRCLE('',#2689,0.003);
#117=CIRCLE('',#2690,0.003);
#118=CIRCLE('',#2691,0.003);
#119=CIRCLE('',#2692,0.003);
#120=CIRCLE('',#2693,0.003);
#121=CIRCLE('',#2694,0.003);
#122=CIRCLE('',#2695,0.003);
#123=CIRCLE('',#2697,0.0005);
#124=CIRCLE('',#2699,0.003);
#125=CIRCLE('',#2700,0.003);
#126=CIRCLE('',#2701,0.003);
#127=CIRCLE('',#2702,0.003);
#128=CIRCLE('',#2704,0.0005);
#129=CIRCLE('',#2708,0.0005);
#130=CIRCLE('',#2711,0.0005);
#131=CIRCLE('',#2718,0.003);
#132=CIRCLE('',#2719,0.003);
#133=CIRCLE('',#2720,0.003);
#134=CIRCLE('',#2721,0.003);
#135=CIRCLE('',#2727,0.003);
#136=CIRCLE('',#2728,0.003);
#137=CIRCLE('',#2729,0.003);
#138=CIRCLE('',#2730,0.003);
#139=CIRCLE('',#2736,0.003);
#140=CIRCLE('',#2737,0.003);
#141=CIRCLE('',#2738,0.003);
#142=CIRCLE('',#2739,0.003);
#143=CIRCLE('',#2749,0.0015);
#144=CIRCLE('',#2787,0.003);
#145=CIRCLE('',#2788,0.003);
#146=CIRCLE('',#2789,0.003);
#147=CIRCLE('',#2790,0.003);
#148=CIRCLE('',#2823,0.003);
#149=CIRCLE('',#2825,0.003);
#150=CIRCLE('',#2827,0.003);
#151=CIRCLE('',#2829,0.003);
#152=CIRCLE('',#2832,0.0015);
#153=ORIENTED_EDGE('',*,*,#891,.T.);
#154=ORIENTED_EDGE('',*,*,#892,.T.);
#155=ORIENTED_EDGE('',*,*,#893,.F.);
#156=ORIENTED_EDGE('',*,*,#894,.T.);
#157=ORIENTED_EDGE('',*,*,#895,.T.);
#158=ORIENTED_EDGE('',*,*,#896,.T.);
#159=ORIENTED_EDGE('',*,*,#897,.T.);
#160=ORIENTED_EDGE('',*,*,#898,.T.);
#161=ORIENTED_EDGE('',*,*,#899,.T.);
#162=ORIENTED_EDGE('',*,*,#900,.T.);
#163=ORIENTED_EDGE('',*,*,#901,.T.);
#164=ORIENTED_EDGE('',*,*,#902,.T.);
#165=ORIENTED_EDGE('',*,*,#903,.F.);
#166=ORIENTED_EDGE('',*,*,#904,.F.);
#167=ORIENTED_EDGE('',*,*,#905,.T.);
#168=ORIENTED_EDGE('',*,*,#906,.T.);
#169=ORIENTED_EDGE('',*,*,#907,.T.);
#170=ORIENTED_EDGE('',*,*,#908,.T.);
#171=ORIENTED_EDGE('',*,*,#909,.T.);
#172=ORIENTED_EDGE('',*,*,#910,.T.);
#173=ORIENTED_EDGE('',*,*,#911,.T.);
#174=ORIENTED_EDGE('',*,*,#912,.T.);
#175=ORIENTED_EDGE('',*,*,#913,.T.);
#176=ORIENTED_EDGE('',*,*,#914,.T.);
#177=ORIENTED_EDGE('',*,*,#915,.F.);
#178=ORIENTED_EDGE('',*,*,#916,.F.);
#179=ORIENTED_EDGE('',*,*,#917,.T.);
#180=ORIENTED_EDGE('',*,*,#918,.T.);
#181=ORIENTED_EDGE('',*,*,#919,.F.);
#182=ORIENTED_EDGE('',*,*,#920,.F.);
#183=ORIENTED_EDGE('',*,*,#921,.F.);
#184=ORIENTED_EDGE('',*,*,#916,.T.);
#185=ORIENTED_EDGE('',*,*,#922,.T.);
#186=ORIENTED_EDGE('',*,*,#923,.F.);
#187=ORIENTED_EDGE('',*,*,#924,.T.);
#188=ORIENTED_EDGE('',*,*,#925,.F.);
#189=ORIENTED_EDGE('',*,*,#923,.T.);
#190=ORIENTED_EDGE('',*,*,#926,.T.);
#191=ORIENTED_EDGE('',*,*,#927,.T.);
#192=ORIENTED_EDGE('',*,*,#928,.F.);
#193=ORIENTED_EDGE('',*,*,#929,.F.);
#194=ORIENTED_EDGE('',*,*,#930,.T.);
#195=ORIENTED_EDGE('',*,*,#931,.T.);
#196=ORIENTED_EDGE('',*,*,#932,.T.);
#197=ORIENTED_EDGE('',*,*,#933,.T.);
#198=ORIENTED_EDGE('',*,*,#934,.T.);
#199=ORIENTED_EDGE('',*,*,#935,.F.);
#200=ORIENTED_EDGE('',*,*,#936,.T.);
#201=ORIENTED_EDGE('',*,*,#937,.T.);
#202=ORIENTED_EDGE('',*,*,#938,.F.);
#203=ORIENTED_EDGE('',*,*,#939,.T.);
#204=ORIENTED_EDGE('',*,*,#940,.T.);
#205=ORIENTED_EDGE('',*,*,#941,.T.);
#206=ORIENTED_EDGE('',*,*,#942,.F.);
#207=ORIENTED_EDGE('',*,*,#943,.T.);
#208=ORIENTED_EDGE('',*,*,#944,.T.);
#209=ORIENTED_EDGE('',*,*,#945,.T.);
#210=ORIENTED_EDGE('',*,*,#935,.T.);
#211=ORIENTED_EDGE('',*,*,#946,.T.);
#212=ORIENTED_EDGE('',*,*,#938,.T.);
#213=ORIENTED_EDGE('',*,*,#947,.T.);
#214=ORIENTED_EDGE('',*,*,#944,.F.);
#215=ORIENTED_EDGE('',*,*,#948,.T.);
#216=ORIENTED_EDGE('',*,*,#931,.F.);
#217=ORIENTED_EDGE('',*,*,#949,.T.);
#218=ORIENTED_EDGE('',*,*,#921,.T.);
#219=ORIENTED_EDGE('',*,*,#925,.T.);
#220=ORIENTED_EDGE('',*,*,#950,.F.);
#221=ORIENTED_EDGE('',*,*,#917,.F.);
#222=ORIENTED_EDGE('',*,*,#928,.T.);
#223=ORIENTED_EDGE('',*,*,#951,.F.);
#224=ORIENTED_EDGE('',*,*,#918,.F.);
#225=ORIENTED_EDGE('',*,*,#950,.T.);
#226=ORIENTED_EDGE('',*,*,#915,.T.);
#227=ORIENTED_EDGE('',*,*,#937,.F.);
#228=ORIENTED_EDGE('',*,*,#952,.T.);
#229=ORIENTED_EDGE('',*,*,#924,.F.);
#230=ORIENTED_EDGE('',*,*,#952,.F.);
#231=ORIENTED_EDGE('',*,*,#953,.F.);
#232=ORIENTED_EDGE('',*,*,#954,.F.);
#233=ORIENTED_EDGE('',*,*,#955,.T.);
#234=ORIENTED_EDGE('',*,*,#956,.T.);
#235=ORIENTED_EDGE('',*,*,#951,.T.);
#236=ORIENTED_EDGE('',*,*,#927,.F.);
#237=ORIENTED_EDGE('',*,*,#957,.F.);
#238=ORIENTED_EDGE('',*,*,#919,.T.);
#239=ORIENTED_EDGE('',*,*,#958,.T.);
#240=ORIENTED_EDGE('',*,*,#959,.F.);
#241=ORIENTED_EDGE('',*,*,#960,.F.);
#242=ORIENTED_EDGE('',*,*,#961,.T.);
#243=ORIENTED_EDGE('',*,*,#962,.T.);
#244=ORIENTED_EDGE('',*,*,#963,.F.);
#245=ORIENTED_EDGE('',*,*,#964,.F.);
#246=ORIENTED_EDGE('',*,*,#959,.T.);
#247=ORIENTED_EDGE('',*,*,#965,.T.);
#248=ORIENTED_EDGE('',*,*,#966,.F.);
#249=ORIENTED_EDGE('',*,*,#967,.F.);
#250=ORIENTED_EDGE('',*,*,#963,.T.);
#251=ORIENTED_EDGE('',*,*,#968,.T.);
#252=ORIENTED_EDGE('',*,*,#961,.F.);
#253=ORIENTED_EDGE('',*,*,#969,.F.);
#254=ORIENTED_EDGE('',*,*,#966,.T.);
#255=ORIENTED_EDGE('',*,*,#960,.T.);
#256=ORIENTED_EDGE('',*,*,#964,.T.);
#257=ORIENTED_EDGE('',*,*,#967,.T.);
#258=ORIENTED_EDGE('',*,*,#969,.T.);
#259=ORIENTED_EDGE('',*,*,#970,.F.);
#260=ORIENTED_EDGE('',*,*,#971,.T.);
#261=ORIENTED_EDGE('',*,*,#972,.T.);
#262=ORIENTED_EDGE('',*,*,#973,.T.);
#263=ORIENTED_EDGE('',*,*,#974,.T.);
#264=ORIENTED_EDGE('',*,*,#975,.T.);
#265=ORIENTED_EDGE('',*,*,#976,.F.);
#266=ORIENTED_EDGE('',*,*,#977,.T.);
#267=ORIENTED_EDGE('',*,*,#978,.T.);
#268=ORIENTED_EDGE('',*,*,#979,.T.);
#269=ORIENTED_EDGE('',*,*,#980,.T.);
#270=ORIENTED_EDGE('',*,*,#981,.T.);
#271=ORIENTED_EDGE('',*,*,#982,.T.);
#272=ORIENTED_EDGE('',*,*,#983,.T.);
#273=ORIENTED_EDGE('',*,*,#984,.T.);
#274=ORIENTED_EDGE('',*,*,#985,.T.);
#275=ORIENTED_EDGE('',*,*,#957,.T.);
#276=ORIENTED_EDGE('',*,*,#926,.F.);
#277=ORIENTED_EDGE('',*,*,#922,.F.);
#278=ORIENTED_EDGE('',*,*,#920,.T.);
#279=ORIENTED_EDGE('',*,*,#986,.F.);
#280=ORIENTED_EDGE('',*,*,#987,.F.);
#281=ORIENTED_EDGE('',*,*,#988,.T.);
#282=ORIENTED_EDGE('',*,*,#989,.T.);
#283=ORIENTED_EDGE('',*,*,#990,.T.);
#284=ORIENTED_EDGE('',*,*,#991,.T.);
#285=ORIENTED_EDGE('',*,*,#992,.T.);
#286=ORIENTED_EDGE('',*,*,#993,.F.);
#287=ORIENTED_EDGE('',*,*,#994,.T.);
#288=ORIENTED_EDGE('',*,*,#995,.F.);
#289=ORIENTED_EDGE('',*,*,#996,.F.);
#290=ORIENTED_EDGE('',*,*,#997,.F.);
#291=ORIENTED_EDGE('',*,*,#998,.T.);
#292=ORIENTED_EDGE('',*,*,#999,.F.);
#293=ORIENTED_EDGE('',*,*,#1000,.T.);
#294=ORIENTED_EDGE('',*,*,#1001,.T.);
#295=ORIENTED_EDGE('',*,*,#1002,.T.);
#296=ORIENTED_EDGE('',*,*,#1003,.F.);
#297=ORIENTED_EDGE('',*,*,#1004,.T.);
#298=ORIENTED_EDGE('',*,*,#1005,.T.);
#299=ORIENTED_EDGE('',*,*,#1006,.T.);
#300=ORIENTED_EDGE('',*,*,#1007,.T.);
#301=ORIENTED_EDGE('',*,*,#1008,.T.);
#302=ORIENTED_EDGE('',*,*,#1009,.T.);
#303=ORIENTED_EDGE('',*,*,#1010,.T.);
#304=ORIENTED_EDGE('',*,*,#1011,.T.);
#305=ORIENTED_EDGE('',*,*,#1012,.T.);
#306=ORIENTED_EDGE('',*,*,#1013,.T.);
#307=ORIENTED_EDGE('',*,*,#1014,.F.);
#308=ORIENTED_EDGE('',*,*,#1015,.F.);
#309=ORIENTED_EDGE('',*,*,#1016,.F.);
#310=ORIENTED_EDGE('',*,*,#1017,.F.);
#311=ORIENTED_EDGE('',*,*,#1018,.F.);
#312=ORIENTED_EDGE('',*,*,#1019,.T.);
#313=ORIENTED_EDGE('',*,*,#1020,.F.);
#314=ORIENTED_EDGE('',*,*,#1021,.T.);
#315=ORIENTED_EDGE('',*,*,#1022,.F.);
#316=ORIENTED_EDGE('',*,*,#1023,.T.);
#317=ORIENTED_EDGE('',*,*,#1024,.F.);
#318=ORIENTED_EDGE('',*,*,#1025,.T.);
#319=ORIENTED_EDGE('',*,*,#933,.F.);
#320=ORIENTED_EDGE('',*,*,#1026,.T.);
#321=ORIENTED_EDGE('',*,*,#929,.T.);
#322=ORIENTED_EDGE('',*,*,#1027,.T.);
#323=ORIENTED_EDGE('',*,*,#942,.T.);
#324=ORIENTED_EDGE('',*,*,#1028,.T.);
#325=ORIENTED_EDGE('',*,*,#940,.F.);
#326=ORIENTED_EDGE('',*,*,#1029,.T.);
#327=ORIENTED_EDGE('',*,*,#1030,.F.);
#328=ORIENTED_EDGE('',*,*,#1031,.T.);
#329=ORIENTED_EDGE('',*,*,#1032,.T.);
#330=ORIENTED_EDGE('',*,*,#1033,.T.);
#331=ORIENTED_EDGE('',*,*,#1034,.T.);
#332=ORIENTED_EDGE('',*,*,#1035,.T.);
#333=ORIENTED_EDGE('',*,*,#1036,.F.);
#334=ORIENTED_EDGE('',*,*,#1037,.T.);
#335=ORIENTED_EDGE('',*,*,#1038,.F.);
#336=ORIENTED_EDGE('',*,*,#1039,.T.);
#337=ORIENTED_EDGE('',*,*,#1040,.T.);
#338=ORIENTED_EDGE('',*,*,#1041,.T.);
#339=ORIENTED_EDGE('',*,*,#1042,.T.);
#340=ORIENTED_EDGE('',*,*,#1043,.T.);
#341=ORIENTED_EDGE('',*,*,#1044,.F.);
#342=ORIENTED_EDGE('',*,*,#1045,.T.);
#343=ORIENTED_EDGE('',*,*,#1046,.T.);
#344=ORIENTED_EDGE('',*,*,#955,.F.);
#345=ORIENTED_EDGE('',*,*,#1047,.F.);
#346=ORIENTED_EDGE('',*,*,#1048,.T.);
#347=ORIENTED_EDGE('',*,*,#1049,.T.);
#348=ORIENTED_EDGE('',*,*,#1050,.F.);
#349=ORIENTED_EDGE('',*,*,#1051,.T.);
#350=ORIENTED_EDGE('',*,*,#1052,.T.);
#351=ORIENTED_EDGE('',*,*,#1053,.T.);
#352=ORIENTED_EDGE('',*,*,#1054,.T.);
#353=ORIENTED_EDGE('',*,*,#1055,.T.);
#354=ORIENTED_EDGE('',*,*,#1056,.F.);
#355=ORIENTED_EDGE('',*,*,#1057,.T.);
#356=ORIENTED_EDGE('',*,*,#1058,.F.);
#357=ORIENTED_EDGE('',*,*,#1049,.F.);
#358=ORIENTED_EDGE('',*,*,#1052,.F.);
#359=ORIENTED_EDGE('',*,*,#1059,.T.);
#360=ORIENTED_EDGE('',*,*,#970,.T.);
#361=ORIENTED_EDGE('',*,*,#1060,.T.);
#362=ORIENTED_EDGE('',*,*,#976,.T.);
#363=ORIENTED_EDGE('',*,*,#1061,.T.);
#364=ORIENTED_EDGE('',*,*,#1054,.F.);
#365=ORIENTED_EDGE('',*,*,#1062,.T.);
#366=ORIENTED_EDGE('',*,*,#1063,.T.);
#367=ORIENTED_EDGE('',*,*,#974,.F.);
#368=ORIENTED_EDGE('',*,*,#1064,.T.);
#369=ORIENTED_EDGE('',*,*,#1056,.T.);
#370=ORIENTED_EDGE('',*,*,#1065,.T.);
#371=ORIENTED_EDGE('',*,*,#972,.F.);
#372=ORIENTED_EDGE('',*,*,#1066,.T.);
#373=ORIENTED_EDGE('',*,*,#1050,.T.);
#374=ORIENTED_EDGE('',*,*,#1067,.T.);
#375=ORIENTED_EDGE('',*,*,#1063,.F.);
#376=ORIENTED_EDGE('',*,*,#1068,.T.);
#377=ORIENTED_EDGE('',*,*,#1069,.T.);
#378=ORIENTED_EDGE('',*,*,#1070,.T.);
#379=ORIENTED_EDGE('',*,*,#1071,.F.);
#380=ORIENTED_EDGE('',*,*,#1072,.F.);
#381=ORIENTED_EDGE('',*,*,#1073,.F.);
#382=ORIENTED_EDGE('',*,*,#1072,.T.);
#383=ORIENTED_EDGE('',*,*,#1074,.T.);
#384=ORIENTED_EDGE('',*,*,#1048,.F.);
#385=ORIENTED_EDGE('',*,*,#1068,.F.);
#386=ORIENTED_EDGE('',*,*,#1069,.F.);
#387=ORIENTED_EDGE('',*,*,#1073,.T.);
#388=ORIENTED_EDGE('',*,*,#1047,.T.);
#389=ORIENTED_EDGE('',*,*,#954,.T.);
#390=ORIENTED_EDGE('',*,*,#1075,.F.);
#391=ORIENTED_EDGE('',*,*,#1076,.F.);
#392=ORIENTED_EDGE('',*,*,#1070,.F.);
#393=ORIENTED_EDGE('',*,*,#1075,.T.);
#394=ORIENTED_EDGE('',*,*,#953,.T.);
#395=ORIENTED_EDGE('',*,*,#1058,.T.);
#396=ORIENTED_EDGE('',*,*,#1074,.F.);
#397=ORIENTED_EDGE('',*,*,#1071,.T.);
#398=ORIENTED_EDGE('',*,*,#1076,.T.);
#399=ORIENTED_EDGE('',*,*,#956,.F.);
#400=ORIENTED_EDGE('',*,*,#1046,.F.);
#401=ORIENTED_EDGE('',*,*,#1077,.F.);
#402=ORIENTED_EDGE('',*,*,#1078,.T.);
#403=ORIENTED_EDGE('',*,*,#1079,.T.);
#404=ORIENTED_EDGE('',*,*,#1080,.T.);
#405=ORIENTED_EDGE('',*,*,#1081,.T.);
#406=ORIENTED_EDGE('',*,*,#1082,.T.);
#407=ORIENTED_EDGE('',*,*,#1083,.F.);
#408=ORIENTED_EDGE('',*,*,#1084,.T.);
#409=ORIENTED_EDGE('',*,*,#1079,.F.);
#410=ORIENTED_EDGE('',*,*,#1085,.T.);
#411=ORIENTED_EDGE('',*,*,#1038,.T.);
#412=ORIENTED_EDGE('',*,*,#1086,.T.);
#413=ORIENTED_EDGE('',*,*,#1044,.T.);
#414=ORIENTED_EDGE('',*,*,#1087,.T.);
#415=ORIENTED_EDGE('',*,*,#1081,.F.);
#416=ORIENTED_EDGE('',*,*,#1088,.T.);
#417=ORIENTED_EDGE('',*,*,#1042,.F.);
#418=ORIENTED_EDGE('',*,*,#1089,.T.);
#419=ORIENTED_EDGE('',*,*,#1083,.T.);
#420=ORIENTED_EDGE('',*,*,#1090,.T.);
#421=ORIENTED_EDGE('',*,*,#1040,.F.);
#422=ORIENTED_EDGE('',*,*,#1091,.T.);
#423=ORIENTED_EDGE('',*,*,#1077,.T.);
#424=ORIENTED_EDGE('',*,*,#1092,.T.);
#425=ORIENTED_EDGE('',*,*,#1093,.F.);
#426=ORIENTED_EDGE('',*,*,#1094,.T.);
#427=ORIENTED_EDGE('',*,*,#1095,.T.);
#428=ORIENTED_EDGE('',*,*,#1096,.T.);
#429=ORIENTED_EDGE('',*,*,#1097,.T.);
#430=ORIENTED_EDGE('',*,*,#1098,.T.);
#431=ORIENTED_EDGE('',*,*,#1099,.F.);
#432=ORIENTED_EDGE('',*,*,#1100,.T.);
#433=ORIENTED_EDGE('',*,*,#1097,.F.);
#434=ORIENTED_EDGE('',*,*,#1101,.T.);
#435=ORIENTED_EDGE('',*,*,#1036,.T.);
#436=ORIENTED_EDGE('',*,*,#1102,.T.);
#437=ORIENTED_EDGE('',*,*,#1099,.T.);
#438=ORIENTED_EDGE('',*,*,#1103,.T.);
#439=ORIENTED_EDGE('',*,*,#1034,.F.);
#440=ORIENTED_EDGE('',*,*,#1104,.T.);
#441=ORIENTED_EDGE('',*,*,#1032,.F.);
#442=ORIENTED_EDGE('',*,*,#1105,.T.);
#443=ORIENTED_EDGE('',*,*,#1093,.T.);
#444=ORIENTED_EDGE('',*,*,#1106,.T.);
#445=ORIENTED_EDGE('',*,*,#1095,.F.);
#446=ORIENTED_EDGE('',*,*,#1107,.T.);
#447=ORIENTED_EDGE('',*,*,#1030,.T.);
#448=ORIENTED_EDGE('',*,*,#1108,.T.);
#449=ORIENTED_EDGE('',*,*,#1109,.T.);
#450=ORIENTED_EDGE('',*,*,#1110,.T.);
#451=ORIENTED_EDGE('',*,*,#1111,.T.);
#452=ORIENTED_EDGE('',*,*,#1112,.T.);
#453=ORIENTED_EDGE('',*,*,#1113,.T.);
#454=ORIENTED_EDGE('',*,*,#1114,.T.);
#455=ORIENTED_EDGE('',*,*,#1115,.T.);
#456=ORIENTED_EDGE('',*,*,#1116,.T.);
#457=ORIENTED_EDGE('',*,*,#1113,.F.);
#458=ORIENTED_EDGE('',*,*,#1117,.T.);
#459=ORIENTED_EDGE('',*,*,#1024,.T.);
#460=ORIENTED_EDGE('',*,*,#1118,.T.);
#461=ORIENTED_EDGE('',*,*,#1022,.T.);
#462=ORIENTED_EDGE('',*,*,#1119,.T.);
#463=ORIENTED_EDGE('',*,*,#1115,.F.);
#464=ORIENTED_EDGE('',*,*,#1120,.T.);
#465=ORIENTED_EDGE('',*,*,#1020,.T.);
#466=ORIENTED_EDGE('',*,*,#1121,.T.);
#467=ORIENTED_EDGE('',*,*,#1109,.F.);
#468=ORIENTED_EDGE('',*,*,#1122,.T.);
#469=ORIENTED_EDGE('',*,*,#1111,.F.);
#470=ORIENTED_EDGE('',*,*,#1123,.T.);
#471=ORIENTED_EDGE('',*,*,#1018,.T.);
#472=ORIENTED_EDGE('',*,*,#1124,.T.);
#473=ORIENTED_EDGE('',*,*,#1125,.T.);
#474=ORIENTED_EDGE('',*,*,#1126,.T.);
#475=ORIENTED_EDGE('',*,*,#1127,.T.);
#476=ORIENTED_EDGE('',*,*,#1128,.F.);
#477=ORIENTED_EDGE('',*,*,#1129,.F.);
#478=ORIENTED_EDGE('',*,*,#1130,.T.);
#479=ORIENTED_EDGE('',*,*,#1131,.T.);
#480=ORIENTED_EDGE('',*,*,#1132,.T.);
#481=ORIENTED_EDGE('',*,*,#1133,.F.);
#482=ORIENTED_EDGE('',*,*,#1134,.F.);
#483=ORIENTED_EDGE('',*,*,#1135,.T.);
#484=ORIENTED_EDGE('',*,*,#1136,.T.);
#485=ORIENTED_EDGE('',*,*,#1137,.T.);
#486=ORIENTED_EDGE('',*,*,#1138,.F.);
#487=ORIENTED_EDGE('',*,*,#1139,.F.);
#488=ORIENTED_EDGE('',*,*,#1134,.T.);
#489=ORIENTED_EDGE('',*,*,#1140,.T.);
#490=ORIENTED_EDGE('',*,*,#1141,.F.);
#491=ORIENTED_EDGE('',*,*,#1142,.T.);
#492=ORIENTED_EDGE('',*,*,#903,.T.);
#493=ORIENTED_EDGE('',*,*,#1143,.F.);
#494=ORIENTED_EDGE('',*,*,#1139,.T.);
#495=ORIENTED_EDGE('',*,*,#1144,.F.);
#496=ORIENTED_EDGE('',*,*,#1145,.F.);
#497=ORIENTED_EDGE('',*,*,#1146,.F.);
#498=ORIENTED_EDGE('',*,*,#1147,.F.);
#499=ORIENTED_EDGE('',*,*,#1148,.F.);
#500=ORIENTED_EDGE('',*,*,#1149,.F.);
#501=ORIENTED_EDGE('',*,*,#1150,.F.);
#502=ORIENTED_EDGE('',*,*,#1151,.F.);
#503=ORIENTED_EDGE('',*,*,#1152,.F.);
#504=ORIENTED_EDGE('',*,*,#1153,.F.);
#505=ORIENTED_EDGE('',*,*,#1154,.T.);
#506=ORIENTED_EDGE('',*,*,#1155,.F.);
#507=ORIENTED_EDGE('',*,*,#1156,.F.);
#508=ORIENTED_EDGE('',*,*,#1157,.F.);
#509=ORIENTED_EDGE('',*,*,#1158,.T.);
#510=ORIENTED_EDGE('',*,*,#1159,.F.);
#511=ORIENTED_EDGE('',*,*,#1160,.T.);
#512=ORIENTED_EDGE('',*,*,#1161,.T.);
#513=ORIENTED_EDGE('',*,*,#1162,.T.);
#514=ORIENTED_EDGE('',*,*,#1163,.F.);
#515=ORIENTED_EDGE('',*,*,#1135,.F.);
#516=ORIENTED_EDGE('',*,*,#1133,.T.);
#517=ORIENTED_EDGE('',*,*,#1164,.T.);
#518=ORIENTED_EDGE('',*,*,#1165,.F.);
#519=ORIENTED_EDGE('',*,*,#1166,.F.);
#520=ORIENTED_EDGE('',*,*,#1167,.F.);
#521=ORIENTED_EDGE('',*,*,#1168,.F.);
#522=ORIENTED_EDGE('',*,*,#1169,.F.);
#523=ORIENTED_EDGE('',*,*,#1170,.F.);
#524=ORIENTED_EDGE('',*,*,#1171,.T.);
#525=ORIENTED_EDGE('',*,*,#1172,.T.);
#526=ORIENTED_EDGE('',*,*,#1173,.T.);
#527=ORIENTED_EDGE('',*,*,#1174,.T.);
#528=ORIENTED_EDGE('',*,*,#1175,.T.);
#529=ORIENTED_EDGE('',*,*,#1176,.F.);
#530=ORIENTED_EDGE('',*,*,#1177,.T.);
#531=ORIENTED_EDGE('',*,*,#1137,.F.);
#532=ORIENTED_EDGE('',*,*,#1173,.F.);
#533=ORIENTED_EDGE('',*,*,#1178,.T.);
#534=ORIENTED_EDGE('',*,*,#1017,.T.);
#535=ORIENTED_EDGE('',*,*,#1179,.F.);
#536=ORIENTED_EDGE('',*,*,#1174,.F.);
#537=ORIENTED_EDGE('',*,*,#1179,.T.);
#538=ORIENTED_EDGE('',*,*,#1016,.T.);
#539=ORIENTED_EDGE('',*,*,#1180,.F.);
#540=ORIENTED_EDGE('',*,*,#1175,.F.);
#541=ORIENTED_EDGE('',*,*,#1180,.T.);
#542=ORIENTED_EDGE('',*,*,#1015,.T.);
#543=ORIENTED_EDGE('',*,*,#1181,.F.);
#544=ORIENTED_EDGE('',*,*,#1176,.T.);
#545=ORIENTED_EDGE('',*,*,#1181,.T.);
#546=ORIENTED_EDGE('',*,*,#1014,.T.);
#547=ORIENTED_EDGE('',*,*,#1182,.F.);
#548=ORIENTED_EDGE('',*,*,#1182,.T.);
#549=ORIENTED_EDGE('',*,*,#1013,.F.);
#550=ORIENTED_EDGE('',*,*,#1183,.F.);
#551=ORIENTED_EDGE('',*,*,#1144,.T.);
#552=ORIENTED_EDGE('',*,*,#1138,.T.);
#553=ORIENTED_EDGE('',*,*,#1177,.F.);
#554=ORIENTED_EDGE('',*,*,#1183,.T.);
#555=ORIENTED_EDGE('',*,*,#1012,.F.);
#556=ORIENTED_EDGE('',*,*,#1184,.F.);
#557=ORIENTED_EDGE('',*,*,#1145,.T.);
#558=ORIENTED_EDGE('',*,*,#1184,.T.);
#559=ORIENTED_EDGE('',*,*,#1011,.F.);
#560=ORIENTED_EDGE('',*,*,#1185,.F.);
#561=ORIENTED_EDGE('',*,*,#1146,.T.);
#562=ORIENTED_EDGE('',*,*,#1185,.T.);
#563=ORIENTED_EDGE('',*,*,#1010,.F.);
#564=ORIENTED_EDGE('',*,*,#1186,.F.);
#565=ORIENTED_EDGE('',*,*,#1147,.T.);
#566=ORIENTED_EDGE('',*,*,#1186,.T.);
#567=ORIENTED_EDGE('',*,*,#1009,.F.);
#568=ORIENTED_EDGE('',*,*,#1187,.F.);
#569=ORIENTED_EDGE('',*,*,#1148,.T.);
#570=ORIENTED_EDGE('',*,*,#1187,.T.);
#571=ORIENTED_EDGE('',*,*,#1008,.F.);
#572=ORIENTED_EDGE('',*,*,#1188,.F.);
#573=ORIENTED_EDGE('',*,*,#1149,.T.);
#574=ORIENTED_EDGE('',*,*,#1188,.T.);
#575=ORIENTED_EDGE('',*,*,#1007,.F.);
#576=ORIENTED_EDGE('',*,*,#1189,.F.);
#577=ORIENTED_EDGE('',*,*,#1150,.T.);
#578=ORIENTED_EDGE('',*,*,#1189,.T.);
#579=ORIENTED_EDGE('',*,*,#1006,.F.);
#580=ORIENTED_EDGE('',*,*,#1190,.F.);
#581=ORIENTED_EDGE('',*,*,#1151,.T.);
#582=ORIENTED_EDGE('',*,*,#1190,.T.);
#583=ORIENTED_EDGE('',*,*,#1005,.F.);
#584=ORIENTED_EDGE('',*,*,#1191,.F.);
#585=ORIENTED_EDGE('',*,*,#1152,.T.);
#586=ORIENTED_EDGE('',*,*,#1191,.T.);
#587=ORIENTED_EDGE('',*,*,#1004,.F.);
#588=ORIENTED_EDGE('',*,*,#1192,.F.);
#589=ORIENTED_EDGE('',*,*,#1153,.T.);
#590=ORIENTED_EDGE('',*,*,#1192,.T.);
#591=ORIENTED_EDGE('',*,*,#1003,.T.);
#592=ORIENTED_EDGE('',*,*,#1193,.F.);
#593=ORIENTED_EDGE('',*,*,#1154,.F.);
#594=ORIENTED_EDGE('',*,*,#1193,.T.);
#595=ORIENTED_EDGE('',*,*,#1002,.F.);
#596=ORIENTED_EDGE('',*,*,#1194,.F.);
#597=ORIENTED_EDGE('',*,*,#1155,.T.);
#598=ORIENTED_EDGE('',*,*,#1194,.T.);
#599=ORIENTED_EDGE('',*,*,#1001,.F.);
#600=ORIENTED_EDGE('',*,*,#1195,.F.);
#601=ORIENTED_EDGE('',*,*,#1156,.T.);
#602=ORIENTED_EDGE('',*,*,#1195,.T.);
#603=ORIENTED_EDGE('',*,*,#1000,.F.);
#604=ORIENTED_EDGE('',*,*,#1196,.F.);
#605=ORIENTED_EDGE('',*,*,#1157,.T.);
#606=ORIENTED_EDGE('',*,*,#1196,.T.);
#607=ORIENTED_EDGE('',*,*,#999,.T.);
#608=ORIENTED_EDGE('',*,*,#1197,.F.);
#609=ORIENTED_EDGE('',*,*,#1158,.F.);
#610=ORIENTED_EDGE('',*,*,#1197,.T.);
#611=ORIENTED_EDGE('',*,*,#998,.F.);
#612=ORIENTED_EDGE('',*,*,#1198,.F.);
#613=ORIENTED_EDGE('',*,*,#1159,.T.);
#614=ORIENTED_EDGE('',*,*,#1198,.T.);
#615=ORIENTED_EDGE('',*,*,#997,.T.);
#616=ORIENTED_EDGE('',*,*,#1199,.F.);
#617=ORIENTED_EDGE('',*,*,#1160,.F.);
#618=ORIENTED_EDGE('',*,*,#1199,.T.);
#619=ORIENTED_EDGE('',*,*,#996,.T.);
#620=ORIENTED_EDGE('',*,*,#1200,.F.);
#621=ORIENTED_EDGE('',*,*,#1161,.F.);
#622=ORIENTED_EDGE('',*,*,#1200,.T.);
#623=ORIENTED_EDGE('',*,*,#995,.T.);
#624=ORIENTED_EDGE('',*,*,#1201,.F.);
#625=ORIENTED_EDGE('',*,*,#1162,.F.);
#626=ORIENTED_EDGE('',*,*,#1201,.T.);
#627=ORIENTED_EDGE('',*,*,#994,.F.);
#628=ORIENTED_EDGE('',*,*,#1202,.F.);
#629=ORIENTED_EDGE('',*,*,#1164,.F.);
#630=ORIENTED_EDGE('',*,*,#1136,.F.);
#631=ORIENTED_EDGE('',*,*,#1163,.T.);
#632=ORIENTED_EDGE('',*,*,#1165,.T.);
#633=ORIENTED_EDGE('',*,*,#1202,.T.);
#634=ORIENTED_EDGE('',*,*,#993,.T.);
#635=ORIENTED_EDGE('',*,*,#1203,.F.);
#636=ORIENTED_EDGE('',*,*,#1204,.F.);
#637=ORIENTED_EDGE('',*,*,#1166,.T.);
#638=ORIENTED_EDGE('',*,*,#1203,.T.);
#639=ORIENTED_EDGE('',*,*,#992,.F.);
#640=ORIENTED_EDGE('',*,*,#1205,.F.);
#641=ORIENTED_EDGE('',*,*,#1167,.T.);
#642=ORIENTED_EDGE('',*,*,#1204,.T.);
#643=ORIENTED_EDGE('',*,*,#991,.F.);
#644=ORIENTED_EDGE('',*,*,#1206,.F.);
#645=ORIENTED_EDGE('',*,*,#1168,.T.);
#646=ORIENTED_EDGE('',*,*,#1205,.T.);
#647=ORIENTED_EDGE('',*,*,#990,.F.);
#648=ORIENTED_EDGE('',*,*,#1207,.F.);
#649=ORIENTED_EDGE('',*,*,#1169,.T.);
#650=ORIENTED_EDGE('',*,*,#1206,.T.);
#651=ORIENTED_EDGE('',*,*,#989,.F.);
#652=ORIENTED_EDGE('',*,*,#1208,.F.);
#653=ORIENTED_EDGE('',*,*,#1170,.T.);
#654=ORIENTED_EDGE('',*,*,#1207,.T.);
#655=ORIENTED_EDGE('',*,*,#988,.F.);
#656=ORIENTED_EDGE('',*,*,#1171,.F.);
#657=ORIENTED_EDGE('',*,*,#1208,.T.);
#658=ORIENTED_EDGE('',*,*,#987,.T.);
#659=ORIENTED_EDGE('',*,*,#1209,.F.);
#660=ORIENTED_EDGE('',*,*,#1172,.F.);
#661=ORIENTED_EDGE('',*,*,#1209,.T.);
#662=ORIENTED_EDGE('',*,*,#986,.T.);
#663=ORIENTED_EDGE('',*,*,#1178,.F.);
#664=ORIENTED_EDGE('',*,*,#1210,.T.);
#665=ORIENTED_EDGE('',*,*,#1211,.T.);
#666=ORIENTED_EDGE('',*,*,#1212,.F.);
#667=ORIENTED_EDGE('',*,*,#1213,.T.);
#668=ORIENTED_EDGE('',*,*,#1214,.F.);
#669=ORIENTED_EDGE('',*,*,#1215,.T.);
#670=ORIENTED_EDGE('',*,*,#1210,.F.);
#671=ORIENTED_EDGE('',*,*,#1216,.T.);
#672=ORIENTED_EDGE('',*,*,#1217,.F.);
#673=ORIENTED_EDGE('',*,*,#968,.F.);
#674=ORIENTED_EDGE('',*,*,#1218,.T.);
#675=ORIENTED_EDGE('',*,*,#1219,.T.);
#676=ORIENTED_EDGE('',*,*,#891,.F.);
#677=ORIENTED_EDGE('',*,*,#1220,.T.);
#678=ORIENTED_EDGE('',*,*,#1214,.T.);
#679=ORIENTED_EDGE('',*,*,#965,.F.);
#680=ORIENTED_EDGE('',*,*,#1221,.F.);
#681=ORIENTED_EDGE('',*,*,#1222,.T.);
#682=ORIENTED_EDGE('',*,*,#1129,.T.);
#683=ORIENTED_EDGE('',*,*,#1223,.T.);
#684=ORIENTED_EDGE('',*,*,#1218,.F.);
#685=ORIENTED_EDGE('',*,*,#962,.F.);
#686=ORIENTED_EDGE('',*,*,#1128,.T.);
#687=ORIENTED_EDGE('',*,*,#1224,.T.);
#688=ORIENTED_EDGE('',*,*,#1221,.T.);
#689=ORIENTED_EDGE('',*,*,#958,.F.);
#690=ORIENTED_EDGE('',*,*,#1217,.T.);
#691=ORIENTED_EDGE('',*,*,#1225,.T.);
#692=ORIENTED_EDGE('',*,*,#1226,.F.);
#693=ORIENTED_EDGE('',*,*,#1227,.T.);
#694=ORIENTED_EDGE('',*,*,#1228,.F.);
#695=ORIENTED_EDGE('',*,*,#1229,.T.);
#696=ORIENTED_EDGE('',*,*,#1230,.F.);
#697=ORIENTED_EDGE('',*,*,#1231,.T.);
#698=ORIENTED_EDGE('',*,*,#1232,.F.);
#699=ORIENTED_EDGE('',*,*,#1233,.T.);
#700=ORIENTED_EDGE('',*,*,#978,.F.);
#701=ORIENTED_EDGE('',*,*,#1234,.T.);
#702=ORIENTED_EDGE('',*,*,#1226,.T.);
#703=ORIENTED_EDGE('',*,*,#1235,.T.);
#704=ORIENTED_EDGE('',*,*,#1228,.T.);
#705=ORIENTED_EDGE('',*,*,#1236,.T.);
#706=ORIENTED_EDGE('',*,*,#984,.F.);
#707=ORIENTED_EDGE('',*,*,#1237,.T.);
#708=ORIENTED_EDGE('',*,*,#982,.F.);
#709=ORIENTED_EDGE('',*,*,#1238,.T.);
#710=ORIENTED_EDGE('',*,*,#1230,.T.);
#711=ORIENTED_EDGE('',*,*,#1239,.T.);
#712=ORIENTED_EDGE('',*,*,#1232,.T.);
#713=ORIENTED_EDGE('',*,*,#1240,.T.);
#714=ORIENTED_EDGE('',*,*,#980,.F.);
#715=ORIENTED_EDGE('',*,*,#1241,.T.);
#716=ORIENTED_EDGE('',*,*,#1141,.T.);
#717=ORIENTED_EDGE('',*,*,#1242,.F.);
#718=ORIENTED_EDGE('',*,*,#1243,.F.);
#719=ORIENTED_EDGE('',*,*,#1244,.T.);
#720=ORIENTED_EDGE('',*,*,#1143,.T.);
#721=ORIENTED_EDGE('',*,*,#906,.F.);
#722=ORIENTED_EDGE('',*,*,#1245,.F.);
#723=ORIENTED_EDGE('',*,*,#1242,.T.);
#724=ORIENTED_EDGE('',*,*,#1142,.F.);
#725=ORIENTED_EDGE('',*,*,#1244,.F.);
#726=ORIENTED_EDGE('',*,*,#1246,.T.);
#727=ORIENTED_EDGE('',*,*,#904,.T.);
#728=ORIENTED_EDGE('',*,*,#1094,.F.);
#729=ORIENTED_EDGE('',*,*,#1105,.F.);
#730=ORIENTED_EDGE('',*,*,#1031,.F.);
#731=ORIENTED_EDGE('',*,*,#1107,.F.);
#732=ORIENTED_EDGE('',*,*,#1096,.F.);
#733=ORIENTED_EDGE('',*,*,#1108,.F.);
#734=ORIENTED_EDGE('',*,*,#1037,.F.);
#735=ORIENTED_EDGE('',*,*,#1101,.F.);
#736=ORIENTED_EDGE('',*,*,#1098,.F.);
#737=ORIENTED_EDGE('',*,*,#1102,.F.);
#738=ORIENTED_EDGE('',*,*,#1035,.F.);
#739=ORIENTED_EDGE('',*,*,#1103,.F.);
#740=ORIENTED_EDGE('',*,*,#1100,.F.);
#741=ORIENTED_EDGE('',*,*,#1104,.F.);
#742=ORIENTED_EDGE('',*,*,#1033,.F.);
#743=ORIENTED_EDGE('',*,*,#1106,.F.);
#744=ORIENTED_EDGE('',*,*,#1051,.F.);
#745=ORIENTED_EDGE('',*,*,#1066,.F.);
#746=ORIENTED_EDGE('',*,*,#971,.F.);
#747=ORIENTED_EDGE('',*,*,#1059,.F.);
#748=ORIENTED_EDGE('',*,*,#1057,.F.);
#749=ORIENTED_EDGE('',*,*,#1064,.F.);
#750=ORIENTED_EDGE('',*,*,#973,.F.);
#751=ORIENTED_EDGE('',*,*,#1067,.F.);
#752=ORIENTED_EDGE('',*,*,#1055,.F.);
#753=ORIENTED_EDGE('',*,*,#1061,.F.);
#754=ORIENTED_EDGE('',*,*,#975,.F.);
#755=ORIENTED_EDGE('',*,*,#1065,.F.);
#756=ORIENTED_EDGE('',*,*,#1053,.F.);
#757=ORIENTED_EDGE('',*,*,#1060,.F.);
#758=ORIENTED_EDGE('',*,*,#977,.F.);
#759=ORIENTED_EDGE('',*,*,#1062,.F.);
#760=ORIENTED_EDGE('',*,*,#1227,.F.);
#761=ORIENTED_EDGE('',*,*,#1234,.F.);
#762=ORIENTED_EDGE('',*,*,#985,.F.);
#763=ORIENTED_EDGE('',*,*,#1236,.F.);
#764=ORIENTED_EDGE('',*,*,#1231,.F.);
#765=ORIENTED_EDGE('',*,*,#1238,.F.);
#766=ORIENTED_EDGE('',*,*,#981,.F.);
#767=ORIENTED_EDGE('',*,*,#1240,.F.);
#768=ORIENTED_EDGE('',*,*,#1233,.F.);
#769=ORIENTED_EDGE('',*,*,#1241,.F.);
#770=ORIENTED_EDGE('',*,*,#979,.F.);
#771=ORIENTED_EDGE('',*,*,#1235,.F.);
#772=ORIENTED_EDGE('',*,*,#1110,.F.);
#773=ORIENTED_EDGE('',*,*,#1121,.F.);
#774=ORIENTED_EDGE('',*,*,#1019,.F.);
#775=ORIENTED_EDGE('',*,*,#1123,.F.);
#776=ORIENTED_EDGE('',*,*,#1229,.F.);
#777=ORIENTED_EDGE('',*,*,#1237,.F.);
#778=ORIENTED_EDGE('',*,*,#983,.F.);
#779=ORIENTED_EDGE('',*,*,#1239,.F.);
#780=ORIENTED_EDGE('',*,*,#1112,.F.);
#781=ORIENTED_EDGE('',*,*,#1124,.F.);
#782=ORIENTED_EDGE('',*,*,#1025,.F.);
#783=ORIENTED_EDGE('',*,*,#1117,.F.);
#784=ORIENTED_EDGE('',*,*,#1116,.F.);
#785=ORIENTED_EDGE('',*,*,#1119,.F.);
#786=ORIENTED_EDGE('',*,*,#1021,.F.);
#787=ORIENTED_EDGE('',*,*,#1122,.F.);
#788=ORIENTED_EDGE('',*,*,#1114,.F.);
#789=ORIENTED_EDGE('',*,*,#1118,.F.);
#790=ORIENTED_EDGE('',*,*,#1023,.F.);
#791=ORIENTED_EDGE('',*,*,#1120,.F.);
#792=ORIENTED_EDGE('',*,*,#946,.F.);
#793=ORIENTED_EDGE('',*,*,#934,.F.);
#794=ORIENTED_EDGE('',*,*,#1029,.F.);
#795=ORIENTED_EDGE('',*,*,#939,.F.);
#796=ORIENTED_EDGE('',*,*,#949,.F.);
#797=ORIENTED_EDGE('',*,*,#930,.F.);
#798=ORIENTED_EDGE('',*,*,#1026,.F.);
#799=ORIENTED_EDGE('',*,*,#936,.F.);
#800=ORIENTED_EDGE('',*,*,#948,.F.);
#801=ORIENTED_EDGE('',*,*,#943,.F.);
#802=ORIENTED_EDGE('',*,*,#1027,.F.);
#803=ORIENTED_EDGE('',*,*,#932,.F.);
#804=ORIENTED_EDGE('',*,*,#947,.F.);
#805=ORIENTED_EDGE('',*,*,#941,.F.);
#806=ORIENTED_EDGE('',*,*,#1028,.F.);
#807=ORIENTED_EDGE('',*,*,#945,.F.);
#808=ORIENTED_EDGE('',*,*,#1078,.F.);
#809=ORIENTED_EDGE('',*,*,#1091,.F.);
#810=ORIENTED_EDGE('',*,*,#1039,.F.);
#811=ORIENTED_EDGE('',*,*,#1085,.F.);
#812=ORIENTED_EDGE('',*,*,#1084,.F.);
#813=ORIENTED_EDGE('',*,*,#1089,.F.);
#814=ORIENTED_EDGE('',*,*,#1041,.F.);
#815=ORIENTED_EDGE('',*,*,#1092,.F.);
#816=ORIENTED_EDGE('',*,*,#1082,.F.);
#817=ORIENTED_EDGE('',*,*,#1087,.F.);
#818=ORIENTED_EDGE('',*,*,#1043,.F.);
#819=ORIENTED_EDGE('',*,*,#1090,.F.);
#820=ORIENTED_EDGE('',*,*,#1080,.F.);
#821=ORIENTED_EDGE('',*,*,#1086,.F.);
#822=ORIENTED_EDGE('',*,*,#1045,.F.);
#823=ORIENTED_EDGE('',*,*,#1088,.F.);
#824=ORIENTED_EDGE('',*,*,#1127,.F.);
#825=ORIENTED_EDGE('',*,*,#1247,.F.);
#826=ORIENTED_EDGE('',*,*,#1130,.F.);
#827=ORIENTED_EDGE('',*,*,#1222,.F.);
#828=ORIENTED_EDGE('',*,*,#1224,.F.);
#829=ORIENTED_EDGE('',*,*,#1132,.F.);
#830=ORIENTED_EDGE('',*,*,#1248,.F.);
#831=ORIENTED_EDGE('',*,*,#892,.F.);
#832=ORIENTED_EDGE('',*,*,#1219,.F.);
#833=ORIENTED_EDGE('',*,*,#1223,.F.);
#834=ORIENTED_EDGE('',*,*,#894,.F.);
#835=ORIENTED_EDGE('',*,*,#1249,.F.);
#836=ORIENTED_EDGE('',*,*,#1211,.F.);
#837=ORIENTED_EDGE('',*,*,#1215,.F.);
#838=ORIENTED_EDGE('',*,*,#1220,.F.);
#839=ORIENTED_EDGE('',*,*,#1213,.F.);
#840=ORIENTED_EDGE('',*,*,#1250,.F.);
#841=ORIENTED_EDGE('',*,*,#1125,.F.);
#842=ORIENTED_EDGE('',*,*,#1225,.F.);
#843=ORIENTED_EDGE('',*,*,#1216,.F.);
#844=ORIENTED_EDGE('',*,*,#1131,.F.);
#845=ORIENTED_EDGE('',*,*,#1247,.T.);
#846=ORIENTED_EDGE('',*,*,#1126,.F.);
#847=ORIENTED_EDGE('',*,*,#1250,.T.);
#848=ORIENTED_EDGE('',*,*,#1212,.T.);
#849=ORIENTED_EDGE('',*,*,#1249,.T.);
#850=ORIENTED_EDGE('',*,*,#893,.T.);
#851=ORIENTED_EDGE('',*,*,#1248,.T.);
#852=ORIENTED_EDGE('',*,*,#1243,.T.);
#853=ORIENTED_EDGE('',*,*,#1245,.T.);
#854=ORIENTED_EDGE('',*,*,#905,.F.);
#855=ORIENTED_EDGE('',*,*,#1246,.F.);
#856=ORIENTED_EDGE('',*,*,#1140,.F.);
#857=ORIENTED_EDGE('',*,*,#1251,.T.);
#858=ORIENTED_EDGE('',*,*,#1251,.F.);
#859=ORIENTED_EDGE('',*,*,#897,.F.);
#860=ORIENTED_EDGE('',*,*,#1252,.T.);
#861=ORIENTED_EDGE('',*,*,#911,.F.);
#862=ORIENTED_EDGE('',*,*,#1253,.T.);
#863=ORIENTED_EDGE('',*,*,#895,.F.);
#864=ORIENTED_EDGE('',*,*,#1254,.T.);
#865=ORIENTED_EDGE('',*,*,#913,.F.);
#866=ORIENTED_EDGE('',*,*,#1255,.T.);
#867=ORIENTED_EDGE('',*,*,#901,.F.);
#868=ORIENTED_EDGE('',*,*,#1256,.T.);
#869=ORIENTED_EDGE('',*,*,#907,.F.);
#870=ORIENTED_EDGE('',*,*,#1257,.T.);
#871=ORIENTED_EDGE('',*,*,#909,.F.);
#872=ORIENTED_EDGE('',*,*,#1258,.T.);
#873=ORIENTED_EDGE('',*,*,#899,.F.);
#874=ORIENTED_EDGE('',*,*,#1259,.T.);
#875=ORIENTED_EDGE('',*,*,#908,.F.);
#876=ORIENTED_EDGE('',*,*,#1256,.F.);
#877=ORIENTED_EDGE('',*,*,#900,.F.);
#878=ORIENTED_EDGE('',*,*,#1258,.F.);
#879=ORIENTED_EDGE('',*,*,#914,.F.);
#880=ORIENTED_EDGE('',*,*,#1254,.F.);
#881=ORIENTED_EDGE('',*,*,#902,.F.);
#882=ORIENTED_EDGE('',*,*,#1257,.F.);
#883=ORIENTED_EDGE('',*,*,#912,.F.);
#884=ORIENTED_EDGE('',*,*,#1252,.F.);
#885=ORIENTED_EDGE('',*,*,#896,.F.);
#886=ORIENTED_EDGE('',*,*,#1255,.F.);
#887=ORIENTED_EDGE('',*,*,#910,.F.);
#888=ORIENTED_EDGE('',*,*,#1259,.F.);
#889=ORIENTED_EDGE('',*,*,#898,.F.);
#890=ORIENTED_EDGE('',*,*,#1253,.F.);
#891=EDGE_CURVE('',#1260,#1261,#1508,.T.);
#892=EDGE_CURVE('',#1261,#1262,#1509,.F.);
#893=EDGE_CURVE('',#1263,#1262,#1510,.T.);
#894=EDGE_CURVE('',#1263,#1260,#1511,.T.);
#895=EDGE_CURVE('',#1264,#1265,#1512,.T.);
#896=EDGE_CURVE('',#1265,#1266,#83,.T.);
#897=EDGE_CURVE('',#1266,#1267,#1513,.T.);
#898=EDGE_CURVE('',#1267,#1268,#84,.T.);
#899=EDGE_CURVE('',#1268,#1269,#1514,.T.);
#900=EDGE_CURVE('',#1269,#1270,#85,.T.);
#901=EDGE_CURVE('',#1270,#1271,#1515,.T.);
#902=EDGE_CURVE('',#1271,#1264,#86,.T.);
#903=EDGE_CURVE('',#1272,#1273,#1516,.T.);
#904=EDGE_CURVE('',#1274,#1272,#1517,.T.);
#905=EDGE_CURVE('',#1274,#1275,#1518,.T.);
#906=EDGE_CURVE('',#1275,#1273,#1519,.T.);
#907=EDGE_CURVE('',#1276,#1277,#1520,.T.);
#908=EDGE_CURVE('',#1277,#1278,#87,.F.);
#909=EDGE_CURVE('',#1278,#1279,#1521,.T.);
#910=EDGE_CURVE('',#1279,#1280,#88,.F.);
#911=EDGE_CURVE('',#1280,#1281,#1522,.T.);
#912=EDGE_CURVE('',#1281,#1282,#89,.F.);
#913=EDGE_CURVE('',#1282,#1283,#1523,.T.);
#914=EDGE_CURVE('',#1283,#1276,#90,.F.);
#915=EDGE_CURVE('',#1284,#1284,#91,.T.);
#916=EDGE_CURVE('',#1285,#1286,#1524,.T.);
#917=EDGE_CURVE('',#1285,#1287,#1525,.T.);
#918=EDGE_CURVE('',#1287,#1288,#1526,.T.);
#919=EDGE_CURVE('',#1289,#1288,#1527,.T.);
#920=EDGE_CURVE('',#1286,#1289,#1528,.T.);
#921=EDGE_CURVE('',#1285,#1290,#1529,.T.);
#922=EDGE_CURVE('',#1286,#1291,#1530,.T.);
#923=EDGE_CURVE('',#1290,#1291,#1531,.T.);
#924=EDGE_CURVE('',#1292,#1292,#92,.T.);
#925=EDGE_CURVE('',#1290,#1293,#1532,.T.);
#926=EDGE_CURVE('',#1291,#1294,#1533,.T.);
#927=EDGE_CURVE('',#1294,#1295,#1534,.T.);
#928=EDGE_CURVE('',#1293,#1295,#1535,.T.);
#929=EDGE_CURVE('',#1296,#1297,#1536,.T.);
#930=EDGE_CURVE('',#1296,#1298,#1537,.F.);
#931=EDGE_CURVE('',#1298,#1299,#1538,.T.);
#932=EDGE_CURVE('',#1299,#1297,#1539,.T.);
#933=EDGE_CURVE('',#1300,#1301,#1540,.T.);
#934=EDGE_CURVE('',#1301,#1302,#1541,.F.);
#935=EDGE_CURVE('',#1303,#1302,#1542,.T.);
#936=EDGE_CURVE('',#1303,#1300,#1543,.T.);
#937=EDGE_CURVE('',#1304,#1304,#93,.T.);
#938=EDGE_CURVE('',#1305,#1306,#1544,.T.);
#939=EDGE_CURVE('',#1305,#1307,#1545,.T.);
#940=EDGE_CURVE('',#1307,#1308,#1546,.T.);
#941=EDGE_CURVE('',#1308,#1306,#1547,.F.);
#942=EDGE_CURVE('',#1309,#1310,#1548,.T.);
#943=EDGE_CURVE('',#1309,#1311,#1549,.F.);
#944=EDGE_CURVE('',#1311,#1312,#1550,.T.);
#945=EDGE_CURVE('',#1312,#1310,#1551,.T.);
#946=EDGE_CURVE('',#1302,#1305,#94,.F.);
#947=EDGE_CURVE('',#1306,#1312,#95,.F.);
#948=EDGE_CURVE('',#1311,#1299,#96,.F.);
#949=EDGE_CURVE('',#1298,#1303,#97,.F.);
#950=EDGE_CURVE('',#1287,#1293,#1552,.T.);
#951=EDGE_CURVE('',#1288,#1295,#1553,.T.);
#952=EDGE_CURVE('',#1313,#1313,#98,.T.);
#953=EDGE_CURVE('',#1314,#1315,#1554,.T.);
#954=EDGE_CURVE('',#1316,#1314,#1555,.T.);
#955=EDGE_CURVE('',#1316,#1317,#1556,.T.);
#956=EDGE_CURVE('',#1317,#1315,#1557,.T.);
#957=EDGE_CURVE('',#1289,#1294,#1558,.T.);
#958=EDGE_CURVE('',#1318,#1319,#1559,.T.);
#959=EDGE_CURVE('',#1320,#1319,#1560,.T.);
#960=EDGE_CURVE('',#1321,#1320,#1561,.T.);
#961=EDGE_CURVE('',#1321,#1318,#1562,.T.);
#962=EDGE_CURVE('',#1319,#1322,#1563,.T.);
#963=EDGE_CURVE('',#1323,#1322,#1564,.T.);
#964=EDGE_CURVE('',#1320,#1323,#1565,.T.);
#965=EDGE_CURVE('',#1322,#1324,#1566,.F.);
#966=EDGE_CURVE('',#1325,#1324,#1567,.T.);
#967=EDGE_CURVE('',#1323,#1325,#1568,.F.);
#968=EDGE_CURVE('',#1324,#1318,#1569,.F.);
#969=EDGE_CURVE('',#1325,#1321,#1570,.F.);
#970=EDGE_CURVE('',#1326,#1327,#1571,.T.);
#971=EDGE_CURVE('',#1326,#1328,#99,.T.);
#972=EDGE_CURVE('',#1328,#1329,#1572,.T.);
#973=EDGE_CURVE('',#1329,#1330,#100,.T.);
#974=EDGE_CURVE('',#1330,#1331,#1573,.T.);
#975=EDGE_CURVE('',#1331,#1332,#101,.T.);
#976=EDGE_CURVE('',#1333,#1332,#1574,.T.);
#977=EDGE_CURVE('',#1333,#1327,#102,.T.);
#978=EDGE_CURVE('',#1334,#1335,#1575,.T.);
#979=EDGE_CURVE('',#1335,#1336,#103,.T.);
#980=EDGE_CURVE('',#1336,#1337,#1576,.T.);
#981=EDGE_CURVE('',#1337,#1338,#104,.T.);
#982=EDGE_CURVE('',#1338,#1339,#1577,.T.);
#983=EDGE_CURVE('',#1339,#1340,#105,.T.);
#984=EDGE_CURVE('',#1340,#1341,#1578,.T.);
#985=EDGE_CURVE('',#1341,#1334,#106,.T.);
#986=EDGE_CURVE('',#1342,#1343,#1579,.T.);
#987=EDGE_CURVE('',#1344,#1342,#22,.T.);
#988=EDGE_CURVE('',#1344,#1345,#23,.T.);
#989=EDGE_CURVE('',#1345,#1346,#1580,.T.);
#990=EDGE_CURVE('',#1346,#1347,#1581,.T.);
#991=EDGE_CURVE('',#1347,#1348,#1582,.T.);
#992=EDGE_CURVE('',#1348,#1349,#1583,.T.);
#993=EDGE_CURVE('',#1350,#1349,#1584,.T.);
#994=EDGE_CURVE('',#1350,#1351,#1585,.T.);
#995=EDGE_CURVE('',#1352,#1351,#1586,.T.);
#996=EDGE_CURVE('',#1353,#1352,#1587,.T.);
#997=EDGE_CURVE('',#1354,#1353,#1588,.T.);
#998=EDGE_CURVE('',#1354,#1355,#1589,.T.);
#999=EDGE_CURVE('',#1356,#1355,#24,.T.);
#1000=EDGE_CURVE('',#1356,#1357,#1590,.T.);
#1001=EDGE_CURVE('',#1357,#1358,#1591,.T.);
#1002=EDGE_CURVE('',#1358,#1359,#1592,.T.);
#1003=EDGE_CURVE('',#1360,#1359,#25,.T.);
#1004=EDGE_CURVE('',#1360,#1361,#26,.T.);
#1005=EDGE_CURVE('',#1361,#1362,#1593,.T.);
#1006=EDGE_CURVE('',#1362,#1363,#1594,.T.);
#1007=EDGE_CURVE('',#1363,#1364,#1595,.T.);
#1008=EDGE_CURVE('',#1364,#1365,#27,.T.);
#1009=EDGE_CURVE('',#1365,#1366,#1596,.T.);
#1010=EDGE_CURVE('',#1366,#1367,#1597,.T.);
#1011=EDGE_CURVE('',#1367,#1368,#1598,.T.);
#1012=EDGE_CURVE('',#1368,#1369,#1599,.T.);
#1013=EDGE_CURVE('',#1369,#1370,#1600,.T.);
#1014=EDGE_CURVE('',#1371,#1370,#1601,.T.);
#1015=EDGE_CURVE('',#1372,#1371,#1602,.T.);
#1016=EDGE_CURVE('',#1373,#1372,#1603,.T.);
#1017=EDGE_CURVE('',#1343,#1373,#1604,.T.);
#1018=EDGE_CURVE('',#1374,#1375,#1605,.T.);
#1019=EDGE_CURVE('',#1374,#1376,#107,.T.);
#1020=EDGE_CURVE('',#1377,#1376,#1606,.T.);
#1021=EDGE_CURVE('',#1377,#1378,#108,.T.);
#1022=EDGE_CURVE('',#1379,#1378,#1607,.T.);
#1023=EDGE_CURVE('',#1379,#1380,#109,.T.);
#1024=EDGE_CURVE('',#1381,#1380,#1608,.T.);
#1025=EDGE_CURVE('',#1381,#1375,#110,.T.);
#1026=EDGE_CURVE('',#1300,#1296,#111,.T.);
#1027=EDGE_CURVE('',#1297,#1309,#112,.T.);
#1028=EDGE_CURVE('',#1310,#1308,#113,.T.);
#1029=EDGE_CURVE('',#1307,#1301,#114,.T.);
#1030=EDGE_CURVE('',#1382,#1383,#1609,.T.);
#1031=EDGE_CURVE('',#1382,#1384,#115,.T.);
#1032=EDGE_CURVE('',#1384,#1385,#1610,.T.);
#1033=EDGE_CURVE('',#1385,#1386,#116,.T.);
#1034=EDGE_CURVE('',#1386,#1387,#1611,.T.);
#1035=EDGE_CURVE('',#1387,#1388,#117,.T.);
#1036=EDGE_CURVE('',#1389,#1388,#1612,.T.);
#1037=EDGE_CURVE('',#1389,#1383,#118,.T.);
#1038=EDGE_CURVE('',#1390,#1391,#1613,.T.);
#1039=EDGE_CURVE('',#1390,#1392,#119,.T.);
#1040=EDGE_CURVE('',#1392,#1393,#1614,.T.);
#1041=EDGE_CURVE('',#1393,#1394,#120,.T.);
#1042=EDGE_CURVE('',#1394,#1395,#1615,.T.);
#1043=EDGE_CURVE('',#1395,#1396,#121,.T.);
#1044=EDGE_CURVE('',#1397,#1396,#1616,.T.);
#1045=EDGE_CURVE('',#1397,#1391,#122,.T.);
#1046=EDGE_CURVE('',#1398,#1317,#1617,.T.);
#1047=EDGE_CURVE('',#1399,#1316,#1618,.T.);
#1048=EDGE_CURVE('',#1399,#1398,#1619,.T.);
#1049=EDGE_CURVE('',#1400,#1400,#123,.T.);
#1050=EDGE_CURVE('',#1401,#1402,#1620,.T.);
#1051=EDGE_CURVE('',#1401,#1403,#124,.F.);
#1052=EDGE_CURVE('',#1403,#1404,#1621,.T.);
#1053=EDGE_CURVE('',#1404,#1405,#125,.F.);
#1054=EDGE_CURVE('',#1405,#1406,#1622,.T.);
#1055=EDGE_CURVE('',#1406,#1407,#126,.F.);
#1056=EDGE_CURVE('',#1408,#1407,#1623,.T.);
#1057=EDGE_CURVE('',#1408,#1402,#127,.F.);
#1058=EDGE_CURVE('',#1409,#1409,#128,.F.);
#1059=EDGE_CURVE('',#1403,#1326,#1624,.T.);
#1060=EDGE_CURVE('',#1327,#1404,#1625,.F.);
#1061=EDGE_CURVE('',#1332,#1406,#1626,.F.);
#1062=EDGE_CURVE('',#1405,#1333,#1627,.T.);
#1063=EDGE_CURVE('',#1410,#1410,#129,.F.);
#1064=EDGE_CURVE('',#1330,#1408,#1628,.F.);
#1065=EDGE_CURVE('',#1407,#1331,#1629,.T.);
#1066=EDGE_CURVE('',#1328,#1401,#1630,.F.);
#1067=EDGE_CURVE('',#1402,#1329,#1631,.T.);
#1068=EDGE_CURVE('',#1411,#1411,#130,.F.);
#1069=EDGE_CURVE('',#1412,#1413,#1632,.T.);
#1070=EDGE_CURVE('',#1413,#1414,#1633,.T.);
#1071=EDGE_CURVE('',#1415,#1414,#1634,.T.);
#1072=EDGE_CURVE('',#1412,#1415,#1635,.T.);
#1073=EDGE_CURVE('',#1412,#1399,#1636,.T.);
#1074=EDGE_CURVE('',#1415,#1398,#1637,.T.);
#1075=EDGE_CURVE('',#1413,#1314,#1638,.T.);
#1076=EDGE_CURVE('',#1414,#1315,#1639,.T.);
#1077=EDGE_CURVE('',#1416,#1417,#1640,.T.);
#1078=EDGE_CURVE('',#1416,#1418,#131,.F.);
#1079=EDGE_CURVE('',#1418,#1419,#1641,.T.);
#1080=EDGE_CURVE('',#1419,#1420,#132,.F.);
#1081=EDGE_CURVE('',#1420,#1421,#1642,.T.);
#1082=EDGE_CURVE('',#1421,#1422,#133,.F.);
#1083=EDGE_CURVE('',#1423,#1422,#1643,.T.);
#1084=EDGE_CURVE('',#1423,#1417,#134,.F.);
#1085=EDGE_CURVE('',#1418,#1390,#1644,.T.);
#1086=EDGE_CURVE('',#1391,#1419,#1645,.F.);
#1087=EDGE_CURVE('',#1396,#1421,#1646,.F.);
#1088=EDGE_CURVE('',#1420,#1397,#1647,.T.);
#1089=EDGE_CURVE('',#1394,#1423,#1648,.F.);
#1090=EDGE_CURVE('',#1422,#1395,#1649,.T.);
#1091=EDGE_CURVE('',#1392,#1416,#1650,.F.);
#1092=EDGE_CURVE('',#1417,#1393,#1651,.T.);
#1093=EDGE_CURVE('',#1424,#1425,#1652,.T.);
#1094=EDGE_CURVE('',#1424,#1426,#135,.F.);
#1095=EDGE_CURVE('',#1426,#1427,#1653,.T.);
#1096=EDGE_CURVE('',#1427,#1428,#136,.F.);
#1097=EDGE_CURVE('',#1428,#1429,#1654,.T.);
#1098=EDGE_CURVE('',#1429,#1430,#137,.F.);
#1099=EDGE_CURVE('',#1431,#1430,#1655,.T.);
#1100=EDGE_CURVE('',#1431,#1425,#138,.F.);
#1101=EDGE_CURVE('',#1428,#1389,#1656,.T.);
#1102=EDGE_CURVE('',#1388,#1429,#1657,.F.);
#1103=EDGE_CURVE('',#1430,#1387,#1658,.T.);
#1104=EDGE_CURVE('',#1386,#1431,#1659,.F.);
#1105=EDGE_CURVE('',#1384,#1424,#1660,.F.);
#1106=EDGE_CURVE('',#1425,#1385,#1661,.T.);
#1107=EDGE_CURVE('',#1426,#1382,#1662,.T.);
#1108=EDGE_CURVE('',#1383,#1427,#1663,.F.);
#1109=EDGE_CURVE('',#1432,#1433,#1664,.T.);
#1110=EDGE_CURVE('',#1433,#1434,#139,.F.);
#1111=EDGE_CURVE('',#1434,#1435,#1665,.T.);
#1112=EDGE_CURVE('',#1435,#1436,#140,.F.);
#1113=EDGE_CURVE('',#1436,#1437,#1666,.T.);
#1114=EDGE_CURVE('',#1437,#1438,#141,.F.);
#1115=EDGE_CURVE('',#1438,#1439,#1667,.T.);
#1116=EDGE_CURVE('',#1439,#1432,#142,.F.);
#1117=EDGE_CURVE('',#1436,#1381,#1668,.T.);
#1118=EDGE_CURVE('',#1380,#1437,#1669,.F.);
#1119=EDGE_CURVE('',#1378,#1439,#1670,.F.);
#1120=EDGE_CURVE('',#1438,#1379,#1671,.T.);
#1121=EDGE_CURVE('',#1376,#1433,#1672,.F.);
#1122=EDGE_CURVE('',#1432,#1377,#1673,.T.);
#1123=EDGE_CURVE('',#1434,#1374,#1674,.T.);
#1124=EDGE_CURVE('',#1375,#1435,#1675,.F.);
#1125=EDGE_CURVE('',#1440,#1441,#1676,.F.);
#1126=EDGE_CURVE('',#1441,#1442,#1677,.T.);
#1127=EDGE_CURVE('',#1442,#1443,#1678,.T.);
#1128=EDGE_CURVE('',#1440,#1443,#1679,.T.);
#1129=EDGE_CURVE('',#1444,#1445,#1680,.T.);
#1130=EDGE_CURVE('',#1444,#1446,#1681,.F.);
#1131=EDGE_CURVE('',#1446,#1447,#1682,.T.);
#1132=EDGE_CURVE('',#1447,#1445,#1683,.T.);
#1133=EDGE_CURVE('',#1448,#1449,#1684,.T.);
#1134=EDGE_CURVE('',#1450,#1448,#1685,.T.);
#1135=EDGE_CURVE('',#1450,#1451,#1686,.T.);
#1136=EDGE_CURVE('',#1451,#1449,#1687,.T.);
#1137=EDGE_CURVE('',#1448,#1452,#1688,.T.);
#1138=EDGE_CURVE('',#1453,#1452,#1689,.T.);
#1139=EDGE_CURVE('',#1450,#1453,#1690,.T.);
#1140=EDGE_CURVE('',#1454,#1454,#143,.F.);
#1141=EDGE_CURVE('',#1455,#1456,#1691,.T.);
#1142=EDGE_CURVE('',#1455,#1272,#1692,.T.);
#1143=EDGE_CURVE('',#1456,#1273,#1693,.T.);
#1144=EDGE_CURVE('',#1457,#1453,#1694,.T.);
#1145=EDGE_CURVE('',#1458,#1457,#1695,.T.);
#1146=EDGE_CURVE('',#1459,#1458,#1696,.T.);
#1147=EDGE_CURVE('',#1460,#1459,#1697,.T.);
#1148=EDGE_CURVE('',#1461,#1460,#1698,.T.);
#1149=EDGE_CURVE('',#1462,#1461,#28,.T.);
#1150=EDGE_CURVE('',#1463,#1462,#1699,.T.);
#1151=EDGE_CURVE('',#1464,#1463,#1700,.T.);
#1152=EDGE_CURVE('',#1465,#1464,#1701,.T.);
#1153=EDGE_CURVE('',#1466,#1465,#29,.T.);
#1154=EDGE_CURVE('',#1466,#1467,#30,.T.);
#1155=EDGE_CURVE('',#1468,#1467,#1702,.T.);
#1156=EDGE_CURVE('',#1469,#1468,#1703,.T.);
#1157=EDGE_CURVE('',#1470,#1469,#1704,.T.);
#1158=EDGE_CURVE('',#1470,#1471,#31,.T.);
#1159=EDGE_CURVE('',#1472,#1471,#1705,.T.);
#1160=EDGE_CURVE('',#1472,#1473,#1706,.T.);
#1161=EDGE_CURVE('',#1473,#1474,#1707,.T.);
#1162=EDGE_CURVE('',#1474,#1475,#1708,.T.);
#1163=EDGE_CURVE('',#1451,#1475,#1709,.T.);
#1164=EDGE_CURVE('',#1449,#1476,#1710,.T.);
#1165=EDGE_CURVE('',#1477,#1476,#1711,.T.);
#1166=EDGE_CURVE('',#1478,#1477,#1712,.T.);
#1167=EDGE_CURVE('',#1479,#1478,#1713,.T.);
#1168=EDGE_CURVE('',#1480,#1479,#1714,.T.);
#1169=EDGE_CURVE('',#1481,#1480,#1715,.T.);
#1170=EDGE_CURVE('',#1482,#1481,#32,.T.);
#1171=EDGE_CURVE('',#1482,#1483,#33,.T.);
#1172=EDGE_CURVE('',#1483,#1484,#1716,.T.);
#1173=EDGE_CURVE('',#1484,#1485,#1717,.T.);
#1174=EDGE_CURVE('',#1485,#1486,#1718,.T.);
#1175=EDGE_CURVE('',#1486,#1487,#1719,.T.);
#1176=EDGE_CURVE('',#1488,#1487,#1720,.T.);
#1177=EDGE_CURVE('',#1488,#1452,#1721,.T.);
#1178=EDGE_CURVE('',#1484,#1343,#1722,.T.);
#1179=EDGE_CURVE('',#1485,#1373,#1723,.T.);
#1180=EDGE_CURVE('',#1486,#1372,#1724,.T.);
#1181=EDGE_CURVE('',#1487,#1371,#1725,.T.);
#1182=EDGE_CURVE('',#1488,#1370,#1726,.T.);
#1183=EDGE_CURVE('',#1457,#1369,#1727,.T.);
#1184=EDGE_CURVE('',#1458,#1368,#1728,.T.);
#1185=EDGE_CURVE('',#1459,#1367,#1729,.T.);
#1186=EDGE_CURVE('',#1460,#1366,#1730,.T.);
#1187=EDGE_CURVE('',#1461,#1365,#1731,.T.);
#1188=EDGE_CURVE('',#1462,#1364,#1732,.T.);
#1189=EDGE_CURVE('',#1463,#1363,#1733,.T.);
#1190=EDGE_CURVE('',#1464,#1362,#1734,.T.);
#1191=EDGE_CURVE('',#1465,#1361,#1735,.T.);
#1192=EDGE_CURVE('',#1466,#1360,#1736,.T.);
#1193=EDGE_CURVE('',#1467,#1359,#1737,.T.);
#1194=EDGE_CURVE('',#1468,#1358,#1738,.T.);
#1195=EDGE_CURVE('',#1469,#1357,#1739,.T.);
#1196=EDGE_CURVE('',#1470,#1356,#1740,.T.);
#1197=EDGE_CURVE('',#1471,#1355,#1741,.T.);
#1198=EDGE_CURVE('',#1472,#1354,#1742,.T.);
#1199=EDGE_CURVE('',#1473,#1353,#1743,.T.);
#1200=EDGE_CURVE('',#1474,#1352,#1744,.T.);
#1201=EDGE_CURVE('',#1475,#1351,#1745,.T.);
#1202=EDGE_CURVE('',#1476,#1350,#1746,.T.);
#1203=EDGE_CURVE('',#1477,#1349,#1747,.T.);
#1204=EDGE_CURVE('',#1478,#1348,#1748,.T.);
#1205=EDGE_CURVE('',#1479,#1347,#1749,.T.);
#1206=EDGE_CURVE('',#1480,#1346,#1750,.T.);
#1207=EDGE_CURVE('',#1481,#1345,#1751,.T.);
#1208=EDGE_CURVE('',#1482,#1344,#1752,.T.);
#1209=EDGE_CURVE('',#1483,#1342,#1753,.T.);
#1210=EDGE_CURVE('',#1489,#1490,#1754,.T.);
#1211=EDGE_CURVE('',#1490,#1491,#1755,.F.);
#1212=EDGE_CURVE('',#1492,#1491,#1756,.T.);
#1213=EDGE_CURVE('',#1492,#1489,#1757,.T.);
#1214=EDGE_CURVE('',#1493,#1324,#12,.F.);
#1215=EDGE_CURVE('',#1493,#1490,#34,.T.);
#1216=EDGE_CURVE('',#1489,#1494,#35,.T.);
#1217=EDGE_CURVE('',#1318,#1494,#13,.F.);
#1218=EDGE_CURVE('',#1322,#1495,#14,.T.);
#1219=EDGE_CURVE('',#1495,#1261,#36,.T.);
#1220=EDGE_CURVE('',#1260,#1493,#37,.T.);
#1221=EDGE_CURVE('',#1496,#1319,#15,.T.);
#1222=EDGE_CURVE('',#1496,#1444,#38,.T.);
#1223=EDGE_CURVE('',#1445,#1495,#39,.T.);
#1224=EDGE_CURVE('',#1443,#1496,#40,.T.);
#1225=EDGE_CURVE('',#1494,#1440,#41,.T.);
#1226=EDGE_CURVE('',#1497,#1498,#1758,.T.);
#1227=EDGE_CURVE('',#1497,#1499,#144,.F.);
#1228=EDGE_CURVE('',#1500,#1499,#1759,.T.);
#1229=EDGE_CURVE('',#1500,#1501,#145,.F.);
#1230=EDGE_CURVE('',#1502,#1501,#1760,.T.);
#1231=EDGE_CURVE('',#1502,#1503,#146,.F.);
#1232=EDGE_CURVE('',#1504,#1503,#1761,.T.);
#1233=EDGE_CURVE('',#1504,#1498,#147,.F.);
#1234=EDGE_CURVE('',#1334,#1497,#1762,.F.);
#1235=EDGE_CURVE('',#1498,#1335,#1763,.T.);
#1236=EDGE_CURVE('',#1499,#1341,#1764,.T.);
#1237=EDGE_CURVE('',#1340,#1500,#1765,.F.);
#1238=EDGE_CURVE('',#1338,#1502,#1766,.F.);
#1239=EDGE_CURVE('',#1501,#1339,#1767,.T.);
#1240=EDGE_CURVE('',#1503,#1337,#1768,.T.);
#1241=EDGE_CURVE('',#1336,#1504,#1769,.F.);
#1242=EDGE_CURVE('',#1505,#1456,#1770,.T.);
#1243=EDGE_CURVE('',#1506,#1505,#1771,.T.);
#1244=EDGE_CURVE('',#1506,#1455,#1772,.T.);
#1245=EDGE_CURVE('',#1505,#1275,#1773,.T.);
#1246=EDGE_CURVE('',#1506,#1274,#1774,.T.);
#1247=EDGE_CURVE('',#1446,#1442,#148,.T.);
#1248=EDGE_CURVE('',#1262,#1447,#149,.T.);
#1249=EDGE_CURVE('',#1491,#1263,#150,.T.);
#1250=EDGE_CURVE('',#1441,#1492,#151,.T.);
#1251=EDGE_CURVE('',#1507,#1507,#152,.T.);
#1252=EDGE_CURVE('',#1266,#1281,#1775,.F.);
#1253=EDGE_CURVE('',#1280,#1267,#1776,.T.);
#1254=EDGE_CURVE('',#1264,#1283,#1777,.F.);
#1255=EDGE_CURVE('',#1282,#1265,#1778,.T.);
#1256=EDGE_CURVE('',#1270,#1277,#1779,.F.);
#1257=EDGE_CURVE('',#1276,#1271,#1780,.T.);
#1258=EDGE_CURVE('',#1278,#1269,#1781,.T.);
#1259=EDGE_CURVE('',#1268,#1279,#1782,.F.);
#1260=VERTEX_POINT('',#3538);
#1261=VERTEX_POINT('',#3539);
#1262=VERTEX_POINT('',#3541);
#1263=VERTEX_POINT('',#3543);
#1264=VERTEX_POINT('',#3546);
#1265=VERTEX_POINT('',#3547);
#1266=VERTEX_POINT('',#3549);
#1267=VERTEX_POINT('',#3551);
#1268=VERTEX_POINT('',#3553);
#1269=VERTEX_POINT('',#3555);
#1270=VERTEX_POINT('',#3557);
#1271=VERTEX_POINT('',#3559);
#1272=VERTEX_POINT('',#3563);
#1273=VERTEX_POINT('',#3564);
#1274=VERTEX_POINT('',#3566);
#1275=VERTEX_POINT('',#3568);
#1276=VERTEX_POINT('',#3571);
#1277=VERTEX_POINT('',#3572);
#1278=VERTEX_POINT('',#3574);
#1279=VERTEX_POINT('',#3576);
#1280=VERTEX_POINT('',#3578);
#1281=VERTEX_POINT('',#3580);
#1282=VERTEX_POINT('',#3582);
#1283=VERTEX_POINT('',#3584);
#1284=VERTEX_POINT('',#3588);
#1285=VERTEX_POINT('',#3590);
#1286=VERTEX_POINT('',#3591);
#1287=VERTEX_POINT('',#3593);
#1288=VERTEX_POINT('',#3595);
#1289=VERTEX_POINT('',#3597);
#1290=VERTEX_POINT('',#3601);
#1291=VERTEX_POINT('',#3603);
#1292=VERTEX_POINT('',#3607);
#1293=VERTEX_POINT('',#3609);
#1294=VERTEX_POINT('',#3611);
#1295=VERTEX_POINT('',#3613);
#1296=VERTEX_POINT('',#3617);
#1297=VERTEX_POINT('',#3618);
#1298=VERTEX_POINT('',#3620);
#1299=VERTEX_POINT('',#3622);
#1300=VERTEX_POINT('',#3626);
#1301=VERTEX_POINT('',#3627);
#1302=VERTEX_POINT('',#3629);
#1303=VERTEX_POINT('',#3631);
#1304=VERTEX_POINT('',#3635);
#1305=VERTEX_POINT('',#3637);
#1306=VERTEX_POINT('',#3638);
#1307=VERTEX_POINT('',#3640);
#1308=VERTEX_POINT('',#3642);
#1309=VERTEX_POINT('',#3646);
#1310=VERTEX_POINT('',#3647);
#1311=VERTEX_POINT('',#3649);
#1312=VERTEX_POINT('',#3651);
#1313=VERTEX_POINT('',#3665);
#1314=VERTEX_POINT('',#3669);
#1315=VERTEX_POINT('',#3670);
#1316=VERTEX_POINT('',#3672);
#1317=VERTEX_POINT('',#3674);
#1318=VERTEX_POINT('',#3680);
#1319=VERTEX_POINT('',#3681);
#1320=VERTEX_POINT('',#3683);
#1321=VERTEX_POINT('',#3685);
#1322=VERTEX_POINT('',#3689);
#1323=VERTEX_POINT('',#3691);
#1324=VERTEX_POINT('',#3695);
#1325=VERTEX_POINT('',#3697);
#1326=VERTEX_POINT('',#3704);
#1327=VERTEX_POINT('',#3705);
#1328=VERTEX_POINT('',#3707);
#1329=VERTEX_POINT('',#3709);
#1330=VERTEX_POINT('',#3711);
#1331=VERTEX_POINT('',#3713);
#1332=VERTEX_POINT('',#3715);
#1333=VERTEX_POINT('',#3717);
#1334=VERTEX_POINT('',#3720);
#1335=VERTEX_POINT('',#3721);
#1336=VERTEX_POINT('',#3723);
#1337=VERTEX_POINT('',#3725);
#1338=VERTEX_POINT('',#3727);
#1339=VERTEX_POINT('',#3729);
#1340=VERTEX_POINT('',#3731);
#1341=VERTEX_POINT('',#3733);
#1342=VERTEX_POINT('',#3736);
#1343=VERTEX_POINT('',#3737);
#1344=VERTEX_POINT('',#3750);
#1345=VERTEX_POINT('',#3763);
#1346=VERTEX_POINT('',#3765);
#1347=VERTEX_POINT('',#3767);
#1348=VERTEX_POINT('',#3769);
#1349=VERTEX_POINT('',#3771);
#1350=VERTEX_POINT('',#3773);
#1351=VERTEX_POINT('',#3775);
#1352=VERTEX_POINT('',#3777);
#1353=VERTEX_POINT('',#3779);
#1354=VERTEX_POINT('',#3781);
#1355=VERTEX_POINT('',#3783);
#1356=VERTEX_POINT('',#3792);
#1357=VERTEX_POINT('',#3794);
#1358=VERTEX_POINT('',#3796);
#1359=VERTEX_POINT('',#3798);
#1360=VERTEX_POINT('',#3806);
#1361=VERTEX_POINT('',#3814);
#1362=VERTEX_POINT('',#3816);
#1363=VERTEX_POINT('',#3818);
#1364=VERTEX_POINT('',#3820);
#1365=VERTEX_POINT('',#3829);
#1366=VERTEX_POINT('',#3831);
#1367=VERTEX_POINT('',#3833);
#1368=VERTEX_POINT('',#3835);
#1369=VERTEX_POINT('',#3837);
#1370=VERTEX_POINT('',#3839);
#1371=VERTEX_POINT('',#3841);
#1372=VERTEX_POINT('',#3843);
#1373=VERTEX_POINT('',#3845);
#1374=VERTEX_POINT('',#3848);
#1375=VERTEX_POINT('',#3849);
#1376=VERTEX_POINT('',#3851);
#1377=VERTEX_POINT('',#3853);
#1378=VERTEX_POINT('',#3855);
#1379=VERTEX_POINT('',#3857);
#1380=VERTEX_POINT('',#3859);
#1381=VERTEX_POINT('',#3861);
#1382=VERTEX_POINT('',#3868);
#1383=VERTEX_POINT('',#3869);
#1384=VERTEX_POINT('',#3871);
#1385=VERTEX_POINT('',#3873);
#1386=VERTEX_POINT('',#3875);
#1387=VERTEX_POINT('',#3877);
#1388=VERTEX_POINT('',#3879);
#1389=VERTEX_POINT('',#3881);
#1390=VERTEX_POINT('',#3884);
#1391=VERTEX_POINT('',#3885);
#1392=VERTEX_POINT('',#3887);
#1393=VERTEX_POINT('',#3889);
#1394=VERTEX_POINT('',#3891);
#1395=VERTEX_POINT('',#3893);
#1396=VERTEX_POINT('',#3895);
#1397=VERTEX_POINT('',#3897);
#1398=VERTEX_POINT('',#3900);
#1399=VERTEX_POINT('',#3902);
#1400=VERTEX_POINT('',#3906);
#1401=VERTEX_POINT('',#3909);
#1402=VERTEX_POINT('',#3910);
#1403=VERTEX_POINT('',#3912);
#1404=VERTEX_POINT('',#3914);
#1405=VERTEX_POINT('',#3916);
#1406=VERTEX_POINT('',#3918);
#1407=VERTEX_POINT('',#3920);
#1408=VERTEX_POINT('',#3922);
#1409=VERTEX_POINT('',#3926);
#1410=VERTEX_POINT('',#3935);
#1411=VERTEX_POINT('',#3943);
#1412=VERTEX_POINT('',#3946);
#1413=VERTEX_POINT('',#3947);
#1414=VERTEX_POINT('',#3949);
#1415=VERTEX_POINT('',#3951);
#1416=VERTEX_POINT('',#3963);
#1417=VERTEX_POINT('',#3964);
#1418=VERTEX_POINT('',#3966);
#1419=VERTEX_POINT('',#3968);
#1420=VERTEX_POINT('',#3970);
#1421=VERTEX_POINT('',#3972);
#1422=VERTEX_POINT('',#3974);
#1423=VERTEX_POINT('',#3976);
#1424=VERTEX_POINT('',#3992);
#1425=VERTEX_POINT('',#3993);
#1426=VERTEX_POINT('',#3995);
#1427=VERTEX_POINT('',#3997);
#1428=VERTEX_POINT('',#3999);
#1429=VERTEX_POINT('',#4001);
#1430=VERTEX_POINT('',#4003);
#1431=VERTEX_POINT('',#4005);
#1432=VERTEX_POINT('',#4021);
#1433=VERTEX_POINT('',#4022);
#1434=VERTEX_POINT('',#4024);
#1435=VERTEX_POINT('',#4026);
#1436=VERTEX_POINT('',#4028);
#1437=VERTEX_POINT('',#4030);
#1438=VERTEX_POINT('',#4032);
#1439=VERTEX_POINT('',#4034);
#1440=VERTEX_POINT('',#4050);
#1441=VERTEX_POINT('',#4051);
#1442=VERTEX_POINT('',#4053);
#1443=VERTEX_POINT('',#4055);
#1444=VERTEX_POINT('',#4059);
#1445=VERTEX_POINT('',#4060);
#1446=VERTEX_POINT('',#4062);
#1447=VERTEX_POINT('',#4064);
#1448=VERTEX_POINT('',#4068);
#1449=VERTEX_POINT('',#4069);
#1450=VERTEX_POINT('',#4071);
#1451=VERTEX_POINT('',#4073);
#1452=VERTEX_POINT('',#4077);
#1453=VERTEX_POINT('',#4079);
#1454=VERTEX_POINT('',#4083);
#1455=VERTEX_POINT('',#4085);
#1456=VERTEX_POINT('',#4086);
#1457=VERTEX_POINT('',#4090);
#1458=VERTEX_POINT('',#4092);
#1459=VERTEX_POINT('',#4094);
#1460=VERTEX_POINT('',#4096);
#1461=VERTEX_POINT('',#4098);
#1462=VERTEX_POINT('',#4107);
#1463=VERTEX_POINT('',#4109);
#1464=VERTEX_POINT('',#4111);
#1465=VERTEX_POINT('',#4113);
#1466=VERTEX_POINT('',#4121);
#1467=VERTEX_POINT('',#4129);
#1468=VERTEX_POINT('',#4131);
#1469=VERTEX_POINT('',#4133);
#1470=VERTEX_POINT('',#4135);
#1471=VERTEX_POINT('',#4144);
#1472=VERTEX_POINT('',#4146);
#1473=VERTEX_POINT('',#4148);
#1474=VERTEX_POINT('',#4150);
#1475=VERTEX_POINT('',#4152);
#1476=VERTEX_POINT('',#4156);
#1477=VERTEX_POINT('',#4158);
#1478=VERTEX_POINT('',#4160);
#1479=VERTEX_POINT('',#4162);
#1480=VERTEX_POINT('',#4164);
#1481=VERTEX_POINT('',#4166);
#1482=VERTEX_POINT('',#4179);
#1483=VERTEX_POINT('',#4192);
#1484=VERTEX_POINT('',#4194);
#1485=VERTEX_POINT('',#4196);
#1486=VERTEX_POINT('',#4198);
#1487=VERTEX_POINT('',#4200);
#1488=VERTEX_POINT('',#4202);
#1489=VERTEX_POINT('',#4472);
#1490=VERTEX_POINT('',#4473);
#1491=VERTEX_POINT('',#4475);
#1492=VERTEX_POINT('',#4477);
#1493=VERTEX_POINT('',#4481);
#1494=VERTEX_POINT('',#4492);
#1495=VERTEX_POINT('',#4496);
#1496=VERTEX_POINT('',#4509);
#1497=VERTEX_POINT('',#4533);
#1498=VERTEX_POINT('',#4534);
#1499=VERTEX_POINT('',#4536);
#1500=VERTEX_POINT('',#4538);
#1501=VERTEX_POINT('',#4540);
#1502=VERTEX_POINT('',#4542);
#1503=VERTEX_POINT('',#4544);
#1504=VERTEX_POINT('',#4546);
#1505=VERTEX_POINT('',#4562);
#1506=VERTEX_POINT('',#4564);
#1507=VERTEX_POINT('',#4605);
#1508=LINE('',#3537,#1783);
#1509=LINE('',#3540,#1784);
#1510=LINE('',#3542,#1785);
#1511=LINE('',#3544,#1786);
#1512=LINE('',#3545,#1787);
#1513=LINE('',#3550,#1788);
#1514=LINE('',#3554,#1789);
#1515=LINE('',#3558,#1790);
#1516=LINE('',#3562,#1791);
#1517=LINE('',#3565,#1792);
#1518=LINE('',#3567,#1793);
#1519=LINE('',#3569,#1794);
#1520=LINE('',#3570,#1795);
#1521=LINE('',#3575,#1796);
#1522=LINE('',#3579,#1797);
#1523=LINE('',#3583,#1798);
#1524=LINE('',#3589,#1799);
#1525=LINE('',#3592,#1800);
#1526=LINE('',#3594,#1801);
#1527=LINE('',#3596,#1802);
#1528=LINE('',#3598,#1803);
#1529=LINE('',#3600,#1804);
#1530=LINE('',#3602,#1805);
#1531=LINE('',#3604,#1806);
#1532=LINE('',#3608,#1807);
#1533=LINE('',#3610,#1808);
#1534=LINE('',#3612,#1809);
#1535=LINE('',#3614,#1810);
#1536=LINE('',#3616,#1811);
#1537=LINE('',#3619,#1812);
#1538=LINE('',#3621,#1813);
#1539=LINE('',#3623,#1814);
#1540=LINE('',#3625,#1815);
#1541=LINE('',#3628,#1816);
#1542=LINE('',#3630,#1817);
#1543=LINE('',#3632,#1818);
#1544=LINE('',#3636,#1819);
#1545=LINE('',#3639,#1820);
#1546=LINE('',#3641,#1821);
#1547=LINE('',#3643,#1822);
#1548=LINE('',#3645,#1823);
#1549=LINE('',#3648,#1824);
#1550=LINE('',#3650,#1825);
#1551=LINE('',#3652,#1826);
#1552=LINE('',#3659,#1827);
#1553=LINE('',#3661,#1828);
#1554=LINE('',#3668,#1829);
#1555=LINE('',#3671,#1830);
#1556=LINE('',#3673,#1831);
#1557=LINE('',#3675,#1832);
#1558=LINE('',#3677,#1833);
#1559=LINE('',#3679,#1834);
#1560=LINE('',#3682,#1835);
#1561=LINE('',#3684,#1836);
#1562=LINE('',#3686,#1837);
#1563=LINE('',#3688,#1838);
#1564=LINE('',#3690,#1839);
#1565=LINE('',#3692,#1840);
#1566=LINE('',#3694,#1841);
#1567=LINE('',#3696,#1842);
#1568=LINE('',#3698,#1843);
#1569=LINE('',#3700,#1844);
#1570=LINE('',#3701,#1845);
#1571=LINE('',#3703,#1846);
#1572=LINE('',#3708,#1847);
#1573=LINE('',#3712,#1848);
#1574=LINE('',#3716,#1849);
#1575=LINE('',#3719,#1850);
#1576=LINE('',#3724,#1851);
#1577=LINE('',#3728,#1852);
#1578=LINE('',#3732,#1853);
#1579=LINE('',#3735,#1854);
#1580=LINE('',#3764,#1855);
#1581=LINE('',#3766,#1856);
#1582=LINE('',#3768,#1857);
#1583=LINE('',#3770,#1858);
#1584=LINE('',#3772,#1859);
#1585=LINE('',#3774,#1860);
#1586=LINE('',#3776,#1861);
#1587=LINE('',#3778,#1862);
#1588=LINE('',#3780,#1863);
#1589=LINE('',#3782,#1864);
#1590=LINE('',#3793,#1865);
#1591=LINE('',#3795,#1866);
#1592=LINE('',#3797,#1867);
#1593=LINE('',#3815,#1868);
#1594=LINE('',#3817,#1869);
#1595=LINE('',#3819,#1870);
#1596=LINE('',#3830,#1871);
#1597=LINE('',#3832,#1872);
#1598=LINE('',#3834,#1873);
#1599=LINE('',#3836,#1874);
#1600=LINE('',#3838,#1875);
#1601=LINE('',#3840,#1876);
#1602=LINE('',#3842,#1877);
#1603=LINE('',#3844,#1878);
#1604=LINE('',#3846,#1879);
#1605=LINE('',#3847,#1880);
#1606=LINE('',#3852,#1881);
#1607=LINE('',#3856,#1882);
#1608=LINE('',#3860,#1883);
#1609=LINE('',#3867,#1884);
#1610=LINE('',#3872,#1885);
#1611=LINE('',#3876,#1886);
#1612=LINE('',#3880,#1887);
#1613=LINE('',#3883,#1888);
#1614=LINE('',#3888,#1889);
#1615=LINE('',#3892,#1890);
#1616=LINE('',#3896,#1891);
#1617=LINE('',#3899,#1892);
#1618=LINE('',#3901,#1893);
#1619=LINE('',#3903,#1894);
#1620=LINE('',#3908,#1895);
#1621=LINE('',#3913,#1896);
#1622=LINE('',#3917,#1897);
#1623=LINE('',#3921,#1898);
#1624=LINE('',#3928,#1899);
#1625=LINE('',#3929,#1900);
#1626=LINE('',#3931,#1901);
#1627=LINE('',#3932,#1902);
#1628=LINE('',#3936,#1903);
#1629=LINE('',#3937,#1904);
#1630=LINE('',#3939,#1905);
#1631=LINE('',#3940,#1906);
#1632=LINE('',#3945,#1907);
#1633=LINE('',#3948,#1908);
#1634=LINE('',#3950,#1909);
#1635=LINE('',#3952,#1910);
#1636=LINE('',#3954,#1911);
#1637=LINE('',#3955,#1912);
#1638=LINE('',#3957,#1913);
#1639=LINE('',#3959,#1914);
#1640=LINE('',#3962,#1915);
#1641=LINE('',#3967,#1916);
#1642=LINE('',#3971,#1917);
#1643=LINE('',#3975,#1918);
#1644=LINE('',#3979,#1919);
#1645=LINE('',#3980,#1920);
#1646=LINE('',#3982,#1921);
#1647=LINE('',#3983,#1922);
#1648=LINE('',#3985,#1923);
#1649=LINE('',#3986,#1924);
#1650=LINE('',#3988,#1925);
#1651=LINE('',#3989,#1926);
#1652=LINE('',#3991,#1927);
#1653=LINE('',#3996,#1928);
#1654=LINE('',#4000,#1929);
#1655=LINE('',#4004,#1930);
#1656=LINE('',#4008,#1931);
#1657=LINE('',#4009,#1932);
#1658=LINE('',#4011,#1933);
#1659=LINE('',#4012,#1934);
#1660=LINE('',#4014,#1935);
#1661=LINE('',#4015,#1936);
#1662=LINE('',#4017,#1937);
#1663=LINE('',#4018,#1938);
#1664=LINE('',#4020,#1939);
#1665=LINE('',#4025,#1940);
#1666=LINE('',#4029,#1941);
#1667=LINE('',#4033,#1942);
#1668=LINE('',#4037,#1943);
#1669=LINE('',#4038,#1944);
#1670=LINE('',#4040,#1945);
#1671=LINE('',#4041,#1946);
#1672=LINE('',#4043,#1947);
#1673=LINE('',#4044,#1948);
#1674=LINE('',#4046,#1949);
#1675=LINE('',#4047,#1950);
#1676=LINE('',#4049,#1951);
#1677=LINE('',#4052,#1952);
#1678=LINE('',#4054,#1953);
#1679=LINE('',#4056,#1954);
#1680=LINE('',#4058,#1955);
#1681=LINE('',#4061,#1956);
#1682=LINE('',#4063,#1957);
#1683=LINE('',#4065,#1958);
#1684=LINE('',#4067,#1959);
#1685=LINE('',#4070,#1960);
#1686=LINE('',#4072,#1961);
#1687=LINE('',#4074,#1962);
#1688=LINE('',#4076,#1963);
#1689=LINE('',#4078,#1964);
#1690=LINE('',#4080,#1965);
#1691=LINE('',#4084,#1966);
#1692=LINE('',#4087,#1967);
#1693=LINE('',#4088,#1968);
#1694=LINE('',#4089,#1969);
#1695=LINE('',#4091,#1970);
#1696=LINE('',#4093,#1971);
#1697=LINE('',#4095,#1972);
#1698=LINE('',#4097,#1973);
#1699=LINE('',#4108,#1974);
#1700=LINE('',#4110,#1975);
#1701=LINE('',#4112,#1976);
#1702=LINE('',#4130,#1977);
#1703=LINE('',#4132,#1978);
#1704=LINE('',#4134,#1979);
#1705=LINE('',#4145,#1980);
#1706=LINE('',#4147,#1981);
#1707=LINE('',#4149,#1982);
#1708=LINE('',#4151,#1983);
#1709=LINE('',#4153,#1984);
#1710=LINE('',#4155,#1985);
#1711=LINE('',#4157,#1986);
#1712=LINE('',#4159,#1987);
#1713=LINE('',#4161,#1988);
#1714=LINE('',#4163,#1989);
#1715=LINE('',#4165,#1990);
#1716=LINE('',#4193,#1991);
#1717=LINE('',#4195,#1992);
#1718=LINE('',#4197,#1993);
#1719=LINE('',#4199,#1994);
#1720=LINE('',#4201,#1995);
#1721=LINE('',#4203,#1996);
#1722=LINE('',#4205,#1997);
#1723=LINE('',#4206,#1998);
#1724=LINE('',#4208,#1999);
#1725=LINE('',#4210,#2000);
#1726=LINE('',#4212,#2001);
#1727=LINE('',#4214,#2002);
#1728=LINE('',#4216,#2003);
#1729=LINE('',#4218,#2004);
#1730=LINE('',#4220,#2005);
#1731=LINE('',#4222,#2006);
#1732=LINE('',#4247,#2007);
#1733=LINE('',#4249,#2008);
#1734=LINE('',#4251,#2009);
#1735=LINE('',#4253,#2010);
#1736=LINE('',#4280,#2011);
#1737=LINE('',#4307,#2012);
#1738=LINE('',#4309,#2013);
#1739=LINE('',#4311,#2014);
#1740=LINE('',#4313,#2015);
#1741=LINE('',#4338,#2016);
#1742=LINE('',#4340,#2017);
#1743=LINE('',#4342,#2018);
#1744=LINE('',#4344,#2019);
#1745=LINE('',#4346,#2020);
#1746=LINE('',#4348,#2021);
#1747=LINE('',#4350,#2022);
#1748=LINE('',#4352,#2023);
#1749=LINE('',#4354,#2024);
#1750=LINE('',#4356,#2025);
#1751=LINE('',#4358,#2026);
#1752=LINE('',#4413,#2027);
#1753=LINE('',#4468,#2028);
#1754=LINE('',#4471,#2029);
#1755=LINE('',#4474,#2030);
#1756=LINE('',#4476,#2031);
#1757=LINE('',#4478,#2032);
#1758=LINE('',#4532,#2033);
#1759=LINE('',#4537,#2034);
#1760=LINE('',#4541,#2035);
#1761=LINE('',#4545,#2036);
#1762=LINE('',#4549,#2037);
#1763=LINE('',#4550,#2038);
#1764=LINE('',#4552,#2039);
#1765=LINE('',#4553,#2040);
#1766=LINE('',#4555,#2041);
#1767=LINE('',#4556,#2042);
#1768=LINE('',#4558,#2043);
#1769=LINE('',#4559,#2044);
#1770=LINE('',#4561,#2045);
#1771=LINE('',#4563,#2046);
#1772=LINE('',#4565,#2047);
#1773=LINE('',#4567,#2048);
#1774=LINE('',#4569,#2049);
#1775=LINE('',#4608,#2050);
#1776=LINE('',#4609,#2051);
#1777=LINE('',#4611,#2052);
#1778=LINE('',#4612,#2053);
#1779=LINE('',#4614,#2054);
#1780=LINE('',#4615,#2055);
#1781=LINE('',#4617,#2056);
#1782=LINE('',#4618,#2057);
#1783=VECTOR('',#2846,1.);
#1784=VECTOR('',#2847,1.);
#1785=VECTOR('',#2848,1.);
#1786=VECTOR('',#2849,1.);
#1787=VECTOR('',#2850,1.);
#1788=VECTOR('',#2853,1.);
#1789=VECTOR('',#2856,1.);
#1790=VECTOR('',#2859,1.);
#1791=VECTOR('',#2864,1.);
#1792=VECTOR('',#2865,1.);
#1793=VECTOR('',#2866,1.);
#1794=VECTOR('',#2867,1.);
#1795=VECTOR('',#2868,1.);
#1796=VECTOR('',#2871,1.);
#1797=VECTOR('',#2874,1.);
#1798=VECTOR('',#2877,1.);
#1799=VECTOR('',#2884,1.);
#1800=VECTOR('',#2885,1.);
#1801=VECTOR('',#2886,1.);
#1802=VECTOR('',#2887,1.);
#1803=VECTOR('',#2888,1.);
#1804=VECTOR('',#2891,1.);
#1805=VECTOR('',#2892,1.);
#1806=VECTOR('',#2893,1.);
#1807=VECTOR('',#2898,1.);
#1808=VECTOR('',#2899,1.);
#1809=VECTOR('',#2900,1.);
#1810=VECTOR('',#2901,1.);
#1811=VECTOR('',#2904,1.);
#1812=VECTOR('',#2905,1.);
#1813=VECTOR('',#2906,1.);
#1814=VECTOR('',#2907,1.);
#1815=VECTOR('',#2910,1.);
#1816=VECTOR('',#2911,1.);
#1817=VECTOR('',#2912,1.);
#1818=VECTOR('',#2913,1.);
#1819=VECTOR('',#2918,1.);
#1820=VECTOR('',#2919,1.);
#1821=VECTOR('',#2920,1.);
#1822=VECTOR('',#2921,1.);
#1823=VECTOR('',#2924,1.);
#1824=VECTOR('',#2925,1.);
#1825=VECTOR('',#2926,1.);
#1826=VECTOR('',#2927,1.);
#1827=VECTOR('',#2940,1.);
#1828=VECTOR('',#2943,1.);
#1829=VECTOR('',#2954,1.);
#1830=VECTOR('',#2955,1.);
#1831=VECTOR('',#2956,1.);
#1832=VECTOR('',#2957,1.);
#1833=VECTOR('',#2960,1.);
#1834=VECTOR('',#2963,1.);
#1835=VECTOR('',#2964,1.);
#1836=VECTOR('',#2965,1.);
#1837=VECTOR('',#2966,1.);
#1838=VECTOR('',#2969,1.);
#1839=VECTOR('',#2970,1.);
#1840=VECTOR('',#2971,1.);
#1841=VECTOR('',#2974,1.);
#1842=VECTOR('',#2975,1.);
#1843=VECTOR('',#2976,1.);
#1844=VECTOR('',#2979,1.);
#1845=VECTOR('',#2980,1.);
#1846=VECTOR('',#2983,1.);
#1847=VECTOR('',#2986,1.);
#1848=VECTOR('',#2989,1.);
#1849=VECTOR('',#2992,1.);
#1850=VECTOR('',#2995,1.);
#1851=VECTOR('',#2998,1.);
#1852=VECTOR('',#3001,1.);
#1853=VECTOR('',#3004,1.);
#1854=VECTOR('',#3007,1.);
#1855=VECTOR('',#3008,1.);
#1856=VECTOR('',#3009,1.);
#1857=VECTOR('',#3010,1.);
#1858=VECTOR('',#3011,1.);
#1859=VECTOR('',#3012,1.);
#1860=VECTOR('',#3013,1.);
#1861=VECTOR('',#3014,1.);
#1862=VECTOR('',#3015,1.);
#1863=VECTOR('',#3016,1.);
#1864=VECTOR('',#3017,1.);
#1865=VECTOR('',#3018,1.);
#1866=VECTOR('',#3019,1.);
#1867=VECTOR('',#3020,1.);
#1868=VECTOR('',#3021,1.);
#1869=VECTOR('',#3022,1.);
#1870=VECTOR('',#3023,1.);
#1871=VECTOR('',#3024,1.);
#1872=VECTOR('',#3025,1.);
#1873=VECTOR('',#3026,1.);
#1874=VECTOR('',#3027,1.);
#1875=VECTOR('',#3028,1.);
#1876=VECTOR('',#3029,1.);
#1877=VECTOR('',#3030,1.);
#1878=VECTOR('',#3031,1.);
#1879=VECTOR('',#3032,1.);
#1880=VECTOR('',#3033,1.);
#1881=VECTOR('',#3036,1.);
#1882=VECTOR('',#3039,1.);
#1883=VECTOR('',#3042,1.);
#1884=VECTOR('',#3053,1.);
#1885=VECTOR('',#3056,1.);
#1886=VECTOR('',#3059,1.);
#1887=VECTOR('',#3062,1.);
#1888=VECTOR('',#3065,1.);
#1889=VECTOR('',#3068,1.);
#1890=VECTOR('',#3071,1.);
#1891=VECTOR('',#3074,1.);
#1892=VECTOR('',#3077,1.);
#1893=VECTOR('',#3078,1.);
#1894=VECTOR('',#3079,1.);
#1895=VECTOR('',#3086,1.);
#1896=VECTOR('',#3089,1.);
#1897=VECTOR('',#3092,1.);
#1898=VECTOR('',#3095,1.);
#1899=VECTOR('',#3104,1.);
#1900=VECTOR('',#3105,1.);
#1901=VECTOR('',#3108,1.);
#1902=VECTOR('',#3109,1.);
#1903=VECTOR('',#3114,1.);
#1904=VECTOR('',#3115,1.);
#1905=VECTOR('',#3118,1.);
#1906=VECTOR('',#3119,1.);
#1907=VECTOR('',#3126,1.);
#1908=VECTOR('',#3127,1.);
#1909=VECTOR('',#3128,1.);
#1910=VECTOR('',#3129,1.);
#1911=VECTOR('',#3132,1.);
#1912=VECTOR('',#3133,1.);
#1913=VECTOR('',#3136,1.);
#1914=VECTOR('',#3139,1.);
#1915=VECTOR('',#3144,1.);
#1916=VECTOR('',#3147,1.);
#1917=VECTOR('',#3150,1.);
#1918=VECTOR('',#3153,1.);
#1919=VECTOR('',#3158,1.);
#1920=VECTOR('',#3159,1.);
#1921=VECTOR('',#3162,1.);
#1922=VECTOR('',#3163,1.);
#1923=VECTOR('',#3166,1.);
#1924=VECTOR('',#3167,1.);
#1925=VECTOR('',#3170,1.);
#1926=VECTOR('',#3171,1.);
#1927=VECTOR('',#3174,1.);
#1928=VECTOR('',#3177,1.);
#1929=VECTOR('',#3180,1.);
#1930=VECTOR('',#3183,1.);
#1931=VECTOR('',#3188,1.);
#1932=VECTOR('',#3189,1.);
#1933=VECTOR('',#3192,1.);
#1934=VECTOR('',#3193,1.);
#1935=VECTOR('',#3196,1.);
#1936=VECTOR('',#3197,1.);
#1937=VECTOR('',#3200,1.);
#1938=VECTOR('',#3201,1.);
#1939=VECTOR('',#3204,1.);
#1940=VECTOR('',#3207,1.);
#1941=VECTOR('',#3210,1.);
#1942=VECTOR('',#3213,1.);
#1943=VECTOR('',#3218,1.);
#1944=VECTOR('',#3219,1.);
#1945=VECTOR('',#3222,1.);
#1946=VECTOR('',#3223,1.);
#1947=VECTOR('',#3226,1.);
#1948=VECTOR('',#3227,1.);
#1949=VECTOR('',#3230,1.);
#1950=VECTOR('',#3231,1.);
#1951=VECTOR('',#3234,1.);
#1952=VECTOR('',#3235,1.);
#1953=VECTOR('',#3236,1.);
#1954=VECTOR('',#3237,1.);
#1955=VECTOR('',#3240,1.);
#1956=VECTOR('',#3241,1.);
#1957=VECTOR('',#3242,1.);
#1958=VECTOR('',#3243,1.);
#1959=VECTOR('',#3246,1.);
#1960=VECTOR('',#3247,1.);
#1961=VECTOR('',#3248,1.);
#1962=VECTOR('',#3249,1.);
#1963=VECTOR('',#3252,1.);
#1964=VECTOR('',#3253,1.);
#1965=VECTOR('',#3254,1.);
#1966=VECTOR('',#3259,1.);
#1967=VECTOR('',#3260,1.);
#1968=VECTOR('',#3261,1.);
#1969=VECTOR('',#3262,1.);
#1970=VECTOR('',#3263,1.);
#1971=VECTOR('',#3264,1.);
#1972=VECTOR('',#3265,1.);
#1973=VECTOR('',#3266,1.);
#1974=VECTOR('',#3267,1.);
#1975=VECTOR('',#3268,1.);
#1976=VECTOR('',#3269,1.);
#1977=VECTOR('',#3270,1.);
#1978=VECTOR('',#3271,1.);
#1979=VECTOR('',#3272,1.);
#1980=VECTOR('',#3273,1.);
#1981=VECTOR('',#3274,1.);
#1982=VECTOR('',#3275,1.);
#1983=VECTOR('',#3276,1.);
#1984=VECTOR('',#3277,1.);
#1985=VECTOR('',#3280,1.);
#1986=VECTOR('',#3281,1.);
#1987=VECTOR('',#3282,1.);
#1988=VECTOR('',#3283,1.);
#1989=VECTOR('',#3284,1.);
#1990=VECTOR('',#3285,1.);
#1991=VECTOR('',#3286,1.);
#1992=VECTOR('',#3287,1.);
#1993=VECTOR('',#3288,1.);
#1994=VECTOR('',#3289,1.);
#1995=VECTOR('',#3290,1.);
#1996=VECTOR('',#3291,1.);
#1997=VECTOR('',#3294,1.);
#1998=VECTOR('',#3295,1.);
#1999=VECTOR('',#3298,1.);
#2000=VECTOR('',#3301,1.);
#2001=VECTOR('',#3304,1.);
#2002=VECTOR('',#3307,1.);
#2003=VECTOR('',#3310,1.);
#2004=VECTOR('',#3313,1.);
#2005=VECTOR('',#3316,1.);
#2006=VECTOR('',#3319,1.);
#2007=VECTOR('',#3320,1.);
#2008=VECTOR('',#3323,1.);
#2009=VECTOR('',#3326,1.);
#2010=VECTOR('',#3329,1.);
#2011=VECTOR('',#3330,1.);
#2012=VECTOR('',#3331,1.);
#2013=VECTOR('',#3334,1.);
#2014=VECTOR('',#3337,1.);
#2015=VECTOR('',#3340,1.);
#2016=VECTOR('',#3341,1.);
#2017=VECTOR('',#3344,1.);
#2018=VECTOR('',#3347,1.);
#2019=VECTOR('',#3350,1.);
#2020=VECTOR('',#3353,1.);
#2021=VECTOR('',#3356,1.);
#2022=VECTOR('',#3359,1.);
#2023=VECTOR('',#3362,1.);
#2024=VECTOR('',#3365,1.);
#2025=VECTOR('',#3368,1.);
#2026=VECTOR('',#3371,1.);
#2027=VECTOR('',#3372,1.);
#2028=VECTOR('',#3373,1.);
#2029=VECTOR('',#3378,1.);
#2030=VECTOR('',#3379,1.);
#2031=VECTOR('',#3380,1.);
#2032=VECTOR('',#3381,1.);
#2033=VECTOR('',#3400,1.);
#2034=VECTOR('',#3403,1.);
#2035=VECTOR('',#3406,1.);
#2036=VECTOR('',#3409,1.);
#2037=VECTOR('',#3414,1.);
#2038=VECTOR('',#3415,1.);
#2039=VECTOR('',#3418,1.);
#2040=VECTOR('',#3419,1.);
#2041=VECTOR('',#3422,1.);
#2042=VECTOR('',#3423,1.);
#2043=VECTOR('',#3426,1.);
#2044=VECTOR('',#3427,1.);
#2045=VECTOR('',#3430,1.);
#2046=VECTOR('',#3431,1.);
#2047=VECTOR('',#3432,1.);
#2048=VECTOR('',#3435,1.);
#2049=VECTOR('',#3438,1.);
#2050=VECTOR('',#3513,1.);
#2051=VECTOR('',#3514,1.);
#2052=VECTOR('',#3517,1.);
#2053=VECTOR('',#3518,1.);
#2054=VECTOR('',#3521,1.);
#2055=VECTOR('',#3522,1.);
#2056=VECTOR('',#3525,1.);
#2057=VECTOR('',#3526,1.);
#2058=EDGE_LOOP('',(#153,#154,#155,#156));
#2059=EDGE_LOOP('',(#157,#158,#159,#160,#161,#162,#163,#164));
#2060=EDGE_LOOP('',(#165,#166,#167,#168));
#2061=EDGE_LOOP('',(#169,#170,#171,#172,#173,#174,#175,#176));
#2062=EDGE_LOOP('',(#177));
#2063=EDGE_LOOP('',(#178,#179,#180,#181,#182));
#2064=EDGE_LOOP('',(#183,#184,#185,#186));
#2065=EDGE_LOOP('',(#187));
#2066=EDGE_LOOP('',(#188,#189,#190,#191,#192));
#2067=EDGE_LOOP('',(#193,#194,#195,#196));
#2068=EDGE_LOOP('',(#197,#198,#199,#200));
#2069=EDGE_LOOP('',(#201));
#2070=EDGE_LOOP('',(#202,#203,#204,#205));
#2071=EDGE_LOOP('',(#206,#207,#208,#209));
#2072=EDGE_LOOP('',(#210,#211,#212,#213,#214,#215,#216,#217));
#2073=EDGE_LOOP('',(#218,#219,#220,#221));
#2074=EDGE_LOOP('',(#222,#223,#224,#225));
#2075=EDGE_LOOP('',(#226));
#2076=EDGE_LOOP('',(#227));
#2077=EDGE_LOOP('',(#228));
#2078=EDGE_LOOP('',(#229));
#2079=EDGE_LOOP('',(#230));
#2080=EDGE_LOOP('',(#231,#232,#233,#234));
#2081=EDGE_LOOP('',(#235,#236,#237,#238));
#2082=EDGE_LOOP('',(#239,#240,#241,#242));
#2083=EDGE_LOOP('',(#243,#244,#245,#246));
#2084=EDGE_LOOP('',(#247,#248,#249,#250));
#2085=EDGE_LOOP('',(#251,#252,#253,#254));
#2086=EDGE_LOOP('',(#255,#256,#257,#258));
#2087=EDGE_LOOP('',(#259,#260,#261,#262,#263,#264,#265,#266));
#2088=EDGE_LOOP('',(#267,#268,#269,#270,#271,#272,#273,#274));
#2089=EDGE_LOOP('',(#275,#276,#277,#278));
#2090=EDGE_LOOP('',(#279,#280,#281,#282,#283,#284,#285,#286,#287,#288,#289,
#290,#291,#292,#293,#294,#295,#296,#297,#298,#299,#300,#301,#302,#303,#304,
#305,#306,#307,#308,#309,#310));
#2091=EDGE_LOOP('',(#311,#312,#313,#314,#315,#316,#317,#318));
#2092=EDGE_LOOP('',(#319,#320,#321,#322,#323,#324,#325,#326));
#2093=EDGE_LOOP('',(#327,#328,#329,#330,#331,#332,#333,#334));
#2094=EDGE_LOOP('',(#335,#336,#337,#338,#339,#340,#341,#342));
#2095=EDGE_LOOP('',(#343,#344,#345,#346));
#2096=EDGE_LOOP('',(#347));
#2097=EDGE_LOOP('',(#348,#349,#350,#351,#352,#353,#354,#355));
#2098=EDGE_LOOP('',(#356));
#2099=EDGE_LOOP('',(#357));
#2100=EDGE_LOOP('',(#358,#359,#360,#361));
#2101=EDGE_LOOP('',(#362,#363,#364,#365));
#2102=EDGE_LOOP('',(#366));
#2103=EDGE_LOOP('',(#367,#368,#369,#370));
#2104=EDGE_LOOP('',(#371,#372,#373,#374));
#2105=EDGE_LOOP('',(#375));
#2106=EDGE_LOOP('',(#376));
#2107=EDGE_LOOP('',(#377,#378,#379,#380));
#2108=EDGE_LOOP('',(#381,#382,#383,#384));
#2109=EDGE_LOOP('',(#385));
#2110=EDGE_LOOP('',(#386,#387,#388,#389,#390));
#2111=EDGE_LOOP('',(#391,#392,#393,#394));
#2112=EDGE_LOOP('',(#395));
#2113=EDGE_LOOP('',(#396,#397,#398,#399,#400));
#2114=EDGE_LOOP('',(#401,#402,#403,#404,#405,#406,#407,#408));
#2115=EDGE_LOOP('',(#409,#410,#411,#412));
#2116=EDGE_LOOP('',(#413,#414,#415,#416));
#2117=EDGE_LOOP('',(#417,#418,#419,#420));
#2118=EDGE_LOOP('',(#421,#422,#423,#424));
#2119=EDGE_LOOP('',(#425,#426,#427,#428,#429,#430,#431,#432));
#2120=EDGE_LOOP('',(#433,#434,#435,#436));
#2121=EDGE_LOOP('',(#437,#438,#439,#440));
#2122=EDGE_LOOP('',(#441,#442,#443,#444));
#2123=EDGE_LOOP('',(#445,#446,#447,#448));
#2124=EDGE_LOOP('',(#449,#450,#451,#452,#453,#454,#455,#456));
#2125=EDGE_LOOP('',(#457,#458,#459,#460));
#2126=EDGE_LOOP('',(#461,#462,#463,#464));
#2127=EDGE_LOOP('',(#465,#466,#467,#468));
#2128=EDGE_LOOP('',(#469,#470,#471,#472));
#2129=EDGE_LOOP('',(#473,#474,#475,#476));
#2130=EDGE_LOOP('',(#477,#478,#479,#480));
#2131=EDGE_LOOP('',(#481,#482,#483,#484));
#2132=EDGE_LOOP('',(#485,#486,#487,#488));
#2133=EDGE_LOOP('',(#489));
#2134=EDGE_LOOP('',(#490,#491,#492,#493));
#2135=EDGE_LOOP('',(#494,#495,#496,#497,#498,#499,#500,#501,#502,#503,#504,
#505,#506,#507,#508,#509,#510,#511,#512,#513,#514,#515));
#2136=EDGE_LOOP('',(#516,#517,#518,#519,#520,#521,#522,#523,#524,#525,#526,
#527,#528,#529,#530,#531));
#2137=EDGE_LOOP('',(#532,#533,#534,#535));
#2138=EDGE_LOOP('',(#536,#537,#538,#539));
#2139=EDGE_LOOP('',(#540,#541,#542,#543));
#2140=EDGE_LOOP('',(#544,#545,#546,#547));
#2141=EDGE_LOOP('',(#548,#549,#550,#551,#552,#553));
#2142=EDGE_LOOP('',(#554,#555,#556,#557));
#2143=EDGE_LOOP('',(#558,#559,#560,#561));
#2144=EDGE_LOOP('',(#562,#563,#564,#565));
#2145=EDGE_LOOP('',(#566,#567,#568,#569));
#2146=EDGE_LOOP('',(#570,#571,#572,#573));
#2147=EDGE_LOOP('',(#574,#575,#576,#577));
#2148=EDGE_LOOP('',(#578,#579,#580,#581));
#2149=EDGE_LOOP('',(#582,#583,#584,#585));
#2150=EDGE_LOOP('',(#586,#587,#588,#589));
#2151=EDGE_LOOP('',(#590,#591,#592,#593));
#2152=EDGE_LOOP('',(#594,#595,#596,#597));
#2153=EDGE_LOOP('',(#598,#599,#600,#601));
#2154=EDGE_LOOP('',(#602,#603,#604,#605));
#2155=EDGE_LOOP('',(#606,#607,#608,#609));
#2156=EDGE_LOOP('',(#610,#611,#612,#613));
#2157=EDGE_LOOP('',(#614,#615,#616,#617));
#2158=EDGE_LOOP('',(#618,#619,#620,#621));
#2159=EDGE_LOOP('',(#622,#623,#624,#625));
#2160=EDGE_LOOP('',(#626,#627,#628,#629,#630,#631));
#2161=EDGE_LOOP('',(#632,#633,#634,#635));
#2162=EDGE_LOOP('',(#636,#637,#638,#639));
#2163=EDGE_LOOP('',(#640,#641,#642,#643));
#2164=EDGE_LOOP('',(#644,#645,#646,#647));
#2165=EDGE_LOOP('',(#648,#649,#650,#651));
#2166=EDGE_LOOP('',(#652,#653,#654,#655));
#2167=EDGE_LOOP('',(#656,#657,#658,#659));
#2168=EDGE_LOOP('',(#660,#661,#662,#663));
#2169=EDGE_LOOP('',(#664,#665,#666,#667));
#2170=EDGE_LOOP('',(#668,#669,#670,#671,#672,#673));
#2171=EDGE_LOOP('',(#674,#675,#676,#677,#678,#679));
#2172=EDGE_LOOP('',(#680,#681,#682,#683,#684,#685));
#2173=EDGE_LOOP('',(#686,#687,#688,#689,#690,#691));
#2174=EDGE_LOOP('',(#692,#693,#694,#695,#696,#697,#698,#699));
#2175=EDGE_LOOP('',(#700,#701,#702,#703));
#2176=EDGE_LOOP('',(#704,#705,#706,#707));
#2177=EDGE_LOOP('',(#708,#709,#710,#711));
#2178=EDGE_LOOP('',(#712,#713,#714,#715));
#2179=EDGE_LOOP('',(#716,#717,#718,#719));
#2180=EDGE_LOOP('',(#720,#721,#722,#723));
#2181=EDGE_LOOP('',(#724,#725,#726,#727));
#2182=EDGE_LOOP('',(#728,#729,#730,#731));
#2183=EDGE_LOOP('',(#732,#733,#734,#735));
#2184=EDGE_LOOP('',(#736,#737,#738,#739));
#2185=EDGE_LOOP('',(#740,#741,#742,#743));
#2186=EDGE_LOOP('',(#744,#745,#746,#747));
#2187=EDGE_LOOP('',(#748,#749,#750,#751));
#2188=EDGE_LOOP('',(#752,#753,#754,#755));
#2189=EDGE_LOOP('',(#756,#757,#758,#759));
#2190=EDGE_LOOP('',(#760,#761,#762,#763));
#2191=EDGE_LOOP('',(#764,#765,#766,#767));
#2192=EDGE_LOOP('',(#768,#769,#770,#771));
#2193=EDGE_LOOP('',(#772,#773,#774,#775));
#2194=EDGE_LOOP('',(#776,#777,#778,#779));
#2195=EDGE_LOOP('',(#780,#781,#782,#783));
#2196=EDGE_LOOP('',(#784,#785,#786,#787));
#2197=EDGE_LOOP('',(#788,#789,#790,#791));
#2198=EDGE_LOOP('',(#792,#793,#794,#795));
#2199=EDGE_LOOP('',(#796,#797,#798,#799));
#2200=EDGE_LOOP('',(#800,#801,#802,#803));
#2201=EDGE_LOOP('',(#804,#805,#806,#807));
#2202=EDGE_LOOP('',(#808,#809,#810,#811));
#2203=EDGE_LOOP('',(#812,#813,#814,#815));
#2204=EDGE_LOOP('',(#816,#817,#818,#819));
#2205=EDGE_LOOP('',(#820,#821,#822,#823));
#2206=EDGE_LOOP('',(#824,#825,#826,#827,#828));
#2207=EDGE_LOOP('',(#829,#830,#831,#832,#833));
#2208=EDGE_LOOP('',(#834,#835,#836,#837,#838));
#2209=EDGE_LOOP('',(#839,#840,#841,#842,#843));
#2210=EDGE_LOOP('',(#844,#845,#846,#847,#848,#849,#850,#851));
#2211=EDGE_LOOP('',(#852,#853,#854,#855));
#2212=EDGE_LOOP('',(#856));
#2213=EDGE_LOOP('',(#857));
#2214=EDGE_LOOP('',(#858));
#2215=EDGE_LOOP('',(#859,#860,#861,#862));
#2216=EDGE_LOOP('',(#863,#864,#865,#866));
#2217=EDGE_LOOP('',(#867,#868,#869,#870));
#2218=EDGE_LOOP('',(#871,#872,#873,#874));
#2219=EDGE_LOOP('',(#875,#876,#877,#878));
#2220=EDGE_LOOP('',(#879,#880,#881,#882));
#2221=EDGE_LOOP('',(#883,#884,#885,#886));
#2222=EDGE_LOOP('',(#887,#888,#889,#890));
#2223=FACE_BOUND('',#2058,.T.);
#2224=FACE_BOUND('',#2059,.T.);
#2225=FACE_BOUND('',#2060,.T.);
#2226=FACE_BOUND('',#2061,.T.);
#2227=FACE_BOUND('',#2062,.T.);
#2228=FACE_BOUND('',#2063,.T.);
#2229=FACE_BOUND('',#2064,.T.);
#2230=FACE_BOUND('',#2065,.T.);
#2231=FACE_BOUND('',#2066,.T.);
#2232=FACE_BOUND('',#2067,.T.);
#2233=FACE_BOUND('',#2068,.T.);
#2234=FACE_BOUND('',#2069,.T.);
#2235=FACE_BOUND('',#2070,.T.);
#2236=FACE_BOUND('',#2071,.T.);
#2237=FACE_BOUND('',#2072,.T.);
#2238=FACE_BOUND('',#2073,.T.);
#2239=FACE_BOUND('',#2074,.T.);
#2240=FACE_BOUND('',#2075,.T.);
#2241=FACE_BOUND('',#2076,.T.);
#2242=FACE_BOUND('',#2077,.T.);
#2243=FACE_BOUND('',#2078,.T.);
#2244=FACE_BOUND('',#2079,.T.);
#2245=FACE_BOUND('',#2080,.T.);
#2246=FACE_BOUND('',#2081,.T.);
#2247=FACE_BOUND('',#2082,.T.);
#2248=FACE_BOUND('',#2083,.T.);
#2249=FACE_BOUND('',#2084,.T.);
#2250=FACE_BOUND('',#2085,.T.);
#2251=FACE_BOUND('',#2086,.T.);
#2252=FACE_BOUND('',#2087,.T.);
#2253=FACE_BOUND('',#2088,.T.);
#2254=FACE_BOUND('',#2089,.T.);
#2255=FACE_BOUND('',#2090,.T.);
#2256=FACE_BOUND('',#2091,.T.);
#2257=FACE_BOUND('',#2092,.T.);
#2258=FACE_BOUND('',#2093,.T.);
#2259=FACE_BOUND('',#2094,.T.);
#2260=FACE_BOUND('',#2095,.T.);
#2261=FACE_BOUND('',#2096,.T.);
#2262=FACE_BOUND('',#2097,.T.);
#2263=FACE_BOUND('',#2098,.T.);
#2264=FACE_BOUND('',#2099,.T.);
#2265=FACE_BOUND('',#2100,.T.);
#2266=FACE_BOUND('',#2101,.T.);
#2267=FACE_BOUND('',#2102,.T.);
#2268=FACE_BOUND('',#2103,.T.);
#2269=FACE_BOUND('',#2104,.T.);
#2270=FACE_BOUND('',#2105,.T.);
#2271=FACE_BOUND('',#2106,.T.);
#2272=FACE_BOUND('',#2107,.T.);
#2273=FACE_BOUND('',#2108,.T.);
#2274=FACE_BOUND('',#2109,.T.);
#2275=FACE_BOUND('',#2110,.T.);
#2276=FACE_BOUND('',#2111,.T.);
#2277=FACE_BOUND('',#2112,.T.);
#2278=FACE_BOUND('',#2113,.T.);
#2279=FACE_BOUND('',#2114,.T.);
#2280=FACE_BOUND('',#2115,.T.);
#2281=FACE_BOUND('',#2116,.T.);
#2282=FACE_BOUND('',#2117,.T.);
#2283=FACE_BOUND('',#2118,.T.);
#2284=FACE_BOUND('',#2119,.T.);
#2285=FACE_BOUND('',#2120,.T.);
#2286=FACE_BOUND('',#2121,.T.);
#2287=FACE_BOUND('',#2122,.T.);
#2288=FACE_BOUND('',#2123,.T.);
#2289=FACE_BOUND('',#2124,.T.);
#2290=FACE_BOUND('',#2125,.T.);
#2291=FACE_BOUND('',#2126,.T.);
#2292=FACE_BOUND('',#2127,.T.);
#2293=FACE_BOUND('',#2128,.T.);
#2294=FACE_BOUND('',#2129,.T.);
#2295=FACE_BOUND('',#2130,.T.);
#2296=FACE_BOUND('',#2131,.T.);
#2297=FACE_BOUND('',#2132,.T.);
#2298=FACE_BOUND('',#2133,.T.);
#2299=FACE_BOUND('',#2134,.T.);
#2300=FACE_BOUND('',#2135,.T.);
#2301=FACE_BOUND('',#2136,.T.);
#2302=FACE_BOUND('',#2137,.T.);
#2303=FACE_BOUND('',#2138,.T.);
#2304=FACE_BOUND('',#2139,.T.);
#2305=FACE_BOUND('',#2140,.T.);
#2306=FACE_BOUND('',#2141,.T.);
#2307=FACE_BOUND('',#2142,.T.);
#2308=FACE_BOUND('',#2143,.T.);
#2309=FACE_BOUND('',#2144,.T.);
#2310=FACE_BOUND('',#2145,.T.);
#2311=FACE_BOUND('',#2146,.T.);
#2312=FACE_BOUND('',#2147,.T.);
#2313=FACE_BOUND('',#2148,.T.);
#2314=FACE_BOUND('',#2149,.T.);
#2315=FACE_BOUND('',#2150,.T.);
#2316=FACE_BOUND('',#2151,.T.);
#2317=FACE_BOUND('',#2152,.T.);
#2318=FACE_BOUND('',#2153,.T.);
#2319=FACE_BOUND('',#2154,.T.);
#2320=FACE_BOUND('',#2155,.T.);
#2321=FACE_BOUND('',#2156,.T.);
#2322=FACE_BOUND('',#2157,.T.);
#2323=FACE_BOUND('',#2158,.T.);
#2324=FACE_BOUND('',#2159,.T.);
#2325=FACE_BOUND('',#2160,.T.);
#2326=FACE_BOUND('',#2161,.T.);
#2327=FACE_BOUND('',#2162,.T.);
#2328=FACE_BOUND('',#2163,.T.);
#2329=FACE_BOUND('',#2164,.T.);
#2330=FACE_BOUND('',#2165,.T.);
#2331=FACE_BOUND('',#2166,.T.);
#2332=FACE_BOUND('',#2167,.T.);
#2333=FACE_BOUND('',#2168,.T.);
#2334=FACE_BOUND('',#2169,.T.);
#2335=FACE_BOUND('',#2170,.T.);
#2336=FACE_BOUND('',#2171,.T.);
#2337=FACE_BOUND('',#2172,.T.);
#2338=FACE_BOUND('',#2173,.T.);
#2339=FACE_BOUND('',#2174,.T.);
#2340=FACE_BOUND('',#2175,.T.);
#2341=FACE_BOUND('',#2176,.T.);
#2342=FACE_BOUND('',#2177,.T.);
#2343=FACE_BOUND('',#2178,.T.);
#2344=FACE_BOUND('',#2179,.T.);
#2345=FACE_BOUND('',#2180,.T.);
#2346=FACE_BOUND('',#2181,.T.);
#2347=FACE_BOUND('',#2182,.T.);
#2348=FACE_BOUND('',#2183,.T.);
#2349=FACE_BOUND('',#2184,.T.);
#2350=FACE_BOUND('',#2185,.T.);
#2351=FACE_BOUND('',#2186,.T.);
#2352=FACE_BOUND('',#2187,.T.);
#2353=FACE_BOUND('',#2188,.T.);
#2354=FACE_BOUND('',#2189,.T.);
#2355=FACE_BOUND('',#2190,.T.);
#2356=FACE_BOUND('',#2191,.T.);
#2357=FACE_BOUND('',#2192,.T.);
#2358=FACE_BOUND('',#2193,.T.);
#2359=FACE_BOUND('',#2194,.T.);
#2360=FACE_BOUND('',#2195,.T.);
#2361=FACE_BOUND('',#2196,.T.);
#2362=FACE_BOUND('',#2197,.T.);
#2363=FACE_BOUND('',#2198,.T.);
#2364=FACE_BOUND('',#2199,.T.);
#2365=FACE_BOUND('',#2200,.T.);
#2366=FACE_BOUND('',#2201,.T.);
#2367=FACE_BOUND('',#2202,.T.);
#2368=FACE_BOUND('',#2203,.T.);
#2369=FACE_BOUND('',#2204,.T.);
#2370=FACE_BOUND('',#2205,.T.);
#2371=FACE_BOUND('',#2206,.T.);
#2372=FACE_BOUND('',#2207,.T.);
#2373=FACE_BOUND('',#2208,.T.);
#2374=FACE_BOUND('',#2209,.T.);
#2375=FACE_BOUND('',#2210,.T.);
#2376=FACE_BOUND('',#2211,.T.);
#2377=FACE_BOUND('',#2212,.T.);
#2378=FACE_BOUND('',#2213,.T.);
#2379=FACE_BOUND('',#2214,.T.);
#2380=FACE_BOUND('',#2215,.T.);
#2381=FACE_BOUND('',#2216,.T.);
#2382=FACE_BOUND('',#2217,.T.);
#2383=FACE_BOUND('',#2218,.T.);
#2384=FACE_BOUND('',#2219,.T.);
#2385=FACE_BOUND('',#2220,.T.);
#2386=FACE_BOUND('',#2221,.T.);
#2387=FACE_BOUND('',#2222,.T.);
#2388=PLANE('',#2634);
#2389=PLANE('',#2639);
#2390=PLANE('',#2644);
#2391=PLANE('',#2646);
#2392=PLANE('',#2647);
#2393=PLANE('',#2649);
#2394=PLANE('',#2650);
#2395=PLANE('',#2651);
#2396=PLANE('',#2653);
#2397=PLANE('',#2654);
#2398=PLANE('',#2659);
#2399=PLANE('',#2660);
#2400=PLANE('',#2664);
#2401=PLANE('',#2665);
#2402=PLANE('',#2666);
#2403=PLANE('',#2667);
#2404=PLANE('',#2668);
#2405=PLANE('',#2669);
#2406=PLANE('',#2670);
#2407=PLANE('',#2671);
#2408=PLANE('',#2696);
#2409=PLANE('',#2698);
#2410=PLANE('',#2705);
#2411=PLANE('',#2706);
#2412=PLANE('',#2707);
#2413=PLANE('',#2709);
#2414=PLANE('',#2712);
#2415=PLANE('',#2713);
#2416=PLANE('',#2714);
#2417=PLANE('',#2715);
#2418=PLANE('',#2716);
#2419=PLANE('',#2717);
#2420=PLANE('',#2722);
#2421=PLANE('',#2723);
#2422=PLANE('',#2724);
#2423=PLANE('',#2725);
#2424=PLANE('',#2726);
#2425=PLANE('',#2731);
#2426=PLANE('',#2732);
#2427=PLANE('',#2733);
#2428=PLANE('',#2734);
#2429=PLANE('',#2735);
#2430=PLANE('',#2740);
#2431=PLANE('',#2741);
#2432=PLANE('',#2742);
#2433=PLANE('',#2743);
#2434=PLANE('',#2744);
#2435=PLANE('',#2745);
#2436=PLANE('',#2746);
#2437=PLANE('',#2747);
#2438=PLANE('',#2748);
#2439=PLANE('',#2750);
#2440=PLANE('',#2751);
#2441=PLANE('',#2752);
#2442=PLANE('',#2753);
#2443=PLANE('',#2754);
#2444=PLANE('',#2755);
#2445=PLANE('',#2756);
#2446=PLANE('',#2757);
#2447=PLANE('',#2758);
#2448=PLANE('',#2759);
#2449=PLANE('',#2760);
#2450=PLANE('',#2761);
#2451=PLANE('',#2762);
#2452=PLANE('',#2763);
#2453=PLANE('',#2764);
#2454=PLANE('',#2765);
#2455=PLANE('',#2766);
#2456=PLANE('',#2767);
#2457=PLANE('',#2768);
#2458=PLANE('',#2769);
#2459=PLANE('',#2770);
#2460=PLANE('',#2771);
#2461=PLANE('',#2772);
#2462=PLANE('',#2773);
#2463=PLANE('',#2774);
#2464=PLANE('',#2775);
#2465=PLANE('',#2776);
#2466=PLANE('',#2777);
#2467=PLANE('',#2786);
#2468=PLANE('',#2791);
#2469=PLANE('',#2792);
#2470=PLANE('',#2793);
#2471=PLANE('',#2794);
#2472=PLANE('',#2795);
#2473=PLANE('',#2796);
#2474=PLANE('',#2797);
#2475=PLANE('',#2830);
#2476=PLANE('',#2833);
#2477=PLANE('',#2834);
#2478=PLANE('',#2835);
#2479=PLANE('',#2836);
#2480=PLANE('',#2837);
#2481=ADVANCED_FACE('',(#2223,#2224),#2388,.F.);
#2482=ADVANCED_FACE('',(#2225,#2226),#2389,.T.);
#2483=ADVANCED_FACE('',(#2227,#2228),#2390,.T.);
#2484=ADVANCED_FACE('',(#2229),#2391,.F.);
#2485=ADVANCED_FACE('',(#2230,#2231),#2392,.F.);
#2486=ADVANCED_FACE('',(#2232),#2393,.T.);
#2487=ADVANCED_FACE('',(#2233),#2394,.F.);
#2488=ADVANCED_FACE('',(#2234,#2235),#2395,.F.);
#2489=ADVANCED_FACE('',(#2236),#2396,.T.);
#2490=ADVANCED_FACE('',(#2237),#2397,.F.);
#2491=ADVANCED_FACE('',(#2238),#2398,.F.);
#2492=ADVANCED_FACE('',(#2239),#2399,.F.);
#2493=ADVANCED_FACE('',(#2240,#2241),#42,.F.);
#2494=ADVANCED_FACE('',(#2242,#2243),#43,.F.);
#2495=ADVANCED_FACE('',(#2244),#2400,.T.);
#2496=ADVANCED_FACE('',(#2245),#2401,.T.);
#2497=ADVANCED_FACE('',(#2246),#2402,.F.);
#2498=ADVANCED_FACE('',(#2247),#2403,.F.);
#2499=ADVANCED_FACE('',(#2248),#2404,.F.);
#2500=ADVANCED_FACE('',(#2249),#2405,.F.);
#2501=ADVANCED_FACE('',(#2250),#2406,.F.);
#2502=ADVANCED_FACE('',(#2251,#2252,#2253,#2254,#2255,#2256,#2257,#2258,
#2259,#2260),#2407,.F.);
#2503=ADVANCED_FACE('',(#2261),#2408,.T.);
#2504=ADVANCED_FACE('',(#2262),#2409,.F.);
#2505=ADVANCED_FACE('',(#2263,#2264),#44,.F.);
#2506=ADVANCED_FACE('',(#2265),#2410,.F.);
#2507=ADVANCED_FACE('',(#2266),#2411,.F.);
#2508=ADVANCED_FACE('',(#2267,#2268),#2412,.T.);
#2509=ADVANCED_FACE('',(#2269),#2413,.T.);
#2510=ADVANCED_FACE('',(#2270,#2271),#45,.F.);
#2511=ADVANCED_FACE('',(#2272),#2414,.F.);
#2512=ADVANCED_FACE('',(#2273),#2415,.T.);
#2513=ADVANCED_FACE('',(#2274,#2275),#2416,.F.);
#2514=ADVANCED_FACE('',(#2276),#2417,.T.);
#2515=ADVANCED_FACE('',(#2277,#2278),#2418,.T.);
#2516=ADVANCED_FACE('',(#2279),#2419,.F.);
#2517=ADVANCED_FACE('',(#2280),#2420,.F.);
#2518=ADVANCED_FACE('',(#2281),#2421,.F.);
#2519=ADVANCED_FACE('',(#2282),#2422,.T.);
#2520=ADVANCED_FACE('',(#2283),#2423,.T.);
#2521=ADVANCED_FACE('',(#2284),#2424,.F.);
#2522=ADVANCED_FACE('',(#2285),#2425,.F.);
#2523=ADVANCED_FACE('',(#2286),#2426,.T.);
#2524=ADVANCED_FACE('',(#2287),#2427,.T.);
#2525=ADVANCED_FACE('',(#2288),#2428,.F.);
#2526=ADVANCED_FACE('',(#2289),#2429,.F.);
#2527=ADVANCED_FACE('',(#2290),#2430,.F.);
#2528=ADVANCED_FACE('',(#2291),#2431,.F.);
#2529=ADVANCED_FACE('',(#2292),#2432,.F.);
#2530=ADVANCED_FACE('',(#2293),#2433,.F.);
#2531=ADVANCED_FACE('',(#2294),#2434,.T.);
#2532=ADVANCED_FACE('',(#2295),#2435,.T.);
#2533=ADVANCED_FACE('',(#2296),#2436,.T.);
#2534=ADVANCED_FACE('',(#2297),#2437,.F.);
#2535=ADVANCED_FACE('',(#2298,#2299,#2300),#2438,.T.);
#2536=ADVANCED_FACE('',(#2301),#2439,.F.);
#2537=ADVANCED_FACE('',(#2302),#2440,.F.);
#2538=ADVANCED_FACE('',(#2303),#2441,.F.);
#2539=ADVANCED_FACE('',(#2304),#2442,.F.);
#2540=ADVANCED_FACE('',(#2305),#2443,.F.);
#2541=ADVANCED_FACE('',(#2306),#2444,.T.);
#2542=ADVANCED_FACE('',(#2307),#2445,.T.);
#2543=ADVANCED_FACE('',(#2308),#2446,.T.);
#2544=ADVANCED_FACE('',(#2309),#2447,.T.);
#2545=ADVANCED_FACE('',(#2310),#2448,.T.);
#2546=ADVANCED_FACE('',(#2311),#16,.T.);
#2547=ADVANCED_FACE('',(#2312),#2449,.T.);
#2548=ADVANCED_FACE('',(#2313),#2450,.T.);
#2549=ADVANCED_FACE('',(#2314),#2451,.T.);
#2550=ADVANCED_FACE('',(#2315),#17,.T.);
#2551=ADVANCED_FACE('',(#2316),#18,.F.);
#2552=ADVANCED_FACE('',(#2317),#2452,.T.);
#2553=ADVANCED_FACE('',(#2318),#2453,.T.);
#2554=ADVANCED_FACE('',(#2319),#2454,.T.);
#2555=ADVANCED_FACE('',(#2320),#19,.F.);
#2556=ADVANCED_FACE('',(#2321),#2455,.T.);
#2557=ADVANCED_FACE('',(#2322),#2456,.F.);
#2558=ADVANCED_FACE('',(#2323),#2457,.F.);
#2559=ADVANCED_FACE('',(#2324),#2458,.F.);
#2560=ADVANCED_FACE('',(#2325),#2459,.T.);
#2561=ADVANCED_FACE('',(#2326),#2460,.F.);
#2562=ADVANCED_FACE('',(#2327),#2461,.T.);
#2563=ADVANCED_FACE('',(#2328),#2462,.T.);
#2564=ADVANCED_FACE('',(#2329),#2463,.T.);
#2565=ADVANCED_FACE('',(#2330),#2464,.T.);
#2566=ADVANCED_FACE('',(#2331),#20,.T.);
#2567=ADVANCED_FACE('',(#2332),#21,.F.);
#2568=ADVANCED_FACE('',(#2333),#2465,.F.);
#2569=ADVANCED_FACE('',(#2334),#2466,.F.);
#2570=ADVANCED_FACE('',(#2335),#46,.F.);
#2571=ADVANCED_FACE('',(#2336),#47,.F.);
#2572=ADVANCED_FACE('',(#2337),#48,.F.);
#2573=ADVANCED_FACE('',(#2338),#49,.F.);
#2574=ADVANCED_FACE('',(#2339),#2467,.F.);
#2575=ADVANCED_FACE('',(#2340),#2468,.T.);
#2576=ADVANCED_FACE('',(#2341),#2469,.T.);
#2577=ADVANCED_FACE('',(#2342),#2470,.T.);
#2578=ADVANCED_FACE('',(#2343),#2471,.T.);
#2579=ADVANCED_FACE('',(#2344),#2472,.F.);
#2580=ADVANCED_FACE('',(#2345),#2473,.F.);
#2581=ADVANCED_FACE('',(#2346),#2474,.T.);
#2582=ADVANCED_FACE('',(#2347),#50,.F.);
#2583=ADVANCED_FACE('',(#2348),#51,.F.);
#2584=ADVANCED_FACE('',(#2349),#52,.F.);
#2585=ADVANCED_FACE('',(#2350),#53,.F.);
#2586=ADVANCED_FACE('',(#2351),#54,.F.);
#2587=ADVANCED_FACE('',(#2352),#55,.F.);
#2588=ADVANCED_FACE('',(#2353),#56,.F.);
#2589=ADVANCED_FACE('',(#2354),#57,.F.);
#2590=ADVANCED_FACE('',(#2355),#58,.F.);
#2591=ADVANCED_FACE('',(#2356),#59,.F.);
#2592=ADVANCED_FACE('',(#2357),#60,.F.);
#2593=ADVANCED_FACE('',(#2358),#61,.F.);
#2594=ADVANCED_FACE('',(#2359),#62,.F.);
#2595=ADVANCED_FACE('',(#2360),#63,.F.);
#2596=ADVANCED_FACE('',(#2361),#64,.F.);
#2597=ADVANCED_FACE('',(#2362),#65,.F.);
#2598=ADVANCED_FACE('',(#2363),#66,.F.);
#2599=ADVANCED_FACE('',(#2364),#67,.F.);
#2600=ADVANCED_FACE('',(#2365),#68,.F.);
#2601=ADVANCED_FACE('',(#2366),#69,.F.);
#2602=ADVANCED_FACE('',(#2367),#70,.F.);
#2603=ADVANCED_FACE('',(#2368),#71,.F.);
#2604=ADVANCED_FACE('',(#2369),#72,.F.);
#2605=ADVANCED_FACE('',(#2370),#73,.F.);
#2606=ADVANCED_FACE('',(#2371),#74,.T.);
#2607=ADVANCED_FACE('',(#2372),#75,.T.);
#2608=ADVANCED_FACE('',(#2373),#76,.T.);
#2609=ADVANCED_FACE('',(#2374),#77,.T.);
#2610=ADVANCED_FACE('',(#2375,#2376),#2475,.T.);
#2611=ADVANCED_FACE('',(#2377,#2378),#78,.F.);
#2612=ADVANCED_FACE('',(#2379),#2476,.F.);
#2613=ADVANCED_FACE('',(#2380),#2477,.T.);
#2614=ADVANCED_FACE('',(#2381),#2478,.T.);
#2615=ADVANCED_FACE('',(#2382),#2479,.T.);
#2616=ADVANCED_FACE('',(#2383),#2480,.T.);
#2617=ADVANCED_FACE('',(#2384),#79,.F.);
#2618=ADVANCED_FACE('',(#2385),#80,.F.);
#2619=ADVANCED_FACE('',(#2386),#81,.F.);
#2620=ADVANCED_FACE('',(#2387),#82,.F.);
#2621=CLOSED_SHELL('',(#2481,#2482,#2483,#2484,#2485,#2486,#2487,#2488,
#2489,#2490,#2491,#2492,#2493,#2494,#2495,#2496,#2497,#2498,#2499,#2500,
#2501,#2502,#2503,#2504,#2505,#2506,#2507,#2508,#2509,#2510,#2511,#2512,
#2513,#2514,#2515,#2516,#2517,#2518,#2519,#2520,#2521,#2522,#2523,#2524,
#2525,#2526,#2527,#2528,#2529,#2530,#2531,#2532,#2533,#2534,#2535,#2536,
#2537,#2538,#2539,#2540,#2541,#2542,#2543,#2544,#2545,#2546,#2547,#2548,
#2549,#2550,#2551,#2552,#2553,#2554,#2555,#2556,#2557,#2558,#2559,#2560,
#2561,#2562,#2563,#2564,#2565,#2566,#2567,#2568,#2569,#2570,#2571,#2572,
#2573,#2574,#2575,#2576,#2577,#2578,#2579,#2580,#2581,#2582,#2583,#2584,
#2585,#2586,#2587,#2588,#2589,#2590,#2591,#2592,#2593,#2594,#2595,#2596,
#2597,#2598,#2599,#2600,#2601,#2602,#2603,#2604,#2605,#2606,#2607,#2608,
#2609,#2610,#2611,#2612,#2613,#2614,#2615,#2616,#2617,#2618,#2619,#2620));
#2622=STYLED_ITEM('',(#2623),#2630);
#2623=PRESENTATION_STYLE_ASSIGNMENT((#2624));
#2624=SURFACE_STYLE_USAGE(.BOTH.,#2625);
#2625=SURFACE_SIDE_STYLE('',(#2626));
#2626=SURFACE_STYLE_FILL_AREA(#2627);
#2627=FILL_AREA_STYLE('',(#2628));
#2628=FILL_AREA_STYLE_COLOUR('',#2629);
#2629=COLOUR_RGB('',0.615686274509804,0.811764705882353,0.929411764705882);
#2630=MANIFOLD_SOLID_BREP('Base Case',#2621);
#2631=SHAPE_DEFINITION_REPRESENTATION(#4629,#2632);
#2632=SHAPE_REPRESENTATION('Base Case',(#2633),#4624);
#2633=AXIS2_PLACEMENT_3D('',#3535,#2842,#2843);
#2634=AXIS2_PLACEMENT_3D('',#3536,#2844,#2845);
#2635=AXIS2_PLACEMENT_3D('',#3548,#2851,#2852);
#2636=AXIS2_PLACEMENT_3D('',#3552,#2854,#2855);
#2637=AXIS2_PLACEMENT_3D('',#3556,#2857,#2858);
#2638=AXIS2_PLACEMENT_3D('',#3560,#2860,#2861);
#2639=AXIS2_PLACEMENT_3D('',#3561,#2862,#2863);
#2640=AXIS2_PLACEMENT_3D('',#3573,#2869,#2870);
#2641=AXIS2_PLACEMENT_3D('',#3577,#2872,#2873);
#2642=AXIS2_PLACEMENT_3D('',#3581,#2875,#2876);
#2643=AXIS2_PLACEMENT_3D('',#3585,#2878,#2879);
#2644=AXIS2_PLACEMENT_3D('',#3586,#2880,#2881);
#2645=AXIS2_PLACEMENT_3D('',#3587,#2882,#2883);
#2646=AXIS2_PLACEMENT_3D('',#3599,#2889,#2890);
#2647=AXIS2_PLACEMENT_3D('',#3605,#2894,#2895);
#2648=AXIS2_PLACEMENT_3D('',#3606,#2896,#2897);
#2649=AXIS2_PLACEMENT_3D('',#3615,#2902,#2903);
#2650=AXIS2_PLACEMENT_3D('',#3624,#2908,#2909);
#2651=AXIS2_PLACEMENT_3D('',#3633,#2914,#2915);
#2652=AXIS2_PLACEMENT_3D('',#3634,#2916,#2917);
#2653=AXIS2_PLACEMENT_3D('',#3644,#2922,#2923);
#2654=AXIS2_PLACEMENT_3D('',#3653,#2928,#2929);
#2655=AXIS2_PLACEMENT_3D('',#3654,#2930,#2931);
#2656=AXIS2_PLACEMENT_3D('',#3655,#2932,#2933);
#2657=AXIS2_PLACEMENT_3D('',#3656,#2934,#2935);
#2658=AXIS2_PLACEMENT_3D('',#3657,#2936,#2937);
#2659=AXIS2_PLACEMENT_3D('',#3658,#2938,#2939);
#2660=AXIS2_PLACEMENT_3D('',#3660,#2941,#2942);
#2661=AXIS2_PLACEMENT_3D('',#3662,#2944,#2945);
#2662=AXIS2_PLACEMENT_3D('',#3663,#2946,#2947);
#2663=AXIS2_PLACEMENT_3D('',#3664,#2948,#2949);
#2664=AXIS2_PLACEMENT_3D('',#3666,#2950,#2951);
#2665=AXIS2_PLACEMENT_3D('',#3667,#2952,#2953);
#2666=AXIS2_PLACEMENT_3D('',#3676,#2958,#2959);
#2667=AXIS2_PLACEMENT_3D('',#3678,#2961,#2962);
#2668=AXIS2_PLACEMENT_3D('',#3687,#2967,#2968);
#2669=AXIS2_PLACEMENT_3D('',#3693,#2972,#2973);
#2670=AXIS2_PLACEMENT_3D('',#3699,#2977,#2978);
#2671=AXIS2_PLACEMENT_3D('',#3702,#2981,#2982);
#2672=AXIS2_PLACEMENT_3D('',#3706,#2984,#2985);
#2673=AXIS2_PLACEMENT_3D('',#3710,#2987,#2988);
#2674=AXIS2_PLACEMENT_3D('',#3714,#2990,#2991);
#2675=AXIS2_PLACEMENT_3D('',#3718,#2993,#2994);
#2676=AXIS2_PLACEMENT_3D('',#3722,#2996,#2997);
#2677=AXIS2_PLACEMENT_3D('',#3726,#2999,#3000);
#2678=AXIS2_PLACEMENT_3D('',#3730,#3002,#3003);
#2679=AXIS2_PLACEMENT_3D('',#3734,#3005,#3006);
#2680=AXIS2_PLACEMENT_3D('',#3850,#3034,#3035);
#2681=AXIS2_PLACEMENT_3D('',#3854,#3037,#3038);
#2682=AXIS2_PLACEMENT_3D('',#3858,#3040,#3041);
#2683=AXIS2_PLACEMENT_3D('',#3862,#3043,#3044);
#2684=AXIS2_PLACEMENT_3D('',#3863,#3045,#3046);
#2685=AXIS2_PLACEMENT_3D('',#3864,#3047,#3048);
#2686=AXIS2_PLACEMENT_3D('',#3865,#3049,#3050);
#2687=AXIS2_PLACEMENT_3D('',#3866,#3051,#3052);
#2688=AXIS2_PLACEMENT_3D('',#3870,#3054,#3055);
#2689=AXIS2_PLACEMENT_3D('',#3874,#3057,#3058);
#2690=AXIS2_PLACEMENT_3D('',#3878,#3060,#3061);
#2691=AXIS2_PLACEMENT_3D('',#3882,#3063,#3064);
#2692=AXIS2_PLACEMENT_3D('',#3886,#3066,#3067);
#2693=AXIS2_PLACEMENT_3D('',#3890,#3069,#3070);
#2694=AXIS2_PLACEMENT_3D('',#3894,#3072,#3073);
#2695=AXIS2_PLACEMENT_3D('',#3898,#3075,#3076);
#2696=AXIS2_PLACEMENT_3D('',#3904,#3080,#3081);
#2697=AXIS2_PLACEMENT_3D('',#3905,#3082,#3083);
#2698=AXIS2_PLACEMENT_3D('',#3907,#3084,#3085);
#2699=AXIS2_PLACEMENT_3D('',#3911,#3087,#3088);
#2700=AXIS2_PLACEMENT_3D('',#3915,#3090,#3091);
#2701=AXIS2_PLACEMENT_3D('',#3919,#3093,#3094);
#2702=AXIS2_PLACEMENT_3D('',#3923,#3096,#3097);
#2703=AXIS2_PLACEMENT_3D('',#3924,#3098,#3099);
#2704=AXIS2_PLACEMENT_3D('',#3925,#3100,#3101);
#2705=AXIS2_PLACEMENT_3D('',#3927,#3102,#3103);
#2706=AXIS2_PLACEMENT_3D('',#3930,#3106,#3107);
#2707=AXIS2_PLACEMENT_3D('',#3933,#3110,#3111);
#2708=AXIS2_PLACEMENT_3D('',#3934,#3112,#3113);
#2709=AXIS2_PLACEMENT_3D('',#3938,#3116,#3117);
#2710=AXIS2_PLACEMENT_3D('',#3941,#3120,#3121);
#2711=AXIS2_PLACEMENT_3D('',#3942,#3122,#3123);
#2712=AXIS2_PLACEMENT_3D('',#3944,#3124,#3125);
#2713=AXIS2_PLACEMENT_3D('',#3953,#3130,#3131);
#2714=AXIS2_PLACEMENT_3D('',#3956,#3134,#3135);
#2715=AXIS2_PLACEMENT_3D('',#3958,#3137,#3138);
#2716=AXIS2_PLACEMENT_3D('',#3960,#3140,#3141);
#2717=AXIS2_PLACEMENT_3D('',#3961,#3142,#3143);
#2718=AXIS2_PLACEMENT_3D('',#3965,#3145,#3146);
#2719=AXIS2_PLACEMENT_3D('',#3969,#3148,#3149);
#2720=AXIS2_PLACEMENT_3D('',#3973,#3151,#3152);
#2721=AXIS2_PLACEMENT_3D('',#3977,#3154,#3155);
#2722=AXIS2_PLACEMENT_3D('',#3978,#3156,#3157);
#2723=AXIS2_PLACEMENT_3D('',#3981,#3160,#3161);
#2724=AXIS2_PLACEMENT_3D('',#3984,#3164,#3165);
#2725=AXIS2_PLACEMENT_3D('',#3987,#3168,#3169);
#2726=AXIS2_PLACEMENT_3D('',#3990,#3172,#3173);
#2727=AXIS2_PLACEMENT_3D('',#3994,#3175,#3176);
#2728=AXIS2_PLACEMENT_3D('',#3998,#3178,#3179);
#2729=AXIS2_PLACEMENT_3D('',#4002,#3181,#3182);
#2730=AXIS2_PLACEMENT_3D('',#4006,#3184,#3185);
#2731=AXIS2_PLACEMENT_3D('',#4007,#3186,#3187);
#2732=AXIS2_PLACEMENT_3D('',#4010,#3190,#3191);
#2733=AXIS2_PLACEMENT_3D('',#4013,#3194,#3195);
#2734=AXIS2_PLACEMENT_3D('',#4016,#3198,#3199);
#2735=AXIS2_PLACEMENT_3D('',#4019,#3202,#3203);
#2736=AXIS2_PLACEMENT_3D('',#4023,#3205,#3206);
#2737=AXIS2_PLACEMENT_3D('',#4027,#3208,#3209);
#2738=AXIS2_PLACEMENT_3D('',#4031,#3211,#3212);
#2739=AXIS2_PLACEMENT_3D('',#4035,#3214,#3215);
#2740=AXIS2_PLACEMENT_3D('',#4036,#3216,#3217);
#2741=AXIS2_PLACEMENT_3D('',#4039,#3220,#3221);
#2742=AXIS2_PLACEMENT_3D('',#4042,#3224,#3225);
#2743=AXIS2_PLACEMENT_3D('',#4045,#3228,#3229);
#2744=AXIS2_PLACEMENT_3D('',#4048,#3232,#3233);
#2745=AXIS2_PLACEMENT_3D('',#4057,#3238,#3239);
#2746=AXIS2_PLACEMENT_3D('',#4066,#3244,#3245);
#2747=AXIS2_PLACEMENT_3D('',#4075,#3250,#3251);
#2748=AXIS2_PLACEMENT_3D('',#4081,#3255,#3256);
#2749=AXIS2_PLACEMENT_3D('',#4082,#3257,#3258);
#2750=AXIS2_PLACEMENT_3D('',#4154,#3278,#3279);
#2751=AXIS2_PLACEMENT_3D('',#4204,#3292,#3293);
#2752=AXIS2_PLACEMENT_3D('',#4207,#3296,#3297);
#2753=AXIS2_PLACEMENT_3D('',#4209,#3299,#3300);
#2754=AXIS2_PLACEMENT_3D('',#4211,#3302,#3303);
#2755=AXIS2_PLACEMENT_3D('',#4213,#3305,#3306);
#2756=AXIS2_PLACEMENT_3D('',#4215,#3308,#3309);
#2757=AXIS2_PLACEMENT_3D('',#4217,#3311,#3312);
#2758=AXIS2_PLACEMENT_3D('',#4219,#3314,#3315);
#2759=AXIS2_PLACEMENT_3D('',#4221,#3317,#3318);
#2760=AXIS2_PLACEMENT_3D('',#4248,#3321,#3322);
#2761=AXIS2_PLACEMENT_3D('',#4250,#3324,#3325);
#2762=AXIS2_PLACEMENT_3D('',#4252,#3327,#3328);
#2763=AXIS2_PLACEMENT_3D('',#4308,#3332,#3333);
#2764=AXIS2_PLACEMENT_3D('',#4310,#3335,#3336);
#2765=AXIS2_PLACEMENT_3D('',#4312,#3338,#3339);
#2766=AXIS2_PLACEMENT_3D('',#4339,#3342,#3343);
#2767=AXIS2_PLACEMENT_3D('',#4341,#3345,#3346);
#2768=AXIS2_PLACEMENT_3D('',#4343,#3348,#3349);
#2769=AXIS2_PLACEMENT_3D('',#4345,#3351,#3352);
#2770=AXIS2_PLACEMENT_3D('',#4347,#3354,#3355);
#2771=AXIS2_PLACEMENT_3D('',#4349,#3357,#3358);
#2772=AXIS2_PLACEMENT_3D('',#4351,#3360,#3361);
#2773=AXIS2_PLACEMENT_3D('',#4353,#3363,#3364);
#2774=AXIS2_PLACEMENT_3D('',#4355,#3366,#3367);
#2775=AXIS2_PLACEMENT_3D('',#4357,#3369,#3370);
#2776=AXIS2_PLACEMENT_3D('',#4469,#3374,#3375);
#2777=AXIS2_PLACEMENT_3D('',#4470,#3376,#3377);
#2778=AXIS2_PLACEMENT_3D('',#4479,#3382,#3383);
#2779=AXIS2_PLACEMENT_3D('',#4480,#3384,#3385);
#2780=AXIS2_PLACEMENT_3D('',#4493,#3386,#3387);
#2781=AXIS2_PLACEMENT_3D('',#4494,#3388,#3389);
#2782=AXIS2_PLACEMENT_3D('',#4495,#3390,#3391);
#2783=AXIS2_PLACEMENT_3D('',#4507,#3392,#3393);
#2784=AXIS2_PLACEMENT_3D('',#4508,#3394,#3395);
#2785=AXIS2_PLACEMENT_3D('',#4520,#3396,#3397);
#2786=AXIS2_PLACEMENT_3D('',#4531,#3398,#3399);
#2787=AXIS2_PLACEMENT_3D('',#4535,#3401,#3402);
#2788=AXIS2_PLACEMENT_3D('',#4539,#3404,#3405);
#2789=AXIS2_PLACEMENT_3D('',#4543,#3407,#3408);
#2790=AXIS2_PLACEMENT_3D('',#4547,#3410,#3411);
#2791=AXIS2_PLACEMENT_3D('',#4548,#3412,#3413);
#2792=AXIS2_PLACEMENT_3D('',#4551,#3416,#3417);
#2793=AXIS2_PLACEMENT_3D('',#4554,#3420,#3421);
#2794=AXIS2_PLACEMENT_3D('',#4557,#3424,#3425);
#2795=AXIS2_PLACEMENT_3D('',#4560,#3428,#3429);
#2796=AXIS2_PLACEMENT_3D('',#4566,#3433,#3434);
#2797=AXIS2_PLACEMENT_3D('',#4568,#3436,#3437);
#2798=AXIS2_PLACEMENT_3D('',#4570,#3439,#3440);
#2799=AXIS2_PLACEMENT_3D('',#4571,#3441,#3442);
#2800=AXIS2_PLACEMENT_3D('',#4572,#3443,#3444);
#2801=AXIS2_PLACEMENT_3D('',#4573,#3445,#3446);
#2802=AXIS2_PLACEMENT_3D('',#4574,#3447,#3448);
#2803=AXIS2_PLACEMENT_3D('',#4575,#3449,#3450);
#2804=AXIS2_PLACEMENT_3D('',#4576,#3451,#3452);
#2805=AXIS2_PLACEMENT_3D('',#4577,#3453,#3454);
#2806=AXIS2_PLACEMENT_3D('',#4578,#3455,#3456);
#2807=AXIS2_PLACEMENT_3D('',#4579,#3457,#3458);
#2808=AXIS2_PLACEMENT_3D('',#4580,#3459,#3460);
#2809=AXIS2_PLACEMENT_3D('',#4581,#3461,#3462);
#2810=AXIS2_PLACEMENT_3D('',#4582,#3463,#3464);
#2811=AXIS2_PLACEMENT_3D('',#4583,#3465,#3466);
#2812=AXIS2_PLACEMENT_3D('',#4584,#3467,#3468);
#2813=AXIS2_PLACEMENT_3D('',#4585,#3469,#3470);
#2814=AXIS2_PLACEMENT_3D('',#4586,#3471,#3472);
#2815=AXIS2_PLACEMENT_3D('',#4587,#3473,#3474);
#2816=AXIS2_PLACEMENT_3D('',#4588,#3475,#3476);
#2817=AXIS2_PLACEMENT_3D('',#4589,#3477,#3478);
#2818=AXIS2_PLACEMENT_3D('',#4590,#3479,#3480);
#2819=AXIS2_PLACEMENT_3D('',#4591,#3481,#3482);
#2820=AXIS2_PLACEMENT_3D('',#4592,#3483,#3484);
#2821=AXIS2_PLACEMENT_3D('',#4593,#3485,#3486);
#2822=AXIS2_PLACEMENT_3D('',#4594,#3487,#3488);
#2823=AXIS2_PLACEMENT_3D('',#4595,#3489,#3490);
#2824=AXIS2_PLACEMENT_3D('',#4596,#3491,#3492);
#2825=AXIS2_PLACEMENT_3D('',#4597,#3493,#3494);
#2826=AXIS2_PLACEMENT_3D('',#4598,#3495,#3496);
#2827=AXIS2_PLACEMENT_3D('',#4599,#3497,#3498);
#2828=AXIS2_PLACEMENT_3D('',#4600,#3499,#3500);
#2829=AXIS2_PLACEMENT_3D('',#4601,#3501,#3502);
#2830=AXIS2_PLACEMENT_3D('',#4602,#3503,#3504);
#2831=AXIS2_PLACEMENT_3D('',#4603,#3505,#3506);
#2832=AXIS2_PLACEMENT_3D('',#4604,#3507,#3508);
#2833=AXIS2_PLACEMENT_3D('',#4606,#3509,#3510);
#2834=AXIS2_PLACEMENT_3D('',#4607,#3511,#3512);
#2835=AXIS2_PLACEMENT_3D('',#4610,#3515,#3516);
#2836=AXIS2_PLACEMENT_3D('',#4613,#3519,#3520);
#2837=AXIS2_PLACEMENT_3D('',#4616,#3523,#3524);
#2838=AXIS2_PLACEMENT_3D('',#4619,#3527,#3528);
#2839=AXIS2_PLACEMENT_3D('',#4620,#3529,#3530);
#2840=AXIS2_PLACEMENT_3D('',#4621,#3531,#3532);
#2841=AXIS2_PLACEMENT_3D('',#4622,#3533,#3534);
#2842=DIRECTION('',(0.,0.,1.));
#2843=DIRECTION('',(1.,0.,0.));
#2844=DIRECTION('',(-2.5673853957261E-16,1.,0.));
#2845=DIRECTION('',(-1.,-2.5673853957261E-16,0.));
#2846=DIRECTION('',(1.,0.,0.));
#2847=DIRECTION('',(0.,0.,-1.));
#2848=DIRECTION('',(1.,2.5673853957261E-16,0.));
#2849=DIRECTION('',(0.,0.,-1.));
#2850=DIRECTION('',(0.,0.,1.));
#2851=DIRECTION('',(-2.5673853957261E-16,1.,0.));
#2852=DIRECTION('',(-1.,-2.5673853957261E-16,0.));
#2853=DIRECTION('',(1.,2.5673853957261E-16,0.));
#2854=DIRECTION('',(-2.5673853957261E-16,1.,0.));
#2855=DIRECTION('',(-1.,-2.5673853957261E-16,0.));
#2856=DIRECTION('',(0.,0.,-1.));
#2857=DIRECTION('',(-2.5673853957261E-16,1.,0.));
#2858=DIRECTION('',(-1.,-2.5673853957261E-16,0.));
#2859=DIRECTION('',(-1.,-2.5673853957261E-16,-1.7347234759768E-16));
#2860=DIRECTION('',(-2.5673853957261E-16,1.,0.));
#2861=DIRECTION('',(-1.,-2.5673853957261E-16,0.));
#2862=DIRECTION('',(-2.64066365961744E-16,1.,0.));
#2863=DIRECTION('',(-1.,-2.64066365961744E-16,0.));
#2864=DIRECTION('',(1.,2.64066365961744E-16,0.));
#2865=DIRECTION('',(0.,0.,-1.));
#2866=DIRECTION('',(1.,2.64066365961744E-16,0.));
#2867=DIRECTION('',(0.,0.,-1.));
#2868=DIRECTION('',(1.,2.64066365961744E-16,1.7347234759768E-16));
#2869=DIRECTION('',(-2.64066365961744E-16,1.,0.));
#2870=DIRECTION('',(-1.,-2.64066365961744E-16,0.));
#2871=DIRECTION('',(0.,0.,1.));
#2872=DIRECTION('',(-2.64066365961744E-16,1.,0.));
#2873=DIRECTION('',(-1.,-2.64066365961744E-16,0.));
#2874=DIRECTION('',(-1.,-2.64066365961744E-16,0.));
#2875=DIRECTION('',(-2.64066365961744E-16,1.,0.));
#2876=DIRECTION('',(-1.,-2.64066365961744E-16,0.));
#2877=DIRECTION('',(0.,0.,-1.));
#2878=DIRECTION('',(-2.64066365961744E-16,1.,0.));
#2879=DIRECTION('',(-1.,-2.64066365961744E-16,0.));
#2880=DIRECTION('',(-1.,0.,0.));
#2881=DIRECTION('',(0.,0.,1.));
#2882=DIRECTION('',(-1.,0.,0.));
#2883=DIRECTION('',(0.,0.,1.));
#2884=DIRECTION('',(0.,0.,-1.));
#2885=DIRECTION('',(0.,1.,0.));
#2886=DIRECTION('',(0.,0.90630778703665,-0.422618261740699));
#2887=DIRECTION('',(0.,0.,1.));
#2888=DIRECTION('',(0.,1.,0.));
#2889=DIRECTION('',(0.,-1.,0.));
#2890=DIRECTION('',(0.,0.,-1.));
#2891=DIRECTION('',(-1.,0.,0.));
#2892=DIRECTION('',(-1.,0.,0.));
#2893=DIRECTION('',(0.,0.,-1.));
#2894=DIRECTION('',(-1.,0.,0.));
#2895=DIRECTION('',(0.,0.,1.));
#2896=DIRECTION('',(-1.,0.,0.));
#2897=DIRECTION('',(0.,0.,1.));
#2898=DIRECTION('',(0.,1.,0.));
#2899=DIRECTION('',(0.,1.,0.));
#2900=DIRECTION('',(0.,0.,1.));
#2901=DIRECTION('',(0.,0.90630778703665,-0.422618261740699));
#2902=DIRECTION('',(-1.,0.,0.));
#2903=DIRECTION('',(0.,0.,1.));
#2904=DIRECTION('',(0.,1.,0.));
#2905=DIRECTION('',(0.,0.,-1.));
#2906=DIRECTION('',(0.,1.,0.));
#2907=DIRECTION('',(0.,0.,-1.));
#2908=DIRECTION('',(0.,-1.,0.));
#2909=DIRECTION('',(0.,0.,-1.));
#2910=DIRECTION('',(-1.,0.,0.));
#2911=DIRECTION('',(0.,0.,-1.));
#2912=DIRECTION('',(-1.,0.,0.));
#2913=DIRECTION('',(0.,0.,-1.));
#2914=DIRECTION('',(-1.,0.,0.));
#2915=DIRECTION('',(0.,0.,1.));
#2916=DIRECTION('',(-1.,0.,0.));
#2917=DIRECTION('',(0.,0.,1.));
#2918=DIRECTION('',(0.,1.,0.));
#2919=DIRECTION('',(0.,0.,-1.));
#2920=DIRECTION('',(0.,1.,0.));
#2921=DIRECTION('',(0.,0.,-1.));
#2922=DIRECTION('',(0.,-1.,0.));
#2923=DIRECTION('',(0.,0.,-1.));
#2924=DIRECTION('',(-1.,0.,0.));
#2925=DIRECTION('',(0.,0.,-1.));
#2926=DIRECTION('',(-1.,0.,0.));
#2927=DIRECTION('',(0.,0.,-1.));
#2928=DIRECTION('',(0.,0.,1.));
#2929=DIRECTION('',(1.,0.,0.));
#2930=DIRECTION('',(0.,0.,1.));
#2931=DIRECTION('',(1.,0.,0.));
#2932=DIRECTION('',(0.,0.,1.));
#2933=DIRECTION('',(1.,0.,0.));
#2934=DIRECTION('',(0.,0.,1.));
#2935=DIRECTION('',(1.,0.,0.));
#2936=DIRECTION('',(0.,0.,1.));
#2937=DIRECTION('',(1.,0.,0.));
#2938=DIRECTION('',(0.,0.,1.));
#2939=DIRECTION('',(1.,0.,0.));
#2940=DIRECTION('',(-1.,0.,0.));
#2941=DIRECTION('',(0.,0.422618261740699,0.90630778703665));
#2942=DIRECTION('',(0.,-0.90630778703665,0.422618261740699));
#2943=DIRECTION('',(-1.,0.,0.));
#2944=DIRECTION('',(-1.,0.,0.));
#2945=DIRECTION('',(0.,0.,1.));
#2946=DIRECTION('',(-1.,0.,0.));
#2947=DIRECTION('',(0.,0.,1.));
#2948=DIRECTION('',(-1.,0.,0.));
#2949=DIRECTION('',(0.,0.,1.));
#2950=DIRECTION('',(1.,0.,0.));
#2951=DIRECTION('',(0.,-1.,0.));
#2952=DIRECTION('',(0.,-1.,0.));
#2953=DIRECTION('',(0.,0.,-1.));
#2954=DIRECTION('',(1.,0.,0.));
#2955=DIRECTION('',(0.,0.,1.));
#2956=DIRECTION('',(1.,0.,0.));
#2957=DIRECTION('',(0.,0.,1.));
#2958=DIRECTION('',(0.,1.,0.));
#2959=DIRECTION('',(0.,0.,1.));
#2960=DIRECTION('',(-1.,0.,0.));
#2961=DIRECTION('',(0.,-1.,0.));
#2962=DIRECTION('',(0.,0.,-1.));
#2963=DIRECTION('',(1.,0.,0.));
#2964=DIRECTION('',(0.,0.,1.));
#2965=DIRECTION('',(1.,0.,0.));
#2966=DIRECTION('',(0.,0.,1.));
#2967=DIRECTION('',(-1.,0.,0.));
#2968=DIRECTION('',(0.,0.,1.));
#2969=DIRECTION('',(0.,-1.,0.));
#2970=DIRECTION('',(0.,0.,1.));
#2971=DIRECTION('',(0.,-1.,0.));
#2972=DIRECTION('',(0.,1.,0.));
#2973=DIRECTION('',(0.,0.,1.));
#2974=DIRECTION('',(1.,0.,0.));
#2975=DIRECTION('',(0.,0.,1.));
#2976=DIRECTION('',(1.,0.,0.));
#2977=DIRECTION('',(1.,0.,0.));
#2978=DIRECTION('',(0.,0.,-1.));
#2979=DIRECTION('',(0.,-1.,0.));
#2980=DIRECTION('',(0.,-1.,0.));
#2981=DIRECTION('',(0.,0.,1.));
#2982=DIRECTION('',(1.,0.,0.));
#2983=DIRECTION('',(0.,1.,0.));
#2984=DIRECTION('',(0.,0.,1.));
#2985=DIRECTION('',(1.,0.,0.));
#2986=DIRECTION('',(1.,0.,0.));
#2987=DIRECTION('',(0.,0.,1.));
#2988=DIRECTION('',(1.,0.,0.));
#2989=DIRECTION('',(0.,1.,0.));
#2990=DIRECTION('',(0.,0.,1.));
#2991=DIRECTION('',(1.,0.,0.));
#2992=DIRECTION('',(1.,0.,0.));
#2993=DIRECTION('',(0.,0.,1.));
#2994=DIRECTION('',(1.,0.,0.));
#2995=DIRECTION('',(1.,0.,0.));
#2996=DIRECTION('',(0.,0.,1.));
#2997=DIRECTION('',(1.,0.,0.));
#2998=DIRECTION('',(0.,1.,0.));
#2999=DIRECTION('',(0.,0.,1.));
#3000=DIRECTION('',(1.,0.,0.));
#3001=DIRECTION('',(-1.,0.,0.));
#3002=DIRECTION('',(0.,0.,1.));
#3003=DIRECTION('',(1.,0.,0.));
#3004=DIRECTION('',(0.,-1.,0.));
#3005=DIRECTION('',(0.,0.,1.));
#3006=DIRECTION('',(1.,0.,0.));
#3007=DIRECTION('',(-1.,0.,0.));
#3008=DIRECTION('',(1.,0.,0.));
#3009=DIRECTION('',(0.,1.,0.));
#3010=DIRECTION('',(-1.,0.,0.));
#3011=DIRECTION('',(0.,1.,0.));
#3012=DIRECTION('',(-0.707106781186547,-0.707106781186548,0.));
#3013=DIRECTION('',(1.,5.96394348146689E-16,0.));
#3014=DIRECTION('',(-1.04497432729341E-15,1.,0.));
#3015=DIRECTION('',(-1.,0.,0.));
#3016=DIRECTION('',(0.,-1.,0.));
#3017=DIRECTION('',(1.,8.10598120602192E-16,0.));
#3018=DIRECTION('',(1.,6.6181135185738E-16,0.));
#3019=DIRECTION('',(0.,1.,0.));
#3020=DIRECTION('',(-1.,-1.43607668869854E-16,0.));
#3021=DIRECTION('',(-1.,-1.43607668869854E-16,0.));
#3022=DIRECTION('',(1.00929365875014E-15,-1.,0.));
#3023=DIRECTION('',(1.,6.77953092146583E-16,0.));
#3024=DIRECTION('',(1.,8.1059812060219E-16,0.));
#3025=DIRECTION('',(0.,-1.,0.));
#3026=DIRECTION('',(1.,0.,0.));
#3027=DIRECTION('',(-1.04497432729341E-15,1.,0.));
#3028=DIRECTION('',(1.,7.15673217776027E-16,0.));
#3029=DIRECTION('',(-0.707106781186548,0.707106781186547,0.));
#3030=DIRECTION('',(0.,1.,0.));
#3031=DIRECTION('',(1.,0.,0.));
#3032=DIRECTION('',(0.,1.,0.));
#3033=DIRECTION('',(0.,1.,0.));
#3034=DIRECTION('',(0.,0.,1.));
#3035=DIRECTION('',(1.,0.,0.));
#3036=DIRECTION('',(-1.,0.,0.));
#3037=DIRECTION('',(0.,0.,1.));
#3038=DIRECTION('',(1.,0.,0.));
#3039=DIRECTION('',(0.,-1.,0.));
#3040=DIRECTION('',(0.,0.,1.));
#3041=DIRECTION('',(1.,0.,0.));
#3042=DIRECTION('',(1.,0.,0.));
#3043=DIRECTION('',(0.,0.,1.));
#3044=DIRECTION('',(1.,0.,0.));
#3045=DIRECTION('',(0.,0.,1.));
#3046=DIRECTION('',(1.,0.,0.));
#3047=DIRECTION('',(0.,0.,1.));
#3048=DIRECTION('',(1.,0.,0.));
#3049=DIRECTION('',(0.,0.,1.));
#3050=DIRECTION('',(1.,0.,0.));
#3051=DIRECTION('',(0.,0.,1.));
#3052=DIRECTION('',(1.,0.,0.));
#3053=DIRECTION('',(1.,0.,0.));
#3054=DIRECTION('',(0.,0.,1.));
#3055=DIRECTION('',(1.,0.,0.));
#3056=DIRECTION('',(0.,-1.,0.));
#3057=DIRECTION('',(0.,0.,1.));
#3058=DIRECTION('',(1.,0.,0.));
#3059=DIRECTION('',(1.,0.,0.));
#3060=DIRECTION('',(0.,0.,1.));
#3061=DIRECTION('',(1.,0.,0.));
#3062=DIRECTION('',(0.,-1.,0.));
#3063=DIRECTION('',(0.,0.,1.));
#3064=DIRECTION('',(1.,0.,0.));
#3065=DIRECTION('',(0.,-1.,0.));
#3066=DIRECTION('',(0.,0.,1.));
#3067=DIRECTION('',(1.,0.,0.));
#3068=DIRECTION('',(-1.,0.,0.));
#3069=DIRECTION('',(0.,0.,1.));
#3070=DIRECTION('',(1.,0.,0.));
#3071=DIRECTION('',(0.,-1.,0.));
#3072=DIRECTION('',(0.,0.,1.));
#3073=DIRECTION('',(1.,0.,0.));
#3074=DIRECTION('',(-1.,0.,0.));
#3075=DIRECTION('',(0.,0.,1.));
#3076=DIRECTION('',(1.,0.,0.));
#3077=DIRECTION('',(0.,1.,0.));
#3078=DIRECTION('',(0.,1.,0.));
#3079=DIRECTION('',(1.,0.,0.));
#3080=DIRECTION('',(-1.,0.,0.));
#3081=DIRECTION('',(0.,-1.,0.));
#3082=DIRECTION('',(-1.,0.,0.));
#3083=DIRECTION('',(0.,0.,1.));
#3084=DIRECTION('',(0.,0.,1.));
#3085=DIRECTION('',(1.,0.,0.));
#3086=DIRECTION('',(1.,0.,0.));
#3087=DIRECTION('',(0.,0.,1.));
#3088=DIRECTION('',(1.,0.,0.));
#3089=DIRECTION('',(0.,1.,0.));
#3090=DIRECTION('',(0.,0.,1.));
#3091=DIRECTION('',(1.,0.,0.));
#3092=DIRECTION('',(1.,0.,0.));
#3093=DIRECTION('',(0.,0.,1.));
#3094=DIRECTION('',(1.,0.,0.));
#3095=DIRECTION('',(0.,1.,0.));
#3096=DIRECTION('',(0.,0.,1.));
#3097=DIRECTION('',(1.,0.,0.));
#3098=DIRECTION('',(1.,0.,0.));
#3099=DIRECTION('',(0.,0.,-1.));
#3100=DIRECTION('',(-1.,0.,0.));
#3101=DIRECTION('',(0.,0.,1.));
#3102=DIRECTION('',(-1.,0.,0.));
#3103=DIRECTION('',(0.,0.,1.));
#3104=DIRECTION('',(0.,0.,-1.));
#3105=DIRECTION('',(0.,0.,-1.));
#3106=DIRECTION('',(0.,1.,0.));
#3107=DIRECTION('',(0.,0.,1.));
#3108=DIRECTION('',(0.,0.,-1.));
#3109=DIRECTION('',(0.,0.,-1.));
#3110=DIRECTION('',(-1.,0.,0.));
#3111=DIRECTION('',(0.,0.,1.));
#3112=DIRECTION('',(-1.,0.,0.));
#3113=DIRECTION('',(0.,0.,1.));
#3114=DIRECTION('',(0.,0.,-1.));
#3115=DIRECTION('',(0.,0.,-1.));
#3116=DIRECTION('',(0.,1.,0.));
#3117=DIRECTION('',(0.,0.,1.));
#3118=DIRECTION('',(0.,0.,-1.));
#3119=DIRECTION('',(0.,0.,-1.));
#3120=DIRECTION('',(1.,0.,0.));
#3121=DIRECTION('',(0.,0.,-1.));
#3122=DIRECTION('',(-1.,0.,0.));
#3123=DIRECTION('',(0.,0.,1.));
#3124=DIRECTION('',(0.,0.,1.));
#3125=DIRECTION('',(1.,0.,0.));
#3126=DIRECTION('',(0.,1.,0.));
#3127=DIRECTION('',(1.,0.,0.));
#3128=DIRECTION('',(0.,1.,0.));
#3129=DIRECTION('',(1.,0.,0.));
#3130=DIRECTION('',(0.,1.,0.));
#3131=DIRECTION('',(0.,0.,1.));
#3132=DIRECTION('',(0.,0.,-1.));
#3133=DIRECTION('',(0.,0.,-1.));
#3134=DIRECTION('',(-1.,0.,0.));
#3135=DIRECTION('',(0.,0.,1.));
#3136=DIRECTION('',(0.,0.90630778703665,-0.422618261740699));
#3137=DIRECTION('',(0.,-0.422618261740699,-0.90630778703665));
#3138=DIRECTION('',(0.,0.90630778703665,-0.422618261740699));
#3139=DIRECTION('',(0.,0.90630778703665,-0.422618261740699));
#3140=DIRECTION('',(-1.,0.,0.));
#3141=DIRECTION('',(0.,0.,1.));
#3142=DIRECTION('',(0.,0.,1.));
#3143=DIRECTION('',(1.,0.,0.));
#3144=DIRECTION('',(-1.,0.,0.));
#3145=DIRECTION('',(0.,0.,1.));
#3146=DIRECTION('',(1.,0.,0.));
#3147=DIRECTION('',(0.,-1.,0.));
#3148=DIRECTION('',(0.,0.,1.));
#3149=DIRECTION('',(1.,0.,0.));
#3150=DIRECTION('',(-1.,0.,0.));
#3151=DIRECTION('',(0.,0.,1.));
#3152=DIRECTION('',(1.,0.,0.));
#3153=DIRECTION('',(0.,-1.,0.));
#3154=DIRECTION('',(0.,0.,1.));
#3155=DIRECTION('',(1.,0.,0.));
#3156=DIRECTION('',(1.,0.,0.));
#3157=DIRECTION('',(0.,0.,-1.));
#3158=DIRECTION('',(0.,0.,-1.));
#3159=DIRECTION('',(0.,0.,-1.));
#3160=DIRECTION('',(0.,-1.,0.));
#3161=DIRECTION('',(0.,0.,-1.));
#3162=DIRECTION('',(0.,0.,-1.));
#3163=DIRECTION('',(0.,0.,-1.));
#3164=DIRECTION('',(1.,0.,0.));
#3165=DIRECTION('',(0.,0.,-1.));
#3166=DIRECTION('',(0.,0.,-1.));
#3167=DIRECTION('',(0.,0.,-1.));
#3168=DIRECTION('',(0.,-1.,0.));
#3169=DIRECTION('',(0.,0.,-1.));
#3170=DIRECTION('',(0.,0.,-1.));
#3171=DIRECTION('',(0.,0.,-1.));
#3172=DIRECTION('',(0.,0.,1.));
#3173=DIRECTION('',(1.,0.,0.));
#3174=DIRECTION('',(0.,-1.,0.));
#3175=DIRECTION('',(0.,0.,1.));
#3176=DIRECTION('',(1.,0.,0.));
#3177=DIRECTION('',(1.,0.,0.));
#3178=DIRECTION('',(0.,0.,1.));
#3179=DIRECTION('',(1.,0.,0.));
#3180=DIRECTION('',(0.,-1.,0.));
#3181=DIRECTION('',(0.,0.,1.));
#3182=DIRECTION('',(1.,0.,0.));
#3183=DIRECTION('',(1.,0.,0.));
#3184=DIRECTION('',(0.,0.,1.));
#3185=DIRECTION('',(1.,0.,0.));
#3186=DIRECTION('',(1.,0.,0.));
#3187=DIRECTION('',(0.,0.,-1.));
#3188=DIRECTION('',(0.,0.,-1.));
#3189=DIRECTION('',(0.,0.,-1.));
#3190=DIRECTION('',(0.,1.,0.));
#3191=DIRECTION('',(0.,0.,1.));
#3192=DIRECTION('',(0.,0.,-1.));
#3193=DIRECTION('',(0.,0.,-1.));
#3194=DIRECTION('',(1.,0.,0.));
#3195=DIRECTION('',(0.,0.,-1.));
#3196=DIRECTION('',(0.,0.,-1.));
#3197=DIRECTION('',(0.,0.,-1.));
#3198=DIRECTION('',(0.,1.,0.));
#3199=DIRECTION('',(0.,0.,1.));
#3200=DIRECTION('',(0.,0.,-1.));
#3201=DIRECTION('',(0.,0.,-1.));
#3202=DIRECTION('',(0.,0.,1.));
#3203=DIRECTION('',(1.,0.,0.));
#3204=DIRECTION('',(-1.,0.,0.));
#3205=DIRECTION('',(0.,0.,1.));
#3206=DIRECTION('',(1.,0.,0.));
#3207=DIRECTION('',(0.,1.,0.));
#3208=DIRECTION('',(0.,0.,1.));
#3209=DIRECTION('',(1.,0.,0.));
#3210=DIRECTION('',(1.,0.,0.));
#3211=DIRECTION('',(0.,0.,1.));
#3212=DIRECTION('',(1.,0.,0.));
#3213=DIRECTION('',(0.,-1.,0.));
#3214=DIRECTION('',(0.,0.,1.));
#3215=DIRECTION('',(1.,0.,0.));
#3216=DIRECTION('',(0.,1.,0.));
#3217=DIRECTION('',(0.,0.,1.));
#3218=DIRECTION('',(0.,0.,-1.));
#3219=DIRECTION('',(0.,0.,-1.));
#3220=DIRECTION('',(1.,0.,0.));
#3221=DIRECTION('',(0.,0.,-1.));
#3222=DIRECTION('',(0.,0.,-1.));
#3223=DIRECTION('',(0.,0.,-1.));
#3224=DIRECTION('',(0.,-1.,0.));
#3225=DIRECTION('',(0.,0.,-1.));
#3226=DIRECTION('',(0.,0.,-1.));
#3227=DIRECTION('',(0.,0.,-1.));
#3228=DIRECTION('',(-1.,0.,0.));
#3229=DIRECTION('',(0.,0.,1.));
#3230=DIRECTION('',(0.,0.,-1.));
#3231=DIRECTION('',(0.,0.,-1.));
#3232=DIRECTION('',(-2.5673853957261E-16,1.,0.));
#3233=DIRECTION('',(-1.,-2.5673853957261E-16,0.));
#3234=DIRECTION('',(0.,0.,-1.));
#3235=DIRECTION('',(1.,2.5673853957261E-16,0.));
#3236=DIRECTION('',(0.,0.,-1.));
#3237=DIRECTION('',(1.,0.,0.));
#3238=DIRECTION('',(1.,-3.22880042060537E-16,0.));
#3239=DIRECTION('',(3.22880042060537E-16,1.,0.));
#3240=DIRECTION('',(0.,-1.,0.));
#3241=DIRECTION('',(0.,0.,-1.));
#3242=DIRECTION('',(-3.22880042060537E-16,-1.,0.));
#3243=DIRECTION('',(0.,0.,-1.));
#3244=DIRECTION('',(-0.707106781186548,0.707106781186548,0.));
#3245=DIRECTION('',(-0.707106781186548,-0.707106781186548,0.));
#3246=DIRECTION('',(0.707106781186548,0.707106781186548,0.));
#3247=DIRECTION('',(0.,0.,-1.));
#3248=DIRECTION('',(0.707106781186548,0.707106781186548,0.));
#3249=DIRECTION('',(0.,0.,-1.));
#3250=DIRECTION('',(-0.707106781186548,-0.707106781186548,0.));
#3251=DIRECTION('',(0.707106781186548,-0.707106781186548,0.));
#3252=DIRECTION('',(-0.707106781186548,0.707106781186548,0.));
#3253=DIRECTION('',(0.,0.,-1.));
#3254=DIRECTION('',(-0.707106781186548,0.707106781186548,0.));
#3255=DIRECTION('',(0.,0.,1.));
#3256=DIRECTION('',(1.,0.,0.));
#3257=DIRECTION('',(0.,0.,1.));
#3258=DIRECTION('',(1.,0.,0.));
#3259=DIRECTION('',(1.,2.64066365961744E-16,0.));
#3260=DIRECTION('',(-3.40715981164694E-16,-1.,0.));
#3261=DIRECTION('',(-3.40715981164694E-16,-1.,0.));
#3262=DIRECTION('',(1.,7.15673217776027E-16,0.));
#3263=DIRECTION('',(-1.04497432729341E-15,1.,0.));
#3264=DIRECTION('',(1.,0.,0.));
#3265=DIRECTION('',(0.,-1.,0.));
#3266=DIRECTION('',(1.,8.1059812060219E-16,0.));
#3267=DIRECTION('',(1.,6.77953092146583E-16,0.));
#3268=DIRECTION('',(1.00929365875014E-15,-1.,0.));
#3269=DIRECTION('',(-1.,-1.43607668869854E-16,0.));
#3270=DIRECTION('',(-1.,-1.43607668869854E-16,0.));
#3271=DIRECTION('',(0.,1.,0.));
#3272=DIRECTION('',(1.,6.6181135185738E-16,0.));
#3273=DIRECTION('',(1.,8.10598120602192E-16,0.));
#3274=DIRECTION('',(0.,-1.,0.));
#3275=DIRECTION('',(-1.,0.,0.));
#3276=DIRECTION('',(-1.04497432729341E-15,1.,0.));
#3277=DIRECTION('',(1.,5.96394348146689E-16,0.));
#3278=DIRECTION('',(0.,0.,1.));
#3279=DIRECTION('',(1.,0.,0.));
#3280=DIRECTION('',(1.,6.4559722807721E-16,0.));
#3281=DIRECTION('',(0.707106781186548,0.707106781186547,0.));
#3282=DIRECTION('',(0.,1.,0.));
#3283=DIRECTION('',(-1.,0.,0.));
#3284=DIRECTION('',(0.,1.,0.));
#3285=DIRECTION('',(1.,0.,0.));
#3286=DIRECTION('',(-1.,0.,0.));
#3287=DIRECTION('',(0.,1.,0.));
#3288=DIRECTION('',(1.,0.,0.));
#3289=DIRECTION('',(0.,1.,0.));
#3290=DIRECTION('',(0.707106781186548,-0.707106781186548,0.));
#3291=DIRECTION('',(1.,6.4559722807721E-16,0.));
#3292=DIRECTION('',(-1.,0.,0.));
#3293=DIRECTION('',(0.,0.,1.));
#3294=DIRECTION('',(0.,0.,-1.));
#3295=DIRECTION('',(0.,0.,-1.));
#3296=DIRECTION('',(0.,1.,0.));
#3297=DIRECTION('',(0.,0.,1.));
#3298=DIRECTION('',(0.,0.,-1.));
#3299=DIRECTION('',(-1.,0.,0.));
#3300=DIRECTION('',(0.,0.,1.));
#3301=DIRECTION('',(0.,0.,-1.));
#3302=DIRECTION('',(-0.707106781186547,-0.707106781186548,0.));
#3303=DIRECTION('',(0.707106781186548,-0.707106781186547,0.));
#3304=DIRECTION('',(0.,0.,-1.));
#3305=DIRECTION('',(-7.15673217776027E-16,1.,0.));
#3306=DIRECTION('',(-1.,-7.15673217776027E-16,0.));
#3307=DIRECTION('',(0.,0.,-1.));
#3308=DIRECTION('',(-1.,-1.04497432729341E-15,0.));
#3309=DIRECTION('',(1.04497432729341E-15,-1.,0.));
#3310=DIRECTION('',(0.,0.,-1.));
#3311=DIRECTION('',(0.,1.,0.));
#3312=DIRECTION('',(0.,0.,1.));
#3313=DIRECTION('',(0.,0.,-1.));
#3314=DIRECTION('',(1.,0.,0.));
#3315=DIRECTION('',(0.,0.,-1.));
#3316=DIRECTION('',(0.,0.,-1.));
#3317=DIRECTION('',(-8.1059812060219E-16,1.,0.));
#3318=DIRECTION('',(-1.,-8.1059812060219E-16,0.));
#3319=DIRECTION('',(0.,0.,-1.));
#3320=DIRECTION('',(0.,0.,-1.));
#3321=DIRECTION('',(-6.77953092146583E-16,1.,0.));
#3322=DIRECTION('',(-1.,-6.77953092146583E-16,0.));
#3323=DIRECTION('',(0.,0.,-1.));
#3324=DIRECTION('',(1.,1.00929365875014E-15,0.));
#3325=DIRECTION('',(-1.00929365875014E-15,1.,0.));
#3326=DIRECTION('',(0.,0.,-1.));
#3327=DIRECTION('',(1.43607668869854E-16,-1.,0.));
#3328=DIRECTION('',(1.,1.43607668869854E-16,0.));
#3329=DIRECTION('',(0.,0.,-1.));
#3330=DIRECTION('',(0.,0.,-1.));
#3331=DIRECTION('',(0.,0.,-1.));
#3332=DIRECTION('',(1.43607668869854E-16,-1.,0.));
#3333=DIRECTION('',(1.,1.43607668869854E-16,0.));
#3334=DIRECTION('',(0.,0.,-1.));
#3335=DIRECTION('',(-1.,0.,0.));
#3336=DIRECTION('',(0.,0.,1.));
#3337=DIRECTION('',(0.,0.,-1.));
#3338=DIRECTION('',(-6.6181135185738E-16,1.,0.));
#3339=DIRECTION('',(-1.,-6.6181135185738E-16,0.));
#3340=DIRECTION('',(0.,0.,-1.));
#3341=DIRECTION('',(0.,0.,-1.));
#3342=DIRECTION('',(-8.10598120602192E-16,1.,0.));
#3343=DIRECTION('',(-1.,-8.10598120602192E-16,0.));
#3344=DIRECTION('',(0.,0.,-1.));
#3345=DIRECTION('',(1.,0.,0.));
#3346=DIRECTION('',(0.,0.,-1.));
#3347=DIRECTION('',(0.,0.,-1.));
#3348=DIRECTION('',(0.,-1.,0.));
#3349=DIRECTION('',(0.,0.,-1.));
#3350=DIRECTION('',(0.,0.,-1.));
#3351=DIRECTION('',(-1.,-1.04497432729341E-15,0.));
#3352=DIRECTION('',(1.04497432729341E-15,-1.,0.));
#3353=DIRECTION('',(0.,0.,-1.));
#3354=DIRECTION('',(-5.96394348146689E-16,1.,0.));
#3355=DIRECTION('',(-1.,-5.96394348146689E-16,0.));
#3356=DIRECTION('',(0.,0.,-1.));
#3357=DIRECTION('',(0.707106781186548,-0.707106781186547,0.));
#3358=DIRECTION('',(0.707106781186547,0.707106781186548,0.));
#3359=DIRECTION('',(0.,0.,-1.));
#3360=DIRECTION('',(-1.,0.,0.));
#3361=DIRECTION('',(0.,0.,1.));
#3362=DIRECTION('',(0.,0.,-1.));
#3363=DIRECTION('',(0.,-1.,0.));
#3364=DIRECTION('',(0.,0.,-1.));
#3365=DIRECTION('',(0.,0.,-1.));
#3366=DIRECTION('',(-1.,0.,0.));
#3367=DIRECTION('',(0.,0.,1.));
#3368=DIRECTION('',(0.,0.,-1.));
#3369=DIRECTION('',(0.,1.,0.));
#3370=DIRECTION('',(0.,0.,1.));
#3371=DIRECTION('',(0.,0.,-1.));
#3372=DIRECTION('',(0.,0.,-1.));
#3373=DIRECTION('',(0.,0.,-1.));
#3374=DIRECTION('',(0.,-1.,0.));
#3375=DIRECTION('',(0.,0.,-1.));
#3376=DIRECTION('',(1.,-3.22880042060537E-16,0.));
#3377=DIRECTION('',(3.22880042060537E-16,1.,0.));
#3378=DIRECTION('',(0.,-1.,0.));
#3379=DIRECTION('',(0.,0.,-1.));
#3380=DIRECTION('',(-3.22880042060537E-16,-1.,0.));
#3381=DIRECTION('',(0.,0.,-1.));
#3382=DIRECTION('',(0.,-1.,0.));
#3383=DIRECTION('',(0.,0.,-1.));
#3384=DIRECTION('',(0.707106781186548,-0.707106781186548,0.));
#3385=DIRECTION('',(0.707106781186548,0.707106781186548,0.));
#3386=DIRECTION('',(0.707106781186548,0.707106781186548,0.));
#3387=DIRECTION('',(0.707106781186548,-0.707106781186548,0.));
#3388=DIRECTION('',(1.,0.,0.));
#3389=DIRECTION('',(0.,0.,-1.));
#3390=DIRECTION('',(0.707106781186548,0.707106781186548,0.));
#3391=DIRECTION('',(0.707106781186548,-0.707106781186548,0.));
#3392=DIRECTION('',(0.,-1.,0.));
#3393=DIRECTION('',(0.,0.,-1.));
#3394=DIRECTION('',(0.707106781186548,-0.707106781186548,0.));
#3395=DIRECTION('',(0.707106781186548,0.707106781186548,0.));
#3396=DIRECTION('',(1.,0.,0.));
#3397=DIRECTION('',(0.,0.,-1.));
#3398=DIRECTION('',(0.,0.,1.));
#3399=DIRECTION('',(1.,0.,0.));
#3400=DIRECTION('',(1.,0.,0.));
#3401=DIRECTION('',(0.,0.,1.));
#3402=DIRECTION('',(1.,0.,0.));
#3403=DIRECTION('',(0.,-1.,0.));
#3404=DIRECTION('',(0.,0.,1.));
#3405=DIRECTION('',(1.,0.,0.));
#3406=DIRECTION('',(-1.,0.,0.));
#3407=DIRECTION('',(0.,0.,1.));
#3408=DIRECTION('',(1.,0.,0.));
#3409=DIRECTION('',(0.,1.,0.));
#3410=DIRECTION('',(0.,0.,1.));
#3411=DIRECTION('',(1.,0.,0.));
#3412=DIRECTION('',(0.,1.,0.));
#3413=DIRECTION('',(0.,0.,1.));
#3414=DIRECTION('',(0.,0.,-1.));
#3415=DIRECTION('',(0.,0.,-1.));
#3416=DIRECTION('',(1.,0.,0.));
#3417=DIRECTION('',(0.,0.,-1.));
#3418=DIRECTION('',(0.,0.,-1.));
#3419=DIRECTION('',(0.,0.,-1.));
#3420=DIRECTION('',(0.,-1.,0.));
#3421=DIRECTION('',(0.,0.,-1.));
#3422=DIRECTION('',(0.,0.,-1.));
#3423=DIRECTION('',(0.,0.,-1.));
#3424=DIRECTION('',(-1.,0.,0.));
#3425=DIRECTION('',(0.,0.,1.));
#3426=DIRECTION('',(0.,0.,-1.));
#3427=DIRECTION('',(0.,0.,-1.));
#3428=DIRECTION('',(-2.64066365961744E-16,1.,0.));
#3429=DIRECTION('',(-1.,-2.64066365961744E-16,0.));
#3430=DIRECTION('',(0.,0.,-1.));
#3431=DIRECTION('',(1.,2.64066365961744E-16,0.));
#3432=DIRECTION('',(0.,0.,-1.));
#3433=DIRECTION('',(1.,-3.40715981164694E-16,0.));
#3434=DIRECTION('',(3.40715981164694E-16,1.,0.));
#3435=DIRECTION('',(-3.40715981164694E-16,-1.,0.));
#3436=DIRECTION('',(1.,-3.40715981164694E-16,0.));
#3437=DIRECTION('',(3.40715981164694E-16,1.,0.));
#3438=DIRECTION('',(-3.40715981164694E-16,-1.,0.));
#3439=DIRECTION('',(0.,0.,-1.));
#3440=DIRECTION('',(-1.,0.,0.));
#3441=DIRECTION('',(0.,0.,1.));
#3442=DIRECTION('',(1.,0.,0.));
#3443=DIRECTION('',(0.,0.,-1.));
#3444=DIRECTION('',(-1.,0.,0.));
#3445=DIRECTION('',(0.,0.,1.));
#3446=DIRECTION('',(1.,0.,0.));
#3447=DIRECTION('',(0.,0.,-1.));
#3448=DIRECTION('',(-1.,0.,0.));
#3449=DIRECTION('',(0.,0.,1.));
#3450=DIRECTION('',(1.,0.,0.));
#3451=DIRECTION('',(0.,0.,-1.));
#3452=DIRECTION('',(-1.,0.,0.));
#3453=DIRECTION('',(0.,0.,1.));
#3454=DIRECTION('',(1.,0.,0.));
#3455=DIRECTION('',(0.,0.,1.));
#3456=DIRECTION('',(1.,0.,0.));
#3457=DIRECTION('',(0.,0.,1.));
#3458=DIRECTION('',(1.,0.,0.));
#3459=DIRECTION('',(0.,0.,1.));
#3460=DIRECTION('',(1.,0.,0.));
#3461=DIRECTION('',(0.,0.,1.));
#3462=DIRECTION('',(1.,0.,0.));
#3463=DIRECTION('',(0.,0.,1.));
#3464=DIRECTION('',(1.,0.,0.));
#3465=DIRECTION('',(0.,0.,1.));
#3466=DIRECTION('',(1.,0.,0.));
#3467=DIRECTION('',(0.,0.,1.));
#3468=DIRECTION('',(1.,0.,0.));
#3469=DIRECTION('',(0.,0.,1.));
#3470=DIRECTION('',(1.,0.,0.));
#3471=DIRECTION('',(0.,0.,1.));
#3472=DIRECTION('',(1.,0.,0.));
#3473=DIRECTION('',(0.,0.,-1.));
#3474=DIRECTION('',(-1.,0.,0.));
#3475=DIRECTION('',(0.,0.,1.));
#3476=DIRECTION('',(1.,0.,0.));
#3477=DIRECTION('',(0.,0.,-1.));
#3478=DIRECTION('',(-1.,0.,0.));
#3479=DIRECTION('',(0.,0.,-1.));
#3480=DIRECTION('',(-1.,0.,0.));
#3481=DIRECTION('',(0.,0.,1.));
#3482=DIRECTION('',(1.,0.,0.));
#3483=DIRECTION('',(0.,0.,-1.));
#3484=DIRECTION('',(-1.,0.,0.));
#3485=DIRECTION('',(0.,0.,1.));
#3486=DIRECTION('',(1.,0.,0.));
#3487=DIRECTION('',(0.,0.,-1.));
#3488=DIRECTION('',(-1.,0.,0.));
#3489=DIRECTION('',(0.,0.,1.));
#3490=DIRECTION('',(1.,0.,0.));
#3491=DIRECTION('',(0.,0.,1.));
#3492=DIRECTION('',(1.,0.,0.));
#3493=DIRECTION('',(0.,0.,1.));
#3494=DIRECTION('',(1.,0.,0.));
#3495=DIRECTION('',(0.,0.,-1.));
#3496=DIRECTION('',(-1.,0.,0.));
#3497=DIRECTION('',(0.,0.,1.));
#3498=DIRECTION('',(1.,0.,0.));
#3499=DIRECTION('',(0.,0.,1.));
#3500=DIRECTION('',(1.,0.,0.));
#3501=DIRECTION('',(0.,0.,1.));
#3502=DIRECTION('',(1.,0.,0.));
#3503=DIRECTION('',(0.,0.,1.));
#3504=DIRECTION('',(1.,0.,0.));
#3505=DIRECTION('',(0.,0.,1.));
#3506=DIRECTION('',(1.,0.,0.));
#3507=DIRECTION('',(0.,0.,-1.));
#3508=DIRECTION('',(-1.,0.,0.));
#3509=DIRECTION('',(0.,0.,-1.));
#3510=DIRECTION('',(1.,0.,0.));
#3511=DIRECTION('',(0.,0.,-1.));
#3512=DIRECTION('',(-1.,0.,0.));
#3513=DIRECTION('',(2.5673853957261E-16,-1.,0.));
#3514=DIRECTION('',(2.5673853957261E-16,-1.,0.));
#3515=DIRECTION('',(1.,2.5673853957261E-16,0.));
#3516=DIRECTION('',(-2.5673853957261E-16,1.,0.));
#3517=DIRECTION('',(2.5673853957261E-16,-1.,0.));
#3518=DIRECTION('',(2.5673853957261E-16,-1.,0.));
#3519=DIRECTION('',(-1.7347234759768E-16,-4.45370371784607E-32,1.));
#3520=DIRECTION('',(1.,0.,1.7347234759768E-16));
#3521=DIRECTION('',(2.5673853957261E-16,-1.,0.));
#3522=DIRECTION('',(2.5673853957261E-16,-1.,0.));
#3523=DIRECTION('',(-1.,-2.5673853957261E-16,0.));
#3524=DIRECTION('',(2.5673853957261E-16,-1.,0.));
#3525=DIRECTION('',(2.5673853957261E-16,-1.,0.));
#3526=DIRECTION('',(2.5673853957261E-16,-1.,0.));
#3527=DIRECTION('',(-2.5673853957261E-16,1.,0.));
#3528=DIRECTION('',(-1.,-2.5673853957261E-16,0.));
#3529=DIRECTION('',(-2.5673853957261E-16,1.,0.));
#3530=DIRECTION('',(-1.,-2.5673853957261E-16,0.));
#3531=DIRECTION('',(-2.5673853957261E-16,1.,0.));
#3532=DIRECTION('',(-1.,-2.5673853957261E-16,0.));
#3533=DIRECTION('',(-2.5673853957261E-16,1.,0.));
#3534=DIRECTION('',(-1.,-2.5673853957261E-16,0.));
#3535=CARTESIAN_POINT('',(0.,0.,0.));
#3536=CARTESIAN_POINT('',(0.,-0.0859625,0.004));
#3537=CARTESIAN_POINT('',(-0.168541832071533,-0.0859625,0.0015));
#3538=CARTESIAN_POINT('',(-0.1591625,-0.0859625,0.0015));
#3539=CARTESIAN_POINT('',(0.1591625,-0.0859625,0.0015));
#3540=CARTESIAN_POINT('',(0.1591625,-0.0859625,0.009));
#3541=CARTESIAN_POINT('',(0.1591625,-0.0859625,0.019445));
#3542=CARTESIAN_POINT('',(0.,-0.0859625,0.019445));
#3543=CARTESIAN_POINT('',(-0.1591625,-0.0859625,0.019445));
#3544=CARTESIAN_POINT('',(-0.1591625,-0.0859625,0.004));
#3545=CARTESIAN_POINT('',(0.0261884364485741,-0.0859625,0.01126));
#3546=CARTESIAN_POINT('',(0.0261884364485741,-0.0859625,0.01001));
#3547=CARTESIAN_POINT('',(0.0261884364485741,-0.0859625,0.01251));
#3548=CARTESIAN_POINT('',(0.0281884364485741,-0.0859625,0.01251));
#3549=CARTESIAN_POINT('',(0.0281884364485741,-0.0859625,0.01451));
#3550=CARTESIAN_POINT('',(0.0361884364485741,-0.0859625,0.01451));
#3551=CARTESIAN_POINT('',(0.0441884364485741,-0.0859625,0.01451));
#3552=CARTESIAN_POINT('',(0.0441884364485741,-0.0859625,0.01251));
#3553=CARTESIAN_POINT('',(0.0461884364485741,-0.0859625,0.01251));
#3554=CARTESIAN_POINT('',(0.0461884364485741,-0.0859625,0.01076));
#3555=CARTESIAN_POINT('',(0.0461884364485741,-0.0859625,0.01001));
#3556=CARTESIAN_POINT('',(0.0441884364485741,-0.0859625,0.01001));
#3557=CARTESIAN_POINT('',(0.0441884364485741,-0.0859625,0.00801));
#3558=CARTESIAN_POINT('',(0.0361884364485741,-0.0859625,0.00801));
#3559=CARTESIAN_POINT('',(0.0281884364485741,-0.0859625,0.00801));
#3560=CARTESIAN_POINT('',(0.0281884364485741,-0.0859625,0.01001));
#3561=CARTESIAN_POINT('',(0.,-0.0814625,0.009));
#3562=CARTESIAN_POINT('',(0.,-0.0814625,0.004));
#3563=CARTESIAN_POINT('',(-0.1576625,-0.0814625,0.004));
#3564=CARTESIAN_POINT('',(0.1576625,-0.0814625,0.004));
#3565=CARTESIAN_POINT('',(-0.1576625,-0.0814625,0.009));
#3566=CARTESIAN_POINT('',(-0.1576625,-0.0814625,0.019445));
#3567=CARTESIAN_POINT('',(0.,-0.0814625,0.019445));
#3568=CARTESIAN_POINT('',(0.1576625,-0.0814625,0.019445));
#3569=CARTESIAN_POINT('',(0.1576625,-0.0814625,0.009));
#3570=CARTESIAN_POINT('',(1.71737624121706E-19,-0.0814625,0.00801));
#3571=CARTESIAN_POINT('',(0.0281884364485741,-0.0814625,0.00801));
#3572=CARTESIAN_POINT('',(0.0441884364485741,-0.0814625,0.00801));
#3573=CARTESIAN_POINT('',(0.0441884364485741,-0.0814625,0.01001));
#3574=CARTESIAN_POINT('',(0.0461884364485741,-0.0814625,0.01001));
#3575=CARTESIAN_POINT('',(0.0461884364485741,-0.0814625,0.009));
#3576=CARTESIAN_POINT('',(0.0461884364485741,-0.0814625,0.01251));
#3577=CARTESIAN_POINT('',(0.0441884364485741,-0.0814625,0.01251));
#3578=CARTESIAN_POINT('',(0.0441884364485741,-0.0814625,0.01451));
#3579=CARTESIAN_POINT('',(0.,-0.0814625,0.01451));
#3580=CARTESIAN_POINT('',(0.0281884364485741,-0.0814625,0.01451));
#3581=CARTESIAN_POINT('',(0.0281884364485741,-0.0814625,0.01251));
#3582=CARTESIAN_POINT('',(0.0261884364485741,-0.0814625,0.01251));
#3583=CARTESIAN_POINT('',(0.0261884364485741,-0.0814625,0.009));
#3584=CARTESIAN_POINT('',(0.0261884364485741,-0.0814625,0.01001));
#3585=CARTESIAN_POINT('',(0.0281884364485741,-0.0814625,0.01001));
#3586=CARTESIAN_POINT('',(0.1241625,-0.0609625,0.004));
#3587=CARTESIAN_POINT('',(0.1241625,-0.0734057786718959,0.001));
#3588=CARTESIAN_POINT('',(0.1241625,-0.0734057786718959,0.0015));
#3589=CARTESIAN_POINT('',(0.1241625,-0.0809625,0.004));
#3590=CARTESIAN_POINT('',(0.1241625,-0.0809625,0.0032));
#3591=CARTESIAN_POINT('',(0.1241625,-0.0809625,-0.001));
#3592=CARTESIAN_POINT('',(0.1241625,-0.0609625,0.0032));
#3593=CARTESIAN_POINT('',(0.1241625,-0.0409625,0.0032));
#3594=CARTESIAN_POINT('',(0.1241625,-0.0375312889271847,0.0016));
#3595=CARTESIAN_POINT('',(0.1241625,-0.0341000778543695,-4.06241274059664E-19));
#3596=CARTESIAN_POINT('',(0.1241625,-0.0341000778543695,-0.001));
#3597=CARTESIAN_POINT('',(0.1241625,-0.0341000778543695,-0.001));
#3598=CARTESIAN_POINT('',(0.1241625,-0.0609625,-0.001));
#3599=CARTESIAN_POINT('',(0.0966625,-0.0809625,0.004));
#3600=CARTESIAN_POINT('',(0.0966625,-0.0809625,0.0032));
#3601=CARTESIAN_POINT('',(0.0691625,-0.0809625,0.0032));
#3602=CARTESIAN_POINT('',(0.0966625,-0.0809625,-0.001));
#3603=CARTESIAN_POINT('',(0.0691625,-0.0809625,-0.001));
#3604=CARTESIAN_POINT('',(0.0691625,-0.0809625,0.004));
#3605=CARTESIAN_POINT('',(0.0691625,-0.0609625,0.004));
#3606=CARTESIAN_POINT('',(0.0691625,-0.0734057786718959,0.001));
#3607=CARTESIAN_POINT('',(0.0691625,-0.0734057786718959,0.0015));
#3608=CARTESIAN_POINT('',(0.0691625,-0.0609625,0.0032));
#3609=CARTESIAN_POINT('',(0.0691625,-0.0409625,0.0032));
#3610=CARTESIAN_POINT('',(0.0691625,-0.0609625,-0.001));
#3611=CARTESIAN_POINT('',(0.0691625,-0.0341000778543695,-0.001));
#3612=CARTESIAN_POINT('',(0.0691625,-0.0341000778543695,-0.001));
#3613=CARTESIAN_POINT('',(0.0691625,-0.0341000778543695,-4.06241274059664E-19));
#3614=CARTESIAN_POINT('',(0.0691625,-0.0375312889271847,0.0016));
#3615=CARTESIAN_POINT('',(0.1541625,-0.0659625,0.004));
#3616=CARTESIAN_POINT('',(0.1541625,-0.0659625,-0.001));
#3617=CARTESIAN_POINT('',(0.1541625,-0.0779625,-0.001));
#3618=CARTESIAN_POINT('',(0.1541625,-0.0539625,-0.001));
#3619=CARTESIAN_POINT('',(0.1541625,-0.0779625,0.004));
#3620=CARTESIAN_POINT('',(0.1541625,-0.0779625,0.002));
#3621=CARTESIAN_POINT('',(0.1541625,-0.0659625,0.002));
#3622=CARTESIAN_POINT('',(0.1541625,-0.0539625,0.002));
#3623=CARTESIAN_POINT('',(0.1541625,-0.0539625,-0.001));
#3624=CARTESIAN_POINT('',(0.1416625,-0.0809625,0.004));
#3625=CARTESIAN_POINT('',(0.1416625,-0.0809625,-0.001));
#3626=CARTESIAN_POINT('',(0.1511625,-0.0809625,-0.001));
#3627=CARTESIAN_POINT('',(0.1321625,-0.0809625,-0.001));
#3628=CARTESIAN_POINT('',(0.1321625,-0.0809625,0.002));
#3629=CARTESIAN_POINT('',(0.1321625,-0.0809625,0.002));
#3630=CARTESIAN_POINT('',(0.1416625,-0.0809625,0.002));
#3631=CARTESIAN_POINT('',(0.1511625,-0.0809625,0.002));
#3632=CARTESIAN_POINT('',(0.1511625,-0.0809625,0.004));
#3633=CARTESIAN_POINT('',(0.1291625,-0.0659625,0.004));
#3634=CARTESIAN_POINT('',(0.1291625,-0.0734057786718959,0.001));
#3635=CARTESIAN_POINT('',(0.1291625,-0.0734057786718959,0.0015));
#3636=CARTESIAN_POINT('',(0.1291625,-0.0659625,0.002));
#3637=CARTESIAN_POINT('',(0.1291625,-0.0779625,0.002));
#3638=CARTESIAN_POINT('',(0.1291625,-0.0539625,0.002));
#3639=CARTESIAN_POINT('',(0.1291625,-0.0779625,-0.001));
#3640=CARTESIAN_POINT('',(0.1291625,-0.0779625,-0.001));
#3641=CARTESIAN_POINT('',(0.1291625,-0.0659625,-0.001));
#3642=CARTESIAN_POINT('',(0.1291625,-0.0539625,-0.001));
#3643=CARTESIAN_POINT('',(0.1291625,-0.0539625,0.004));
#3644=CARTESIAN_POINT('',(0.1416625,-0.0509625,0.004));
#3645=CARTESIAN_POINT('',(0.1416625,-0.0509625,-0.001));
#3646=CARTESIAN_POINT('',(0.1511625,-0.0509625,-0.001));
#3647=CARTESIAN_POINT('',(0.1321625,-0.0509625,-0.001));
#3648=CARTESIAN_POINT('',(0.1511625,-0.0509625,0.002));
#3649=CARTESIAN_POINT('',(0.1511625,-0.0509625,0.002));
#3650=CARTESIAN_POINT('',(0.1416625,-0.0509625,0.002));
#3651=CARTESIAN_POINT('',(0.1321625,-0.0509625,0.002));
#3652=CARTESIAN_POINT('',(0.1321625,-0.0509625,0.004));
#3653=CARTESIAN_POINT('',(0.,0.,0.002));
#3654=CARTESIAN_POINT('',(0.1321625,-0.0779625,0.002));
#3655=CARTESIAN_POINT('',(0.1321625,-0.0539625,0.002));
#3656=CARTESIAN_POINT('',(0.1511625,-0.0539625,0.002));
#3657=CARTESIAN_POINT('',(0.1511625,-0.0779625,0.002));
#3658=CARTESIAN_POINT('',(0.,0.,0.0032));
#3659=CARTESIAN_POINT('',(0.0966625,-0.0409625,0.0032));
#3660=CARTESIAN_POINT('',(0.1241625,-0.0375312889271847,0.0016));
#3661=CARTESIAN_POINT('',(0.1241625,-0.0341000778543695,-4.06241274059664E-19));
#3662=CARTESIAN_POINT('',(0.1371625,-0.0734057786718959,0.001));
#3663=CARTESIAN_POINT('',(0.1371625,-0.0734057786718959,0.001));
#3664=CARTESIAN_POINT('',(0.0651625,-0.0734057786718959,0.001));
#3665=CARTESIAN_POINT('',(0.0651625,-0.0734057786718959,0.0015));
#3666=CARTESIAN_POINT('',(0.0651625,-0.0578029282631327,0.001));
#3667=CARTESIAN_POINT('',(-0.1241625,-0.0341000778543695,-0.001));
#3668=CARTESIAN_POINT('',(-0.1241625,-0.0341000778543695,-4.06241274059664E-19));
#3669=CARTESIAN_POINT('',(-0.1241625,-0.0341000778543695,-4.06241274059664E-19));
#3670=CARTESIAN_POINT('',(-0.0691625,-0.0341000778543695,-4.06241274059664E-19));
#3671=CARTESIAN_POINT('',(-0.1241625,-0.0341000778543695,-0.001));
#3672=CARTESIAN_POINT('',(-0.1241625,-0.0341000778543695,-0.001));
#3673=CARTESIAN_POINT('',(-0.1241625,-0.0341000778543695,-0.001));
#3674=CARTESIAN_POINT('',(-0.0691625,-0.0341000778543695,-0.001));
#3675=CARTESIAN_POINT('',(-0.0691625,-0.0341000778543695,-0.001));
#3676=CARTESIAN_POINT('',(0.1241625,-0.0341000778543695,-0.001));
#3677=CARTESIAN_POINT('',(0.1241625,-0.0341000778543695,-0.001));
#3678=CARTESIAN_POINT('',(-0.168541832071533,0.0844625,-0.001));
#3679=CARTESIAN_POINT('',(-0.168541832071533,0.0844625,0.));
#3680=CARTESIAN_POINT('',(-0.1606625,0.0844625,0.));
#3681=CARTESIAN_POINT('',(0.1606625,0.0844625,0.));
#3682=CARTESIAN_POINT('',(0.1606625,0.0844625,-0.001));
#3683=CARTESIAN_POINT('',(0.1606625,0.0844625,-0.001));
#3684=CARTESIAN_POINT('',(-0.168541832071533,0.0844625,-0.001));
#3685=CARTESIAN_POINT('',(-0.1606625,0.0844625,-0.001));
#3686=CARTESIAN_POINT('',(-0.1606625,0.0844625,-0.001));
#3687=CARTESIAN_POINT('',(0.1606625,0.169780349338613,-0.001));
#3688=CARTESIAN_POINT('',(0.1606625,0.169780349338613,0.));
#3689=CARTESIAN_POINT('',(0.1606625,-0.0844625,0.));
#3690=CARTESIAN_POINT('',(0.1606625,-0.0844625,-0.001));
#3691=CARTESIAN_POINT('',(0.1606625,-0.0844625,-0.001));
#3692=CARTESIAN_POINT('',(0.1606625,0.169780349338613,-0.001));
#3693=CARTESIAN_POINT('',(-0.168541832071533,-0.0844625,-0.001));
#3694=CARTESIAN_POINT('',(-0.168541832071533,-0.0844625,0.));
#3695=CARTESIAN_POINT('',(-0.1606625,-0.0844625,0.));
#3696=CARTESIAN_POINT('',(-0.1606625,-0.0844625,-0.001));
#3697=CARTESIAN_POINT('',(-0.1606625,-0.0844625,-0.001));
#3698=CARTESIAN_POINT('',(-0.168541832071533,-0.0844625,-0.001));
#3699=CARTESIAN_POINT('',(-0.1606625,0.169780349338613,-0.001));
#3700=CARTESIAN_POINT('',(-0.1606625,0.169780349338613,0.));
#3701=CARTESIAN_POINT('',(-0.1606625,0.169780349338613,-0.001));
#3702=CARTESIAN_POINT('',(0.,0.,-0.001));
#3703=CARTESIAN_POINT('',(-0.1541625,-0.0659625,-0.001));
#3704=CARTESIAN_POINT('',(-0.1541625,-0.0779625,-0.001));
#3705=CARTESIAN_POINT('',(-0.1541625,-0.0539625,-0.001));
#3706=CARTESIAN_POINT('',(-0.1511625,-0.0779625,-0.001));
#3707=CARTESIAN_POINT('',(-0.1511625,-0.0809625,-0.001));
#3708=CARTESIAN_POINT('',(-0.1416625,-0.0809625,-0.001));
#3709=CARTESIAN_POINT('',(-0.1321625,-0.0809625,-0.001));
#3710=CARTESIAN_POINT('',(-0.1321625,-0.0779625,-0.001));
#3711=CARTESIAN_POINT('',(-0.1291625,-0.0779625,-0.001));
#3712=CARTESIAN_POINT('',(-0.1291625,-0.0659625,-0.001));
#3713=CARTESIAN_POINT('',(-0.1291625,-0.0539625,-0.001));
#3714=CARTESIAN_POINT('',(-0.1321625,-0.0539625,-0.001));
#3715=CARTESIAN_POINT('',(-0.1321625,-0.0509625,-0.001));
#3716=CARTESIAN_POINT('',(-0.1416625,-0.0509625,-0.001));
#3717=CARTESIAN_POINT('',(-0.1511625,-0.0509625,-0.001));
#3718=CARTESIAN_POINT('',(-0.1511625,-0.0539625,-0.001));
#3719=CARTESIAN_POINT('',(0.0371625,-0.0809625,-0.001));
#3720=CARTESIAN_POINT('',(0.0251625,-0.0809625,-0.001));
#3721=CARTESIAN_POINT('',(0.0491625,-0.0809625,-0.001));
#3722=CARTESIAN_POINT('',(0.0491625,-0.0779625,-0.001));
#3723=CARTESIAN_POINT('',(0.0521625,-0.0779625,-0.001));
#3724=CARTESIAN_POINT('',(0.0521625,-0.0734625,-0.001));
#3725=CARTESIAN_POINT('',(0.0521625,-0.0689625,-0.001));
#3726=CARTESIAN_POINT('',(0.0491625,-0.0689625,-0.001));
#3727=CARTESIAN_POINT('',(0.0491625,-0.0659625,-0.001));
#3728=CARTESIAN_POINT('',(0.0371625,-0.0659625,-0.001));
#3729=CARTESIAN_POINT('',(0.0251625,-0.0659625,-0.001));
#3730=CARTESIAN_POINT('',(0.0251625,-0.0689625,-0.001));
#3731=CARTESIAN_POINT('',(0.0221625,-0.0689625,-0.001));
#3732=CARTESIAN_POINT('',(0.0221625,-0.0734625,-0.001));
#3733=CARTESIAN_POINT('',(0.0221625,-0.0779625,-0.001));
#3734=CARTESIAN_POINT('',(0.0251625,-0.0779625,-0.001));
#3735=CARTESIAN_POINT('',(-0.00987494946457446,-0.0293196570128202,-0.001));
#3736=CARTESIAN_POINT('',(-0.00727901747450233,-0.0293196570128202,-0.001));
#3737=CARTESIAN_POINT('',(-0.0124708814546466,-0.0293196570128202,-0.001));
#3738=CARTESIAN_POINT('',(1.37290591091337E-19,-0.071715459227562,-0.001));
#3739=CARTESIAN_POINT('',(-0.00123660370976084,-0.0665845689464554,-0.001));
#3740=CARTESIAN_POINT('',(-0.00291013618485491,-0.0596407165657993,-0.001));
#3741=CARTESIAN_POINT('',(-0.00392292035030492,-0.0554452766020554,-0.001));
#3742=CARTESIAN_POINT('',(-0.0100154558742668,-0.0476288041047014,-0.001));
#3743=CARTESIAN_POINT('',(-0.012447933181341,-0.044208336050068,-0.001));
#3744=CARTESIAN_POINT('',(-0.0129668880990177,-0.0376239393026735,-0.001));
#3745=CARTESIAN_POINT('',(-0.0102658960355083,-0.0321896928611832,-0.001));
#3746=CARTESIAN_POINT('',(-0.00815900526799083,-0.0306660312805145,-0.001));
#3747=CARTESIAN_POINT('',(-0.007341059873311,-0.0298366792919821,-0.001));
#3748=CARTESIAN_POINT('',(-0.00727901747450233,-0.0297705753319046,-0.001));
#3749=CARTESIAN_POINT('',(-0.00727901747450233,-0.0293196570128202,-0.001));
#3750=CARTESIAN_POINT('',(-1.37290591091337E-19,-0.071715459227562,-0.001));
#3751=CARTESIAN_POINT('',(-1.37290591091337E-19,-0.071715459227562,-0.001));
#3752=CARTESIAN_POINT('',(0.00123660370976084,-0.0665845689464554,-0.001));
#3753=CARTESIAN_POINT('',(0.00291013618485491,-0.0596407165657993,-0.001));
#3754=CARTESIAN_POINT('',(0.00392292035030492,-0.0554452766020554,-0.001));
#3755=CARTESIAN_POINT('',(0.0100154558742668,-0.0476288041047014,-0.001));
#3756=CARTESIAN_POINT('',(0.012447933181341,-0.044208336050068,-0.001));
#3757=CARTESIAN_POINT('',(0.0129668880990177,-0.0376239393026735,-0.001));
#3758=CARTESIAN_POINT('',(0.0102658960355083,-0.0321896928611832,-0.001));
#3759=CARTESIAN_POINT('',(0.00815900526799083,-0.0306660312805145,-0.001));
#3760=CARTESIAN_POINT('',(0.007341059873311,-0.0298366792919821,-0.001));
#3761=CARTESIAN_POINT('',(0.00727901747450233,-0.0297705753319046,-0.001));
#3762=CARTESIAN_POINT('',(0.00727901747450233,-0.0293196570128202,-0.001));
#3763=CARTESIAN_POINT('',(0.00727901747450233,-0.0293196570128202,-0.001));
#3764=CARTESIAN_POINT('',(0.00987494946457446,-0.0293196570128202,-0.001));
#3765=CARTESIAN_POINT('',(0.0124708814546466,-0.0293196570128202,-0.001));
#3766=CARTESIAN_POINT('',(0.0124708814546466,-0.0284000169485807,-0.001));
#3767=CARTESIAN_POINT('',(0.0124708814546466,-0.0274803768843413,-0.001));
#3768=CARTESIAN_POINT('',(0.00669217947870493,-0.0274803768843413,-0.001));
#3769=CARTESIAN_POINT('',(0.000913477502763271,-0.0274803768843413,-0.001));
#3770=CARTESIAN_POINT('',(0.000913477502763271,-0.024327302351594,-0.001));
#3771=CARTESIAN_POINT('',(0.000913477502763272,-0.0211742278188467,-0.001));
#3772=CARTESIAN_POINT('',(0.012158874631316,-0.00992883069029402,-0.001));
#3773=CARTESIAN_POINT('',(0.0129369503632189,-0.00915075495839109,-0.001));
#3774=CARTESIAN_POINT('',(0.0202086636237801,-0.00915075495839108,-0.001));
#3775=CARTESIAN_POINT('',(0.0274803768843413,-0.00915075495839108,-0.001));
#3776=CARTESIAN_POINT('',(0.0274803768843413,-0.0108108182065188,-0.001));
#3777=CARTESIAN_POINT('',(0.0274803768843413,-0.0124708814546466,-0.001));
#3778=CARTESIAN_POINT('',(0.0284000169485807,-0.0124708814546466,-0.001));
#3779=CARTESIAN_POINT('',(0.0293196570128202,-0.0124708814546466,-0.001));
#3780=CARTESIAN_POINT('',(0.0293196570128202,-0.0108108182065188,-0.001));
#3781=CARTESIAN_POINT('',(0.0293196570128202,-0.00915075495839108,-0.001));
#3782=CARTESIAN_POINT('',(0.0303896838435561,-0.00915075495839108,-0.001));
#3783=CARTESIAN_POINT('',(0.031459710674292,-0.00915075495839107,-0.001));
#3784=CARTESIAN_POINT('',(0.0486943184472963,-0.00915075495839823,-0.001));
#3785=CARTESIAN_POINT('',(0.048356460791587,-0.00940710675408024,-0.001));
#3786=CARTESIAN_POINT('',(0.046449066508915,-0.0108544302146836,-0.001));
#3787=CARTESIAN_POINT('',(0.044208336050068,-0.012447933181341,-0.001));
#3788=CARTESIAN_POINT('',(0.0376239393026735,-0.0129668880990177,-0.001));
#3789=CARTESIAN_POINT('',(0.0330124378293463,-0.0106748262622153,-0.001));
#3790=CARTESIAN_POINT('',(0.0316882868632732,-0.00939407886625952,-0.001));
#3791=CARTESIAN_POINT('',(0.031459710674292,-0.00915075497601111,-0.001));
#3792=CARTESIAN_POINT('',(0.0486943184472964,-0.00915075495839106,-0.001));
#3793=CARTESIAN_POINT('',(0.102428409223648,-0.00915075495839103,-0.001));
#3794=CARTESIAN_POINT('',(0.1561625,-0.00915075495839099,-0.001));
#3795=CARTESIAN_POINT('',(0.1561625,0.0183492450416089,-0.001));
#3796=CARTESIAN_POINT('',(0.1561625,0.0458492450416089,-0.001));
#3797=CARTESIAN_POINT('',(0.0836848883392082,0.0458492450416089,-0.001));
#3798=CARTESIAN_POINT('',(0.0112072766784165,0.0458492450416089,-0.001));
#3799=CARTESIAN_POINT('',(0.,0.071715459227562,-0.001));
#3800=CARTESIAN_POINT('',(0.00123660370976084,0.0665845689464554,-0.001));
#3801=CARTESIAN_POINT('',(0.00291013618485491,0.0596407165657993,-0.001));
#3802=CARTESIAN_POINT('',(0.00392292035030491,0.0554452766020554,-0.001));
#3803=CARTESIAN_POINT('',(0.00910844660173268,0.048792459696979,-0.001));
#3804=CARTESIAN_POINT('',(0.0108528241380586,0.0464279643033378,-0.001));
#3805=CARTESIAN_POINT('',(0.0112072766784164,0.0458492450416059,-0.001));
#3806=CARTESIAN_POINT('',(0.,0.071715459227562,-0.001));
#3807=CARTESIAN_POINT('',(0.,0.071715459227562,-0.001));
#3808=CARTESIAN_POINT('',(-0.00123660370976084,0.0665845689464554,-0.001));
#3809=CARTESIAN_POINT('',(-0.0029101361848549,0.0596407165657993,-0.001));
#3810=CARTESIAN_POINT('',(-0.00392292035030496,0.0554452766020554,-0.001));
#3811=CARTESIAN_POINT('',(-0.00910844660173268,0.048792459696979,-0.001));
#3812=CARTESIAN_POINT('',(-0.0108528241380586,0.0464279643033378,-0.001));
#3813=CARTESIAN_POINT('',(-0.0112072766784165,0.0458492450416059,-0.001));
#3814=CARTESIAN_POINT('',(-0.0112072766784165,0.0458492450416089,-0.001));
#3815=CARTESIAN_POINT('',(-0.0836848883392083,0.0458492450416089,-0.001));
#3816=CARTESIAN_POINT('',(-0.1561625,0.0458492450416089,-0.001));
#3817=CARTESIAN_POINT('',(-0.1561625,0.0183492450416088,-0.001));
#3818=CARTESIAN_POINT('',(-0.1561625,-0.0091507549583912,-0.001));
#3819=CARTESIAN_POINT('',(-0.102428409223648,-0.00915075495839116,-0.001));
#3820=CARTESIAN_POINT('',(-0.0486943184472963,-0.00915075495839113,-0.001));
#3821=CARTESIAN_POINT('',(-0.0486943184472963,-0.0091507549583983,-0.001));
#3822=CARTESIAN_POINT('',(-0.048356460791587,-0.0094071067540803,-0.001));
#3823=CARTESIAN_POINT('',(-0.046449066508915,-0.0108544302146836,-0.001));
#3824=CARTESIAN_POINT('',(-0.044208336050068,-0.012447933181341,-0.001));
#3825=CARTESIAN_POINT('',(-0.0376239393026735,-0.0129668880990177,-0.001));
#3826=CARTESIAN_POINT('',(-0.0330124378293463,-0.0106748262622154,-0.001));
#3827=CARTESIAN_POINT('',(-0.0316882868632732,-0.00939407886625956,-0.001));
#3828=CARTESIAN_POINT('',(-0.031459710674292,-0.00915075497601115,-0.001));
#3829=CARTESIAN_POINT('',(-0.031459710674292,-0.00915075495839112,-0.001));
#3830=CARTESIAN_POINT('',(-0.0303896838435561,-0.00915075495839112,-0.001));
#3831=CARTESIAN_POINT('',(-0.0293196570128202,-0.00915075495839112,-0.001));
#3832=CARTESIAN_POINT('',(-0.0293196570128202,-0.0108108182065189,-0.001));
#3833=CARTESIAN_POINT('',(-0.0293196570128202,-0.0124708814546466,-0.001));
#3834=CARTESIAN_POINT('',(-0.0284000169485807,-0.0124708814546466,-0.001));
#3835=CARTESIAN_POINT('',(-0.0274803768843413,-0.0124708814546466,-0.001));
#3836=CARTESIAN_POINT('',(-0.0274803768843413,-0.0108108182065189,-0.001));
#3837=CARTESIAN_POINT('',(-0.0274803768843413,-0.00915075495839111,-0.001));
#3838=CARTESIAN_POINT('',(-0.0202086636237801,-0.00915075495839111,-0.001));
#3839=CARTESIAN_POINT('',(-0.0129369503632189,-0.0091507549583911,-0.001));
#3840=CARTESIAN_POINT('',(-0.00581019196248012,-0.0162775133591299,-0.001));
#3841=CARTESIAN_POINT('',(-0.000913477502763272,-0.0211742278188467,-0.001));
#3842=CARTESIAN_POINT('',(-0.000913477502763271,-0.024327302351594,-0.001));
#3843=CARTESIAN_POINT('',(-0.000913477502763271,-0.0274803768843413,-0.001));
#3844=CARTESIAN_POINT('',(-0.00669217947870493,-0.0274803768843413,-0.001));
#3845=CARTESIAN_POINT('',(-0.0124708814546466,-0.0274803768843413,-0.001));
#3846=CARTESIAN_POINT('',(-0.0124708814546466,-0.0284000169485807,-0.001));
#3847=CARTESIAN_POINT('',(-0.0521625,-0.0734625,-0.001));
#3848=CARTESIAN_POINT('',(-0.0521625,-0.0779625,-0.001));
#3849=CARTESIAN_POINT('',(-0.0521625,-0.0689625,-0.001));
#3850=CARTESIAN_POINT('',(-0.0491625,-0.0779625,-0.001));
#3851=CARTESIAN_POINT('',(-0.0491625,-0.0809625,-0.001));
#3852=CARTESIAN_POINT('',(-0.0371625,-0.0809625,-0.001));
#3853=CARTESIAN_POINT('',(-0.0251625,-0.0809625,-0.001));
#3854=CARTESIAN_POINT('',(-0.0251625,-0.0779625,-0.001));
#3855=CARTESIAN_POINT('',(-0.0221625,-0.0779625,-0.001));
#3856=CARTESIAN_POINT('',(-0.0221625,-0.0734625,-0.001));
#3857=CARTESIAN_POINT('',(-0.0221625,-0.0689625,-0.001));
#3858=CARTESIAN_POINT('',(-0.0251625,-0.0689625,-0.001));
#3859=CARTESIAN_POINT('',(-0.0251625,-0.0659625,-0.001));
#3860=CARTESIAN_POINT('',(-0.0371625,-0.0659625,-0.001));
#3861=CARTESIAN_POINT('',(-0.0491625,-0.0659625,-0.001));
#3862=CARTESIAN_POINT('',(-0.0491625,-0.0689625,-0.001));
#3863=CARTESIAN_POINT('',(0.1511625,-0.0779625,-0.001));
#3864=CARTESIAN_POINT('',(0.1511625,-0.0539625,-0.001));
#3865=CARTESIAN_POINT('',(0.1321625,-0.0539625,-0.001));
#3866=CARTESIAN_POINT('',(0.1321625,-0.0779625,-0.001));
#3867=CARTESIAN_POINT('',(-0.1416625,0.0809625,-0.001));
#3868=CARTESIAN_POINT('',(-0.1511625,0.0809625,-0.001));
#3869=CARTESIAN_POINT('',(-0.1321625,0.0809625,-0.001));
#3870=CARTESIAN_POINT('',(-0.1511625,0.0779625,-0.001));
#3871=CARTESIAN_POINT('',(-0.1541625,0.0779625,-0.001));
#3872=CARTESIAN_POINT('',(-0.1541625,0.0659625,-0.001));
#3873=CARTESIAN_POINT('',(-0.1541625,0.0539625,-0.001));
#3874=CARTESIAN_POINT('',(-0.1511625,0.0539625,-0.001));
#3875=CARTESIAN_POINT('',(-0.1511625,0.0509625,-0.001));
#3876=CARTESIAN_POINT('',(-0.1416625,0.0509625,-0.001));
#3877=CARTESIAN_POINT('',(-0.1321625,0.0509625,-0.001));
#3878=CARTESIAN_POINT('',(-0.1321625,0.0539625,-0.001));
#3879=CARTESIAN_POINT('',(-0.1291625,0.0539625,-0.001));
#3880=CARTESIAN_POINT('',(-0.1291625,0.0659625,-0.001));
#3881=CARTESIAN_POINT('',(-0.1291625,0.0779625,-0.001));
#3882=CARTESIAN_POINT('',(-0.1321625,0.0779625,-0.001));
#3883=CARTESIAN_POINT('',(0.1541625,0.0659625,-0.001));
#3884=CARTESIAN_POINT('',(0.1541625,0.0779625,-0.001));
#3885=CARTESIAN_POINT('',(0.1541625,0.0539625,-0.001));
#3886=CARTESIAN_POINT('',(0.1511625,0.0779625,-0.001));
#3887=CARTESIAN_POINT('',(0.1511625,0.0809625,-0.001));
#3888=CARTESIAN_POINT('',(0.1416625,0.0809625,-0.001));
#3889=CARTESIAN_POINT('',(0.1321625,0.0809625,-0.001));
#3890=CARTESIAN_POINT('',(0.1321625,0.0779625,-0.001));
#3891=CARTESIAN_POINT('',(0.1291625,0.0779625,-0.001));
#3892=CARTESIAN_POINT('',(0.1291625,0.0659625,-0.001));
#3893=CARTESIAN_POINT('',(0.1291625,0.0539625,-0.001));
#3894=CARTESIAN_POINT('',(0.1321625,0.0539625,-0.001));
#3895=CARTESIAN_POINT('',(0.1321625,0.0509625,-0.001));
#3896=CARTESIAN_POINT('',(0.1416625,0.0509625,-0.001));
#3897=CARTESIAN_POINT('',(0.1511625,0.0509625,-0.001));
#3898=CARTESIAN_POINT('',(0.1511625,0.0539625,-0.001));
#3899=CARTESIAN_POINT('',(-0.0691625,-0.0609625,-0.001));
#3900=CARTESIAN_POINT('',(-0.0691625,-0.0809625,-0.001));
#3901=CARTESIAN_POINT('',(-0.1241625,-0.0609625,-0.001));
#3902=CARTESIAN_POINT('',(-0.1241625,-0.0809625,-0.001));
#3903=CARTESIAN_POINT('',(-0.0966625,-0.0809625,-0.001));
#3904=CARTESIAN_POINT('',(-0.0651625,-0.0578029282631327,0.001));
#3905=CARTESIAN_POINT('',(-0.0651625,-0.0734057786718959,0.001));
#3906=CARTESIAN_POINT('',(-0.0651625,-0.0734057786718959,0.0015));
#3907=CARTESIAN_POINT('',(0.,0.,0.002));
#3908=CARTESIAN_POINT('',(-0.1416625,-0.0809625,0.002));
#3909=CARTESIAN_POINT('',(-0.1511625,-0.0809625,0.002));
#3910=CARTESIAN_POINT('',(-0.1321625,-0.0809625,0.002));
#3911=CARTESIAN_POINT('',(-0.1511625,-0.0779625,0.002));
#3912=CARTESIAN_POINT('',(-0.1541625,-0.0779625,0.002));
#3913=CARTESIAN_POINT('',(-0.1541625,-0.0659625,0.002));
#3914=CARTESIAN_POINT('',(-0.1541625,-0.0539625,0.002));
#3915=CARTESIAN_POINT('',(-0.1511625,-0.0539625,0.002));
#3916=CARTESIAN_POINT('',(-0.1511625,-0.0509625,0.002));
#3917=CARTESIAN_POINT('',(-0.1416625,-0.0509625,0.002));
#3918=CARTESIAN_POINT('',(-0.1321625,-0.0509625,0.002));
#3919=CARTESIAN_POINT('',(-0.1321625,-0.0539625,0.002));
#3920=CARTESIAN_POINT('',(-0.1291625,-0.0539625,0.002));
#3921=CARTESIAN_POINT('',(-0.1291625,-0.0659625,0.002));
#3922=CARTESIAN_POINT('',(-0.1291625,-0.0779625,0.002));
#3923=CARTESIAN_POINT('',(-0.1321625,-0.0779625,0.002));
#3924=CARTESIAN_POINT('',(-0.1371625,-0.0734057786718959,0.001));
#3925=CARTESIAN_POINT('',(-0.0691625,-0.0734057786718959,0.001));
#3926=CARTESIAN_POINT('',(-0.0691625,-0.0734057786718959,0.0015));
#3927=CARTESIAN_POINT('',(-0.1541625,-0.0659625,0.004));
#3928=CARTESIAN_POINT('',(-0.1541625,-0.0779625,0.004));
#3929=CARTESIAN_POINT('',(-0.1541625,-0.0539625,0.002));
#3930=CARTESIAN_POINT('',(-0.1416625,-0.0509625,0.004));
#3931=CARTESIAN_POINT('',(-0.1321625,-0.0509625,0.004));
#3932=CARTESIAN_POINT('',(-0.1511625,-0.0509625,-0.001));
#3933=CARTESIAN_POINT('',(-0.1291625,-0.0659625,0.004));
#3934=CARTESIAN_POINT('',(-0.1291625,-0.0734057786718959,0.001));
#3935=CARTESIAN_POINT('',(-0.1291625,-0.0734057786718959,0.0015));
#3936=CARTESIAN_POINT('',(-0.1291625,-0.0779625,0.002));
#3937=CARTESIAN_POINT('',(-0.1291625,-0.0539625,0.004));
#3938=CARTESIAN_POINT('',(-0.1416625,-0.0809625,0.004));
#3939=CARTESIAN_POINT('',(-0.1511625,-0.0809625,0.004));
#3940=CARTESIAN_POINT('',(-0.1321625,-0.0809625,-0.001));
#3941=CARTESIAN_POINT('',(-0.1371625,-0.0734057786718959,0.001));
#3942=CARTESIAN_POINT('',(-0.1241625,-0.0734057786718959,0.001));
#3943=CARTESIAN_POINT('',(-0.1241625,-0.0734057786718959,0.0015));
#3944=CARTESIAN_POINT('',(0.,0.,0.0032));
#3945=CARTESIAN_POINT('',(-0.1241625,-0.0609625,0.0032));
#3946=CARTESIAN_POINT('',(-0.1241625,-0.0809625,0.0032));
#3947=CARTESIAN_POINT('',(-0.1241625,-0.0409625,0.0032));
#3948=CARTESIAN_POINT('',(-0.0966625,-0.0409625,0.0032));
#3949=CARTESIAN_POINT('',(-0.0691625,-0.0409625,0.0032));
#3950=CARTESIAN_POINT('',(-0.0691625,-0.0609625,0.0032));
#3951=CARTESIAN_POINT('',(-0.0691625,-0.0809625,0.0032));
#3952=CARTESIAN_POINT('',(-0.0966625,-0.0809625,0.0032));
#3953=CARTESIAN_POINT('',(-0.0966625,-0.0809625,0.004));
#3954=CARTESIAN_POINT('',(-0.1241625,-0.0809625,0.004));
#3955=CARTESIAN_POINT('',(-0.0691625,-0.0809625,0.004));
#3956=CARTESIAN_POINT('',(-0.1241625,-0.0609625,0.004));
#3957=CARTESIAN_POINT('',(-0.1241625,-0.0375312889271847,0.0016));
#3958=CARTESIAN_POINT('',(-0.1241625,-0.0375312889271847,0.0016));
#3959=CARTESIAN_POINT('',(-0.0691625,-0.0375312889271847,0.0016));
#3960=CARTESIAN_POINT('',(-0.0691625,-0.0609625,0.004));
#3961=CARTESIAN_POINT('',(0.,0.,0.002));
#3962=CARTESIAN_POINT('',(0.1416625,0.0809625,0.002));
#3963=CARTESIAN_POINT('',(0.1511625,0.0809625,0.002));
#3964=CARTESIAN_POINT('',(0.1321625,0.0809625,0.002));
#3965=CARTESIAN_POINT('',(0.1511625,0.0779625,0.002));
#3966=CARTESIAN_POINT('',(0.1541625,0.0779625,0.002));
#3967=CARTESIAN_POINT('',(0.1541625,0.0659625,0.002));
#3968=CARTESIAN_POINT('',(0.1541625,0.0539625,0.002));
#3969=CARTESIAN_POINT('',(0.1511625,0.0539625,0.002));
#3970=CARTESIAN_POINT('',(0.1511625,0.0509625,0.002));
#3971=CARTESIAN_POINT('',(0.1416625,0.0509625,0.002));
#3972=CARTESIAN_POINT('',(0.1321625,0.0509625,0.002));
#3973=CARTESIAN_POINT('',(0.1321625,0.0539625,0.002));
#3974=CARTESIAN_POINT('',(0.1291625,0.0539625,0.002));
#3975=CARTESIAN_POINT('',(0.1291625,0.0659625,0.002));
#3976=CARTESIAN_POINT('',(0.1291625,0.0779625,0.002));
#3977=CARTESIAN_POINT('',(0.1321625,0.0779625,0.002));
#3978=CARTESIAN_POINT('',(0.1541625,0.0659625,0.004));
#3979=CARTESIAN_POINT('',(0.1541625,0.0779625,0.004));
#3980=CARTESIAN_POINT('',(0.1541625,0.0539625,0.002));
#3981=CARTESIAN_POINT('',(0.1416625,0.0509625,0.004));
#3982=CARTESIAN_POINT('',(0.1321625,0.0509625,0.004));
#3983=CARTESIAN_POINT('',(0.1511625,0.0509625,-0.001));
#3984=CARTESIAN_POINT('',(0.1291625,0.0659625,0.004));
#3985=CARTESIAN_POINT('',(0.1291625,0.0779625,0.002));
#3986=CARTESIAN_POINT('',(0.1291625,0.0539625,0.004));
#3987=CARTESIAN_POINT('',(0.1416625,0.0809625,0.004));
#3988=CARTESIAN_POINT('',(0.1511625,0.0809625,0.004));
#3989=CARTESIAN_POINT('',(0.1321625,0.0809625,-0.001));
#3990=CARTESIAN_POINT('',(0.,0.,0.002));
#3991=CARTESIAN_POINT('',(-0.1541625,0.0659625,0.002));
#3992=CARTESIAN_POINT('',(-0.1541625,0.0779625,0.002));
#3993=CARTESIAN_POINT('',(-0.1541625,0.0539625,0.002));
#3994=CARTESIAN_POINT('',(-0.1511625,0.0779625,0.002));
#3995=CARTESIAN_POINT('',(-0.1511625,0.0809625,0.002));
#3996=CARTESIAN_POINT('',(-0.1416625,0.0809625,0.002));
#3997=CARTESIAN_POINT('',(-0.1321625,0.0809625,0.002));
#3998=CARTESIAN_POINT('',(-0.1321625,0.0779625,0.002));
#3999=CARTESIAN_POINT('',(-0.1291625,0.0779625,0.002));
#4000=CARTESIAN_POINT('',(-0.1291625,0.0659625,0.002));
#4001=CARTESIAN_POINT('',(-0.1291625,0.0539625,0.002));
#4002=CARTESIAN_POINT('',(-0.1321625,0.0539625,0.002));
#4003=CARTESIAN_POINT('',(-0.1321625,0.0509625,0.002));
#4004=CARTESIAN_POINT('',(-0.1416625,0.0509625,0.002));
#4005=CARTESIAN_POINT('',(-0.1511625,0.0509625,0.002));
#4006=CARTESIAN_POINT('',(-0.1511625,0.0539625,0.002));
#4007=CARTESIAN_POINT('',(-0.1291625,0.0659625,0.004));
#4008=CARTESIAN_POINT('',(-0.1291625,0.0779625,-0.001));
#4009=CARTESIAN_POINT('',(-0.1291625,0.0539625,0.004));
#4010=CARTESIAN_POINT('',(-0.1416625,0.0509625,0.004));
#4011=CARTESIAN_POINT('',(-0.1321625,0.0509625,0.004));
#4012=CARTESIAN_POINT('',(-0.1511625,0.0509625,0.002));
#4013=CARTESIAN_POINT('',(-0.1541625,0.0659625,0.004));
#4014=CARTESIAN_POINT('',(-0.1541625,0.0779625,0.004));
#4015=CARTESIAN_POINT('',(-0.1541625,0.0539625,-0.001));
#4016=CARTESIAN_POINT('',(-0.1416625,0.0809625,0.004));
#4017=CARTESIAN_POINT('',(-0.1511625,0.0809625,0.004));
#4018=CARTESIAN_POINT('',(-0.1321625,0.0809625,0.002));
#4019=CARTESIAN_POINT('',(0.,0.,0.002));
#4020=CARTESIAN_POINT('',(-0.0371625,-0.0809625,0.002));
#4021=CARTESIAN_POINT('',(-0.0251625,-0.0809625,0.002));
#4022=CARTESIAN_POINT('',(-0.0491625,-0.0809625,0.002));
#4023=CARTESIAN_POINT('',(-0.0491625,-0.0779625,0.002));
#4024=CARTESIAN_POINT('',(-0.0521625,-0.0779625,0.002));
#4025=CARTESIAN_POINT('',(-0.0521625,-0.0734625,0.002));
#4026=CARTESIAN_POINT('',(-0.0521625,-0.0689625,0.002));
#4027=CARTESIAN_POINT('',(-0.0491625,-0.0689625,0.002));
#4028=CARTESIAN_POINT('',(-0.0491625,-0.0659625,0.002));
#4029=CARTESIAN_POINT('',(-0.0371625,-0.0659625,0.002));
#4030=CARTESIAN_POINT('',(-0.0251625,-0.0659625,0.002));
#4031=CARTESIAN_POINT('',(-0.0251625,-0.0689625,0.002));
#4032=CARTESIAN_POINT('',(-0.0221625,-0.0689625,0.002));
#4033=CARTESIAN_POINT('',(-0.0221625,-0.0734625,0.002));
#4034=CARTESIAN_POINT('',(-0.0221625,-0.0779625,0.002));
#4035=CARTESIAN_POINT('',(-0.0251625,-0.0779625,0.002));
#4036=CARTESIAN_POINT('',(-0.0371625,-0.0659625,0.004));
#4037=CARTESIAN_POINT('',(-0.0491625,-0.0659625,-0.001));
#4038=CARTESIAN_POINT('',(-0.0251625,-0.0659625,0.002));
#4039=CARTESIAN_POINT('',(-0.0221625,-0.0734625,0.004));
#4040=CARTESIAN_POINT('',(-0.0221625,-0.0779625,0.002));
#4041=CARTESIAN_POINT('',(-0.0221625,-0.0689625,-0.001));
#4042=CARTESIAN_POINT('',(-0.0371625,-0.0809625,0.004));
#4043=CARTESIAN_POINT('',(-0.0491625,-0.0809625,0.002));
#4044=CARTESIAN_POINT('',(-0.0251625,-0.0809625,-0.001));
#4045=CARTESIAN_POINT('',(-0.0521625,-0.0734625,0.004));
#4046=CARTESIAN_POINT('',(-0.0521625,-0.0779625,-0.001));
#4047=CARTESIAN_POINT('',(-0.0521625,-0.0689625,0.002));
#4048=CARTESIAN_POINT('',(0.,0.0859625,0.004));
#4049=CARTESIAN_POINT('',(-0.1591625,0.0859625,0.009));
#4050=CARTESIAN_POINT('',(-0.1591625,0.0859625,0.0015));
#4051=CARTESIAN_POINT('',(-0.1591625,0.0859625,0.019445));
#4052=CARTESIAN_POINT('',(0.,0.0859625,0.019445));
#4053=CARTESIAN_POINT('',(0.1591625,0.0859625,0.019445));
#4054=CARTESIAN_POINT('',(0.1591625,0.0859625,0.004));
#4055=CARTESIAN_POINT('',(0.1591625,0.0859625,0.0015));
#4056=CARTESIAN_POINT('',(-0.168541832071533,0.0859625,0.0015));
#4057=CARTESIAN_POINT('',(0.1621625,-4.16333634234433E-17,0.004));
#4058=CARTESIAN_POINT('',(0.1621625,0.169780349338613,0.0015));
#4059=CARTESIAN_POINT('',(0.1621625,0.0829625,0.0015));
#4060=CARTESIAN_POINT('',(0.1621625,-0.0829625,0.0015));
#4061=CARTESIAN_POINT('',(0.1621625,0.0829625,0.004));
#4062=CARTESIAN_POINT('',(0.1621625,0.0829625,0.019445));
#4063=CARTESIAN_POINT('',(0.1621625,-4.16333634234433E-17,0.019445));
#4064=CARTESIAN_POINT('',(0.1621625,-0.0829625,0.019445));
#4065=CARTESIAN_POINT('',(0.1621625,-0.0829625,0.0015));
#4066=CARTESIAN_POINT('',(0.000456738751381636,-0.0189439608017195,0.004));
#4067=CARTESIAN_POINT('',(0.000456738751381636,-0.0189439608017195,0.002));
#4068=CARTESIAN_POINT('',(0.,-0.0194006995531011,0.002));
#4069=CARTESIAN_POINT('',(0.01024994459471,-0.00915075495839109,0.002));
#4070=CARTESIAN_POINT('',(0.,-0.0194006995531011,0.004));
#4071=CARTESIAN_POINT('',(0.,-0.0194006995531011,0.004));
#4072=CARTESIAN_POINT('',(0.000456738751381636,-0.0189439608017195,0.004));
#4073=CARTESIAN_POINT('',(0.01024994459471,-0.00915075495839109,0.004));
#4074=CARTESIAN_POINT('',(0.01024994459471,-0.00915075495839109,0.004));
#4075=CARTESIAN_POINT('',(-0.000456738751381637,-0.0189439608017195,0.004));
#4076=CARTESIAN_POINT('',(-0.000456738751381637,-0.0189439608017195,0.002));
#4077=CARTESIAN_POINT('',(-0.01024994459471,-0.0091507549583911,0.002));
#4078=CARTESIAN_POINT('',(-0.01024994459471,-0.0091507549583911,0.004));
#4079=CARTESIAN_POINT('',(-0.01024994459471,-0.0091507549583911,0.004));
#4080=CARTESIAN_POINT('',(-0.000456738751381637,-0.0189439608017195,0.004));
#4081=CARTESIAN_POINT('',(0.,0.,0.004));
#4082=CARTESIAN_POINT('',(-0.09045,0.0563837228130587,0.004));
#4083=CARTESIAN_POINT('',(-0.08895,0.0563837228130587,0.004));
#4084=CARTESIAN_POINT('',(5.55111512312578E-17,0.0814625,0.004));
#4085=CARTESIAN_POINT('',(-0.1576625,0.0814625,0.004));
#4086=CARTESIAN_POINT('',(0.1576625,0.0814625,0.004));
#4087=CARTESIAN_POINT('',(-0.1576625,-4.16333634234433E-17,0.004));
#4088=CARTESIAN_POINT('',(0.1576625,4.16333634234433E-17,0.004));
#4089=CARTESIAN_POINT('',(-0.0202086636237801,-0.00915075495839111,0.004));
#4090=CARTESIAN_POINT('',(-0.0274803768843413,-0.00915075495839111,0.004));
#4091=CARTESIAN_POINT('',(-0.0274803768843413,-0.0108108182065189,0.004));
#4092=CARTESIAN_POINT('',(-0.0274803768843413,-0.0124708814546466,0.004));
#4093=CARTESIAN_POINT('',(-0.0284000169485807,-0.0124708814546466,0.004));
#4094=CARTESIAN_POINT('',(-0.0293196570128202,-0.0124708814546466,0.004));
#4095=CARTESIAN_POINT('',(-0.0293196570128202,-0.0108108182065189,0.004));
#4096=CARTESIAN_POINT('',(-0.0293196570128202,-0.00915075495839112,0.004));
#4097=CARTESIAN_POINT('',(-0.0303896838435561,-0.00915075495839112,0.004));
#4098=CARTESIAN_POINT('',(-0.031459710674292,-0.00915075495839112,0.004));
#4099=CARTESIAN_POINT('',(-0.0486943184472963,-0.0091507549583983,0.004));
#4100=CARTESIAN_POINT('',(-0.048356460791587,-0.0094071067540803,0.004));
#4101=CARTESIAN_POINT('',(-0.046449066508915,-0.0108544302146836,0.004));
#4102=CARTESIAN_POINT('',(-0.044208336050068,-0.012447933181341,0.004));
#4103=CARTESIAN_POINT('',(-0.0376239393026735,-0.0129668880990177,0.004));
#4104=CARTESIAN_POINT('',(-0.0330124378293463,-0.0106748262622154,0.004));
#4105=CARTESIAN_POINT('',(-0.0316882868632732,-0.00939407886625956,0.004));
#4106=CARTESIAN_POINT('',(-0.031459710674292,-0.00915075497601115,0.004));
#4107=CARTESIAN_POINT('',(-0.0486943184472963,-0.00915075495839113,0.004));
#4108=CARTESIAN_POINT('',(-0.102428409223648,-0.00915075495839116,0.004));
#4109=CARTESIAN_POINT('',(-0.1561625,-0.0091507549583912,0.004));
#4110=CARTESIAN_POINT('',(-0.1561625,0.0183492450416088,0.004));
#4111=CARTESIAN_POINT('',(-0.1561625,0.0458492450416089,0.004));
#4112=CARTESIAN_POINT('',(-0.0836848883392083,0.0458492450416089,0.004));
#4113=CARTESIAN_POINT('',(-0.0112072766784165,0.0458492450416089,0.004));
#4114=CARTESIAN_POINT('',(0.,0.071715459227562,0.004));
#4115=CARTESIAN_POINT('',(-0.00123660370976084,0.0665845689464554,0.004));
#4116=CARTESIAN_POINT('',(-0.0029101361848549,0.0596407165657993,0.004));
#4117=CARTESIAN_POINT('',(-0.00392292035030496,0.0554452766020554,0.004));
#4118=CARTESIAN_POINT('',(-0.00910844660173268,0.048792459696979,0.004));
#4119=CARTESIAN_POINT('',(-0.0108528241380586,0.0464279643033378,0.004));
#4120=CARTESIAN_POINT('',(-0.0112072766784165,0.0458492450416059,0.004));
#4121=CARTESIAN_POINT('',(0.,0.071715459227562,0.004));
#4122=CARTESIAN_POINT('',(0.,0.071715459227562,0.004));
#4123=CARTESIAN_POINT('',(0.00123660370976084,0.0665845689464554,0.004));
#4124=CARTESIAN_POINT('',(0.00291013618485491,0.0596407165657993,0.004));
#4125=CARTESIAN_POINT('',(0.00392292035030491,0.0554452766020554,0.004));
#4126=CARTESIAN_POINT('',(0.00910844660173268,0.048792459696979,0.004));
#4127=CARTESIAN_POINT('',(0.0108528241380586,0.0464279643033378,0.004));
#4128=CARTESIAN_POINT('',(0.0112072766784164,0.0458492450416059,0.004));
#4129=CARTESIAN_POINT('',(0.0112072766784165,0.0458492450416089,0.004));
#4130=CARTESIAN_POINT('',(0.0836848883392082,0.0458492450416089,0.004));
#4131=CARTESIAN_POINT('',(0.1561625,0.0458492450416089,0.004));
#4132=CARTESIAN_POINT('',(0.1561625,0.0183492450416089,0.004));
#4133=CARTESIAN_POINT('',(0.1561625,-0.00915075495839099,0.004));
#4134=CARTESIAN_POINT('',(0.102428409223648,-0.00915075495839103,0.004));
#4135=CARTESIAN_POINT('',(0.0486943184472964,-0.00915075495839106,0.004));
#4136=CARTESIAN_POINT('',(0.0486943184472963,-0.00915075495839823,0.004));
#4137=CARTESIAN_POINT('',(0.048356460791587,-0.00940710675408024,0.004));
#4138=CARTESIAN_POINT('',(0.046449066508915,-0.0108544302146836,0.004));
#4139=CARTESIAN_POINT('',(0.044208336050068,-0.012447933181341,0.004));
#4140=CARTESIAN_POINT('',(0.0376239393026735,-0.0129668880990177,0.004));
#4141=CARTESIAN_POINT('',(0.0330124378293463,-0.0106748262622153,0.004));
#4142=CARTESIAN_POINT('',(0.0316882868632732,-0.00939407886625952,0.004));
#4143=CARTESIAN_POINT('',(0.031459710674292,-0.00915075497601111,0.004));
#4144=CARTESIAN_POINT('',(0.031459710674292,-0.00915075495839107,0.004));
#4145=CARTESIAN_POINT('',(0.0303896838435561,-0.00915075495839108,0.004));
#4146=CARTESIAN_POINT('',(0.0293196570128202,-0.00915075495839108,0.004));
#4147=CARTESIAN_POINT('',(0.0293196570128202,-0.0108108182065188,0.004));
#4148=CARTESIAN_POINT('',(0.0293196570128202,-0.0124708814546466,0.004));
#4149=CARTESIAN_POINT('',(0.0284000169485807,-0.0124708814546466,0.004));
#4150=CARTESIAN_POINT('',(0.0274803768843413,-0.0124708814546466,0.004));
#4151=CARTESIAN_POINT('',(0.0274803768843413,-0.0108108182065188,0.004));
#4152=CARTESIAN_POINT('',(0.0274803768843413,-0.00915075495839108,0.004));
#4153=CARTESIAN_POINT('',(0.0202086636237801,-0.00915075495839108,0.004));
#4154=CARTESIAN_POINT('',(0.,0.,0.002));
#4155=CARTESIAN_POINT('',(0.0115934474789645,-0.00915075495839109,0.002));
#4156=CARTESIAN_POINT('',(0.0129369503632189,-0.00915075495839109,0.002));
#4157=CARTESIAN_POINT('',(0.00581019196248012,-0.0162775133591299,0.002));
#4158=CARTESIAN_POINT('',(0.000913477502763272,-0.0211742278188467,0.002));
#4159=CARTESIAN_POINT('',(0.000913477502763271,-0.024327302351594,0.002));
#4160=CARTESIAN_POINT('',(0.000913477502763271,-0.0274803768843413,0.002));
#4161=CARTESIAN_POINT('',(0.00669217947870493,-0.0274803768843413,0.002));
#4162=CARTESIAN_POINT('',(0.0124708814546466,-0.0274803768843413,0.002));
#4163=CARTESIAN_POINT('',(0.0124708814546466,-0.0284000169485807,0.002));
#4164=CARTESIAN_POINT('',(0.0124708814546466,-0.0293196570128202,0.002));
#4165=CARTESIAN_POINT('',(0.00987494946457446,-0.0293196570128202,0.002));
#4166=CARTESIAN_POINT('',(0.00727901747450233,-0.0293196570128202,0.002));
#4167=CARTESIAN_POINT('',(-1.37290591091337E-19,-0.071715459227562,0.002));
#4168=CARTESIAN_POINT('',(0.00123660370976084,-0.0665845689464554,0.002));
#4169=CARTESIAN_POINT('',(0.00291013618485491,-0.0596407165657993,0.002));
#4170=CARTESIAN_POINT('',(0.00392292035030492,-0.0554452766020554,0.002));
#4171=CARTESIAN_POINT('',(0.0100154558742668,-0.0476288041047014,0.002));
#4172=CARTESIAN_POINT('',(0.012447933181341,-0.044208336050068,0.002));
#4173=CARTESIAN_POINT('',(0.0129668880990177,-0.0376239393026735,0.002));
#4174=CARTESIAN_POINT('',(0.0102658960355083,-0.0321896928611832,0.002));
#4175=CARTESIAN_POINT('',(0.00815900526799083,-0.0306660312805145,0.002));
#4176=CARTESIAN_POINT('',(0.007341059873311,-0.0298366792919821,0.002));
#4177=CARTESIAN_POINT('',(0.00727901747450233,-0.0297705753319046,0.002));
#4178=CARTESIAN_POINT('',(0.00727901747450233,-0.0293196570128202,0.002));
#4179=CARTESIAN_POINT('',(-1.37290591091337E-19,-0.071715459227562,0.002));
#4180=CARTESIAN_POINT('',(1.37290591091337E-19,-0.071715459227562,0.002));
#4181=CARTESIAN_POINT('',(-0.00123660370976084,-0.0665845689464554,0.002));
#4182=CARTESIAN_POINT('',(-0.00291013618485491,-0.0596407165657993,0.002));
#4183=CARTESIAN_POINT('',(-0.00392292035030492,-0.0554452766020554,0.002));
#4184=CARTESIAN_POINT('',(-0.0100154558742668,-0.0476288041047014,0.002));
#4185=CARTESIAN_POINT('',(-0.012447933181341,-0.044208336050068,0.002));
#4186=CARTESIAN_POINT('',(-0.0129668880990177,-0.0376239393026735,0.002));
#4187=CARTESIAN_POINT('',(-0.0102658960355083,-0.0321896928611832,0.002));
#4188=CARTESIAN_POINT('',(-0.00815900526799083,-0.0306660312805145,0.002));
#4189=CARTESIAN_POINT('',(-0.007341059873311,-0.0298366792919821,0.002));
#4190=CARTESIAN_POINT('',(-0.00727901747450233,-0.0297705753319046,0.002));
#4191=CARTESIAN_POINT('',(-0.00727901747450233,-0.0293196570128202,0.002));
#4192=CARTESIAN_POINT('',(-0.00727901747450233,-0.0293196570128202,0.002));
#4193=CARTESIAN_POINT('',(-0.00987494946457446,-0.0293196570128202,0.002));
#4194=CARTESIAN_POINT('',(-0.0124708814546466,-0.0293196570128202,0.002));
#4195=CARTESIAN_POINT('',(-0.0124708814546466,-0.0284000169485807,0.002));
#4196=CARTESIAN_POINT('',(-0.0124708814546466,-0.0274803768843413,0.002));
#4197=CARTESIAN_POINT('',(-0.00669217947870493,-0.0274803768843413,0.002));
#4198=CARTESIAN_POINT('',(-0.000913477502763271,-0.0274803768843413,0.002));
#4199=CARTESIAN_POINT('',(-0.000913477502763271,-0.024327302351594,0.002));
#4200=CARTESIAN_POINT('',(-0.000913477502763272,-0.0211742278188467,0.002));
#4201=CARTESIAN_POINT('',(-0.0121588746313159,-0.00992883069029403,0.002));
#4202=CARTESIAN_POINT('',(-0.0129369503632189,-0.0091507549583911,0.002));
#4203=CARTESIAN_POINT('',(-0.0115934474789644,-0.0091507549583911,0.002));
#4204=CARTESIAN_POINT('',(-0.0124708814546466,-0.0284000169485807,0.004));
#4205=CARTESIAN_POINT('',(-0.0124708814546466,-0.0293196570128202,0.004));
#4206=CARTESIAN_POINT('',(-0.0124708814546466,-0.0274803768843413,0.004));
#4207=CARTESIAN_POINT('',(-0.00669217947870493,-0.0274803768843413,0.004));
#4208=CARTESIAN_POINT('',(-0.000913477502763271,-0.0274803768843413,0.004));
#4209=CARTESIAN_POINT('',(-0.000913477502763271,-0.024327302351594,0.004));
#4210=CARTESIAN_POINT('',(-0.000913477502763272,-0.0211742278188467,0.004));
#4211=CARTESIAN_POINT('',(-0.00581019196248012,-0.0162775133591299,0.004));
#4212=CARTESIAN_POINT('',(-0.0129369503632189,-0.0091507549583911,0.004));
#4213=CARTESIAN_POINT('',(-0.0202086636237801,-0.00915075495839111,0.004));
#4214=CARTESIAN_POINT('',(-0.0274803768843413,-0.00915075495839111,0.004));
#4215=CARTESIAN_POINT('',(-0.0274803768843413,-0.0108108182065189,0.004));
#4216=CARTESIAN_POINT('',(-0.0274803768843413,-0.0124708814546466,0.004));
#4217=CARTESIAN_POINT('',(-0.0284000169485807,-0.0124708814546466,0.004));
#4218=CARTESIAN_POINT('',(-0.0293196570128202,-0.0124708814546466,0.004));
#4219=CARTESIAN_POINT('',(-0.0293196570128202,-0.0108108182065189,0.004));
#4220=CARTESIAN_POINT('',(-0.0293196570128202,-0.00915075495839112,0.004));
#4221=CARTESIAN_POINT('',(-0.0303896838435561,-0.00915075495839112,0.004));
#4222=CARTESIAN_POINT('',(-0.031459710674292,-0.00915075495839112,0.004));
#4223=CARTESIAN_POINT('',(-0.0486943184472963,-0.0091507549583983,0.004));
#4224=CARTESIAN_POINT('',(-0.0486943184472963,-0.0091507549583983,-0.001));
#4225=CARTESIAN_POINT('',(-0.04789546577181,-0.00975688986280455,0.004));
#4226=CARTESIAN_POINT('',(-0.04789546577181,-0.00975688986280455,-0.001));
#4227=CARTESIAN_POINT('',(-0.0465425108088492,-0.0107972968682986,0.004));
#4228=CARTESIAN_POINT('',(-0.0465425108088492,-0.0107972968682986,-0.000999999999999999));
#4229=CARTESIAN_POINT('',(-0.0451960292220636,-0.0116269607522294,0.004));
#4230=CARTESIAN_POINT('',(-0.0451960292220636,-0.0116269607522294,-0.001));
#4231=CARTESIAN_POINT('',(-0.0439543093770301,-0.0120986419672762,0.004));
#4232=CARTESIAN_POINT('',(-0.0439543093770301,-0.0120986419672762,-0.001));
#4233=CARTESIAN_POINT('',(-0.0424983388099218,-0.0124614527542935,0.004));
#4234=CARTESIAN_POINT('',(-0.0424983388099218,-0.0124614527542935,-0.001));
#4235=CARTESIAN_POINT('',(-0.0403683571315096,-0.012678664591449,0.004));
#4236=CARTESIAN_POINT('',(-0.0403683571315096,-0.012678664591449,-0.001));
#4237=CARTESIAN_POINT('',(-0.0376313392839929,-0.0124461916236245,0.004));
#4238=CARTESIAN_POINT('',(-0.0376313392839929,-0.0124461916236245,-0.001));
#4239=CARTESIAN_POINT('',(-0.0350304437838832,-0.0116127730545617,0.004));
#4240=CARTESIAN_POINT('',(-0.0350304437838832,-0.0116127730545617,-0.001));
#4241=CARTESIAN_POINT('',(-0.0328258547656648,-0.0104265330978551,0.004));
#4242=CARTESIAN_POINT('',(-0.0328258547656648,-0.0104265330978551,-0.000999999999999999));
#4243=CARTESIAN_POINT('',(-0.031843869748894,-0.00955969993621458,0.004));
#4244=CARTESIAN_POINT('',(-0.031843869748894,-0.00955969993621458,-0.001));
#4245=CARTESIAN_POINT('',(-0.031459710674292,-0.00915075497601115,0.004));
#4246=CARTESIAN_POINT('',(-0.031459710674292,-0.00915075497601115,-0.001));
#4247=CARTESIAN_POINT('',(-0.0486943184472963,-0.00915075495839113,0.004));
#4248=CARTESIAN_POINT('',(-0.102428409223648,-0.00915075495839116,0.004));
#4249=CARTESIAN_POINT('',(-0.1561625,-0.0091507549583912,0.004));
#4250=CARTESIAN_POINT('',(-0.1561625,0.0183492450416088,0.004));
#4251=CARTESIAN_POINT('',(-0.1561625,0.0458492450416089,0.004));
#4252=CARTESIAN_POINT('',(-0.0836848883392083,0.0458492450416089,0.004));
#4253=CARTESIAN_POINT('',(-0.0112072766784165,0.0458492450416089,0.004));
#4254=CARTESIAN_POINT('',(0.,0.071715459227562,0.004));
#4255=CARTESIAN_POINT('',(0.,0.071715459227562,-0.001));
#4256=CARTESIAN_POINT('',(-0.0004243226408778,0.0699548685897137,0.004));
#4257=CARTESIAN_POINT('',(-0.0004243226408778,0.0699548685897137,-0.001));
#4258=CARTESIAN_POINT('',(-0.00122898398079626,0.0666145915067502,0.004));
#4259=CARTESIAN_POINT('',(-0.00122898398079626,0.0666145915067502,-0.000999999999999999));
#4260=CARTESIAN_POINT('',(-0.0022566014971004,0.0623583400129418,0.004));
#4261=CARTESIAN_POINT('',(-0.0022566014971004,0.0623583400129418,-0.001));
#4262=CARTESIAN_POINT('',(-0.00303531921462736,0.0591024157990756,0.004));
#4263=CARTESIAN_POINT('',(-0.00303531921462736,0.0591024157990756,-0.000999999999999999));
#4264=CARTESIAN_POINT('',(-0.00348385540213428,0.0573258585158914,0.004));
#4265=CARTESIAN_POINT('',(-0.00348385540213428,0.0573258585158914,-0.001));
#4266=CARTESIAN_POINT('',(-0.00418204868207211,0.0557978320445412,0.004));
#4267=CARTESIAN_POINT('',(-0.00418204868207211,0.0557978320445412,-0.001));
#4268=CARTESIAN_POINT('',(-0.0050019539567573,0.0544207792923489,0.004));
#4269=CARTESIAN_POINT('',(-0.0050019539567573,0.0544207792923489,-0.001));
#4270=CARTESIAN_POINT('',(-0.00606538127612054,0.0528514443598727,0.004));
#4271=CARTESIAN_POINT('',(-0.00606538127612054,0.0528514443598727,-0.001));
#4272=CARTESIAN_POINT('',(-0.00764765526970598,0.0506664954279431,0.004));
#4273=CARTESIAN_POINT('',(-0.00764765526970598,0.0506664954279431,-0.000999999999999999));
#4274=CARTESIAN_POINT('',(-0.0096936616657449,0.0479822910320781,0.004));
#4275=CARTESIAN_POINT('',(-0.0096936616657449,0.0479822910320781,-0.001));
#4276=CARTESIAN_POINT('',(-0.0107853363773515,0.046538152445911,0.004));
#4277=CARTESIAN_POINT('',(-0.0107853363773515,0.046538152445911,-0.001));
#4278=CARTESIAN_POINT('',(-0.0112072766784165,0.0458492450416059,0.004));
#4279=CARTESIAN_POINT('',(-0.0112072766784165,0.0458492450416059,-0.001));
#4280=CARTESIAN_POINT('',(0.,0.071715459227562,0.004));
#4281=CARTESIAN_POINT('',(0.,0.071715459227562,0.004));
#4282=CARTESIAN_POINT('',(0.,0.071715459227562,-0.001));
#4283=CARTESIAN_POINT('',(0.000424322640877801,0.0699548685897137,0.004));
#4284=CARTESIAN_POINT('',(0.000424322640877801,0.0699548685897137,-0.001));
#4285=CARTESIAN_POINT('',(0.00122898398079626,0.0666145915067502,0.004));
#4286=CARTESIAN_POINT('',(0.00122898398079626,0.0666145915067502,-0.000999999999999999));
#4287=CARTESIAN_POINT('',(0.0022566014971004,0.0623583400129418,0.004));
#4288=CARTESIAN_POINT('',(0.0022566014971004,0.0623583400129418,-0.001));
#4289=CARTESIAN_POINT('',(0.00303531921462735,0.0591024157990756,0.004));
#4290=CARTESIAN_POINT('',(0.00303531921462735,0.0591024157990756,-0.000999999999999999));
#4291=CARTESIAN_POINT('',(0.00348385540213426,0.0573258585158914,0.004));
#4292=CARTESIAN_POINT('',(0.00348385540213426,0.0573258585158914,-0.001));
#4293=CARTESIAN_POINT('',(0.00418204868207209,0.0557978320445412,0.004));
#4294=CARTESIAN_POINT('',(0.00418204868207209,0.0557978320445412,-0.001));
#4295=CARTESIAN_POINT('',(0.00500195395675727,0.0544207792923489,0.004));
#4296=CARTESIAN_POINT('',(0.00500195395675727,0.0544207792923489,-0.001));
#4297=CARTESIAN_POINT('',(0.00606538127612052,0.0528514443598727,0.004));
#4298=CARTESIAN_POINT('',(0.00606538127612052,0.0528514443598727,-0.001));
#4299=CARTESIAN_POINT('',(0.00764765526970597,0.0506664954279431,0.004));
#4300=CARTESIAN_POINT('',(0.00764765526970597,0.0506664954279431,-0.000999999999999999));
#4301=CARTESIAN_POINT('',(0.0096936616657449,0.0479822910320781,0.004));
#4302=CARTESIAN_POINT('',(0.0096936616657449,0.0479822910320781,-0.001));
#4303=CARTESIAN_POINT('',(0.0107853363773515,0.046538152445911,0.004));
#4304=CARTESIAN_POINT('',(0.0107853363773515,0.046538152445911,-0.001));
#4305=CARTESIAN_POINT('',(0.0112072766784164,0.0458492450416059,0.004));
#4306=CARTESIAN_POINT('',(0.0112072766784164,0.0458492450416059,-0.001));
#4307=CARTESIAN_POINT('',(0.0112072766784165,0.0458492450416089,0.004));
#4308=CARTESIAN_POINT('',(0.0836848883392082,0.0458492450416089,0.004));
#4309=CARTESIAN_POINT('',(0.1561625,0.0458492450416089,0.004));
#4310=CARTESIAN_POINT('',(0.1561625,0.0183492450416089,0.004));
#4311=CARTESIAN_POINT('',(0.1561625,-0.00915075495839099,0.004));
#4312=CARTESIAN_POINT('',(0.102428409223648,-0.00915075495839103,0.004));
#4313=CARTESIAN_POINT('',(0.0486943184472964,-0.00915075495839106,0.004));
#4314=CARTESIAN_POINT('',(0.0486943184472963,-0.00915075495839823,0.004));
#4315=CARTESIAN_POINT('',(0.0486943184472963,-0.00915075495839823,-0.001));
#4316=CARTESIAN_POINT('',(0.0478954657718101,-0.00975688986280449,0.004));
#4317=CARTESIAN_POINT('',(0.0478954657718101,-0.00975688986280449,-0.001));
#4318=CARTESIAN_POINT('',(0.0465425108088492,-0.0107972968682985,0.004));
#4319=CARTESIAN_POINT('',(0.0465425108088492,-0.0107972968682985,-0.000999999999999999));
#4320=CARTESIAN_POINT('',(0.0451960292220637,-0.0116269607522293,0.004));
#4321=CARTESIAN_POINT('',(0.0451960292220637,-0.0116269607522293,-0.001));
#4322=CARTESIAN_POINT('',(0.0439543093770301,-0.0120986419672762,0.004));
#4323=CARTESIAN_POINT('',(0.0439543093770301,-0.0120986419672762,-0.000999999999999999));
#4324=CARTESIAN_POINT('',(0.0424983388099219,-0.0124614527542934,0.004));
#4325=CARTESIAN_POINT('',(0.0424983388099219,-0.0124614527542934,-0.001));
#4326=CARTESIAN_POINT('',(0.0403683571315097,-0.012678664591449,0.004));
#4327=CARTESIAN_POINT('',(0.0403683571315097,-0.012678664591449,-0.001));
#4328=CARTESIAN_POINT('',(0.0376313392839929,-0.0124461916236245,0.004));
#4329=CARTESIAN_POINT('',(0.0376313392839929,-0.0124461916236245,-0.001));
#4330=CARTESIAN_POINT('',(0.0350304437838832,-0.0116127730545617,0.004));
#4331=CARTESIAN_POINT('',(0.0350304437838832,-0.0116127730545617,-0.000999999999999999));
#4332=CARTESIAN_POINT('',(0.0328258547656648,-0.010426533097855,0.004));
#4333=CARTESIAN_POINT('',(0.0328258547656648,-0.010426533097855,-0.001));
#4334=CARTESIAN_POINT('',(0.0318438697488939,-0.00955969993621453,0.004));
#4335=CARTESIAN_POINT('',(0.0318438697488939,-0.00955969993621453,-0.001));
#4336=CARTESIAN_POINT('',(0.031459710674292,-0.00915075497601111,0.004));
#4337=CARTESIAN_POINT('',(0.031459710674292,-0.00915075497601111,-0.001));
#4338=CARTESIAN_POINT('',(0.031459710674292,-0.00915075495839107,0.004));
#4339=CARTESIAN_POINT('',(0.0303896838435561,-0.00915075495839108,0.004));
#4340=CARTESIAN_POINT('',(0.0293196570128202,-0.00915075495839108,0.004));
#4341=CARTESIAN_POINT('',(0.0293196570128202,-0.0108108182065188,0.004));
#4342=CARTESIAN_POINT('',(0.0293196570128202,-0.0124708814546466,0.004));
#4343=CARTESIAN_POINT('',(0.0284000169485807,-0.0124708814546466,0.004));
#4344=CARTESIAN_POINT('',(0.0274803768843413,-0.0124708814546466,0.004));
#4345=CARTESIAN_POINT('',(0.0274803768843413,-0.0108108182065188,0.004));
#4346=CARTESIAN_POINT('',(0.0274803768843413,-0.00915075495839108,0.004));
#4347=CARTESIAN_POINT('',(0.0202086636237801,-0.00915075495839108,0.004));
#4348=CARTESIAN_POINT('',(0.0129369503632189,-0.00915075495839109,0.004));
#4349=CARTESIAN_POINT('',(0.012158874631316,-0.00992883069029402,0.004));
#4350=CARTESIAN_POINT('',(0.000913477502763272,-0.0211742278188467,0.004));
#4351=CARTESIAN_POINT('',(0.000913477502763271,-0.024327302351594,0.004));
#4352=CARTESIAN_POINT('',(0.000913477502763271,-0.0274803768843413,0.004));
#4353=CARTESIAN_POINT('',(0.00669217947870493,-0.0274803768843413,0.004));
#4354=CARTESIAN_POINT('',(0.0124708814546466,-0.0274803768843413,0.004));
#4355=CARTESIAN_POINT('',(0.0124708814546466,-0.0284000169485807,0.004));
#4356=CARTESIAN_POINT('',(0.0124708814546466,-0.0293196570128202,0.004));
#4357=CARTESIAN_POINT('',(0.00987494946457446,-0.0293196570128202,0.004));
#4358=CARTESIAN_POINT('',(0.00727901747450233,-0.0293196570128202,0.004));
#4359=CARTESIAN_POINT('',(-1.37290591091337E-19,-0.071715459227562,0.002));
#4360=CARTESIAN_POINT('',(-1.37290591091337E-19,-0.071715459227562,-0.001));
#4361=CARTESIAN_POINT('',(0.000415795398439436,-0.0699902496459133,0.002));
#4362=CARTESIAN_POINT('',(0.000415795398439436,-0.0699902496459133,-0.001));
#4363=CARTESIAN_POINT('',(0.00120555051390827,-0.0667129008043275,0.002));
#4364=CARTESIAN_POINT('',(0.00120555051390827,-0.0667129008043275,-0.001));
#4365=CARTESIAN_POINT('',(0.00221657817981451,-0.0625206028426029,0.002));
#4366=CARTESIAN_POINT('',(0.00221657817981451,-0.0625206028426029,-0.001));
#4367=CARTESIAN_POINT('',(0.00299901521302027,-0.0592669796406182,0.002));
#4368=CARTESIAN_POINT('',(0.00299901521302027,-0.0592669796406182,-0.001));
#4369=CARTESIAN_POINT('',(0.00343483439265524,-0.0574865241948892,0.002));
#4370=CARTESIAN_POINT('',(0.00343483439265524,-0.0574865241948892,-0.001));
#4371=CARTESIAN_POINT('',(0.0040709815326308,-0.0560156014898988,0.002));
#4372=CARTESIAN_POINT('',(0.0040709815326308,-0.0560156014898988,-0.001));
#4373=CARTESIAN_POINT('',(0.00481433037550773,-0.0547168536573787,0.002));
#4374=CARTESIAN_POINT('',(0.00481433037550773,-0.0547168536573787,-0.001));
#4375=CARTESIAN_POINT('',(0.00581716510502199,-0.0532072954070344,0.002));
#4376=CARTESIAN_POINT('',(0.00581716510502199,-0.0532072954070344,-0.001));
#4377=CARTESIAN_POINT('',(0.00696070254346615,-0.0516082466374952,0.002));
#4378=CARTESIAN_POINT('',(0.00696070254346615,-0.0516082466374952,-0.001));
#4379=CARTESIAN_POINT('',(0.0081500048470247,-0.0500125418697928,0.002));
#4380=CARTESIAN_POINT('',(0.0081500048470247,-0.0500125418697928,-0.001));
#4381=CARTESIAN_POINT('',(0.00928714793963456,-0.0485143214986261,0.002));
#4382=CARTESIAN_POINT('',(0.00928714793963456,-0.0485143214986261,-0.001));
#4383=CARTESIAN_POINT('',(0.0102623073403311,-0.0472309878016227,0.002));
#4384=CARTESIAN_POINT('',(0.0102623073403311,-0.0472309878016227,-0.001));
#4385=CARTESIAN_POINT('',(0.0112774245140338,-0.0458190151086194,0.002));
#4386=CARTESIAN_POINT('',(0.0112774245140338,-0.0458190151086194,-0.001));
#4387=CARTESIAN_POINT('',(0.0121123079203746,-0.0442275542786936,0.002));
#4388=CARTESIAN_POINT('',(0.0121123079203746,-0.0442275542786936,-0.001));
#4389=CARTESIAN_POINT('',(0.0126549624799714,-0.0414431135938386,0.002));
#4390=CARTESIAN_POINT('',(0.0126549624799714,-0.0414431135938386,-0.001));
#4391=CARTESIAN_POINT('',(0.0125881346876697,-0.0382135028467821,0.002));
#4392=CARTESIAN_POINT('',(0.0125881346876697,-0.0382135028467821,-0.001));
#4393=CARTESIAN_POINT('',(0.0116748391421803,-0.0350865787366371,0.002));
#4394=CARTESIAN_POINT('',(0.0116748391421803,-0.0350865787366371,-0.001));
#4395=CARTESIAN_POINT('',(0.0104795516206173,-0.0329382563246191,0.002));
#4396=CARTESIAN_POINT('',(0.0104795516206173,-0.0329382563246191,-0.001));
#4397=CARTESIAN_POINT('',(0.00947243759524396,-0.031741981402844,0.002));
#4398=CARTESIAN_POINT('',(0.00947243759524396,-0.031741981402844,-0.001));
#4399=CARTESIAN_POINT('',(0.00874365266542695,-0.0310848474014421,0.002));
#4400=CARTESIAN_POINT('',(0.00874365266542695,-0.0310848474014421,-0.001));
#4401=CARTESIAN_POINT('',(0.008099533186114,-0.0305683746722442,0.002));
#4402=CARTESIAN_POINT('',(0.008099533186114,-0.0305683746722442,-0.001));
#4403=CARTESIAN_POINT('',(0.00768031849196382,-0.0301797599062156,0.002));
#4404=CARTESIAN_POINT('',(0.00768031849196382,-0.0301797599062156,-0.001));
#4405=CARTESIAN_POINT('',(0.00744931472255868,-0.0299439201502864,0.002));
#4406=CARTESIAN_POINT('',(0.00744931472255868,-0.0299439201502864,-0.001));
#4407=CARTESIAN_POINT('',(0.00730315240330209,-0.0298083967673458,0.002));
#4408=CARTESIAN_POINT('',(0.00730315240330209,-0.0298083967673458,-0.001));
#4409=CARTESIAN_POINT('',(0.00727901747450233,-0.0296669094697562,0.002));
#4410=CARTESIAN_POINT('',(0.00727901747450233,-0.0296669094697562,-0.001));
#4411=CARTESIAN_POINT('',(0.00727901747450233,-0.0293196570128202,0.002));
#4412=CARTESIAN_POINT('',(0.00727901747450233,-0.0293196570128202,-0.001));
#4413=CARTESIAN_POINT('',(-1.37290591091337E-19,-0.071715459227562,0.004));
#4414=CARTESIAN_POINT('',(1.37290591091337E-19,-0.071715459227562,0.002));
#4415=CARTESIAN_POINT('',(1.37290591091337E-19,-0.071715459227562,-0.001));
#4416=CARTESIAN_POINT('',(-0.000415795398439436,-0.0699902496459133,0.002));
#4417=CARTESIAN_POINT('',(-0.000415795398439436,-0.0699902496459133,-0.001));
#4418=CARTESIAN_POINT('',(-0.00120555051390827,-0.0667129008043275,0.002));
#4419=CARTESIAN_POINT('',(-0.00120555051390827,-0.0667129008043275,-0.001));
#4420=CARTESIAN_POINT('',(-0.00221657817981451,-0.0625206028426029,0.002));
#4421=CARTESIAN_POINT('',(-0.00221657817981451,-0.0625206028426029,-0.001));
#4422=CARTESIAN_POINT('',(-0.00299901521302027,-0.0592669796406182,0.002));
#4423=CARTESIAN_POINT('',(-0.00299901521302027,-0.0592669796406182,-0.001));
#4424=CARTESIAN_POINT('',(-0.00343483439265524,-0.0574865241948892,0.002));
#4425=CARTESIAN_POINT('',(-0.00343483439265524,-0.0574865241948892,-0.001));
#4426=CARTESIAN_POINT('',(-0.0040709815326308,-0.0560156014898988,0.002));
#4427=CARTESIAN_POINT('',(-0.0040709815326308,-0.0560156014898988,-0.001));
#4428=CARTESIAN_POINT('',(-0.00481433037550773,-0.0547168536573787,0.002));
#4429=CARTESIAN_POINT('',(-0.00481433037550773,-0.0547168536573787,-0.001));
#4430=CARTESIAN_POINT('',(-0.00581716510502199,-0.0532072954070344,0.002));
#4431=CARTESIAN_POINT('',(-0.00581716510502199,-0.0532072954070344,-0.001));
#4432=CARTESIAN_POINT('',(-0.00696070254346615,-0.0516082466374952,0.002));
#4433=CARTESIAN_POINT('',(-0.00696070254346615,-0.0516082466374952,-0.001));
#4434=CARTESIAN_POINT('',(-0.0081500048470247,-0.0500125418697928,0.002));
#4435=CARTESIAN_POINT('',(-0.0081500048470247,-0.0500125418697928,-0.001));
#4436=CARTESIAN_POINT('',(-0.00928714793963456,-0.0485143214986261,0.002));
#4437=CARTESIAN_POINT('',(-0.00928714793963456,-0.0485143214986261,-0.001));
#4438=CARTESIAN_POINT('',(-0.0102623073403311,-0.0472309878016227,0.002));
#4439=CARTESIAN_POINT('',(-0.0102623073403311,-0.0472309878016227,-0.001));
#4440=CARTESIAN_POINT('',(-0.0112774245140338,-0.0458190151086194,0.002));
#4441=CARTESIAN_POINT('',(-0.0112774245140338,-0.0458190151086194,-0.001));
#4442=CARTESIAN_POINT('',(-0.0121123079203746,-0.0442275542786936,0.002));
#4443=CARTESIAN_POINT('',(-0.0121123079203746,-0.0442275542786936,-0.001));
#4444=CARTESIAN_POINT('',(-0.0126549624799714,-0.0414431135938386,0.002));
#4445=CARTESIAN_POINT('',(-0.0126549624799714,-0.0414431135938386,-0.001));
#4446=CARTESIAN_POINT('',(-0.0125881346876697,-0.0382135028467821,0.002));
#4447=CARTESIAN_POINT('',(-0.0125881346876697,-0.0382135028467821,-0.001));
#4448=CARTESIAN_POINT('',(-0.0116748391421803,-0.0350865787366371,0.002));
#4449=CARTESIAN_POINT('',(-0.0116748391421803,-0.0350865787366371,-0.001));
#4450=CARTESIAN_POINT('',(-0.0104795516206173,-0.0329382563246191,0.002));
#4451=CARTESIAN_POINT('',(-0.0104795516206173,-0.0329382563246191,-0.001));
#4452=CARTESIAN_POINT('',(-0.00947243759524396,-0.031741981402844,0.002));
#4453=CARTESIAN_POINT('',(-0.00947243759524396,-0.031741981402844,-0.001));
#4454=CARTESIAN_POINT('',(-0.00874365266542695,-0.0310848474014421,0.002));
#4455=CARTESIAN_POINT('',(-0.00874365266542695,-0.0310848474014421,-0.001));
#4456=CARTESIAN_POINT('',(-0.008099533186114,-0.0305683746722442,0.002));
#4457=CARTESIAN_POINT('',(-0.008099533186114,-0.0305683746722442,-0.001));
#4458=CARTESIAN_POINT('',(-0.00768031849196382,-0.0301797599062156,0.002));
#4459=CARTESIAN_POINT('',(-0.00768031849196382,-0.0301797599062156,-0.001));
#4460=CARTESIAN_POINT('',(-0.00744931472255868,-0.0299439201502864,0.002));
#4461=CARTESIAN_POINT('',(-0.00744931472255868,-0.0299439201502864,-0.001));
#4462=CARTESIAN_POINT('',(-0.00730315240330209,-0.0298083967673458,0.002));
#4463=CARTESIAN_POINT('',(-0.00730315240330209,-0.0298083967673458,-0.001));
#4464=CARTESIAN_POINT('',(-0.00727901747450233,-0.0296669094697562,0.002));
#4465=CARTESIAN_POINT('',(-0.00727901747450233,-0.0296669094697562,-0.001));
#4466=CARTESIAN_POINT('',(-0.00727901747450233,-0.0293196570128202,0.002));
#4467=CARTESIAN_POINT('',(-0.00727901747450233,-0.0293196570128202,-0.001));
#4468=CARTESIAN_POINT('',(-0.00727901747450233,-0.0293196570128202,0.004));
#4469=CARTESIAN_POINT('',(-0.00987494946457446,-0.0293196570128202,0.004));
#4470=CARTESIAN_POINT('',(-0.1621625,-4.16333634234433E-17,0.004));
#4471=CARTESIAN_POINT('',(-0.1621625,0.169780349338613,0.0015));
#4472=CARTESIAN_POINT('',(-0.1621625,0.0829625,0.0015));
#4473=CARTESIAN_POINT('',(-0.1621625,-0.0829625,0.0015));
#4474=CARTESIAN_POINT('',(-0.1621625,-0.0829625,0.004));
#4475=CARTESIAN_POINT('',(-0.1621625,-0.0829625,0.019445));
#4476=CARTESIAN_POINT('',(-0.1621625,-4.16333634234433E-17,0.019445));
#4477=CARTESIAN_POINT('',(-0.1621625,0.0829625,0.019445));
#4478=CARTESIAN_POINT('',(-0.1621625,0.0829625,0.0015));
#4479=CARTESIAN_POINT('',(-0.1621625,0.169780349338613,9.18485099360516E-20));
#4480=CARTESIAN_POINT('',(-0.1621625,-0.0859625,9.18485099360515E-20));
#4481=CARTESIAN_POINT('',(-0.161283820343559,-0.0850838203435597,0.00121569817856154));
#4482=CARTESIAN_POINT('',(-0.161283820343559,-0.0850838203435597,0.00121569817856154));
#4483=CARTESIAN_POINT('',(-0.161538837869017,-0.0848288028181017,0.00140001918488308));
#4484=CARTESIAN_POINT('',(-0.162001950095982,-0.0841618539465858,0.00151256635082901));
#4485=CARTESIAN_POINT('',(-0.1621625,-0.083364577397498,0.0015));
#4486=CARTESIAN_POINT('',(-0.1621625,-0.0829625,0.0015));
#4487=CARTESIAN_POINT('',(-0.1621625,0.0829625,0.0015));
#4488=CARTESIAN_POINT('',(-0.1621625,0.0833646190875982,0.0015));
#4489=CARTESIAN_POINT('',(-0.162004322473614,0.084156548954364,0.00151308453922507));
#4490=CARTESIAN_POINT('',(-0.161538338359859,0.0848293023272599,0.00139965815075196));
#4491=CARTESIAN_POINT('',(-0.161283820343559,0.0850838203435596,0.00121569817856152));
#4492=CARTESIAN_POINT('',(-0.161283820343559,0.0850838203435596,0.00121569817856152));
#4493=CARTESIAN_POINT('',(-0.1621625,0.0859625,9.18485099360515E-20));
#4494=CARTESIAN_POINT('',(-0.168541832071533,-0.0859625,9.18485099360515E-20));
#4495=CARTESIAN_POINT('',(0.1621625,-0.0859625,9.18485099360515E-20));
#4496=CARTESIAN_POINT('',(0.161283820343559,-0.0850838203435597,0.00121569817856152));
#4497=CARTESIAN_POINT('',(0.161283820343559,-0.0850838203435597,0.00121569817856152));
#4498=CARTESIAN_POINT('',(0.161028802818102,-0.0853388378690176,0.00140001918488297));
#4499=CARTESIAN_POINT('',(0.160361853946586,-0.0858019500959818,0.00151256635082907));
#4500=CARTESIAN_POINT('',(0.159564577397498,-0.0859625,0.0015));
#4501=CARTESIAN_POINT('',(0.1591625,-0.0859625,0.0015));
#4502=CARTESIAN_POINT('',(-0.1591625,-0.0859625,0.0015));
#4503=CARTESIAN_POINT('',(-0.159564619087598,-0.0859625,0.0015));
#4504=CARTESIAN_POINT('',(-0.160356548954364,-0.0858043224736141,0.0015130845392251));
#4505=CARTESIAN_POINT('',(-0.16102930232726,-0.0853383383598594,0.00139965815075191));
#4506=CARTESIAN_POINT('',(-0.161283820343559,-0.0850838203435597,0.00121569817856155));
#4507=CARTESIAN_POINT('',(0.1621625,0.169780349338613,9.18485099360515E-20));
#4508=CARTESIAN_POINT('',(0.1621625,0.0859625,9.18485099360515E-20));
#4509=CARTESIAN_POINT('',(0.161283820343559,0.0850838203435597,0.0012156981785616));
#4510=CARTESIAN_POINT('',(0.161283820343559,0.0850838203435597,0.0012156981785616));
#4511=CARTESIAN_POINT('',(0.161538837869017,0.0848288028181017,0.00140001918488313));
#4512=CARTESIAN_POINT('',(0.162001950095982,0.0841618539465858,0.00151256635082898));
#4513=CARTESIAN_POINT('',(0.1621625,0.083364577397498,0.0015));
#4514=CARTESIAN_POINT('',(0.1621625,0.0829625,0.0015));
#4515=CARTESIAN_POINT('',(0.1621625,-0.0829625,0.0015));
#4516=CARTESIAN_POINT('',(0.1621625,-0.0833646190875982,0.0015));
#4517=CARTESIAN_POINT('',(0.162004322473614,-0.0841565489543641,0.00151308453922506));
#4518=CARTESIAN_POINT('',(0.161538338359859,-0.08482930232726,0.00139965815075196));
#4519=CARTESIAN_POINT('',(0.161283820343559,-0.0850838203435597,0.0012156981785615));
#4520=CARTESIAN_POINT('',(-0.168541832071533,0.0859625,9.18485099360515E-20));
#4521=CARTESIAN_POINT('',(0.1591625,0.0859625,0.0015));
#4522=CARTESIAN_POINT('',(0.159564619087598,0.0859625,0.0015));
#4523=CARTESIAN_POINT('',(0.160356548954364,0.0858043224736141,0.00151308453922507));
#4524=CARTESIAN_POINT('',(0.16102930232726,0.0853383383598594,0.00139965815075197));
#4525=CARTESIAN_POINT('',(0.161283820343559,0.0850838203435597,0.00121569817856161));
#4526=CARTESIAN_POINT('',(-0.161283820343559,0.0850838203435596,0.00121569817856152));
#4527=CARTESIAN_POINT('',(-0.161028802818102,0.0853388378690175,0.001400019184883));
#4528=CARTESIAN_POINT('',(-0.160361853946586,0.0858019500959819,0.00151256635082905));
#4529=CARTESIAN_POINT('',(-0.159564577397498,0.0859625,0.0015));
#4530=CARTESIAN_POINT('',(-0.1591625,0.0859625,0.0015));
#4531=CARTESIAN_POINT('',(0.,0.,0.002));
#4532=CARTESIAN_POINT('',(0.0371625,-0.0809625,0.002));
#4533=CARTESIAN_POINT('',(0.0251625,-0.0809625,0.002));
#4534=CARTESIAN_POINT('',(0.0491625,-0.0809625,0.002));
#4535=CARTESIAN_POINT('',(0.0251625,-0.0779625,0.002));
#4536=CARTESIAN_POINT('',(0.0221625,-0.0779625,0.002));
#4537=CARTESIAN_POINT('',(0.0221625,-0.0734625,0.002));
#4538=CARTESIAN_POINT('',(0.0221625,-0.0689625,0.002));
#4539=CARTESIAN_POINT('',(0.0251625,-0.0689625,0.002));
#4540=CARTESIAN_POINT('',(0.0251625,-0.0659625,0.002));
#4541=CARTESIAN_POINT('',(0.0371625,-0.0659625,0.002));
#4542=CARTESIAN_POINT('',(0.0491625,-0.0659625,0.002));
#4543=CARTESIAN_POINT('',(0.0491625,-0.0689625,0.002));
#4544=CARTESIAN_POINT('',(0.0521625,-0.0689625,0.002));
#4545=CARTESIAN_POINT('',(0.0521625,-0.0734625,0.002));
#4546=CARTESIAN_POINT('',(0.0521625,-0.0779625,0.002));
#4547=CARTESIAN_POINT('',(0.0491625,-0.0779625,0.002));
#4548=CARTESIAN_POINT('',(0.0371625,-0.0809625,0.004));
#4549=CARTESIAN_POINT('',(0.0251625,-0.0809625,0.002));
#4550=CARTESIAN_POINT('',(0.0491625,-0.0809625,-0.001));
#4551=CARTESIAN_POINT('',(0.0221625,-0.0734625,0.004));
#4552=CARTESIAN_POINT('',(0.0221625,-0.0779625,-0.001));
#4553=CARTESIAN_POINT('',(0.0221625,-0.0689625,0.002));
#4554=CARTESIAN_POINT('',(0.0371625,-0.0659625,0.004));
#4555=CARTESIAN_POINT('',(0.0491625,-0.0659625,0.002));
#4556=CARTESIAN_POINT('',(0.0251625,-0.0659625,-0.001));
#4557=CARTESIAN_POINT('',(0.0521625,-0.0734625,0.004));
#4558=CARTESIAN_POINT('',(0.0521625,-0.0689625,-0.001));
#4559=CARTESIAN_POINT('',(0.0521625,-0.0779625,0.002));
#4560=CARTESIAN_POINT('',(5.55111512312578E-17,0.0814625,0.009));
#4561=CARTESIAN_POINT('',(0.1576625,0.0814625,0.009));
#4562=CARTESIAN_POINT('',(0.1576625,0.0814625,0.019445));
#4563=CARTESIAN_POINT('',(5.55111512312578E-17,0.0814625,0.019445));
#4564=CARTESIAN_POINT('',(-0.1576625,0.0814625,0.019445));
#4565=CARTESIAN_POINT('',(-0.1576625,0.0814625,0.009));
#4566=CARTESIAN_POINT('',(0.1576625,4.16333634234433E-17,0.009));
#4567=CARTESIAN_POINT('',(0.1576625,4.16333634234433E-17,0.019445));
#4568=CARTESIAN_POINT('',(-0.1576625,-4.16333634234433E-17,0.009));
#4569=CARTESIAN_POINT('',(-0.1576625,-4.16333634234433E-17,0.019445));
#4570=CARTESIAN_POINT('',(-0.1511625,0.0779625,0.004));
#4571=CARTESIAN_POINT('',(-0.1321625,0.0779625,0.004));
#4572=CARTESIAN_POINT('',(-0.1321625,0.0539625,0.004));
#4573=CARTESIAN_POINT('',(-0.1511625,0.0539625,0.004));
#4574=CARTESIAN_POINT('',(-0.1511625,-0.0779625,0.004));
#4575=CARTESIAN_POINT('',(-0.1321625,-0.0779625,0.004));
#4576=CARTESIAN_POINT('',(-0.1321625,-0.0539625,0.004));
#4577=CARTESIAN_POINT('',(-0.1511625,-0.0539625,0.004));
#4578=CARTESIAN_POINT('',(0.0251625,-0.0779625,0.004));
#4579=CARTESIAN_POINT('',(0.0491625,-0.0689625,0.004));
#4580=CARTESIAN_POINT('',(0.0491625,-0.0779625,0.004));
#4581=CARTESIAN_POINT('',(-0.0491625,-0.0779625,0.004));
#4582=CARTESIAN_POINT('',(0.0251625,-0.0689625,0.004));
#4583=CARTESIAN_POINT('',(-0.0491625,-0.0689625,0.004));
#4584=CARTESIAN_POINT('',(-0.0251625,-0.0779625,0.004));
#4585=CARTESIAN_POINT('',(-0.0251625,-0.0689625,0.004));
#4586=CARTESIAN_POINT('',(0.1321625,-0.0779625,0.004));
#4587=CARTESIAN_POINT('',(0.1511625,-0.0779625,0.004));
#4588=CARTESIAN_POINT('',(0.1511625,-0.0539625,0.004));
#4589=CARTESIAN_POINT('',(0.1321625,-0.0539625,0.004));
#4590=CARTESIAN_POINT('',(0.1511625,0.0779625,0.004));
#4591=CARTESIAN_POINT('',(0.1321625,0.0779625,0.004));
#4592=CARTESIAN_POINT('',(0.1321625,0.0539625,0.004));
#4593=CARTESIAN_POINT('',(0.1511625,0.0539625,0.004));
#4594=CARTESIAN_POINT('',(0.1591625,0.0829625,0.004));
#4595=CARTESIAN_POINT('',(0.1591625,0.0829625,0.019445));
#4596=CARTESIAN_POINT('',(0.1591625,-0.0829625,0.004));
#4597=CARTESIAN_POINT('',(0.1591625,-0.0829625,0.019445));
#4598=CARTESIAN_POINT('',(-0.1591625,-0.0829625,0.004));
#4599=CARTESIAN_POINT('',(-0.1591625,-0.0829625,0.019445));
#4600=CARTESIAN_POINT('',(-0.1591625,0.0829625,0.004));
#4601=CARTESIAN_POINT('',(-0.1591625,0.0829625,0.019445));
#4602=CARTESIAN_POINT('',(0.,-4.16333634234433E-17,0.019445));
#4603=CARTESIAN_POINT('',(-0.09045,0.0563837228130587,0.00051));
#4604=CARTESIAN_POINT('',(-0.09045,0.0563837228130587,0.00051));
#4605=CARTESIAN_POINT('',(-0.09195,0.0563837228130587,0.00051));
#4606=CARTESIAN_POINT('',(-0.09045,0.0588837228130587,0.00051));
#4607=CARTESIAN_POINT('',(0.0361884364485741,-0.0809625,0.01451));
#4608=CARTESIAN_POINT('',(0.0281884364485741,-0.0814625,0.01451));
#4609=CARTESIAN_POINT('',(0.0441884364485741,-0.0859625,0.01451));
#4610=CARTESIAN_POINT('',(0.0261884364485741,-0.0809625,0.01126));
#4611=CARTESIAN_POINT('',(0.0261884364485741,-0.0814625,0.01001));
#4612=CARTESIAN_POINT('',(0.0261884364485741,-0.0859625,0.01251));
#4613=CARTESIAN_POINT('',(0.0361884364485741,-0.0809625,0.00801));
#4614=CARTESIAN_POINT('',(0.0441884364485741,-0.0814625,0.00801));
#4615=CARTESIAN_POINT('',(0.0281884364485741,-0.0859625,0.00801));
#4616=CARTESIAN_POINT('',(0.0461884364485741,-0.0809625,0.01076));
#4617=CARTESIAN_POINT('',(0.0461884364485741,-0.0859625,0.01001));
#4618=CARTESIAN_POINT('',(0.0461884364485741,-0.0814625,0.01251));
#4619=CARTESIAN_POINT('',(0.0441884364485741,-0.0809625,0.01001));
#4620=CARTESIAN_POINT('',(0.0281884364485741,-0.0809625,0.01001));
#4621=CARTESIAN_POINT('',(0.0281884364485741,-0.0809625,0.01251));
#4622=CARTESIAN_POINT('',(0.0441884364485741,-0.0809625,0.01251));
#4623=MECHANICAL_DESIGN_GEOMETRIC_PRESENTATION_REPRESENTATION('',(#2622),
#4624);
#4624=(
GEOMETRIC_REPRESENTATION_CONTEXT(3)
GLOBAL_UNCERTAINTY_ASSIGNED_CONTEXT((#4625))
GLOBAL_UNIT_ASSIGNED_CONTEXT((#4628,#4627,#4626))
REPRESENTATION_CONTEXT('Base Case','TOP_LEVEL_ASSEMBLY_PART')
);
#4625=UNCERTAINTY_MEASURE_WITH_UNIT(LENGTH_MEASURE(2.E-5),#4628,
'DISTANCE_ACCURACY_VALUE','Maximum Tolerance applied to model');
#4626=(
NAMED_UNIT(*)
SI_UNIT($,.STERADIAN.)
SOLID_ANGLE_UNIT()
);
#4627=(
NAMED_UNIT(*)
PLANE_ANGLE_UNIT()
SI_UNIT($,.RADIAN.)
);
#4628=(
LENGTH_UNIT()
NAMED_UNIT(*)
SI_UNIT($,.METRE.)
);
#4629=PRODUCT_DEFINITION_SHAPE('','',#4630);
#4630=PRODUCT_DEFINITION('','',#4632,#4631);
#4631=PRODUCT_DEFINITION_CONTEXT('',#4638,'design');
#4632=PRODUCT_DEFINITION_FORMATION_WITH_SPECIFIED_SOURCE('','',#4634,
 .NOT_KNOWN.);
#4633=PRODUCT_RELATED_PRODUCT_CATEGORY('','',(#4634));
#4634=PRODUCT('Base Case','Base Case','Base Case',(#4636));
#4635=PRODUCT_CATEGORY('','');
#4636=PRODUCT_CONTEXT('',#4638,'mechanical');
#4637=APPLICATION_PROTOCOL_DEFINITION('international standard',
'ap242_managed_model_based_3d_engineering',2020,#4638);
#4638=APPLICATION_CONTEXT('managed model based 3d engineering');
ENDSEC;
END-ISO-10303-21;
