ISO-10303-21;
HEADER;
/* Generated by software containing ST-Developer
 * from STEP Tools, Inc. (www.steptools.com) 
 */
/* OPTION: using custom renumber hook */

FILE_DESCRIPTION(
/* description */ ('STEP AP242 Edition 2',
'CAx-IF Rec.Pracs.---Representation and Presentation of Product Manufa
cturing Information (PMI)---4.0---2014-10-13',
'CAx-IF Rec.Pracs.---3D Tessellated Geometry---0.4---2014-09-14','2;1',
'CAx-IF Rec.Pracs.---User Defined Attributes---1.5---2016-08-15'),
/* implementation_level */ '2;1');

FILE_NAME(
/* name */ 'Case - TopCase',
/* time_stamp */ '2026-08-03T19:40:53Z',
/* author */ (''),
/* organization */ (''),
/* preprocessor_version */ 'ST-DEVELOPER v20',
/* originating_system */ 'ONSHAPE BY PTC INC, 1.218',
/* authorisation */ '  ');

FILE_SCHEMA (('AP242_MANAGED_MODEL_BASED_3D_ENGINEERING_MIM_LF { 1 0 10303 442 3 1 4 }'));
ENDSEC;

DATA;
#10=SHAPE_REPRESENTATION_RELATIONSHIP('','',#2587,#11);
#11=ADVANCED_BREP_SHAPE_REPRESENTATION('',(#2585),#4189);
#12=CYLINDRICAL_SURFACE('',#2634,0.00557922318443828);
#13=CYLINDRICAL_SURFACE('',#2702,0.00025);
#14=B_SPLINE_SURFACE_WITH_KNOTS('',3,1,((#3895,#3896),(#3897,#3898),(#3899,
#3900),(#3901,#3902),(#3903,#3904),(#3905,#3906),(#3907,#3908),(#3909,#3910),
(#3911,#3912),(#3913,#3914)),.SURF_OF_LINEAR_EXTRUSION.,.F.,.F.,.F.,(4,
1,1,1,1,1,1,4),(2,2),(0.,0.1429130549066,0.290929908584403,0.448736645387321,
0.623084867669509,0.755643598986917,0.898379567440666,1.),(0.,1.),
 .UNSPECIFIED.);
#15=B_SPLINE_SURFACE_WITH_KNOTS('',3,1,((#3930,#3931),(#3932,#3933),(#3934,
#3935),(#3936,#3937),(#3938,#3939),(#3940,#3941),(#3942,#3943),(#3944,#3945),
(#3946,#3947),(#3948,#3949),(#3950,#3951),(#3952,#3953)),
 .SURF_OF_LINEAR_EXTRUSION.,.F.,.F.,.F.,(4,1,1,1,1,1,1,1,1,4),(2,2),(0.,
0.125,0.1875,0.25,0.375,0.5,0.625,0.75,0.875,1.),(0.,1.),.UNSPECIFIED.);
#16=B_SPLINE_SURFACE_WITH_KNOTS('',3,1,((#3980,#3981),(#3982,#3983),(#3984,
#3985),(#3986,#3987),(#3988,#3989),(#3990,#3991),(#3992,#3993),(#3994,#3995),
(#3996,#3997),(#3998,#3999),(#4000,#4001),(#4002,#4003),(#4004,#4005),(#4006,
#4007),(#4008,#4009),(#4010,#4011),(#4012,#4013),(#4014,#4015),(#4016,#4017),
(#4018,#4019)),.SURF_OF_LINEAR_EXTRUSION.,.F.,.F.,.F.,(4,1,1,1,1,1,1,1,
1,1,1,1,1,1,1,1,1,4),(2,2),(0.,0.125,0.1875,0.25,0.3125,0.375,0.40625,0.4375,
0.46875,0.5,0.53125,0.5625,0.625,0.6875,0.75,0.8125,0.875,1.),(0.,1.),
 .UNSPECIFIED.);
#17=B_SPLINE_SURFACE_WITH_KNOTS('',3,1,((#4083,#4084),(#4085,#4086),(#4087,
#4088),(#4089,#4090),(#4091,#4092),(#4093,#4094),(#4095,#4096),(#4097,#4098),
(#4099,#4100),(#4101,#4102),(#4103,#4104),(#4105,#4106)),
 .SURF_OF_LINEAR_EXTRUSION.,.F.,.F.,.F.,(4,1,1,1,1,1,1,1,1,4),(2,2),(0.,
0.125,0.1875,0.25,0.375,0.5,0.625,0.75,0.875,1.),(0.,1.),.UNSPECIFIED.);
#18=B_SPLINE_CURVE_WITH_KNOTS('',3,(#3373,#3374,#3375,#3376,#3377,#3378,
#3379,#3380,#3381,#3382),.UNSPECIFIED.,.F.,.F.,(4,1,1,1,1,1,1,4),(0.,0.1429130549066,
0.290929908584403,0.448736645387321,0.623084867669509,0.755643598986917,
0.898379567440666,1.),.UNSPECIFIED.);
#19=B_SPLINE_CURVE_WITH_KNOTS('',3,(#3414,#3415,#3416,#3417,#3418,#3419,
#3420,#3421),.UNSPECIFIED.,.F.,.F.,(4,1,1,1,1,4),(0.,0.189895999742776,
0.405561011121477,0.603099385985185,0.779317621055531,1.),.UNSPECIFIED.);
#20=B_SPLINE_CURVE_WITH_KNOTS('',3,(#3424,#3425,#3426,#3427,#3428,#3429,
#3430,#3431,#3432,#3433,#3434,#3435,#3436,#3437),.UNSPECIFIED.,.F.,.F.,
(4,1,1,1,1,1,1,1,1,1,1,4),(0.,0.140849184630429,0.262989889772981,0.370315338201393,
0.435738763477196,0.461591268088771,0.514713214936234,0.603542484429259,
0.7093171830232,0.812775177165557,0.908208764157025,1.),.UNSPECIFIED.);
#21=B_SPLINE_CURVE_WITH_KNOTS('',3,(#3484,#3485,#3486,#3487,#3488,#3489,
#3490,#3491),.UNSPECIFIED.,.F.,.F.,(4,1,1,1,1,4),(0.,0.189895999742776,
0.405561011121477,0.603099385985185,0.779317621055531,1.),.UNSPECIFIED.);
#22=B_SPLINE_CURVE_WITH_KNOTS('',3,(#3538,#3539,#3540,#3541,#3542,#3543,
#3544,#3545,#3546,#3547,#3548,#3549,#3550,#3551),.UNSPECIFIED.,.F.,.F.,
(4,1,1,1,1,1,1,1,1,1,1,4),(0.,0.140849184630429,0.262989889772981,0.370315338201393,
0.435738763477196,0.461591268088771,0.514713214936234,0.603542484429259,
0.7093171830232,0.812775177165557,0.908208764157025,1.),.UNSPECIFIED.);
#23=B_SPLINE_CURVE_WITH_KNOTS('',3,(#3627,#3628,#3629,#3630,#3631,#3632,
#3633,#3634,#3635,#3636),.UNSPECIFIED.,.F.,.F.,(4,1,1,1,1,1,1,4),(0.,0.1429130549066,
0.290929908584403,0.448736645387321,0.623084867669509,0.755643598986917,
0.898379567440666,1.),.UNSPECIFIED.);
#24=B_SPLINE_CURVE_WITH_KNOTS('',3,(#3646,#3647,#3648,#3649,#3650,#3651,
#3652,#3653),.UNSPECIFIED.,.F.,.F.,(4,1,1,1,1,4),(0.,0.189895999742776,
0.405561011121477,0.603099385985185,0.779317621055531,1.),.UNSPECIFIED.);
#25=B_SPLINE_CURVE_WITH_KNOTS('',3,(#3735,#3736,#3737,#3738,#3739,#3740,
#3741,#3742),.UNSPECIFIED.,.F.,.F.,(4,1,1,1,1,4),(0.,0.189895999742776,
0.405561011121477,0.603099385985185,0.779317621055531,1.),.UNSPECIFIED.);
#26=CIRCLE('',#2590,0.00557922318443828);
#27=CIRCLE('',#2591,0.00025);
#28=CIRCLE('',#2595,0.00557922318443828);
#29=CIRCLE('',#2699,0.00025);
#30=ORIENTED_EDGE('',*,*,#746,.F.);
#31=ORIENTED_EDGE('',*,*,#747,.T.);
#32=ORIENTED_EDGE('',*,*,#748,.F.);
#33=ORIENTED_EDGE('',*,*,#749,.F.);
#34=ORIENTED_EDGE('',*,*,#750,.F.);
#35=ORIENTED_EDGE('',*,*,#751,.F.);
#36=ORIENTED_EDGE('',*,*,#752,.F.);
#37=ORIENTED_EDGE('',*,*,#753,.F.);
#38=ORIENTED_EDGE('',*,*,#754,.F.);
#39=ORIENTED_EDGE('',*,*,#755,.F.);
#40=ORIENTED_EDGE('',*,*,#756,.F.);
#41=ORIENTED_EDGE('',*,*,#757,.F.);
#42=ORIENTED_EDGE('',*,*,#758,.F.);
#43=ORIENTED_EDGE('',*,*,#759,.F.);
#44=ORIENTED_EDGE('',*,*,#760,.F.);
#45=ORIENTED_EDGE('',*,*,#761,.F.);
#46=ORIENTED_EDGE('',*,*,#762,.F.);
#47=ORIENTED_EDGE('',*,*,#763,.F.);
#48=ORIENTED_EDGE('',*,*,#764,.F.);
#49=ORIENTED_EDGE('',*,*,#765,.F.);
#50=ORIENTED_EDGE('',*,*,#766,.F.);
#51=ORIENTED_EDGE('',*,*,#767,.F.);
#52=ORIENTED_EDGE('',*,*,#768,.F.);
#53=ORIENTED_EDGE('',*,*,#769,.F.);
#54=ORIENTED_EDGE('',*,*,#770,.F.);
#55=ORIENTED_EDGE('',*,*,#771,.F.);
#56=ORIENTED_EDGE('',*,*,#772,.F.);
#57=ORIENTED_EDGE('',*,*,#773,.F.);
#58=ORIENTED_EDGE('',*,*,#774,.F.);
#59=ORIENTED_EDGE('',*,*,#775,.F.);
#60=ORIENTED_EDGE('',*,*,#776,.F.);
#61=ORIENTED_EDGE('',*,*,#777,.F.);
#62=ORIENTED_EDGE('',*,*,#778,.F.);
#63=ORIENTED_EDGE('',*,*,#779,.F.);
#64=ORIENTED_EDGE('',*,*,#780,.T.);
#65=ORIENTED_EDGE('',*,*,#781,.F.);
#66=ORIENTED_EDGE('',*,*,#782,.T.);
#67=ORIENTED_EDGE('',*,*,#783,.T.);
#68=ORIENTED_EDGE('',*,*,#784,.F.);
#69=ORIENTED_EDGE('',*,*,#785,.T.);
#70=ORIENTED_EDGE('',*,*,#786,.T.);
#71=ORIENTED_EDGE('',*,*,#787,.F.);
#72=ORIENTED_EDGE('',*,*,#788,.F.);
#73=ORIENTED_EDGE('',*,*,#789,.T.);
#74=ORIENTED_EDGE('',*,*,#790,.F.);
#75=ORIENTED_EDGE('',*,*,#791,.F.);
#76=ORIENTED_EDGE('',*,*,#792,.F.);
#77=ORIENTED_EDGE('',*,*,#793,.F.);
#78=ORIENTED_EDGE('',*,*,#794,.F.);
#79=ORIENTED_EDGE('',*,*,#795,.F.);
#80=ORIENTED_EDGE('',*,*,#796,.F.);
#81=ORIENTED_EDGE('',*,*,#797,.F.);
#82=ORIENTED_EDGE('',*,*,#798,.F.);
#83=ORIENTED_EDGE('',*,*,#799,.F.);
#84=ORIENTED_EDGE('',*,*,#800,.F.);
#85=ORIENTED_EDGE('',*,*,#801,.F.);
#86=ORIENTED_EDGE('',*,*,#802,.T.);
#87=ORIENTED_EDGE('',*,*,#803,.T.);
#88=ORIENTED_EDGE('',*,*,#804,.T.);
#89=ORIENTED_EDGE('',*,*,#805,.T.);
#90=ORIENTED_EDGE('',*,*,#806,.F.);
#91=ORIENTED_EDGE('',*,*,#807,.F.);
#92=ORIENTED_EDGE('',*,*,#808,.F.);
#93=ORIENTED_EDGE('',*,*,#809,.F.);
#94=ORIENTED_EDGE('',*,*,#810,.F.);
#95=ORIENTED_EDGE('',*,*,#811,.F.);
#96=ORIENTED_EDGE('',*,*,#812,.F.);
#97=ORIENTED_EDGE('',*,*,#813,.F.);
#98=ORIENTED_EDGE('',*,*,#814,.F.);
#99=ORIENTED_EDGE('',*,*,#815,.F.);
#100=ORIENTED_EDGE('',*,*,#816,.F.);
#101=ORIENTED_EDGE('',*,*,#817,.F.);
#102=ORIENTED_EDGE('',*,*,#818,.F.);
#103=ORIENTED_EDGE('',*,*,#819,.F.);
#104=ORIENTED_EDGE('',*,*,#820,.F.);
#105=ORIENTED_EDGE('',*,*,#821,.F.);
#106=ORIENTED_EDGE('',*,*,#822,.F.);
#107=ORIENTED_EDGE('',*,*,#823,.F.);
#108=ORIENTED_EDGE('',*,*,#824,.F.);
#109=ORIENTED_EDGE('',*,*,#825,.F.);
#110=ORIENTED_EDGE('',*,*,#826,.F.);
#111=ORIENTED_EDGE('',*,*,#827,.F.);
#112=ORIENTED_EDGE('',*,*,#828,.T.);
#113=ORIENTED_EDGE('',*,*,#829,.F.);
#114=ORIENTED_EDGE('',*,*,#830,.F.);
#115=ORIENTED_EDGE('',*,*,#831,.T.);
#116=ORIENTED_EDGE('',*,*,#832,.T.);
#117=ORIENTED_EDGE('',*,*,#833,.T.);
#118=ORIENTED_EDGE('',*,*,#834,.F.);
#119=ORIENTED_EDGE('',*,*,#835,.F.);
#120=ORIENTED_EDGE('',*,*,#836,.F.);
#121=ORIENTED_EDGE('',*,*,#837,.F.);
#122=ORIENTED_EDGE('',*,*,#838,.F.);
#123=ORIENTED_EDGE('',*,*,#839,.T.);
#124=ORIENTED_EDGE('',*,*,#746,.T.);
#125=ORIENTED_EDGE('',*,*,#840,.F.);
#126=ORIENTED_EDGE('',*,*,#841,.F.);
#127=ORIENTED_EDGE('',*,*,#840,.T.);
#128=ORIENTED_EDGE('',*,*,#749,.T.);
#129=ORIENTED_EDGE('',*,*,#842,.F.);
#130=ORIENTED_EDGE('',*,*,#843,.T.);
#131=ORIENTED_EDGE('',*,*,#844,.T.);
#132=ORIENTED_EDGE('',*,*,#845,.F.);
#133=ORIENTED_EDGE('',*,*,#846,.T.);
#134=ORIENTED_EDGE('',*,*,#847,.F.);
#135=ORIENTED_EDGE('',*,*,#848,.F.);
#136=ORIENTED_EDGE('',*,*,#849,.F.);
#137=ORIENTED_EDGE('',*,*,#850,.F.);
#138=ORIENTED_EDGE('',*,*,#851,.F.);
#139=ORIENTED_EDGE('',*,*,#852,.T.);
#140=ORIENTED_EDGE('',*,*,#853,.T.);
#141=ORIENTED_EDGE('',*,*,#854,.T.);
#142=ORIENTED_EDGE('',*,*,#855,.T.);
#143=ORIENTED_EDGE('',*,*,#856,.T.);
#144=ORIENTED_EDGE('',*,*,#857,.T.);
#145=ORIENTED_EDGE('',*,*,#858,.T.);
#146=ORIENTED_EDGE('',*,*,#859,.F.);
#147=ORIENTED_EDGE('',*,*,#860,.T.);
#148=ORIENTED_EDGE('',*,*,#861,.F.);
#149=ORIENTED_EDGE('',*,*,#862,.F.);
#150=ORIENTED_EDGE('',*,*,#863,.T.);
#151=ORIENTED_EDGE('',*,*,#864,.F.);
#152=ORIENTED_EDGE('',*,*,#865,.T.);
#153=ORIENTED_EDGE('',*,*,#866,.F.);
#154=ORIENTED_EDGE('',*,*,#867,.F.);
#155=ORIENTED_EDGE('',*,*,#868,.F.);
#156=ORIENTED_EDGE('',*,*,#869,.T.);
#157=ORIENTED_EDGE('',*,*,#870,.F.);
#158=ORIENTED_EDGE('',*,*,#871,.F.);
#159=ORIENTED_EDGE('',*,*,#872,.F.);
#160=ORIENTED_EDGE('',*,*,#873,.T.);
#161=ORIENTED_EDGE('',*,*,#874,.F.);
#162=ORIENTED_EDGE('',*,*,#875,.F.);
#163=ORIENTED_EDGE('',*,*,#876,.F.);
#164=ORIENTED_EDGE('',*,*,#877,.T.);
#165=ORIENTED_EDGE('',*,*,#878,.T.);
#166=ORIENTED_EDGE('',*,*,#879,.F.);
#167=ORIENTED_EDGE('',*,*,#880,.F.);
#168=ORIENTED_EDGE('',*,*,#881,.F.);
#169=ORIENTED_EDGE('',*,*,#882,.T.);
#170=ORIENTED_EDGE('',*,*,#883,.F.);
#171=ORIENTED_EDGE('',*,*,#884,.F.);
#172=ORIENTED_EDGE('',*,*,#885,.T.);
#173=ORIENTED_EDGE('',*,*,#886,.T.);
#174=ORIENTED_EDGE('',*,*,#887,.F.);
#175=ORIENTED_EDGE('',*,*,#888,.T.);
#176=ORIENTED_EDGE('',*,*,#889,.T.);
#177=ORIENTED_EDGE('',*,*,#890,.T.);
#178=ORIENTED_EDGE('',*,*,#891,.T.);
#179=ORIENTED_EDGE('',*,*,#892,.T.);
#180=ORIENTED_EDGE('',*,*,#893,.T.);
#181=ORIENTED_EDGE('',*,*,#894,.T.);
#182=ORIENTED_EDGE('',*,*,#895,.T.);
#183=ORIENTED_EDGE('',*,*,#896,.T.);
#184=ORIENTED_EDGE('',*,*,#897,.T.);
#185=ORIENTED_EDGE('',*,*,#898,.T.);
#186=ORIENTED_EDGE('',*,*,#899,.T.);
#187=ORIENTED_EDGE('',*,*,#900,.T.);
#188=ORIENTED_EDGE('',*,*,#901,.T.);
#189=ORIENTED_EDGE('',*,*,#902,.T.);
#190=ORIENTED_EDGE('',*,*,#903,.T.);
#191=ORIENTED_EDGE('',*,*,#904,.T.);
#192=ORIENTED_EDGE('',*,*,#905,.T.);
#193=ORIENTED_EDGE('',*,*,#906,.T.);
#194=ORIENTED_EDGE('',*,*,#907,.T.);
#195=ORIENTED_EDGE('',*,*,#908,.T.);
#196=ORIENTED_EDGE('',*,*,#909,.T.);
#197=ORIENTED_EDGE('',*,*,#910,.T.);
#198=ORIENTED_EDGE('',*,*,#911,.T.);
#199=ORIENTED_EDGE('',*,*,#912,.T.);
#200=ORIENTED_EDGE('',*,*,#913,.T.);
#201=ORIENTED_EDGE('',*,*,#914,.T.);
#202=ORIENTED_EDGE('',*,*,#915,.T.);
#203=ORIENTED_EDGE('',*,*,#916,.T.);
#204=ORIENTED_EDGE('',*,*,#917,.T.);
#205=ORIENTED_EDGE('',*,*,#918,.T.);
#206=ORIENTED_EDGE('',*,*,#919,.T.);
#207=ORIENTED_EDGE('',*,*,#920,.T.);
#208=ORIENTED_EDGE('',*,*,#921,.T.);
#209=ORIENTED_EDGE('',*,*,#922,.T.);
#210=ORIENTED_EDGE('',*,*,#923,.T.);
#211=ORIENTED_EDGE('',*,*,#924,.T.);
#212=ORIENTED_EDGE('',*,*,#925,.T.);
#213=ORIENTED_EDGE('',*,*,#926,.T.);
#214=ORIENTED_EDGE('',*,*,#927,.T.);
#215=ORIENTED_EDGE('',*,*,#928,.T.);
#216=ORIENTED_EDGE('',*,*,#929,.T.);
#217=ORIENTED_EDGE('',*,*,#930,.T.);
#218=ORIENTED_EDGE('',*,*,#931,.T.);
#219=ORIENTED_EDGE('',*,*,#932,.T.);
#220=ORIENTED_EDGE('',*,*,#933,.T.);
#221=ORIENTED_EDGE('',*,*,#934,.T.);
#222=ORIENTED_EDGE('',*,*,#935,.T.);
#223=ORIENTED_EDGE('',*,*,#936,.T.);
#224=ORIENTED_EDGE('',*,*,#937,.T.);
#225=ORIENTED_EDGE('',*,*,#938,.T.);
#226=ORIENTED_EDGE('',*,*,#939,.T.);
#227=ORIENTED_EDGE('',*,*,#940,.T.);
#228=ORIENTED_EDGE('',*,*,#941,.T.);
#229=ORIENTED_EDGE('',*,*,#942,.T.);
#230=ORIENTED_EDGE('',*,*,#943,.T.);
#231=ORIENTED_EDGE('',*,*,#944,.T.);
#232=ORIENTED_EDGE('',*,*,#945,.T.);
#233=ORIENTED_EDGE('',*,*,#946,.T.);
#234=ORIENTED_EDGE('',*,*,#947,.T.);
#235=ORIENTED_EDGE('',*,*,#948,.F.);
#236=ORIENTED_EDGE('',*,*,#949,.T.);
#237=ORIENTED_EDGE('',*,*,#950,.T.);
#238=ORIENTED_EDGE('',*,*,#951,.T.);
#239=ORIENTED_EDGE('',*,*,#952,.F.);
#240=ORIENTED_EDGE('',*,*,#860,.F.);
#241=ORIENTED_EDGE('',*,*,#953,.T.);
#242=ORIENTED_EDGE('',*,*,#791,.T.);
#243=ORIENTED_EDGE('',*,*,#954,.F.);
#244=ORIENTED_EDGE('',*,*,#853,.F.);
#245=ORIENTED_EDGE('',*,*,#955,.T.);
#246=ORIENTED_EDGE('',*,*,#956,.F.);
#247=ORIENTED_EDGE('',*,*,#957,.F.);
#248=ORIENTED_EDGE('',*,*,#882,.F.);
#249=ORIENTED_EDGE('',*,*,#958,.T.);
#250=ORIENTED_EDGE('',*,*,#792,.T.);
#251=ORIENTED_EDGE('',*,*,#953,.F.);
#252=ORIENTED_EDGE('',*,*,#863,.F.);
#253=ORIENTED_EDGE('',*,*,#959,.T.);
#254=ORIENTED_EDGE('',*,*,#960,.F.);
#255=ORIENTED_EDGE('',*,*,#961,.F.);
#256=ORIENTED_EDGE('',*,*,#873,.F.);
#257=ORIENTED_EDGE('',*,*,#962,.T.);
#258=ORIENTED_EDGE('',*,*,#963,.F.);
#259=ORIENTED_EDGE('',*,*,#964,.F.);
#260=ORIENTED_EDGE('',*,*,#869,.F.);
#261=ORIENTED_EDGE('',*,*,#965,.T.);
#262=ORIENTED_EDGE('',*,*,#966,.F.);
#263=ORIENTED_EDGE('',*,*,#967,.F.);
#264=ORIENTED_EDGE('',*,*,#865,.F.);
#265=ORIENTED_EDGE('',*,*,#968,.T.);
#266=ORIENTED_EDGE('',*,*,#969,.F.);
#267=ORIENTED_EDGE('',*,*,#970,.F.);
#268=ORIENTED_EDGE('',*,*,#859,.T.);
#269=ORIENTED_EDGE('',*,*,#971,.T.);
#270=ORIENTED_EDGE('',*,*,#789,.F.);
#271=ORIENTED_EDGE('',*,*,#958,.F.);
#272=ORIENTED_EDGE('',*,*,#881,.T.);
#273=ORIENTED_EDGE('',*,*,#972,.T.);
#274=ORIENTED_EDGE('',*,*,#973,.T.);
#275=ORIENTED_EDGE('',*,*,#877,.F.);
#276=ORIENTED_EDGE('',*,*,#974,.T.);
#277=ORIENTED_EDGE('',*,*,#788,.T.);
#278=ORIENTED_EDGE('',*,*,#975,.F.);
#279=ORIENTED_EDGE('',*,*,#787,.T.);
#280=ORIENTED_EDGE('',*,*,#976,.F.);
#281=ORIENTED_EDGE('',*,*,#878,.F.);
#282=ORIENTED_EDGE('',*,*,#975,.T.);
#283=ORIENTED_EDGE('',*,*,#786,.F.);
#284=ORIENTED_EDGE('',*,*,#977,.F.);
#285=ORIENTED_EDGE('',*,*,#879,.T.);
#286=ORIENTED_EDGE('',*,*,#976,.T.);
#287=ORIENTED_EDGE('',*,*,#977,.T.);
#288=ORIENTED_EDGE('',*,*,#785,.F.);
#289=ORIENTED_EDGE('',*,*,#974,.F.);
#290=ORIENTED_EDGE('',*,*,#876,.T.);
#291=ORIENTED_EDGE('',*,*,#978,.F.);
#292=ORIENTED_EDGE('',*,*,#979,.F.);
#293=ORIENTED_EDGE('',*,*,#980,.T.);
#294=ORIENTED_EDGE('',*,*,#854,.F.);
#295=ORIENTED_EDGE('',*,*,#954,.T.);
#296=ORIENTED_EDGE('',*,*,#790,.T.);
#297=ORIENTED_EDGE('',*,*,#971,.F.);
#298=ORIENTED_EDGE('',*,*,#858,.F.);
#299=ORIENTED_EDGE('',*,*,#981,.F.);
#300=ORIENTED_EDGE('',*,*,#982,.F.);
#301=ORIENTED_EDGE('',*,*,#883,.T.);
#302=ORIENTED_EDGE('',*,*,#957,.T.);
#303=ORIENTED_EDGE('',*,*,#983,.F.);
#304=ORIENTED_EDGE('',*,*,#972,.F.);
#305=ORIENTED_EDGE('',*,*,#880,.T.);
#306=ORIENTED_EDGE('',*,*,#982,.T.);
#307=ORIENTED_EDGE('',*,*,#984,.T.);
#308=ORIENTED_EDGE('',*,*,#955,.F.);
#309=ORIENTED_EDGE('',*,*,#852,.F.);
#310=ORIENTED_EDGE('',*,*,#970,.T.);
#311=ORIENTED_EDGE('',*,*,#985,.F.);
#312=ORIENTED_EDGE('',*,*,#986,.F.);
#313=ORIENTED_EDGE('',*,*,#861,.T.);
#314=ORIENTED_EDGE('',*,*,#952,.T.);
#315=ORIENTED_EDGE('',*,*,#987,.F.);
#316=ORIENTED_EDGE('',*,*,#959,.F.);
#317=ORIENTED_EDGE('',*,*,#862,.T.);
#318=ORIENTED_EDGE('',*,*,#986,.T.);
#319=ORIENTED_EDGE('',*,*,#988,.F.);
#320=ORIENTED_EDGE('',*,*,#989,.F.);
#321=ORIENTED_EDGE('',*,*,#874,.T.);
#322=ORIENTED_EDGE('',*,*,#961,.T.);
#323=ORIENTED_EDGE('',*,*,#990,.F.);
#324=ORIENTED_EDGE('',*,*,#991,.F.);
#325=ORIENTED_EDGE('',*,*,#875,.T.);
#326=ORIENTED_EDGE('',*,*,#989,.T.);
#327=ORIENTED_EDGE('',*,*,#992,.F.);
#328=ORIENTED_EDGE('',*,*,#962,.F.);
#329=ORIENTED_EDGE('',*,*,#872,.T.);
#330=ORIENTED_EDGE('',*,*,#991,.T.);
#331=ORIENTED_EDGE('',*,*,#993,.F.);
#332=ORIENTED_EDGE('',*,*,#994,.F.);
#333=ORIENTED_EDGE('',*,*,#870,.T.);
#334=ORIENTED_EDGE('',*,*,#964,.T.);
#335=ORIENTED_EDGE('',*,*,#995,.F.);
#336=ORIENTED_EDGE('',*,*,#996,.F.);
#337=ORIENTED_EDGE('',*,*,#871,.T.);
#338=ORIENTED_EDGE('',*,*,#994,.T.);
#339=ORIENTED_EDGE('',*,*,#997,.F.);
#340=ORIENTED_EDGE('',*,*,#965,.F.);
#341=ORIENTED_EDGE('',*,*,#868,.T.);
#342=ORIENTED_EDGE('',*,*,#996,.T.);
#343=ORIENTED_EDGE('',*,*,#998,.F.);
#344=ORIENTED_EDGE('',*,*,#999,.F.);
#345=ORIENTED_EDGE('',*,*,#866,.T.);
#346=ORIENTED_EDGE('',*,*,#967,.T.);
#347=ORIENTED_EDGE('',*,*,#1000,.F.);
#348=ORIENTED_EDGE('',*,*,#1001,.F.);
#349=ORIENTED_EDGE('',*,*,#867,.T.);
#350=ORIENTED_EDGE('',*,*,#999,.T.);
#351=ORIENTED_EDGE('',*,*,#1002,.F.);
#352=ORIENTED_EDGE('',*,*,#968,.F.);
#353=ORIENTED_EDGE('',*,*,#864,.T.);
#354=ORIENTED_EDGE('',*,*,#1001,.T.);
#355=ORIENTED_EDGE('',*,*,#981,.T.);
#356=ORIENTED_EDGE('',*,*,#969,.T.);
#357=ORIENTED_EDGE('',*,*,#1002,.T.);
#358=ORIENTED_EDGE('',*,*,#1000,.T.);
#359=ORIENTED_EDGE('',*,*,#998,.T.);
#360=ORIENTED_EDGE('',*,*,#966,.T.);
#361=ORIENTED_EDGE('',*,*,#997,.T.);
#362=ORIENTED_EDGE('',*,*,#995,.T.);
#363=ORIENTED_EDGE('',*,*,#993,.T.);
#364=ORIENTED_EDGE('',*,*,#963,.T.);
#365=ORIENTED_EDGE('',*,*,#992,.T.);
#366=ORIENTED_EDGE('',*,*,#990,.T.);
#367=ORIENTED_EDGE('',*,*,#988,.T.);
#368=ORIENTED_EDGE('',*,*,#960,.T.);
#369=ORIENTED_EDGE('',*,*,#987,.T.);
#370=ORIENTED_EDGE('',*,*,#985,.T.);
#371=ORIENTED_EDGE('',*,*,#956,.T.);
#372=ORIENTED_EDGE('',*,*,#984,.F.);
#373=ORIENTED_EDGE('',*,*,#973,.F.);
#374=ORIENTED_EDGE('',*,*,#983,.T.);
#375=ORIENTED_EDGE('',*,*,#855,.F.);
#376=ORIENTED_EDGE('',*,*,#980,.F.);
#377=ORIENTED_EDGE('',*,*,#1003,.T.);
#378=ORIENTED_EDGE('',*,*,#1004,.T.);
#379=ORIENTED_EDGE('',*,*,#856,.F.);
#380=ORIENTED_EDGE('',*,*,#1004,.F.);
#381=ORIENTED_EDGE('',*,*,#1005,.T.);
#382=ORIENTED_EDGE('',*,*,#1006,.T.);
#383=ORIENTED_EDGE('',*,*,#857,.F.);
#384=ORIENTED_EDGE('',*,*,#1006,.F.);
#385=ORIENTED_EDGE('',*,*,#1007,.T.);
#386=ORIENTED_EDGE('',*,*,#978,.T.);
#387=ORIENTED_EDGE('',*,*,#979,.T.);
#388=ORIENTED_EDGE('',*,*,#1007,.F.);
#389=ORIENTED_EDGE('',*,*,#1005,.F.);
#390=ORIENTED_EDGE('',*,*,#1003,.F.);
#391=ORIENTED_EDGE('',*,*,#885,.F.);
#392=ORIENTED_EDGE('',*,*,#1008,.F.);
#393=ORIENTED_EDGE('',*,*,#781,.T.);
#394=ORIENTED_EDGE('',*,*,#1009,.T.);
#395=ORIENTED_EDGE('',*,*,#884,.T.);
#396=ORIENTED_EDGE('',*,*,#1010,.F.);
#397=ORIENTED_EDGE('',*,*,#782,.F.);
#398=ORIENTED_EDGE('',*,*,#1008,.T.);
#399=ORIENTED_EDGE('',*,*,#887,.T.);
#400=ORIENTED_EDGE('',*,*,#1011,.F.);
#401=ORIENTED_EDGE('',*,*,#783,.F.);
#402=ORIENTED_EDGE('',*,*,#1010,.T.);
#403=ORIENTED_EDGE('',*,*,#886,.F.);
#404=ORIENTED_EDGE('',*,*,#1009,.F.);
#405=ORIENTED_EDGE('',*,*,#784,.T.);
#406=ORIENTED_EDGE('',*,*,#1011,.T.);
#407=ORIENTED_EDGE('',*,*,#889,.F.);
#408=ORIENTED_EDGE('',*,*,#1012,.F.);
#409=ORIENTED_EDGE('',*,*,#793,.T.);
#410=ORIENTED_EDGE('',*,*,#1013,.T.);
#411=ORIENTED_EDGE('',*,*,#888,.F.);
#412=ORIENTED_EDGE('',*,*,#1014,.F.);
#413=ORIENTED_EDGE('',*,*,#794,.T.);
#414=ORIENTED_EDGE('',*,*,#1012,.T.);
#415=ORIENTED_EDGE('',*,*,#896,.F.);
#416=ORIENTED_EDGE('',*,*,#1015,.F.);
#417=ORIENTED_EDGE('',*,*,#795,.T.);
#418=ORIENTED_EDGE('',*,*,#1014,.T.);
#419=ORIENTED_EDGE('',*,*,#895,.F.);
#420=ORIENTED_EDGE('',*,*,#1016,.F.);
#421=ORIENTED_EDGE('',*,*,#796,.T.);
#422=ORIENTED_EDGE('',*,*,#1015,.T.);
#423=ORIENTED_EDGE('',*,*,#894,.F.);
#424=ORIENTED_EDGE('',*,*,#1017,.F.);
#425=ORIENTED_EDGE('',*,*,#797,.T.);
#426=ORIENTED_EDGE('',*,*,#1016,.T.);
#427=ORIENTED_EDGE('',*,*,#893,.F.);
#428=ORIENTED_EDGE('',*,*,#1018,.F.);
#429=ORIENTED_EDGE('',*,*,#798,.T.);
#430=ORIENTED_EDGE('',*,*,#1017,.T.);
#431=ORIENTED_EDGE('',*,*,#892,.F.);
#432=ORIENTED_EDGE('',*,*,#1019,.F.);
#433=ORIENTED_EDGE('',*,*,#799,.T.);
#434=ORIENTED_EDGE('',*,*,#1018,.T.);
#435=ORIENTED_EDGE('',*,*,#891,.F.);
#436=ORIENTED_EDGE('',*,*,#1020,.F.);
#437=ORIENTED_EDGE('',*,*,#800,.T.);
#438=ORIENTED_EDGE('',*,*,#1019,.T.);
#439=ORIENTED_EDGE('',*,*,#890,.F.);
#440=ORIENTED_EDGE('',*,*,#1013,.F.);
#441=ORIENTED_EDGE('',*,*,#801,.T.);
#442=ORIENTED_EDGE('',*,*,#1020,.T.);
#443=ORIENTED_EDGE('',*,*,#780,.F.);
#444=ORIENTED_EDGE('',*,*,#851,.T.);
#445=ORIENTED_EDGE('',*,*,#898,.F.);
#446=ORIENTED_EDGE('',*,*,#1021,.F.);
#447=ORIENTED_EDGE('',*,*,#772,.T.);
#448=ORIENTED_EDGE('',*,*,#1022,.T.);
#449=ORIENTED_EDGE('',*,*,#897,.F.);
#450=ORIENTED_EDGE('',*,*,#1023,.F.);
#451=ORIENTED_EDGE('',*,*,#773,.T.);
#452=ORIENTED_EDGE('',*,*,#1021,.T.);
#453=ORIENTED_EDGE('',*,*,#904,.F.);
#454=ORIENTED_EDGE('',*,*,#1024,.F.);
#455=ORIENTED_EDGE('',*,*,#774,.T.);
#456=ORIENTED_EDGE('',*,*,#1023,.T.);
#457=ORIENTED_EDGE('',*,*,#903,.F.);
#458=ORIENTED_EDGE('',*,*,#1025,.F.);
#459=ORIENTED_EDGE('',*,*,#775,.T.);
#460=ORIENTED_EDGE('',*,*,#1024,.T.);
#461=ORIENTED_EDGE('',*,*,#902,.F.);
#462=ORIENTED_EDGE('',*,*,#1026,.F.);
#463=ORIENTED_EDGE('',*,*,#776,.T.);
#464=ORIENTED_EDGE('',*,*,#1025,.T.);
#465=ORIENTED_EDGE('',*,*,#901,.F.);
#466=ORIENTED_EDGE('',*,*,#1027,.F.);
#467=ORIENTED_EDGE('',*,*,#777,.T.);
#468=ORIENTED_EDGE('',*,*,#1026,.T.);
#469=ORIENTED_EDGE('',*,*,#900,.F.);
#470=ORIENTED_EDGE('',*,*,#1028,.F.);
#471=ORIENTED_EDGE('',*,*,#778,.T.);
#472=ORIENTED_EDGE('',*,*,#1027,.T.);
#473=ORIENTED_EDGE('',*,*,#899,.F.);
#474=ORIENTED_EDGE('',*,*,#1022,.F.);
#475=ORIENTED_EDGE('',*,*,#779,.T.);
#476=ORIENTED_EDGE('',*,*,#1028,.T.);
#477=ORIENTED_EDGE('',*,*,#847,.T.);
#478=ORIENTED_EDGE('',*,*,#1029,.F.);
#479=ORIENTED_EDGE('',*,*,#803,.F.);
#480=ORIENTED_EDGE('',*,*,#1030,.T.);
#481=ORIENTED_EDGE('',*,*,#850,.T.);
#482=ORIENTED_EDGE('',*,*,#1031,.F.);
#483=ORIENTED_EDGE('',*,*,#804,.F.);
#484=ORIENTED_EDGE('',*,*,#1029,.T.);
#485=ORIENTED_EDGE('',*,*,#849,.T.);
#486=ORIENTED_EDGE('',*,*,#1032,.F.);
#487=ORIENTED_EDGE('',*,*,#805,.F.);
#488=ORIENTED_EDGE('',*,*,#1031,.T.);
#489=ORIENTED_EDGE('',*,*,#848,.T.);
#490=ORIENTED_EDGE('',*,*,#1030,.F.);
#491=ORIENTED_EDGE('',*,*,#802,.F.);
#492=ORIENTED_EDGE('',*,*,#1032,.T.);
#493=ORIENTED_EDGE('',*,*,#906,.F.);
#494=ORIENTED_EDGE('',*,*,#1033,.F.);
#495=ORIENTED_EDGE('',*,*,#806,.T.);
#496=ORIENTED_EDGE('',*,*,#1034,.T.);
#497=ORIENTED_EDGE('',*,*,#905,.F.);
#498=ORIENTED_EDGE('',*,*,#1035,.F.);
#499=ORIENTED_EDGE('',*,*,#807,.T.);
#500=ORIENTED_EDGE('',*,*,#1033,.T.);
#501=ORIENTED_EDGE('',*,*,#916,.F.);
#502=ORIENTED_EDGE('',*,*,#1036,.F.);
#503=ORIENTED_EDGE('',*,*,#808,.T.);
#504=ORIENTED_EDGE('',*,*,#1035,.T.);
#505=ORIENTED_EDGE('',*,*,#915,.F.);
#506=ORIENTED_EDGE('',*,*,#1037,.F.);
#507=ORIENTED_EDGE('',*,*,#809,.T.);
#508=ORIENTED_EDGE('',*,*,#1036,.T.);
#509=ORIENTED_EDGE('',*,*,#914,.F.);
#510=ORIENTED_EDGE('',*,*,#1038,.F.);
#511=ORIENTED_EDGE('',*,*,#810,.T.);
#512=ORIENTED_EDGE('',*,*,#1037,.T.);
#513=ORIENTED_EDGE('',*,*,#913,.F.);
#514=ORIENTED_EDGE('',*,*,#1039,.F.);
#515=ORIENTED_EDGE('',*,*,#811,.T.);
#516=ORIENTED_EDGE('',*,*,#1038,.T.);
#517=ORIENTED_EDGE('',*,*,#912,.F.);
#518=ORIENTED_EDGE('',*,*,#1040,.F.);
#519=ORIENTED_EDGE('',*,*,#812,.T.);
#520=ORIENTED_EDGE('',*,*,#1039,.T.);
#521=ORIENTED_EDGE('',*,*,#911,.F.);
#522=ORIENTED_EDGE('',*,*,#1041,.F.);
#523=ORIENTED_EDGE('',*,*,#813,.T.);
#524=ORIENTED_EDGE('',*,*,#1040,.T.);
#525=ORIENTED_EDGE('',*,*,#910,.F.);
#526=ORIENTED_EDGE('',*,*,#1042,.F.);
#527=ORIENTED_EDGE('',*,*,#814,.T.);
#528=ORIENTED_EDGE('',*,*,#1041,.T.);
#529=ORIENTED_EDGE('',*,*,#909,.F.);
#530=ORIENTED_EDGE('',*,*,#1043,.F.);
#531=ORIENTED_EDGE('',*,*,#815,.T.);
#532=ORIENTED_EDGE('',*,*,#1042,.T.);
#533=ORIENTED_EDGE('',*,*,#908,.F.);
#534=ORIENTED_EDGE('',*,*,#1044,.F.);
#535=ORIENTED_EDGE('',*,*,#816,.T.);
#536=ORIENTED_EDGE('',*,*,#1043,.T.);
#537=ORIENTED_EDGE('',*,*,#907,.F.);
#538=ORIENTED_EDGE('',*,*,#1034,.F.);
#539=ORIENTED_EDGE('',*,*,#817,.T.);
#540=ORIENTED_EDGE('',*,*,#1044,.T.);
#541=ORIENTED_EDGE('',*,*,#918,.F.);
#542=ORIENTED_EDGE('',*,*,#1045,.F.);
#543=ORIENTED_EDGE('',*,*,#760,.T.);
#544=ORIENTED_EDGE('',*,*,#1046,.T.);
#545=ORIENTED_EDGE('',*,*,#917,.F.);
#546=ORIENTED_EDGE('',*,*,#1047,.F.);
#547=ORIENTED_EDGE('',*,*,#761,.T.);
#548=ORIENTED_EDGE('',*,*,#1045,.T.);
#549=ORIENTED_EDGE('',*,*,#928,.F.);
#550=ORIENTED_EDGE('',*,*,#1048,.F.);
#551=ORIENTED_EDGE('',*,*,#762,.T.);
#552=ORIENTED_EDGE('',*,*,#1047,.T.);
#553=ORIENTED_EDGE('',*,*,#927,.F.);
#554=ORIENTED_EDGE('',*,*,#1049,.F.);
#555=ORIENTED_EDGE('',*,*,#763,.T.);
#556=ORIENTED_EDGE('',*,*,#1048,.T.);
#557=ORIENTED_EDGE('',*,*,#926,.F.);
#558=ORIENTED_EDGE('',*,*,#1050,.F.);
#559=ORIENTED_EDGE('',*,*,#764,.T.);
#560=ORIENTED_EDGE('',*,*,#1049,.T.);
#561=ORIENTED_EDGE('',*,*,#925,.F.);
#562=ORIENTED_EDGE('',*,*,#1051,.F.);
#563=ORIENTED_EDGE('',*,*,#765,.T.);
#564=ORIENTED_EDGE('',*,*,#1050,.T.);
#565=ORIENTED_EDGE('',*,*,#924,.F.);
#566=ORIENTED_EDGE('',*,*,#1052,.F.);
#567=ORIENTED_EDGE('',*,*,#766,.T.);
#568=ORIENTED_EDGE('',*,*,#1051,.T.);
#569=ORIENTED_EDGE('',*,*,#923,.F.);
#570=ORIENTED_EDGE('',*,*,#1053,.F.);
#571=ORIENTED_EDGE('',*,*,#767,.T.);
#572=ORIENTED_EDGE('',*,*,#1052,.T.);
#573=ORIENTED_EDGE('',*,*,#922,.F.);
#574=ORIENTED_EDGE('',*,*,#1054,.F.);
#575=ORIENTED_EDGE('',*,*,#768,.T.);
#576=ORIENTED_EDGE('',*,*,#1053,.T.);
#577=ORIENTED_EDGE('',*,*,#921,.F.);
#578=ORIENTED_EDGE('',*,*,#1055,.F.);
#579=ORIENTED_EDGE('',*,*,#769,.T.);
#580=ORIENTED_EDGE('',*,*,#1054,.T.);
#581=ORIENTED_EDGE('',*,*,#920,.F.);
#582=ORIENTED_EDGE('',*,*,#1056,.F.);
#583=ORIENTED_EDGE('',*,*,#770,.T.);
#584=ORIENTED_EDGE('',*,*,#1055,.T.);
#585=ORIENTED_EDGE('',*,*,#919,.F.);
#586=ORIENTED_EDGE('',*,*,#1046,.F.);
#587=ORIENTED_EDGE('',*,*,#771,.T.);
#588=ORIENTED_EDGE('',*,*,#1056,.T.);
#589=ORIENTED_EDGE('',*,*,#930,.F.);
#590=ORIENTED_EDGE('',*,*,#1057,.F.);
#591=ORIENTED_EDGE('',*,*,#818,.T.);
#592=ORIENTED_EDGE('',*,*,#1058,.T.);
#593=ORIENTED_EDGE('',*,*,#929,.F.);
#594=ORIENTED_EDGE('',*,*,#1059,.F.);
#595=ORIENTED_EDGE('',*,*,#819,.T.);
#596=ORIENTED_EDGE('',*,*,#1057,.T.);
#597=ORIENTED_EDGE('',*,*,#937,.F.);
#598=ORIENTED_EDGE('',*,*,#1060,.F.);
#599=ORIENTED_EDGE('',*,*,#820,.T.);
#600=ORIENTED_EDGE('',*,*,#1059,.T.);
#601=ORIENTED_EDGE('',*,*,#936,.F.);
#602=ORIENTED_EDGE('',*,*,#1061,.F.);
#603=ORIENTED_EDGE('',*,*,#821,.T.);
#604=ORIENTED_EDGE('',*,*,#1060,.T.);
#605=ORIENTED_EDGE('',*,*,#935,.F.);
#606=ORIENTED_EDGE('',*,*,#1062,.F.);
#607=ORIENTED_EDGE('',*,*,#822,.T.);
#608=ORIENTED_EDGE('',*,*,#1061,.T.);
#609=ORIENTED_EDGE('',*,*,#934,.F.);
#610=ORIENTED_EDGE('',*,*,#1063,.F.);
#611=ORIENTED_EDGE('',*,*,#823,.T.);
#612=ORIENTED_EDGE('',*,*,#1062,.T.);
#613=ORIENTED_EDGE('',*,*,#933,.F.);
#614=ORIENTED_EDGE('',*,*,#1064,.F.);
#615=ORIENTED_EDGE('',*,*,#824,.T.);
#616=ORIENTED_EDGE('',*,*,#1063,.T.);
#617=ORIENTED_EDGE('',*,*,#932,.F.);
#618=ORIENTED_EDGE('',*,*,#1065,.F.);
#619=ORIENTED_EDGE('',*,*,#825,.T.);
#620=ORIENTED_EDGE('',*,*,#1064,.T.);
#621=ORIENTED_EDGE('',*,*,#931,.F.);
#622=ORIENTED_EDGE('',*,*,#1058,.F.);
#623=ORIENTED_EDGE('',*,*,#826,.T.);
#624=ORIENTED_EDGE('',*,*,#1065,.T.);
#625=ORIENTED_EDGE('',*,*,#939,.F.);
#626=ORIENTED_EDGE('',*,*,#1066,.F.);
#627=ORIENTED_EDGE('',*,*,#750,.T.);
#628=ORIENTED_EDGE('',*,*,#1067,.T.);
#629=ORIENTED_EDGE('',*,*,#938,.F.);
#630=ORIENTED_EDGE('',*,*,#1068,.F.);
#631=ORIENTED_EDGE('',*,*,#751,.T.);
#632=ORIENTED_EDGE('',*,*,#1066,.T.);
#633=ORIENTED_EDGE('',*,*,#947,.F.);
#634=ORIENTED_EDGE('',*,*,#1069,.F.);
#635=ORIENTED_EDGE('',*,*,#752,.T.);
#636=ORIENTED_EDGE('',*,*,#1068,.T.);
#637=ORIENTED_EDGE('',*,*,#946,.F.);
#638=ORIENTED_EDGE('',*,*,#1070,.F.);
#639=ORIENTED_EDGE('',*,*,#753,.T.);
#640=ORIENTED_EDGE('',*,*,#1069,.T.);
#641=ORIENTED_EDGE('',*,*,#945,.F.);
#642=ORIENTED_EDGE('',*,*,#1071,.F.);
#643=ORIENTED_EDGE('',*,*,#754,.T.);
#644=ORIENTED_EDGE('',*,*,#1070,.T.);
#645=ORIENTED_EDGE('',*,*,#944,.F.);
#646=ORIENTED_EDGE('',*,*,#1072,.F.);
#647=ORIENTED_EDGE('',*,*,#755,.T.);
#648=ORIENTED_EDGE('',*,*,#1071,.T.);
#649=ORIENTED_EDGE('',*,*,#943,.F.);
#650=ORIENTED_EDGE('',*,*,#1073,.F.);
#651=ORIENTED_EDGE('',*,*,#756,.T.);
#652=ORIENTED_EDGE('',*,*,#1072,.T.);
#653=ORIENTED_EDGE('',*,*,#942,.F.);
#654=ORIENTED_EDGE('',*,*,#1074,.F.);
#655=ORIENTED_EDGE('',*,*,#757,.T.);
#656=ORIENTED_EDGE('',*,*,#1073,.T.);
#657=ORIENTED_EDGE('',*,*,#941,.F.);
#658=ORIENTED_EDGE('',*,*,#1075,.F.);
#659=ORIENTED_EDGE('',*,*,#758,.T.);
#660=ORIENTED_EDGE('',*,*,#1074,.T.);
#661=ORIENTED_EDGE('',*,*,#940,.F.);
#662=ORIENTED_EDGE('',*,*,#1067,.F.);
#663=ORIENTED_EDGE('',*,*,#759,.T.);
#664=ORIENTED_EDGE('',*,*,#1075,.T.);
#665=ORIENTED_EDGE('',*,*,#949,.F.);
#666=ORIENTED_EDGE('',*,*,#1076,.F.);
#667=ORIENTED_EDGE('',*,*,#827,.T.);
#668=ORIENTED_EDGE('',*,*,#1077,.T.);
#669=ORIENTED_EDGE('',*,*,#948,.T.);
#670=ORIENTED_EDGE('',*,*,#1078,.F.);
#671=ORIENTED_EDGE('',*,*,#828,.F.);
#672=ORIENTED_EDGE('',*,*,#1076,.T.);
#673=ORIENTED_EDGE('',*,*,#951,.F.);
#674=ORIENTED_EDGE('',*,*,#1079,.F.);
#675=ORIENTED_EDGE('',*,*,#829,.T.);
#676=ORIENTED_EDGE('',*,*,#1078,.T.);
#677=ORIENTED_EDGE('',*,*,#950,.F.);
#678=ORIENTED_EDGE('',*,*,#1077,.F.);
#679=ORIENTED_EDGE('',*,*,#830,.T.);
#680=ORIENTED_EDGE('',*,*,#1079,.T.);
#681=ORIENTED_EDGE('',*,*,#843,.F.);
#682=ORIENTED_EDGE('',*,*,#1080,.F.);
#683=ORIENTED_EDGE('',*,*,#1081,.T.);
#684=ORIENTED_EDGE('',*,*,#1082,.T.);
#685=ORIENTED_EDGE('',*,*,#846,.F.);
#686=ORIENTED_EDGE('',*,*,#1083,.F.);
#687=ORIENTED_EDGE('',*,*,#1084,.T.);
#688=ORIENTED_EDGE('',*,*,#1080,.T.);
#689=ORIENTED_EDGE('',*,*,#845,.T.);
#690=ORIENTED_EDGE('',*,*,#1085,.F.);
#691=ORIENTED_EDGE('',*,*,#1086,.F.);
#692=ORIENTED_EDGE('',*,*,#1083,.T.);
#693=ORIENTED_EDGE('',*,*,#1087,.T.);
#694=ORIENTED_EDGE('',*,*,#747,.F.);
#695=ORIENTED_EDGE('',*,*,#839,.F.);
#696=ORIENTED_EDGE('',*,*,#1088,.T.);
#697=ORIENTED_EDGE('',*,*,#1089,.F.);
#698=ORIENTED_EDGE('',*,*,#1090,.T.);
#699=ORIENTED_EDGE('',*,*,#1091,.T.);
#700=ORIENTED_EDGE('',*,*,#842,.T.);
#701=ORIENTED_EDGE('',*,*,#748,.T.);
#702=ORIENTED_EDGE('',*,*,#1087,.F.);
#703=ORIENTED_EDGE('',*,*,#844,.F.);
#704=ORIENTED_EDGE('',*,*,#1082,.F.);
#705=ORIENTED_EDGE('',*,*,#1092,.T.);
#706=ORIENTED_EDGE('',*,*,#1085,.T.);
#707=ORIENTED_EDGE('',*,*,#1093,.F.);
#708=ORIENTED_EDGE('',*,*,#1088,.F.);
#709=ORIENTED_EDGE('',*,*,#838,.T.);
#710=ORIENTED_EDGE('',*,*,#1094,.T.);
#711=ORIENTED_EDGE('',*,*,#1089,.T.);
#712=ORIENTED_EDGE('',*,*,#1081,.F.);
#713=ORIENTED_EDGE('',*,*,#1084,.F.);
#714=ORIENTED_EDGE('',*,*,#1086,.T.);
#715=ORIENTED_EDGE('',*,*,#1092,.F.);
#716=ORIENTED_EDGE('',*,*,#841,.T.);
#717=ORIENTED_EDGE('',*,*,#1091,.F.);
#718=ORIENTED_EDGE('',*,*,#1095,.F.);
#719=ORIENTED_EDGE('',*,*,#836,.T.);
#720=ORIENTED_EDGE('',*,*,#1094,.F.);
#721=ORIENTED_EDGE('',*,*,#837,.T.);
#722=ORIENTED_EDGE('',*,*,#1095,.T.);
#723=ORIENTED_EDGE('',*,*,#1090,.F.);
#724=ORIENTED_EDGE('',*,*,#831,.F.);
#725=ORIENTED_EDGE('',*,*,#1093,.T.);
#726=ORIENTED_EDGE('',*,*,#832,.F.);
#727=ORIENTED_EDGE('',*,*,#1096,.F.);
#728=ORIENTED_EDGE('',*,*,#1097,.T.);
#729=ORIENTED_EDGE('',*,*,#1098,.T.);
#730=ORIENTED_EDGE('',*,*,#835,.T.);
#731=ORIENTED_EDGE('',*,*,#1099,.F.);
#732=ORIENTED_EDGE('',*,*,#1100,.F.);
#733=ORIENTED_EDGE('',*,*,#1096,.T.);
#734=ORIENTED_EDGE('',*,*,#834,.T.);
#735=ORIENTED_EDGE('',*,*,#1101,.F.);
#736=ORIENTED_EDGE('',*,*,#1102,.F.);
#737=ORIENTED_EDGE('',*,*,#1099,.T.);
#738=ORIENTED_EDGE('',*,*,#833,.F.);
#739=ORIENTED_EDGE('',*,*,#1098,.F.);
#740=ORIENTED_EDGE('',*,*,#1103,.T.);
#741=ORIENTED_EDGE('',*,*,#1101,.T.);
#742=ORIENTED_EDGE('',*,*,#1097,.F.);
#743=ORIENTED_EDGE('',*,*,#1100,.T.);
#744=ORIENTED_EDGE('',*,*,#1102,.T.);
#745=ORIENTED_EDGE('',*,*,#1103,.F.);
#746=EDGE_CURVE('',#1104,#1105,#1344,.T.);
#747=EDGE_CURVE('',#1104,#1106,#1345,.T.);
#748=EDGE_CURVE('',#1107,#1106,#1346,.T.);
#749=EDGE_CURVE('',#1105,#1107,#1347,.T.);
#750=EDGE_CURVE('',#1108,#1109,#1348,.T.);
#751=EDGE_CURVE('',#1110,#1108,#1349,.T.);
#752=EDGE_CURVE('',#1111,#1110,#1350,.T.);
#753=EDGE_CURVE('',#1112,#1111,#1351,.T.);
#754=EDGE_CURVE('',#1113,#1112,#1352,.T.);
#755=EDGE_CURVE('',#1114,#1113,#1353,.T.);
#756=EDGE_CURVE('',#1115,#1114,#1354,.T.);
#757=EDGE_CURVE('',#1116,#1115,#1355,.T.);
#758=EDGE_CURVE('',#1117,#1116,#1356,.T.);
#759=EDGE_CURVE('',#1109,#1117,#1357,.T.);
#760=EDGE_CURVE('',#1118,#1119,#1358,.T.);
#761=EDGE_CURVE('',#1120,#1118,#1359,.T.);
#762=EDGE_CURVE('',#1121,#1120,#1360,.T.);
#763=EDGE_CURVE('',#1122,#1121,#1361,.T.);
#764=EDGE_CURVE('',#1123,#1122,#1362,.T.);
#765=EDGE_CURVE('',#1124,#1123,#1363,.T.);
#766=EDGE_CURVE('',#1125,#1124,#1364,.T.);
#767=EDGE_CURVE('',#1126,#1125,#1365,.T.);
#768=EDGE_CURVE('',#1127,#1126,#1366,.T.);
#769=EDGE_CURVE('',#1128,#1127,#1367,.T.);
#770=EDGE_CURVE('',#1129,#1128,#1368,.T.);
#771=EDGE_CURVE('',#1119,#1129,#1369,.T.);
#772=EDGE_CURVE('',#1130,#1131,#1370,.T.);
#773=EDGE_CURVE('',#1132,#1130,#1371,.T.);
#774=EDGE_CURVE('',#1133,#1132,#1372,.T.);
#775=EDGE_CURVE('',#1134,#1133,#1373,.T.);
#776=EDGE_CURVE('',#1135,#1134,#1374,.T.);
#777=EDGE_CURVE('',#1136,#1135,#1375,.T.);
#778=EDGE_CURVE('',#1137,#1136,#1376,.T.);
#779=EDGE_CURVE('',#1131,#1137,#1377,.T.);
#780=EDGE_CURVE('',#1138,#1138,#26,.T.);
#781=EDGE_CURVE('',#1139,#1140,#1378,.T.);
#782=EDGE_CURVE('',#1139,#1141,#1379,.T.);
#783=EDGE_CURVE('',#1141,#1142,#1380,.T.);
#784=EDGE_CURVE('',#1140,#1142,#18,.T.);
#785=EDGE_CURVE('',#1143,#1144,#1381,.T.);
#786=EDGE_CURVE('',#1144,#1145,#1382,.T.);
#787=EDGE_CURVE('',#1146,#1145,#1383,.T.);
#788=EDGE_CURVE('',#1143,#1146,#1384,.T.);
#789=EDGE_CURVE('',#1147,#1148,#1385,.T.);
#790=EDGE_CURVE('',#1149,#1148,#1386,.T.);
#791=EDGE_CURVE('',#1150,#1149,#1387,.T.);
#792=EDGE_CURVE('',#1147,#1150,#1388,.T.);
#793=EDGE_CURVE('',#1151,#1152,#1389,.T.);
#794=EDGE_CURVE('',#1153,#1151,#1390,.T.);
#795=EDGE_CURVE('',#1154,#1153,#1391,.T.);
#796=EDGE_CURVE('',#1155,#1154,#1392,.T.);
#797=EDGE_CURVE('',#1156,#1155,#1393,.T.);
#798=EDGE_CURVE('',#1157,#1156,#1394,.T.);
#799=EDGE_CURVE('',#1158,#1157,#1395,.T.);
#800=EDGE_CURVE('',#1159,#1158,#19,.T.);
#801=EDGE_CURVE('',#1152,#1159,#1396,.T.);
#802=EDGE_CURVE('',#1160,#1161,#20,.T.);
#803=EDGE_CURVE('',#1161,#1162,#1397,.T.);
#804=EDGE_CURVE('',#1162,#1163,#1398,.T.);
#805=EDGE_CURVE('',#1163,#1160,#1399,.T.);
#806=EDGE_CURVE('',#1164,#1165,#1400,.T.);
#807=EDGE_CURVE('',#1166,#1164,#1401,.T.);
#808=EDGE_CURVE('',#1167,#1166,#1402,.T.);
#809=EDGE_CURVE('',#1168,#1167,#1403,.T.);
#810=EDGE_CURVE('',#1169,#1168,#1404,.T.);
#811=EDGE_CURVE('',#1170,#1169,#1405,.T.);
#812=EDGE_CURVE('',#1171,#1170,#1406,.T.);
#813=EDGE_CURVE('',#1172,#1171,#1407,.T.);
#814=EDGE_CURVE('',#1173,#1172,#1408,.T.);
#815=EDGE_CURVE('',#1174,#1173,#1409,.T.);
#816=EDGE_CURVE('',#1175,#1174,#1410,.T.);
#817=EDGE_CURVE('',#1165,#1175,#1411,.T.);
#818=EDGE_CURVE('',#1176,#1177,#1412,.T.);
#819=EDGE_CURVE('',#1178,#1176,#1413,.T.);
#820=EDGE_CURVE('',#1179,#1178,#1414,.T.);
#821=EDGE_CURVE('',#1180,#1179,#1415,.T.);
#822=EDGE_CURVE('',#1181,#1180,#1416,.T.);
#823=EDGE_CURVE('',#1182,#1181,#1417,.T.);
#824=EDGE_CURVE('',#1183,#1182,#1418,.T.);
#825=EDGE_CURVE('',#1184,#1183,#21,.T.);
#826=EDGE_CURVE('',#1177,#1184,#1419,.T.);
#827=EDGE_CURVE('',#1185,#1186,#1420,.T.);
#828=EDGE_CURVE('',#1185,#1187,#1421,.T.);
#829=EDGE_CURVE('',#1188,#1187,#1422,.T.);
#830=EDGE_CURVE('',#1186,#1188,#1423,.T.);
#831=EDGE_CURVE('',#1189,#1189,#27,.T.);
#832=EDGE_CURVE('',#1190,#1191,#1424,.T.);
#833=EDGE_CURVE('',#1191,#1192,#1425,.T.);
#834=EDGE_CURVE('',#1193,#1192,#1426,.T.);
#835=EDGE_CURVE('',#1190,#1193,#1427,.T.);
#836=EDGE_CURVE('',#1194,#1195,#1428,.T.);
#837=EDGE_CURVE('',#1196,#1194,#1429,.T.);
#838=EDGE_CURVE('',#1197,#1196,#1430,.T.);
#839=EDGE_CURVE('',#1197,#1104,#1431,.T.);
#840=EDGE_CURVE('',#1195,#1105,#1432,.T.);
#841=EDGE_CURVE('',#1195,#1198,#1433,.T.);
#842=EDGE_CURVE('',#1198,#1107,#1434,.T.);
#843=EDGE_CURVE('',#1199,#1200,#1435,.T.);
#844=EDGE_CURVE('',#1200,#1201,#1436,.T.);
#845=EDGE_CURVE('',#1202,#1201,#1437,.T.);
#846=EDGE_CURVE('',#1202,#1199,#1438,.T.);
#847=EDGE_CURVE('',#1203,#1204,#1439,.T.);
#848=EDGE_CURVE('',#1205,#1203,#22,.T.);
#849=EDGE_CURVE('',#1206,#1205,#1440,.T.);
#850=EDGE_CURVE('',#1204,#1206,#1441,.T.);
#851=EDGE_CURVE('',#1207,#1207,#28,.T.);
#852=EDGE_CURVE('',#1208,#1209,#1442,.T.);
#853=EDGE_CURVE('',#1209,#1210,#1443,.T.);
#854=EDGE_CURVE('',#1210,#1211,#1444,.T.);
#855=EDGE_CURVE('',#1211,#1212,#1445,.T.);
#856=EDGE_CURVE('',#1212,#1213,#1446,.T.);
#857=EDGE_CURVE('',#1213,#1214,#1447,.T.);
#858=EDGE_CURVE('',#1214,#1215,#1448,.T.);
#859=EDGE_CURVE('',#1208,#1215,#1449,.T.);
#860=EDGE_CURVE('',#1216,#1217,#1450,.T.);
#861=EDGE_CURVE('',#1218,#1217,#1451,.T.);
#862=EDGE_CURVE('',#1219,#1218,#1452,.T.);
#863=EDGE_CURVE('',#1219,#1216,#1453,.T.);
#864=EDGE_CURVE('',#1220,#1221,#1454,.T.);
#865=EDGE_CURVE('',#1220,#1222,#1455,.T.);
#866=EDGE_CURVE('',#1223,#1222,#1456,.T.);
#867=EDGE_CURVE('',#1221,#1223,#1457,.T.);
#868=EDGE_CURVE('',#1224,#1225,#1458,.T.);
#869=EDGE_CURVE('',#1224,#1226,#1459,.T.);
#870=EDGE_CURVE('',#1227,#1226,#1460,.T.);
#871=EDGE_CURVE('',#1225,#1227,#1461,.T.);
#872=EDGE_CURVE('',#1228,#1229,#1462,.T.);
#873=EDGE_CURVE('',#1228,#1230,#1463,.T.);
#874=EDGE_CURVE('',#1231,#1230,#1464,.T.);
#875=EDGE_CURVE('',#1229,#1231,#1465,.T.);
#876=EDGE_CURVE('',#1232,#1233,#1466,.T.);
#877=EDGE_CURVE('',#1232,#1234,#1467,.T.);
#878=EDGE_CURVE('',#1234,#1235,#1468,.T.);
#879=EDGE_CURVE('',#1233,#1235,#1469,.T.);
#880=EDGE_CURVE('',#1236,#1237,#1470,.T.);
#881=EDGE_CURVE('',#1238,#1236,#1471,.T.);
#882=EDGE_CURVE('',#1238,#1239,#1472,.T.);
#883=EDGE_CURVE('',#1237,#1239,#1473,.T.);
#884=EDGE_CURVE('',#1240,#1241,#1474,.T.);
#885=EDGE_CURVE('',#1240,#1242,#1475,.T.);
#886=EDGE_CURVE('',#1242,#1243,#23,.T.);
#887=EDGE_CURVE('',#1241,#1243,#1476,.T.);
#888=EDGE_CURVE('',#1244,#1245,#1477,.T.);
#889=EDGE_CURVE('',#1245,#1246,#1478,.T.);
#890=EDGE_CURVE('',#1246,#1247,#1479,.T.);
#891=EDGE_CURVE('',#1247,#1248,#24,.T.);
#892=EDGE_CURVE('',#1248,#1249,#1480,.T.);
#893=EDGE_CURVE('',#1249,#1250,#1481,.T.);
#894=EDGE_CURVE('',#1250,#1251,#1482,.T.);
#895=EDGE_CURVE('',#1251,#1252,#1483,.T.);
#896=EDGE_CURVE('',#1252,#1244,#1484,.T.);
#897=EDGE_CURVE('',#1253,#1254,#1485,.T.);
#898=EDGE_CURVE('',#1254,#1255,#1486,.T.);
#899=EDGE_CURVE('',#1255,#1256,#1487,.T.);
#900=EDGE_CURVE('',#1256,#1257,#1488,.T.);
#901=EDGE_CURVE('',#1257,#1258,#1489,.T.);
#902=EDGE_CURVE('',#1258,#1259,#1490,.T.);
#903=EDGE_CURVE('',#1259,#1260,#1491,.T.);
#904=EDGE_CURVE('',#1260,#1253,#1492,.T.);
#905=EDGE_CURVE('',#1261,#1262,#1493,.T.);
#906=EDGE_CURVE('',#1262,#1263,#1494,.T.);
#907=EDGE_CURVE('',#1263,#1264,#1495,.T.);
#908=EDGE_CURVE('',#1264,#1265,#1496,.T.);
#909=EDGE_CURVE('',#1265,#1266,#1497,.T.);
#910=EDGE_CURVE('',#1266,#1267,#1498,.T.);
#911=EDGE_CURVE('',#1267,#1268,#1499,.T.);
#912=EDGE_CURVE('',#1268,#1269,#1500,.T.);
#913=EDGE_CURVE('',#1269,#1270,#1501,.T.);
#914=EDGE_CURVE('',#1270,#1271,#1502,.T.);
#915=EDGE_CURVE('',#1271,#1272,#1503,.T.);
#916=EDGE_CURVE('',#1272,#1261,#1504,.T.);
#917=EDGE_CURVE('',#1273,#1274,#1505,.T.);
#918=EDGE_CURVE('',#1274,#1275,#1506,.T.);
#919=EDGE_CURVE('',#1275,#1276,#1507,.T.);
#920=EDGE_CURVE('',#1276,#1277,#1508,.T.);
#921=EDGE_CURVE('',#1277,#1278,#1509,.T.);
#922=EDGE_CURVE('',#1278,#1279,#1510,.T.);
#923=EDGE_CURVE('',#1279,#1280,#1511,.T.);
#924=EDGE_CURVE('',#1280,#1281,#1512,.T.);
#925=EDGE_CURVE('',#1281,#1282,#1513,.T.);
#926=EDGE_CURVE('',#1282,#1283,#1514,.T.);
#927=EDGE_CURVE('',#1283,#1284,#1515,.T.);
#928=EDGE_CURVE('',#1284,#1273,#1516,.T.);
#929=EDGE_CURVE('',#1285,#1286,#1517,.T.);
#930=EDGE_CURVE('',#1286,#1287,#1518,.T.);
#931=EDGE_CURVE('',#1287,#1288,#1519,.T.);
#932=EDGE_CURVE('',#1288,#1289,#25,.T.);
#933=EDGE_CURVE('',#1289,#1290,#1520,.T.);
#934=EDGE_CURVE('',#1290,#1291,#1521,.T.);
#935=EDGE_CURVE('',#1291,#1292,#1522,.T.);
#936=EDGE_CURVE('',#1292,#1293,#1523,.T.);
#937=EDGE_CURVE('',#1293,#1285,#1524,.T.);
#938=EDGE_CURVE('',#1294,#1295,#1525,.T.);
#939=EDGE_CURVE('',#1295,#1296,#1526,.T.);
#940=EDGE_CURVE('',#1296,#1297,#1527,.T.);
#941=EDGE_CURVE('',#1297,#1298,#1528,.T.);
#942=EDGE_CURVE('',#1298,#1299,#1529,.T.);
#943=EDGE_CURVE('',#1299,#1300,#1530,.T.);
#944=EDGE_CURVE('',#1300,#1301,#1531,.T.);
#945=EDGE_CURVE('',#1301,#1302,#1532,.T.);
#946=EDGE_CURVE('',#1302,#1303,#1533,.T.);
#947=EDGE_CURVE('',#1303,#1294,#1534,.T.);
#948=EDGE_CURVE('',#1304,#1305,#1535,.T.);
#949=EDGE_CURVE('',#1304,#1306,#1536,.T.);
#950=EDGE_CURVE('',#1306,#1307,#1537,.T.);
#951=EDGE_CURVE('',#1307,#1305,#1538,.T.);
#952=EDGE_CURVE('',#1217,#1308,#1539,.T.);
#953=EDGE_CURVE('',#1216,#1150,#1540,.T.);
#954=EDGE_CURVE('',#1210,#1149,#1541,.T.);
#955=EDGE_CURVE('',#1209,#1309,#1542,.T.);
#956=EDGE_CURVE('',#1308,#1309,#1543,.T.);
#957=EDGE_CURVE('',#1239,#1310,#1544,.T.);
#958=EDGE_CURVE('',#1238,#1147,#1545,.T.);
#959=EDGE_CURVE('',#1219,#1311,#1546,.T.);
#960=EDGE_CURVE('',#1312,#1311,#1547,.T.);
#961=EDGE_CURVE('',#1230,#1312,#1548,.T.);
#962=EDGE_CURVE('',#1228,#1313,#1549,.T.);
#963=EDGE_CURVE('',#1314,#1313,#1550,.T.);
#964=EDGE_CURVE('',#1226,#1314,#1551,.T.);
#965=EDGE_CURVE('',#1224,#1315,#1552,.T.);
#966=EDGE_CURVE('',#1316,#1315,#1553,.T.);
#967=EDGE_CURVE('',#1222,#1316,#1554,.T.);
#968=EDGE_CURVE('',#1220,#1317,#1555,.T.);
#969=EDGE_CURVE('',#1310,#1317,#1556,.T.);
#970=EDGE_CURVE('',#1208,#1318,#1557,.T.);
#971=EDGE_CURVE('',#1215,#1148,#1558,.T.);
#972=EDGE_CURVE('',#1236,#1319,#1559,.T.);
#973=EDGE_CURVE('',#1319,#1318,#1560,.T.);
#974=EDGE_CURVE('',#1232,#1143,#1561,.T.);
#975=EDGE_CURVE('',#1234,#1146,#1562,.T.);
#976=EDGE_CURVE('',#1235,#1145,#1563,.T.);
#977=EDGE_CURVE('',#1233,#1144,#1564,.T.);
#978=EDGE_CURVE('',#1320,#1214,#1565,.T.);
#979=EDGE_CURVE('',#1321,#1320,#1566,.T.);
#980=EDGE_CURVE('',#1321,#1211,#1567,.T.);
#981=EDGE_CURVE('',#1322,#1310,#1568,.T.);
#982=EDGE_CURVE('',#1237,#1322,#1569,.T.);
#983=EDGE_CURVE('',#1319,#1322,#1570,.T.);
#984=EDGE_CURVE('',#1318,#1309,#1571,.T.);
#985=EDGE_CURVE('',#1323,#1308,#1572,.T.);
#986=EDGE_CURVE('',#1218,#1323,#1573,.T.);
#987=EDGE_CURVE('',#1311,#1323,#1574,.T.);
#988=EDGE_CURVE('',#1324,#1312,#1575,.T.);
#989=EDGE_CURVE('',#1231,#1324,#1576,.T.);
#990=EDGE_CURVE('',#1325,#1324,#1577,.T.);
#991=EDGE_CURVE('',#1229,#1325,#1578,.T.);
#992=EDGE_CURVE('',#1313,#1325,#1579,.T.);
#993=EDGE_CURVE('',#1326,#1314,#1580,.T.);
#994=EDGE_CURVE('',#1227,#1326,#1581,.T.);
#995=EDGE_CURVE('',#1327,#1326,#1582,.T.);
#996=EDGE_CURVE('',#1225,#1327,#1583,.T.);
#997=EDGE_CURVE('',#1315,#1327,#1584,.T.);
#998=EDGE_CURVE('',#1328,#1316,#1585,.T.);
#999=EDGE_CURVE('',#1223,#1328,#1586,.T.);
#1000=EDGE_CURVE('',#1329,#1328,#1587,.T.);
#1001=EDGE_CURVE('',#1221,#1329,#1588,.T.);
#1002=EDGE_CURVE('',#1317,#1329,#1589,.T.);
#1003=EDGE_CURVE('',#1321,#1330,#1590,.T.);
#1004=EDGE_CURVE('',#1330,#1212,#1591,.T.);
#1005=EDGE_CURVE('',#1330,#1331,#1592,.T.);
#1006=EDGE_CURVE('',#1331,#1213,#1593,.T.);
#1007=EDGE_CURVE('',#1331,#1320,#1594,.T.);
#1008=EDGE_CURVE('',#1139,#1240,#1595,.T.);
#1009=EDGE_CURVE('',#1140,#1242,#1596,.T.);
#1010=EDGE_CURVE('',#1141,#1241,#1597,.T.);
#1011=EDGE_CURVE('',#1142,#1243,#1598,.T.);
#1012=EDGE_CURVE('',#1151,#1245,#1599,.T.);
#1013=EDGE_CURVE('',#1152,#1246,#1600,.T.);
#1014=EDGE_CURVE('',#1153,#1244,#1601,.T.);
#1015=EDGE_CURVE('',#1154,#1252,#1602,.T.);
#1016=EDGE_CURVE('',#1155,#1251,#1603,.T.);
#1017=EDGE_CURVE('',#1156,#1250,#1604,.T.);
#1018=EDGE_CURVE('',#1157,#1249,#1605,.T.);
#1019=EDGE_CURVE('',#1158,#1248,#1606,.T.);
#1020=EDGE_CURVE('',#1159,#1247,#1607,.T.);
#1021=EDGE_CURVE('',#1130,#1254,#1608,.T.);
#1022=EDGE_CURVE('',#1131,#1255,#1609,.T.);
#1023=EDGE_CURVE('',#1132,#1253,#1610,.T.);
#1024=EDGE_CURVE('',#1133,#1260,#1611,.T.);
#1025=EDGE_CURVE('',#1134,#1259,#1612,.T.);
#1026=EDGE_CURVE('',#1135,#1258,#1613,.T.);
#1027=EDGE_CURVE('',#1136,#1257,#1614,.T.);
#1028=EDGE_CURVE('',#1137,#1256,#1615,.T.);
#1029=EDGE_CURVE('',#1162,#1204,#1616,.T.);
#1030=EDGE_CURVE('',#1161,#1203,#1617,.T.);
#1031=EDGE_CURVE('',#1163,#1206,#1618,.T.);
#1032=EDGE_CURVE('',#1160,#1205,#1619,.T.);
#1033=EDGE_CURVE('',#1164,#1262,#1620,.T.);
#1034=EDGE_CURVE('',#1165,#1263,#1621,.T.);
#1035=EDGE_CURVE('',#1166,#1261,#1622,.T.);
#1036=EDGE_CURVE('',#1167,#1272,#1623,.T.);
#1037=EDGE_CURVE('',#1168,#1271,#1624,.T.);
#1038=EDGE_CURVE('',#1169,#1270,#1625,.T.);
#1039=EDGE_CURVE('',#1170,#1269,#1626,.T.);
#1040=EDGE_CURVE('',#1171,#1268,#1627,.T.);
#1041=EDGE_CURVE('',#1172,#1267,#1628,.T.);
#1042=EDGE_CURVE('',#1173,#1266,#1629,.T.);
#1043=EDGE_CURVE('',#1174,#1265,#1630,.T.);
#1044=EDGE_CURVE('',#1175,#1264,#1631,.T.);
#1045=EDGE_CURVE('',#1118,#1274,#1632,.T.);
#1046=EDGE_CURVE('',#1119,#1275,#1633,.T.);
#1047=EDGE_CURVE('',#1120,#1273,#1634,.T.);
#1048=EDGE_CURVE('',#1121,#1284,#1635,.T.);
#1049=EDGE_CURVE('',#1122,#1283,#1636,.T.);
#1050=EDGE_CURVE('',#1123,#1282,#1637,.T.);
#1051=EDGE_CURVE('',#1124,#1281,#1638,.T.);
#1052=EDGE_CURVE('',#1125,#1280,#1639,.T.);
#1053=EDGE_CURVE('',#1126,#1279,#1640,.T.);
#1054=EDGE_CURVE('',#1127,#1278,#1641,.T.);
#1055=EDGE_CURVE('',#1128,#1277,#1642,.T.);
#1056=EDGE_CURVE('',#1129,#1276,#1643,.T.);
#1057=EDGE_CURVE('',#1176,#1286,#1644,.T.);
#1058=EDGE_CURVE('',#1177,#1287,#1645,.T.);
#1059=EDGE_CURVE('',#1178,#1285,#1646,.T.);
#1060=EDGE_CURVE('',#1179,#1293,#1647,.T.);
#1061=EDGE_CURVE('',#1180,#1292,#1648,.T.);
#1062=EDGE_CURVE('',#1181,#1291,#1649,.T.);
#1063=EDGE_CURVE('',#1182,#1290,#1650,.T.);
#1064=EDGE_CURVE('',#1183,#1289,#1651,.T.);
#1065=EDGE_CURVE('',#1184,#1288,#1652,.T.);
#1066=EDGE_CURVE('',#1108,#1295,#1653,.T.);
#1067=EDGE_CURVE('',#1109,#1296,#1654,.T.);
#1068=EDGE_CURVE('',#1110,#1294,#1655,.T.);
#1069=EDGE_CURVE('',#1111,#1303,#1656,.T.);
#1070=EDGE_CURVE('',#1112,#1302,#1657,.T.);
#1071=EDGE_CURVE('',#1113,#1301,#1658,.T.);
#1072=EDGE_CURVE('',#1114,#1300,#1659,.T.);
#1073=EDGE_CURVE('',#1115,#1299,#1660,.T.);
#1074=EDGE_CURVE('',#1116,#1298,#1661,.T.);
#1075=EDGE_CURVE('',#1117,#1297,#1662,.T.);
#1076=EDGE_CURVE('',#1185,#1304,#1663,.T.);
#1077=EDGE_CURVE('',#1186,#1306,#1664,.T.);
#1078=EDGE_CURVE('',#1187,#1305,#1665,.T.);
#1079=EDGE_CURVE('',#1188,#1307,#1666,.T.);
#1080=EDGE_CURVE('',#1332,#1199,#1667,.T.);
#1081=EDGE_CURVE('',#1332,#1333,#1668,.T.);
#1082=EDGE_CURVE('',#1333,#1200,#1669,.T.);
#1083=EDGE_CURVE('',#1334,#1202,#1670,.T.);
#1084=EDGE_CURVE('',#1334,#1332,#1671,.T.);
#1085=EDGE_CURVE('',#1335,#1201,#1672,.T.);
#1086=EDGE_CURVE('',#1334,#1335,#1673,.T.);
#1087=EDGE_CURVE('',#1336,#1106,#1674,.T.);
#1088=EDGE_CURVE('',#1197,#1336,#1675,.T.);
#1089=EDGE_CURVE('',#1337,#1336,#1676,.T.);
#1090=EDGE_CURVE('',#1337,#1338,#1677,.T.);
#1091=EDGE_CURVE('',#1338,#1198,#1678,.T.);
#1092=EDGE_CURVE('',#1333,#1335,#1679,.T.);
#1093=EDGE_CURVE('',#1339,#1339,#29,.T.);
#1094=EDGE_CURVE('',#1196,#1337,#1680,.T.);
#1095=EDGE_CURVE('',#1194,#1338,#1681,.T.);
#1096=EDGE_CURVE('',#1340,#1190,#1682,.T.);
#1097=EDGE_CURVE('',#1340,#1341,#1683,.T.);
#1098=EDGE_CURVE('',#1341,#1191,#1684,.T.);
#1099=EDGE_CURVE('',#1342,#1193,#1685,.T.);
#1100=EDGE_CURVE('',#1340,#1342,#1686,.T.);
#1101=EDGE_CURVE('',#1343,#1192,#1687,.T.);
#1102=EDGE_CURVE('',#1342,#1343,#1688,.T.);
#1103=EDGE_CURVE('',#1341,#1343,#1689,.T.);
#1104=VERTEX_POINT('',#3297);
#1105=VERTEX_POINT('',#3298);
#1106=VERTEX_POINT('',#3300);
#1107=VERTEX_POINT('',#3302);
#1108=VERTEX_POINT('',#3305);
#1109=VERTEX_POINT('',#3306);
#1110=VERTEX_POINT('',#3308);
#1111=VERTEX_POINT('',#3310);
#1112=VERTEX_POINT('',#3312);
#1113=VERTEX_POINT('',#3314);
#1114=VERTEX_POINT('',#3316);
#1115=VERTEX_POINT('',#3318);
#1116=VERTEX_POINT('',#3320);
#1117=VERTEX_POINT('',#3322);
#1118=VERTEX_POINT('',#3325);
#1119=VERTEX_POINT('',#3326);
#1120=VERTEX_POINT('',#3328);
#1121=VERTEX_POINT('',#3330);
#1122=VERTEX_POINT('',#3332);
#1123=VERTEX_POINT('',#3334);
#1124=VERTEX_POINT('',#3336);
#1125=VERTEX_POINT('',#3338);
#1126=VERTEX_POINT('',#3340);
#1127=VERTEX_POINT('',#3342);
#1128=VERTEX_POINT('',#3344);
#1129=VERTEX_POINT('',#3346);
#1130=VERTEX_POINT('',#3349);
#1131=VERTEX_POINT('',#3350);
#1132=VERTEX_POINT('',#3352);
#1133=VERTEX_POINT('',#3354);
#1134=VERTEX_POINT('',#3356);
#1135=VERTEX_POINT('',#3358);
#1136=VERTEX_POINT('',#3360);
#1137=VERTEX_POINT('',#3362);
#1138=VERTEX_POINT('',#3365);
#1139=VERTEX_POINT('',#3367);
#1140=VERTEX_POINT('',#3368);
#1141=VERTEX_POINT('',#3370);
#1142=VERTEX_POINT('',#3372);
#1143=VERTEX_POINT('',#3384);
#1144=VERTEX_POINT('',#3385);
#1145=VERTEX_POINT('',#3387);
#1146=VERTEX_POINT('',#3389);
#1147=VERTEX_POINT('',#3392);
#1148=VERTEX_POINT('',#3393);
#1149=VERTEX_POINT('',#3395);
#1150=VERTEX_POINT('',#3397);
#1151=VERTEX_POINT('',#3400);
#1152=VERTEX_POINT('',#3401);
#1153=VERTEX_POINT('',#3403);
#1154=VERTEX_POINT('',#3405);
#1155=VERTEX_POINT('',#3407);
#1156=VERTEX_POINT('',#3409);
#1157=VERTEX_POINT('',#3411);
#1158=VERTEX_POINT('',#3413);
#1159=VERTEX_POINT('',#3422);
#1160=VERTEX_POINT('',#3438);
#1161=VERTEX_POINT('',#3439);
#1162=VERTEX_POINT('',#3441);
#1163=VERTEX_POINT('',#3443);
#1164=VERTEX_POINT('',#3446);
#1165=VERTEX_POINT('',#3447);
#1166=VERTEX_POINT('',#3449);
#1167=VERTEX_POINT('',#3451);
#1168=VERTEX_POINT('',#3453);
#1169=VERTEX_POINT('',#3455);
#1170=VERTEX_POINT('',#3457);
#1171=VERTEX_POINT('',#3459);
#1172=VERTEX_POINT('',#3461);
#1173=VERTEX_POINT('',#3463);
#1174=VERTEX_POINT('',#3465);
#1175=VERTEX_POINT('',#3467);
#1176=VERTEX_POINT('',#3470);
#1177=VERTEX_POINT('',#3471);
#1178=VERTEX_POINT('',#3473);
#1179=VERTEX_POINT('',#3475);
#1180=VERTEX_POINT('',#3477);
#1181=VERTEX_POINT('',#3479);
#1182=VERTEX_POINT('',#3481);
#1183=VERTEX_POINT('',#3483);
#1184=VERTEX_POINT('',#3492);
#1185=VERTEX_POINT('',#3495);
#1186=VERTEX_POINT('',#3496);
#1187=VERTEX_POINT('',#3498);
#1188=VERTEX_POINT('',#3500);
#1189=VERTEX_POINT('',#3503);
#1190=VERTEX_POINT('',#3505);
#1191=VERTEX_POINT('',#3506);
#1192=VERTEX_POINT('',#3508);
#1193=VERTEX_POINT('',#3510);
#1194=VERTEX_POINT('',#3514);
#1195=VERTEX_POINT('',#3515);
#1196=VERTEX_POINT('',#3517);
#1197=VERTEX_POINT('',#3519);
#1198=VERTEX_POINT('',#3524);
#1199=VERTEX_POINT('',#3528);
#1200=VERTEX_POINT('',#3529);
#1201=VERTEX_POINT('',#3531);
#1202=VERTEX_POINT('',#3533);
#1203=VERTEX_POINT('',#3536);
#1204=VERTEX_POINT('',#3537);
#1205=VERTEX_POINT('',#3552);
#1206=VERTEX_POINT('',#3554);
#1207=VERTEX_POINT('',#3557);
#1208=VERTEX_POINT('',#3559);
#1209=VERTEX_POINT('',#3560);
#1210=VERTEX_POINT('',#3562);
#1211=VERTEX_POINT('',#3564);
#1212=VERTEX_POINT('',#3566);
#1213=VERTEX_POINT('',#3568);
#1214=VERTEX_POINT('',#3570);
#1215=VERTEX_POINT('',#3572);
#1216=VERTEX_POINT('',#3575);
#1217=VERTEX_POINT('',#3576);
#1218=VERTEX_POINT('',#3578);
#1219=VERTEX_POINT('',#3580);
#1220=VERTEX_POINT('',#3583);
#1221=VERTEX_POINT('',#3584);
#1222=VERTEX_POINT('',#3586);
#1223=VERTEX_POINT('',#3588);
#1224=VERTEX_POINT('',#3591);
#1225=VERTEX_POINT('',#3592);
#1226=VERTEX_POINT('',#3594);
#1227=VERTEX_POINT('',#3596);
#1228=VERTEX_POINT('',#3599);
#1229=VERTEX_POINT('',#3600);
#1230=VERTEX_POINT('',#3602);
#1231=VERTEX_POINT('',#3604);
#1232=VERTEX_POINT('',#3607);
#1233=VERTEX_POINT('',#3608);
#1234=VERTEX_POINT('',#3610);
#1235=VERTEX_POINT('',#3612);
#1236=VERTEX_POINT('',#3615);
#1237=VERTEX_POINT('',#3616);
#1238=VERTEX_POINT('',#3618);
#1239=VERTEX_POINT('',#3620);
#1240=VERTEX_POINT('',#3623);
#1241=VERTEX_POINT('',#3624);
#1242=VERTEX_POINT('',#3626);
#1243=VERTEX_POINT('',#3637);
#1244=VERTEX_POINT('',#3640);
#1245=VERTEX_POINT('',#3641);
#1246=VERTEX_POINT('',#3643);
#1247=VERTEX_POINT('',#3645);
#1248=VERTEX_POINT('',#3654);
#1249=VERTEX_POINT('',#3656);
#1250=VERTEX_POINT('',#3658);
#1251=VERTEX_POINT('',#3660);
#1252=VERTEX_POINT('',#3662);
#1253=VERTEX_POINT('',#3665);
#1254=VERTEX_POINT('',#3666);
#1255=VERTEX_POINT('',#3668);
#1256=VERTEX_POINT('',#3670);
#1257=VERTEX_POINT('',#3672);
#1258=VERTEX_POINT('',#3674);
#1259=VERTEX_POINT('',#3676);
#1260=VERTEX_POINT('',#3678);
#1261=VERTEX_POINT('',#3681);
#1262=VERTEX_POINT('',#3682);
#1263=VERTEX_POINT('',#3684);
#1264=VERTEX_POINT('',#3686);
#1265=VERTEX_POINT('',#3688);
#1266=VERTEX_POINT('',#3690);
#1267=VERTEX_POINT('',#3692);
#1268=VERTEX_POINT('',#3694);
#1269=VERTEX_POINT('',#3696);
#1270=VERTEX_POINT('',#3698);
#1271=VERTEX_POINT('',#3700);
#1272=VERTEX_POINT('',#3702);
#1273=VERTEX_POINT('',#3705);
#1274=VERTEX_POINT('',#3706);
#1275=VERTEX_POINT('',#3708);
#1276=VERTEX_POINT('',#3710);
#1277=VERTEX_POINT('',#3712);
#1278=VERTEX_POINT('',#3714);
#1279=VERTEX_POINT('',#3716);
#1280=VERTEX_POINT('',#3718);
#1281=VERTEX_POINT('',#3720);
#1282=VERTEX_POINT('',#3722);
#1283=VERTEX_POINT('',#3724);
#1284=VERTEX_POINT('',#3726);
#1285=VERTEX_POINT('',#3729);
#1286=VERTEX_POINT('',#3730);
#1287=VERTEX_POINT('',#3732);
#1288=VERTEX_POINT('',#3734);
#1289=VERTEX_POINT('',#3743);
#1290=VERTEX_POINT('',#3745);
#1291=VERTEX_POINT('',#3747);
#1292=VERTEX_POINT('',#3749);
#1293=VERTEX_POINT('',#3751);
#1294=VERTEX_POINT('',#3754);
#1295=VERTEX_POINT('',#3755);
#1296=VERTEX_POINT('',#3757);
#1297=VERTEX_POINT('',#3759);
#1298=VERTEX_POINT('',#3761);
#1299=VERTEX_POINT('',#3763);
#1300=VERTEX_POINT('',#3765);
#1301=VERTEX_POINT('',#3767);
#1302=VERTEX_POINT('',#3769);
#1303=VERTEX_POINT('',#3771);
#1304=VERTEX_POINT('',#3774);
#1305=VERTEX_POINT('',#3775);
#1306=VERTEX_POINT('',#3777);
#1307=VERTEX_POINT('',#3779);
#1308=VERTEX_POINT('',#3783);
#1309=VERTEX_POINT('',#3787);
#1310=VERTEX_POINT('',#3791);
#1311=VERTEX_POINT('',#3794);
#1312=VERTEX_POINT('',#3796);
#1313=VERTEX_POINT('',#3799);
#1314=VERTEX_POINT('',#3801);
#1315=VERTEX_POINT('',#3804);
#1316=VERTEX_POINT('',#3806);
#1317=VERTEX_POINT('',#3809);
#1318=VERTEX_POINT('',#3813);
#1319=VERTEX_POINT('',#3816);
#1320=VERTEX_POINT('',#3828);
#1321=VERTEX_POINT('',#3830);
#1322=VERTEX_POINT('',#3834);
#1323=VERTEX_POINT('',#3842);
#1324=VERTEX_POINT('',#3848);
#1325=VERTEX_POINT('',#3852);
#1326=VERTEX_POINT('',#3858);
#1327=VERTEX_POINT('',#3862);
#1328=VERTEX_POINT('',#3868);
#1329=VERTEX_POINT('',#3872);
#1330=VERTEX_POINT('',#3879);
#1331=VERTEX_POINT('',#3883);
#1332=VERTEX_POINT('',#4139);
#1333=VERTEX_POINT('',#4141);
#1334=VERTEX_POINT('',#4145);
#1335=VERTEX_POINT('',#4149);
#1336=VERTEX_POINT('',#4153);
#1337=VERTEX_POINT('',#4157);
#1338=VERTEX_POINT('',#4159);
#1339=VERTEX_POINT('',#4165);
#1340=VERTEX_POINT('',#4173);
#1341=VERTEX_POINT('',#4175);
#1342=VERTEX_POINT('',#4179);
#1343=VERTEX_POINT('',#4183);
#1344=LINE('',#3296,#1690);
#1345=LINE('',#3299,#1691);
#1346=LINE('',#3301,#1692);
#1347=LINE('',#3303,#1693);
#1348=LINE('',#3304,#1694);
#1349=LINE('',#3307,#1695);
#1350=LINE('',#3309,#1696);
#1351=LINE('',#3311,#1697);
#1352=LINE('',#3313,#1698);
#1353=LINE('',#3315,#1699);
#1354=LINE('',#3317,#1700);
#1355=LINE('',#3319,#1701);
#1356=LINE('',#3321,#1702);
#1357=LINE('',#3323,#1703);
#1358=LINE('',#3324,#1704);
#1359=LINE('',#3327,#1705);
#1360=LINE('',#3329,#1706);
#1361=LINE('',#3331,#1707);
#1362=LINE('',#3333,#1708);
#1363=LINE('',#3335,#1709);
#1364=LINE('',#3337,#1710);
#1365=LINE('',#3339,#1711);
#1366=LINE('',#3341,#1712);
#1367=LINE('',#3343,#1713);
#1368=LINE('',#3345,#1714);
#1369=LINE('',#3347,#1715);
#1370=LINE('',#3348,#1716);
#1371=LINE('',#3351,#1717);
#1372=LINE('',#3353,#1718);
#1373=LINE('',#3355,#1719);
#1374=LINE('',#3357,#1720);
#1375=LINE('',#3359,#1721);
#1376=LINE('',#3361,#1722);
#1377=LINE('',#3363,#1723);
#1378=LINE('',#3366,#1724);
#1379=LINE('',#3369,#1725);
#1380=LINE('',#3371,#1726);
#1381=LINE('',#3383,#1727);
#1382=LINE('',#3386,#1728);
#1383=LINE('',#3388,#1729);
#1384=LINE('',#3390,#1730);
#1385=LINE('',#3391,#1731);
#1386=LINE('',#3394,#1732);
#1387=LINE('',#3396,#1733);
#1388=LINE('',#3398,#1734);
#1389=LINE('',#3399,#1735);
#1390=LINE('',#3402,#1736);
#1391=LINE('',#3404,#1737);
#1392=LINE('',#3406,#1738);
#1393=LINE('',#3408,#1739);
#1394=LINE('',#3410,#1740);
#1395=LINE('',#3412,#1741);
#1396=LINE('',#3423,#1742);
#1397=LINE('',#3440,#1743);
#1398=LINE('',#3442,#1744);
#1399=LINE('',#3444,#1745);
#1400=LINE('',#3445,#1746);
#1401=LINE('',#3448,#1747);
#1402=LINE('',#3450,#1748);
#1403=LINE('',#3452,#1749);
#1404=LINE('',#3454,#1750);
#1405=LINE('',#3456,#1751);
#1406=LINE('',#3458,#1752);
#1407=LINE('',#3460,#1753);
#1408=LINE('',#3462,#1754);
#1409=LINE('',#3464,#1755);
#1410=LINE('',#3466,#1756);
#1411=LINE('',#3468,#1757);
#1412=LINE('',#3469,#1758);
#1413=LINE('',#3472,#1759);
#1414=LINE('',#3474,#1760);
#1415=LINE('',#3476,#1761);
#1416=LINE('',#3478,#1762);
#1417=LINE('',#3480,#1763);
#1418=LINE('',#3482,#1764);
#1419=LINE('',#3493,#1765);
#1420=LINE('',#3494,#1766);
#1421=LINE('',#3497,#1767);
#1422=LINE('',#3499,#1768);
#1423=LINE('',#3501,#1769);
#1424=LINE('',#3504,#1770);
#1425=LINE('',#3507,#1771);
#1426=LINE('',#3509,#1772);
#1427=LINE('',#3511,#1773);
#1428=LINE('',#3513,#1774);
#1429=LINE('',#3516,#1775);
#1430=LINE('',#3518,#1776);
#1431=LINE('',#3520,#1777);
#1432=LINE('',#3521,#1778);
#1433=LINE('',#3523,#1779);
#1434=LINE('',#3525,#1780);
#1435=LINE('',#3527,#1781);
#1436=LINE('',#3530,#1782);
#1437=LINE('',#3532,#1783);
#1438=LINE('',#3534,#1784);
#1439=LINE('',#3535,#1785);
#1440=LINE('',#3553,#1786);
#1441=LINE('',#3555,#1787);
#1442=LINE('',#3558,#1788);
#1443=LINE('',#3561,#1789);
#1444=LINE('',#3563,#1790);
#1445=LINE('',#3565,#1791);
#1446=LINE('',#3567,#1792);
#1447=LINE('',#3569,#1793);
#1448=LINE('',#3571,#1794);
#1449=LINE('',#3573,#1795);
#1450=LINE('',#3574,#1796);
#1451=LINE('',#3577,#1797);
#1452=LINE('',#3579,#1798);
#1453=LINE('',#3581,#1799);
#1454=LINE('',#3582,#1800);
#1455=LINE('',#3585,#1801);
#1456=LINE('',#3587,#1802);
#1457=LINE('',#3589,#1803);
#1458=LINE('',#3590,#1804);
#1459=LINE('',#3593,#1805);
#1460=LINE('',#3595,#1806);
#1461=LINE('',#3597,#1807);
#1462=LINE('',#3598,#1808);
#1463=LINE('',#3601,#1809);
#1464=LINE('',#3603,#1810);
#1465=LINE('',#3605,#1811);
#1466=LINE('',#3606,#1812);
#1467=LINE('',#3609,#1813);
#1468=LINE('',#3611,#1814);
#1469=LINE('',#3613,#1815);
#1470=LINE('',#3614,#1816);
#1471=LINE('',#3617,#1817);
#1472=LINE('',#3619,#1818);
#1473=LINE('',#3621,#1819);
#1474=LINE('',#3622,#1820);
#1475=LINE('',#3625,#1821);
#1476=LINE('',#3638,#1822);
#1477=LINE('',#3639,#1823);
#1478=LINE('',#3642,#1824);
#1479=LINE('',#3644,#1825);
#1480=LINE('',#3655,#1826);
#1481=LINE('',#3657,#1827);
#1482=LINE('',#3659,#1828);
#1483=LINE('',#3661,#1829);
#1484=LINE('',#3663,#1830);
#1485=LINE('',#3664,#1831);
#1486=LINE('',#3667,#1832);
#1487=LINE('',#3669,#1833);
#1488=LINE('',#3671,#1834);
#1489=LINE('',#3673,#1835);
#1490=LINE('',#3675,#1836);
#1491=LINE('',#3677,#1837);
#1492=LINE('',#3679,#1838);
#1493=LINE('',#3680,#1839);
#1494=LINE('',#3683,#1840);
#1495=LINE('',#3685,#1841);
#1496=LINE('',#3687,#1842);
#1497=LINE('',#3689,#1843);
#1498=LINE('',#3691,#1844);
#1499=LINE('',#3693,#1845);
#1500=LINE('',#3695,#1846);
#1501=LINE('',#3697,#1847);
#1502=LINE('',#3699,#1848);
#1503=LINE('',#3701,#1849);
#1504=LINE('',#3703,#1850);
#1505=LINE('',#3704,#1851);
#1506=LINE('',#3707,#1852);
#1507=LINE('',#3709,#1853);
#1508=LINE('',#3711,#1854);
#1509=LINE('',#3713,#1855);
#1510=LINE('',#3715,#1856);
#1511=LINE('',#3717,#1857);
#1512=LINE('',#3719,#1858);
#1513=LINE('',#3721,#1859);
#1514=LINE('',#3723,#1860);
#1515=LINE('',#3725,#1861);
#1516=LINE('',#3727,#1862);
#1517=LINE('',#3728,#1863);
#1518=LINE('',#3731,#1864);
#1519=LINE('',#3733,#1865);
#1520=LINE('',#3744,#1866);
#1521=LINE('',#3746,#1867);
#1522=LINE('',#3748,#1868);
#1523=LINE('',#3750,#1869);
#1524=LINE('',#3752,#1870);
#1525=LINE('',#3753,#1871);
#1526=LINE('',#3756,#1872);
#1527=LINE('',#3758,#1873);
#1528=LINE('',#3760,#1874);
#1529=LINE('',#3762,#1875);
#1530=LINE('',#3764,#1876);
#1531=LINE('',#3766,#1877);
#1532=LINE('',#3768,#1878);
#1533=LINE('',#3770,#1879);
#1534=LINE('',#3772,#1880);
#1535=LINE('',#3773,#1881);
#1536=LINE('',#3776,#1882);
#1537=LINE('',#3778,#1883);
#1538=LINE('',#3780,#1884);
#1539=LINE('',#3782,#1885);
#1540=LINE('',#3784,#1886);
#1541=LINE('',#3785,#1887);
#1542=LINE('',#3786,#1888);
#1543=LINE('',#3788,#1889);
#1544=LINE('',#3790,#1890);
#1545=LINE('',#3792,#1891);
#1546=LINE('',#3793,#1892);
#1547=LINE('',#3795,#1893);
#1548=LINE('',#3797,#1894);
#1549=LINE('',#3798,#1895);
#1550=LINE('',#3800,#1896);
#1551=LINE('',#3802,#1897);
#1552=LINE('',#3803,#1898);
#1553=LINE('',#3805,#1899);
#1554=LINE('',#3807,#1900);
#1555=LINE('',#3808,#1901);
#1556=LINE('',#3810,#1902);
#1557=LINE('',#3812,#1903);
#1558=LINE('',#3814,#1904);
#1559=LINE('',#3815,#1905);
#1560=LINE('',#3817,#1906);
#1561=LINE('',#3819,#1907);
#1562=LINE('',#3820,#1908);
#1563=LINE('',#3822,#1909);
#1564=LINE('',#3824,#1910);
#1565=LINE('',#3827,#1911);
#1566=LINE('',#3829,#1912);
#1567=LINE('',#3831,#1913);
#1568=LINE('',#3833,#1914);
#1569=LINE('',#3835,#1915);
#1570=LINE('',#3837,#1916);
#1571=LINE('',#3839,#1917);
#1572=LINE('',#3841,#1918);
#1573=LINE('',#3843,#1919);
#1574=LINE('',#3845,#1920);
#1575=LINE('',#3847,#1921);
#1576=LINE('',#3849,#1922);
#1577=LINE('',#3851,#1923);
#1578=LINE('',#3853,#1924);
#1579=LINE('',#3855,#1925);
#1580=LINE('',#3857,#1926);
#1581=LINE('',#3859,#1927);
#1582=LINE('',#3861,#1928);
#1583=LINE('',#3863,#1929);
#1584=LINE('',#3865,#1930);
#1585=LINE('',#3867,#1931);
#1586=LINE('',#3869,#1932);
#1587=LINE('',#3871,#1933);
#1588=LINE('',#3873,#1934);
#1589=LINE('',#3875,#1935);
#1590=LINE('',#3878,#1936);
#1591=LINE('',#3880,#1937);
#1592=LINE('',#3882,#1938);
#1593=LINE('',#3884,#1939);
#1594=LINE('',#3886,#1940);
#1595=LINE('',#3889,#1941);
#1596=LINE('',#3890,#1942);
#1597=LINE('',#3892,#1943);
#1598=LINE('',#3894,#1944);
#1599=LINE('',#3916,#1945);
#1600=LINE('',#3917,#1946);
#1601=LINE('',#3919,#1947);
#1602=LINE('',#3921,#1948);
#1603=LINE('',#3923,#1949);
#1604=LINE('',#3925,#1950);
#1605=LINE('',#3927,#1951);
#1606=LINE('',#3929,#1952);
#1607=LINE('',#3954,#1953);
#1608=LINE('',#3958,#1954);
#1609=LINE('',#3959,#1955);
#1610=LINE('',#3961,#1956);
#1611=LINE('',#3963,#1957);
#1612=LINE('',#3965,#1958);
#1613=LINE('',#3967,#1959);
#1614=LINE('',#3969,#1960);
#1615=LINE('',#3971,#1961);
#1616=LINE('',#3974,#1962);
#1617=LINE('',#3975,#1963);
#1618=LINE('',#3977,#1964);
#1619=LINE('',#3979,#1965);
#1620=LINE('',#4021,#1966);
#1621=LINE('',#4022,#1967);
#1622=LINE('',#4024,#1968);
#1623=LINE('',#4026,#1969);
#1624=LINE('',#4028,#1970);
#1625=LINE('',#4030,#1971);
#1626=LINE('',#4032,#1972);
#1627=LINE('',#4034,#1973);
#1628=LINE('',#4036,#1974);
#1629=LINE('',#4038,#1975);
#1630=LINE('',#4040,#1976);
#1631=LINE('',#4042,#1977);
#1632=LINE('',#4045,#1978);
#1633=LINE('',#4046,#1979);
#1634=LINE('',#4048,#1980);
#1635=LINE('',#4050,#1981);
#1636=LINE('',#4052,#1982);
#1637=LINE('',#4054,#1983);
#1638=LINE('',#4056,#1984);
#1639=LINE('',#4058,#1985);
#1640=LINE('',#4060,#1986);
#1641=LINE('',#4062,#1987);
#1642=LINE('',#4064,#1988);
#1643=LINE('',#4066,#1989);
#1644=LINE('',#4069,#1990);
#1645=LINE('',#4070,#1991);
#1646=LINE('',#4072,#1992);
#1647=LINE('',#4074,#1993);
#1648=LINE('',#4076,#1994);
#1649=LINE('',#4078,#1995);
#1650=LINE('',#4080,#1996);
#1651=LINE('',#4082,#1997);
#1652=LINE('',#4107,#1998);
#1653=LINE('',#4110,#1999);
#1654=LINE('',#4111,#2000);
#1655=LINE('',#4113,#2001);
#1656=LINE('',#4115,#2002);
#1657=LINE('',#4117,#2003);
#1658=LINE('',#4119,#2004);
#1659=LINE('',#4121,#2005);
#1660=LINE('',#4123,#2006);
#1661=LINE('',#4125,#2007);
#1662=LINE('',#4127,#2008);
#1663=LINE('',#4130,#2009);
#1664=LINE('',#4131,#2010);
#1665=LINE('',#4133,#2011);
#1666=LINE('',#4135,#2012);
#1667=LINE('',#4138,#2013);
#1668=LINE('',#4140,#2014);
#1669=LINE('',#4142,#2015);
#1670=LINE('',#4144,#2016);
#1671=LINE('',#4146,#2017);
#1672=LINE('',#4148,#2018);
#1673=LINE('',#4150,#2019);
#1674=LINE('',#4152,#2020);
#1675=LINE('',#4154,#2021);
#1676=LINE('',#4156,#2022);
#1677=LINE('',#4158,#2023);
#1678=LINE('',#4160,#2024);
#1679=LINE('',#4162,#2025);
#1680=LINE('',#4166,#2026);
#1681=LINE('',#4168,#2027);
#1682=LINE('',#4172,#2028);
#1683=LINE('',#4174,#2029);
#1684=LINE('',#4176,#2030);
#1685=LINE('',#4178,#2031);
#1686=LINE('',#4180,#2032);
#1687=LINE('',#4182,#2033);
#1688=LINE('',#4184,#2034);
#1689=LINE('',#4186,#2035);
#1690=VECTOR('',#2712,1.);
#1691=VECTOR('',#2713,1.);
#1692=VECTOR('',#2714,1.);
#1693=VECTOR('',#2715,1.);
#1694=VECTOR('',#2716,1.);
#1695=VECTOR('',#2717,1.);
#1696=VECTOR('',#2718,1.);
#1697=VECTOR('',#2719,1.);
#1698=VECTOR('',#2720,1.);
#1699=VECTOR('',#2721,1.);
#1700=VECTOR('',#2722,1.);
#1701=VECTOR('',#2723,1.);
#1702=VECTOR('',#2724,1.);
#1703=VECTOR('',#2725,1.);
#1704=VECTOR('',#2726,1.);
#1705=VECTOR('',#2727,1.);
#1706=VECTOR('',#2728,1.);
#1707=VECTOR('',#2729,1.);
#1708=VECTOR('',#2730,1.);
#1709=VECTOR('',#2731,1.);
#1710=VECTOR('',#2732,1.);
#1711=VECTOR('',#2733,1.);
#1712=VECTOR('',#2734,1.);
#1713=VECTOR('',#2735,1.);
#1714=VECTOR('',#2736,1.);
#1715=VECTOR('',#2737,1.);
#1716=VECTOR('',#2738,1.);
#1717=VECTOR('',#2739,1.);
#1718=VECTOR('',#2740,1.);
#1719=VECTOR('',#2741,1.);
#1720=VECTOR('',#2742,1.);
#1721=VECTOR('',#2743,1.);
#1722=VECTOR('',#2744,1.);
#1723=VECTOR('',#2745,1.);
#1724=VECTOR('',#2748,1.);
#1725=VECTOR('',#2749,1.);
#1726=VECTOR('',#2750,1.);
#1727=VECTOR('',#2751,1.);
#1728=VECTOR('',#2752,1.);
#1729=VECTOR('',#2753,1.);
#1730=VECTOR('',#2754,1.);
#1731=VECTOR('',#2755,1.);
#1732=VECTOR('',#2756,1.);
#1733=VECTOR('',#2757,1.);
#1734=VECTOR('',#2758,1.);
#1735=VECTOR('',#2759,1.);
#1736=VECTOR('',#2760,1.);
#1737=VECTOR('',#2761,1.);
#1738=VECTOR('',#2762,1.);
#1739=VECTOR('',#2763,1.);
#1740=VECTOR('',#2764,1.);
#1741=VECTOR('',#2765,1.);
#1742=VECTOR('',#2766,1.);
#1743=VECTOR('',#2767,1.);
#1744=VECTOR('',#2768,1.);
#1745=VECTOR('',#2769,1.);
#1746=VECTOR('',#2770,1.);
#1747=VECTOR('',#2771,1.);
#1748=VECTOR('',#2772,1.);
#1749=VECTOR('',#2773,1.);
#1750=VECTOR('',#2774,1.);
#1751=VECTOR('',#2775,1.);
#1752=VECTOR('',#2776,1.);
#1753=VECTOR('',#2777,1.);
#1754=VECTOR('',#2778,1.);
#1755=VECTOR('',#2779,1.);
#1756=VECTOR('',#2780,1.);
#1757=VECTOR('',#2781,1.);
#1758=VECTOR('',#2782,1.);
#1759=VECTOR('',#2783,1.);
#1760=VECTOR('',#2784,1.);
#1761=VECTOR('',#2785,1.);
#1762=VECTOR('',#2786,1.);
#1763=VECTOR('',#2787,1.);
#1764=VECTOR('',#2788,1.);
#1765=VECTOR('',#2789,1.);
#1766=VECTOR('',#2790,1.);
#1767=VECTOR('',#2791,1.);
#1768=VECTOR('',#2792,1.);
#1769=VECTOR('',#2793,1.);
#1770=VECTOR('',#2796,1.);
#1771=VECTOR('',#2797,1.);
#1772=VECTOR('',#2798,1.);
#1773=VECTOR('',#2799,1.);
#1774=VECTOR('',#2802,1.);
#1775=VECTOR('',#2803,1.);
#1776=VECTOR('',#2804,1.);
#1777=VECTOR('',#2805,1.);
#1778=VECTOR('',#2806,1.);
#1779=VECTOR('',#2809,1.);
#1780=VECTOR('',#2810,1.);
#1781=VECTOR('',#2813,1.);
#1782=VECTOR('',#2814,1.);
#1783=VECTOR('',#2815,1.);
#1784=VECTOR('',#2816,1.);
#1785=VECTOR('',#2817,1.);
#1786=VECTOR('',#2818,1.);
#1787=VECTOR('',#2819,1.);
#1788=VECTOR('',#2822,1.);
#1789=VECTOR('',#2823,1.);
#1790=VECTOR('',#2824,1.);
#1791=VECTOR('',#2825,1.);
#1792=VECTOR('',#2826,1.);
#1793=VECTOR('',#2827,1.);
#1794=VECTOR('',#2828,1.);
#1795=VECTOR('',#2829,1.);
#1796=VECTOR('',#2830,1.);
#1797=VECTOR('',#2831,1.);
#1798=VECTOR('',#2832,1.);
#1799=VECTOR('',#2833,1.);
#1800=VECTOR('',#2834,1.);
#1801=VECTOR('',#2835,1.);
#1802=VECTOR('',#2836,1.);
#1803=VECTOR('',#2837,1.);
#1804=VECTOR('',#2838,1.);
#1805=VECTOR('',#2839,1.);
#1806=VECTOR('',#2840,1.);
#1807=VECTOR('',#2841,1.);
#1808=VECTOR('',#2842,1.);
#1809=VECTOR('',#2843,1.);
#1810=VECTOR('',#2844,1.);
#1811=VECTOR('',#2845,1.);
#1812=VECTOR('',#2846,1.);
#1813=VECTOR('',#2847,1.);
#1814=VECTOR('',#2848,1.);
#1815=VECTOR('',#2849,1.);
#1816=VECTOR('',#2850,1.);
#1817=VECTOR('',#2851,1.);
#1818=VECTOR('',#2852,1.);
#1819=VECTOR('',#2853,1.);
#1820=VECTOR('',#2854,1.);
#1821=VECTOR('',#2855,1.);
#1822=VECTOR('',#2856,1.);
#1823=VECTOR('',#2857,1.);
#1824=VECTOR('',#2858,1.);
#1825=VECTOR('',#2859,1.);
#1826=VECTOR('',#2860,1.);
#1827=VECTOR('',#2861,1.);
#1828=VECTOR('',#2862,1.);
#1829=VECTOR('',#2863,1.);
#1830=VECTOR('',#2864,1.);
#1831=VECTOR('',#2865,1.);
#1832=VECTOR('',#2866,1.);
#1833=VECTOR('',#2867,1.);
#1834=VECTOR('',#2868,1.);
#1835=VECTOR('',#2869,1.);
#1836=VECTOR('',#2870,1.);
#1837=VECTOR('',#2871,1.);
#1838=VECTOR('',#2872,1.);
#1839=VECTOR('',#2873,1.);
#1840=VECTOR('',#2874,1.);
#1841=VECTOR('',#2875,1.);
#1842=VECTOR('',#2876,1.);
#1843=VECTOR('',#2877,1.);
#1844=VECTOR('',#2878,1.);
#1845=VECTOR('',#2879,1.);
#1846=VECTOR('',#2880,1.);
#1847=VECTOR('',#2881,1.);
#1848=VECTOR('',#2882,1.);
#1849=VECTOR('',#2883,1.);
#1850=VECTOR('',#2884,1.);
#1851=VECTOR('',#2885,1.);
#1852=VECTOR('',#2886,1.);
#1853=VECTOR('',#2887,1.);
#1854=VECTOR('',#2888,1.);
#1855=VECTOR('',#2889,1.);
#1856=VECTOR('',#2890,1.);
#1857=VECTOR('',#2891,1.);
#1858=VECTOR('',#2892,1.);
#1859=VECTOR('',#2893,1.);
#1860=VECTOR('',#2894,1.);
#1861=VECTOR('',#2895,1.);
#1862=VECTOR('',#2896,1.);
#1863=VECTOR('',#2897,1.);
#1864=VECTOR('',#2898,1.);
#1865=VECTOR('',#2899,1.);
#1866=VECTOR('',#2900,1.);
#1867=VECTOR('',#2901,1.);
#1868=VECTOR('',#2902,1.);
#1869=VECTOR('',#2903,1.);
#1870=VECTOR('',#2904,1.);
#1871=VECTOR('',#2905,1.);
#1872=VECTOR('',#2906,1.);
#1873=VECTOR('',#2907,1.);
#1874=VECTOR('',#2908,1.);
#1875=VECTOR('',#2909,1.);
#1876=VECTOR('',#2910,1.);
#1877=VECTOR('',#2911,1.);
#1878=VECTOR('',#2912,1.);
#1879=VECTOR('',#2913,1.);
#1880=VECTOR('',#2914,1.);
#1881=VECTOR('',#2915,1.);
#1882=VECTOR('',#2916,1.);
#1883=VECTOR('',#2917,1.);
#1884=VECTOR('',#2918,1.);
#1885=VECTOR('',#2921,1.);
#1886=VECTOR('',#2922,1.);
#1887=VECTOR('',#2923,1.);
#1888=VECTOR('',#2924,1.);
#1889=VECTOR('',#2925,1.);
#1890=VECTOR('',#2928,1.);
#1891=VECTOR('',#2929,1.);
#1892=VECTOR('',#2930,1.);
#1893=VECTOR('',#2931,1.);
#1894=VECTOR('',#2932,1.);
#1895=VECTOR('',#2933,1.);
#1896=VECTOR('',#2934,1.);
#1897=VECTOR('',#2935,1.);
#1898=VECTOR('',#2936,1.);
#1899=VECTOR('',#2937,1.);
#1900=VECTOR('',#2938,1.);
#1901=VECTOR('',#2939,1.);
#1902=VECTOR('',#2940,1.);
#1903=VECTOR('',#2943,1.);
#1904=VECTOR('',#2944,1.);
#1905=VECTOR('',#2945,1.);
#1906=VECTOR('',#2946,1.);
#1907=VECTOR('',#2949,1.);
#1908=VECTOR('',#2950,1.);
#1909=VECTOR('',#2953,1.);
#1910=VECTOR('',#2956,1.);
#1911=VECTOR('',#2961,1.);
#1912=VECTOR('',#2962,1.);
#1913=VECTOR('',#2963,1.);
#1914=VECTOR('',#2966,1.);
#1915=VECTOR('',#2967,1.);
#1916=VECTOR('',#2970,1.);
#1917=VECTOR('',#2973,1.);
#1918=VECTOR('',#2976,1.);
#1919=VECTOR('',#2977,1.);
#1920=VECTOR('',#2980,1.);
#1921=VECTOR('',#2983,1.);
#1922=VECTOR('',#2984,1.);
#1923=VECTOR('',#2987,1.);
#1924=VECTOR('',#2988,1.);
#1925=VECTOR('',#2991,1.);
#1926=VECTOR('',#2994,1.);
#1927=VECTOR('',#2995,1.);
#1928=VECTOR('',#2998,1.);
#1929=VECTOR('',#2999,1.);
#1930=VECTOR('',#3002,1.);
#1931=VECTOR('',#3005,1.);
#1932=VECTOR('',#3006,1.);
#1933=VECTOR('',#3009,1.);
#1934=VECTOR('',#3010,1.);
#1935=VECTOR('',#3013,1.);
#1936=VECTOR('',#3018,1.);
#1937=VECTOR('',#3019,1.);
#1938=VECTOR('',#3022,1.);
#1939=VECTOR('',#3023,1.);
#1940=VECTOR('',#3026,1.);
#1941=VECTOR('',#3031,1.);
#1942=VECTOR('',#3032,1.);
#1943=VECTOR('',#3035,1.);
#1944=VECTOR('',#3038,1.);
#1945=VECTOR('',#3041,1.);
#1946=VECTOR('',#3042,1.);
#1947=VECTOR('',#3045,1.);
#1948=VECTOR('',#3048,1.);
#1949=VECTOR('',#3051,1.);
#1950=VECTOR('',#3054,1.);
#1951=VECTOR('',#3057,1.);
#1952=VECTOR('',#3060,1.);
#1953=VECTOR('',#3061,1.);
#1954=VECTOR('',#3068,1.);
#1955=VECTOR('',#3069,1.);
#1956=VECTOR('',#3072,1.);
#1957=VECTOR('',#3075,1.);
#1958=VECTOR('',#3078,1.);
#1959=VECTOR('',#3081,1.);
#1960=VECTOR('',#3084,1.);
#1961=VECTOR('',#3087,1.);
#1962=VECTOR('',#3092,1.);
#1963=VECTOR('',#3093,1.);
#1964=VECTOR('',#3096,1.);
#1965=VECTOR('',#3099,1.);
#1966=VECTOR('',#3102,1.);
#1967=VECTOR('',#3103,1.);
#1968=VECTOR('',#3106,1.);
#1969=VECTOR('',#3109,1.);
#1970=VECTOR('',#3112,1.);
#1971=VECTOR('',#3115,1.);
#1972=VECTOR('',#3118,1.);
#1973=VECTOR('',#3121,1.);
#1974=VECTOR('',#3124,1.);
#1975=VECTOR('',#3127,1.);
#1976=VECTOR('',#3130,1.);
#1977=VECTOR('',#3133,1.);
#1978=VECTOR('',#3138,1.);
#1979=VECTOR('',#3139,1.);
#1980=VECTOR('',#3142,1.);
#1981=VECTOR('',#3145,1.);
#1982=VECTOR('',#3148,1.);
#1983=VECTOR('',#3151,1.);
#1984=VECTOR('',#3154,1.);
#1985=VECTOR('',#3157,1.);
#1986=VECTOR('',#3160,1.);
#1987=VECTOR('',#3163,1.);
#1988=VECTOR('',#3166,1.);
#1989=VECTOR('',#3169,1.);
#1990=VECTOR('',#3174,1.);
#1991=VECTOR('',#3175,1.);
#1992=VECTOR('',#3178,1.);
#1993=VECTOR('',#3181,1.);
#1994=VECTOR('',#3184,1.);
#1995=VECTOR('',#3187,1.);
#1996=VECTOR('',#3190,1.);
#1997=VECTOR('',#3193,1.);
#1998=VECTOR('',#3194,1.);
#1999=VECTOR('',#3199,1.);
#2000=VECTOR('',#3200,1.);
#2001=VECTOR('',#3203,1.);
#2002=VECTOR('',#3206,1.);
#2003=VECTOR('',#3209,1.);
#2004=VECTOR('',#3212,1.);
#2005=VECTOR('',#3215,1.);
#2006=VECTOR('',#3218,1.);
#2007=VECTOR('',#3221,1.);
#2008=VECTOR('',#3224,1.);
#2009=VECTOR('',#3229,1.);
#2010=VECTOR('',#3230,1.);
#2011=VECTOR('',#3233,1.);
#2012=VECTOR('',#3236,1.);
#2013=VECTOR('',#3241,1.);
#2014=VECTOR('',#3242,1.);
#2015=VECTOR('',#3243,1.);
#2016=VECTOR('',#3246,1.);
#2017=VECTOR('',#3247,1.);
#2018=VECTOR('',#3250,1.);
#2019=VECTOR('',#3251,1.);
#2020=VECTOR('',#3254,1.);
#2021=VECTOR('',#3255,1.);
#2022=VECTOR('',#3258,1.);
#2023=VECTOR('',#3259,1.);
#2024=VECTOR('',#3260,1.);
#2025=VECTOR('',#3263,1.);
#2026=VECTOR('',#3268,1.);
#2027=VECTOR('',#3271,1.);
#2028=VECTOR('',#3278,1.);
#2029=VECTOR('',#3279,1.);
#2030=VECTOR('',#3280,1.);
#2031=VECTOR('',#3283,1.);
#2032=VECTOR('',#3284,1.);
#2033=VECTOR('',#3287,1.);
#2034=VECTOR('',#3288,1.);
#2035=VECTOR('',#3291,1.);
#2036=EDGE_LOOP('',(#30,#31,#32,#33));
#2037=EDGE_LOOP('',(#34,#35,#36,#37,#38,#39,#40,#41,#42,#43));
#2038=EDGE_LOOP('',(#44,#45,#46,#47,#48,#49,#50,#51,#52,#53,#54,#55));
#2039=EDGE_LOOP('',(#56,#57,#58,#59,#60,#61,#62,#63));
#2040=EDGE_LOOP('',(#64));
#2041=EDGE_LOOP('',(#65,#66,#67,#68));
#2042=EDGE_LOOP('',(#69,#70,#71,#72));
#2043=EDGE_LOOP('',(#73,#74,#75,#76));
#2044=EDGE_LOOP('',(#77,#78,#79,#80,#81,#82,#83,#84,#85));
#2045=EDGE_LOOP('',(#86,#87,#88,#89));
#2046=EDGE_LOOP('',(#90,#91,#92,#93,#94,#95,#96,#97,#98,#99,#100,#101));
#2047=EDGE_LOOP('',(#102,#103,#104,#105,#106,#107,#108,#109,#110));
#2048=EDGE_LOOP('',(#111,#112,#113,#114));
#2049=EDGE_LOOP('',(#115));
#2050=EDGE_LOOP('',(#116,#117,#118,#119));
#2051=EDGE_LOOP('',(#120,#121,#122,#123,#124,#125));
#2052=EDGE_LOOP('',(#126,#127,#128,#129));
#2053=EDGE_LOOP('',(#130,#131,#132,#133));
#2054=EDGE_LOOP('',(#134,#135,#136,#137));
#2055=EDGE_LOOP('',(#138));
#2056=EDGE_LOOP('',(#139,#140,#141,#142,#143,#144,#145,#146));
#2057=EDGE_LOOP('',(#147,#148,#149,#150));
#2058=EDGE_LOOP('',(#151,#152,#153,#154));
#2059=EDGE_LOOP('',(#155,#156,#157,#158));
#2060=EDGE_LOOP('',(#159,#160,#161,#162));
#2061=EDGE_LOOP('',(#163,#164,#165,#166));
#2062=EDGE_LOOP('',(#167,#168,#169,#170));
#2063=EDGE_LOOP('',(#171,#172,#173,#174));
#2064=EDGE_LOOP('',(#175,#176,#177,#178,#179,#180,#181,#182,#183));
#2065=EDGE_LOOP('',(#184,#185,#186,#187,#188,#189,#190,#191));
#2066=EDGE_LOOP('',(#192,#193,#194,#195,#196,#197,#198,#199,#200,#201,#202,
#203));
#2067=EDGE_LOOP('',(#204,#205,#206,#207,#208,#209,#210,#211,#212,#213,#214,
#215));
#2068=EDGE_LOOP('',(#216,#217,#218,#219,#220,#221,#222,#223,#224));
#2069=EDGE_LOOP('',(#225,#226,#227,#228,#229,#230,#231,#232,#233,#234));
#2070=EDGE_LOOP('',(#235,#236,#237,#238));
#2071=EDGE_LOOP('',(#239,#240,#241,#242,#243,#244,#245,#246));
#2072=EDGE_LOOP('',(#247,#248,#249,#250,#251,#252,#253,#254,#255,#256,#257,
#258,#259,#260,#261,#262,#263,#264,#265,#266));
#2073=EDGE_LOOP('',(#267,#268,#269,#270,#271,#272,#273,#274));
#2074=EDGE_LOOP('',(#275,#276,#277,#278));
#2075=EDGE_LOOP('',(#279,#280,#281,#282));
#2076=EDGE_LOOP('',(#283,#284,#285,#286));
#2077=EDGE_LOOP('',(#287,#288,#289,#290));
#2078=EDGE_LOOP('',(#291,#292,#293,#294,#295,#296,#297,#298));
#2079=EDGE_LOOP('',(#299,#300,#301,#302));
#2080=EDGE_LOOP('',(#303,#304,#305,#306));
#2081=EDGE_LOOP('',(#307,#308,#309,#310));
#2082=EDGE_LOOP('',(#311,#312,#313,#314));
#2083=EDGE_LOOP('',(#315,#316,#317,#318));
#2084=EDGE_LOOP('',(#319,#320,#321,#322));
#2085=EDGE_LOOP('',(#323,#324,#325,#326));
#2086=EDGE_LOOP('',(#327,#328,#329,#330));
#2087=EDGE_LOOP('',(#331,#332,#333,#334));
#2088=EDGE_LOOP('',(#335,#336,#337,#338));
#2089=EDGE_LOOP('',(#339,#340,#341,#342));
#2090=EDGE_LOOP('',(#343,#344,#345,#346));
#2091=EDGE_LOOP('',(#347,#348,#349,#350));
#2092=EDGE_LOOP('',(#351,#352,#353,#354));
#2093=EDGE_LOOP('',(#355,#356,#357,#358,#359,#360,#361,#362,#363,#364,#365,
#366,#367,#368,#369,#370,#371,#372,#373,#374));
#2094=EDGE_LOOP('',(#375,#376,#377,#378));
#2095=EDGE_LOOP('',(#379,#380,#381,#382));
#2096=EDGE_LOOP('',(#383,#384,#385,#386));
#2097=EDGE_LOOP('',(#387,#388,#389,#390));
#2098=EDGE_LOOP('',(#391,#392,#393,#394));
#2099=EDGE_LOOP('',(#395,#396,#397,#398));
#2100=EDGE_LOOP('',(#399,#400,#401,#402));
#2101=EDGE_LOOP('',(#403,#404,#405,#406));
#2102=EDGE_LOOP('',(#407,#408,#409,#410));
#2103=EDGE_LOOP('',(#411,#412,#413,#414));
#2104=EDGE_LOOP('',(#415,#416,#417,#418));
#2105=EDGE_LOOP('',(#419,#420,#421,#422));
#2106=EDGE_LOOP('',(#423,#424,#425,#426));
#2107=EDGE_LOOP('',(#427,#428,#429,#430));
#2108=EDGE_LOOP('',(#431,#432,#433,#434));
#2109=EDGE_LOOP('',(#435,#436,#437,#438));
#2110=EDGE_LOOP('',(#439,#440,#441,#442));
#2111=EDGE_LOOP('',(#443));
#2112=EDGE_LOOP('',(#444));
#2113=EDGE_LOOP('',(#445,#446,#447,#448));
#2114=EDGE_LOOP('',(#449,#450,#451,#452));
#2115=EDGE_LOOP('',(#453,#454,#455,#456));
#2116=EDGE_LOOP('',(#457,#458,#459,#460));
#2117=EDGE_LOOP('',(#461,#462,#463,#464));
#2118=EDGE_LOOP('',(#465,#466,#467,#468));
#2119=EDGE_LOOP('',(#469,#470,#471,#472));
#2120=EDGE_LOOP('',(#473,#474,#475,#476));
#2121=EDGE_LOOP('',(#477,#478,#479,#480));
#2122=EDGE_LOOP('',(#481,#482,#483,#484));
#2123=EDGE_LOOP('',(#485,#486,#487,#488));
#2124=EDGE_LOOP('',(#489,#490,#491,#492));
#2125=EDGE_LOOP('',(#493,#494,#495,#496));
#2126=EDGE_LOOP('',(#497,#498,#499,#500));
#2127=EDGE_LOOP('',(#501,#502,#503,#504));
#2128=EDGE_LOOP('',(#505,#506,#507,#508));
#2129=EDGE_LOOP('',(#509,#510,#511,#512));
#2130=EDGE_LOOP('',(#513,#514,#515,#516));
#2131=EDGE_LOOP('',(#517,#518,#519,#520));
#2132=EDGE_LOOP('',(#521,#522,#523,#524));
#2133=EDGE_LOOP('',(#525,#526,#527,#528));
#2134=EDGE_LOOP('',(#529,#530,#531,#532));
#2135=EDGE_LOOP('',(#533,#534,#535,#536));
#2136=EDGE_LOOP('',(#537,#538,#539,#540));
#2137=EDGE_LOOP('',(#541,#542,#543,#544));
#2138=EDGE_LOOP('',(#545,#546,#547,#548));
#2139=EDGE_LOOP('',(#549,#550,#551,#552));
#2140=EDGE_LOOP('',(#553,#554,#555,#556));
#2141=EDGE_LOOP('',(#557,#558,#559,#560));
#2142=EDGE_LOOP('',(#561,#562,#563,#564));
#2143=EDGE_LOOP('',(#565,#566,#567,#568));
#2144=EDGE_LOOP('',(#569,#570,#571,#572));
#2145=EDGE_LOOP('',(#573,#574,#575,#576));
#2146=EDGE_LOOP('',(#577,#578,#579,#580));
#2147=EDGE_LOOP('',(#581,#582,#583,#584));
#2148=EDGE_LOOP('',(#585,#586,#587,#588));
#2149=EDGE_LOOP('',(#589,#590,#591,#592));
#2150=EDGE_LOOP('',(#593,#594,#595,#596));
#2151=EDGE_LOOP('',(#597,#598,#599,#600));
#2152=EDGE_LOOP('',(#601,#602,#603,#604));
#2153=EDGE_LOOP('',(#605,#606,#607,#608));
#2154=EDGE_LOOP('',(#609,#610,#611,#612));
#2155=EDGE_LOOP('',(#613,#614,#615,#616));
#2156=EDGE_LOOP('',(#617,#618,#619,#620));
#2157=EDGE_LOOP('',(#621,#622,#623,#624));
#2158=EDGE_LOOP('',(#625,#626,#627,#628));
#2159=EDGE_LOOP('',(#629,#630,#631,#632));
#2160=EDGE_LOOP('',(#633,#634,#635,#636));
#2161=EDGE_LOOP('',(#637,#638,#639,#640));
#2162=EDGE_LOOP('',(#641,#642,#643,#644));
#2163=EDGE_LOOP('',(#645,#646,#647,#648));
#2164=EDGE_LOOP('',(#649,#650,#651,#652));
#2165=EDGE_LOOP('',(#653,#654,#655,#656));
#2166=EDGE_LOOP('',(#657,#658,#659,#660));
#2167=EDGE_LOOP('',(#661,#662,#663,#664));
#2168=EDGE_LOOP('',(#665,#666,#667,#668));
#2169=EDGE_LOOP('',(#669,#670,#671,#672));
#2170=EDGE_LOOP('',(#673,#674,#675,#676));
#2171=EDGE_LOOP('',(#677,#678,#679,#680));
#2172=EDGE_LOOP('',(#681,#682,#683,#684));
#2173=EDGE_LOOP('',(#685,#686,#687,#688));
#2174=EDGE_LOOP('',(#689,#690,#691,#692));
#2175=EDGE_LOOP('',(#693,#694,#695,#696));
#2176=EDGE_LOOP('',(#697,#698,#699,#700,#701,#702));
#2177=EDGE_LOOP('',(#703,#704,#705,#706));
#2178=EDGE_LOOP('',(#707));
#2179=EDGE_LOOP('',(#708,#709,#710,#711));
#2180=EDGE_LOOP('',(#712,#713,#714,#715));
#2181=EDGE_LOOP('',(#716,#717,#718,#719));
#2182=EDGE_LOOP('',(#720,#721,#722,#723));
#2183=EDGE_LOOP('',(#724));
#2184=EDGE_LOOP('',(#725));
#2185=EDGE_LOOP('',(#726,#727,#728,#729));
#2186=EDGE_LOOP('',(#730,#731,#732,#733));
#2187=EDGE_LOOP('',(#734,#735,#736,#737));
#2188=EDGE_LOOP('',(#738,#739,#740,#741));
#2189=EDGE_LOOP('',(#742,#743,#744,#745));
#2190=FACE_BOUND('',#2036,.T.);
#2191=FACE_BOUND('',#2037,.T.);
#2192=FACE_BOUND('',#2038,.T.);
#2193=FACE_BOUND('',#2039,.T.);
#2194=FACE_BOUND('',#2040,.T.);
#2195=FACE_BOUND('',#2041,.T.);
#2196=FACE_BOUND('',#2042,.T.);
#2197=FACE_BOUND('',#2043,.T.);
#2198=FACE_BOUND('',#2044,.T.);
#2199=FACE_BOUND('',#2045,.T.);
#2200=FACE_BOUND('',#2046,.T.);
#2201=FACE_BOUND('',#2047,.T.);
#2202=FACE_BOUND('',#2048,.T.);
#2203=FACE_BOUND('',#2049,.T.);
#2204=FACE_BOUND('',#2050,.T.);
#2205=FACE_BOUND('',#2051,.T.);
#2206=FACE_BOUND('',#2052,.T.);
#2207=FACE_BOUND('',#2053,.T.);
#2208=FACE_BOUND('',#2054,.T.);
#2209=FACE_BOUND('',#2055,.T.);
#2210=FACE_BOUND('',#2056,.T.);
#2211=FACE_BOUND('',#2057,.T.);
#2212=FACE_BOUND('',#2058,.T.);
#2213=FACE_BOUND('',#2059,.T.);
#2214=FACE_BOUND('',#2060,.T.);
#2215=FACE_BOUND('',#2061,.T.);
#2216=FACE_BOUND('',#2062,.T.);
#2217=FACE_BOUND('',#2063,.T.);
#2218=FACE_BOUND('',#2064,.T.);
#2219=FACE_BOUND('',#2065,.T.);
#2220=FACE_BOUND('',#2066,.T.);
#2221=FACE_BOUND('',#2067,.T.);
#2222=FACE_BOUND('',#2068,.T.);
#2223=FACE_BOUND('',#2069,.T.);
#2224=FACE_BOUND('',#2070,.T.);
#2225=FACE_BOUND('',#2071,.T.);
#2226=FACE_BOUND('',#2072,.T.);
#2227=FACE_BOUND('',#2073,.T.);
#2228=FACE_BOUND('',#2074,.T.);
#2229=FACE_BOUND('',#2075,.T.);
#2230=FACE_BOUND('',#2076,.T.);
#2231=FACE_BOUND('',#2077,.T.);
#2232=FACE_BOUND('',#2078,.T.);
#2233=FACE_BOUND('',#2079,.T.);
#2234=FACE_BOUND('',#2080,.T.);
#2235=FACE_BOUND('',#2081,.T.);
#2236=FACE_BOUND('',#2082,.T.);
#2237=FACE_BOUND('',#2083,.T.);
#2238=FACE_BOUND('',#2084,.T.);
#2239=FACE_BOUND('',#2085,.T.);
#2240=FACE_BOUND('',#2086,.T.);
#2241=FACE_BOUND('',#2087,.T.);
#2242=FACE_BOUND('',#2088,.T.);
#2243=FACE_BOUND('',#2089,.T.);
#2244=FACE_BOUND('',#2090,.T.);
#2245=FACE_BOUND('',#2091,.T.);
#2246=FACE_BOUND('',#2092,.T.);
#2247=FACE_BOUND('',#2093,.T.);
#2248=FACE_BOUND('',#2094,.T.);
#2249=FACE_BOUND('',#2095,.T.);
#2250=FACE_BOUND('',#2096,.T.);
#2251=FACE_BOUND('',#2097,.T.);
#2252=FACE_BOUND('',#2098,.T.);
#2253=FACE_BOUND('',#2099,.T.);
#2254=FACE_BOUND('',#2100,.T.);
#2255=FACE_BOUND('',#2101,.T.);
#2256=FACE_BOUND('',#2102,.T.);
#2257=FACE_BOUND('',#2103,.T.);
#2258=FACE_BOUND('',#2104,.T.);
#2259=FACE_BOUND('',#2105,.T.);
#2260=FACE_BOUND('',#2106,.T.);
#2261=FACE_BOUND('',#2107,.T.);
#2262=FACE_BOUND('',#2108,.T.);
#2263=FACE_BOUND('',#2109,.T.);
#2264=FACE_BOUND('',#2110,.T.);
#2265=FACE_BOUND('',#2111,.T.);
#2266=FACE_BOUND('',#2112,.T.);
#2267=FACE_BOUND('',#2113,.T.);
#2268=FACE_BOUND('',#2114,.T.);
#2269=FACE_BOUND('',#2115,.T.);
#2270=FACE_BOUND('',#2116,.T.);
#2271=FACE_BOUND('',#2117,.T.);
#2272=FACE_BOUND('',#2118,.T.);
#2273=FACE_BOUND('',#2119,.T.);
#2274=FACE_BOUND('',#2120,.T.);
#2275=FACE_BOUND('',#2121,.T.);
#2276=FACE_BOUND('',#2122,.T.);
#2277=FACE_BOUND('',#2123,.T.);
#2278=FACE_BOUND('',#2124,.T.);
#2279=FACE_BOUND('',#2125,.T.);
#2280=FACE_BOUND('',#2126,.T.);
#2281=FACE_BOUND('',#2127,.T.);
#2282=FACE_BOUND('',#2128,.T.);
#2283=FACE_BOUND('',#2129,.T.);
#2284=FACE_BOUND('',#2130,.T.);
#2285=FACE_BOUND('',#2131,.T.);
#2286=FACE_BOUND('',#2132,.T.);
#2287=FACE_BOUND('',#2133,.T.);
#2288=FACE_BOUND('',#2134,.T.);
#2289=FACE_BOUND('',#2135,.T.);
#2290=FACE_BOUND('',#2136,.T.);
#2291=FACE_BOUND('',#2137,.T.);
#2292=FACE_BOUND('',#2138,.T.);
#2293=FACE_BOUND('',#2139,.T.);
#2294=FACE_BOUND('',#2140,.T.);
#2295=FACE_BOUND('',#2141,.T.);
#2296=FACE_BOUND('',#2142,.T.);
#2297=FACE_BOUND('',#2143,.T.);
#2298=FACE_BOUND('',#2144,.T.);
#2299=FACE_BOUND('',#2145,.T.);
#2300=FACE_BOUND('',#2146,.T.);
#2301=FACE_BOUND('',#2147,.T.);
#2302=FACE_BOUND('',#2148,.T.);
#2303=FACE_BOUND('',#2149,.T.);
#2304=FACE_BOUND('',#2150,.T.);
#2305=FACE_BOUND('',#2151,.T.);
#2306=FACE_BOUND('',#2152,.T.);
#2307=FACE_BOUND('',#2153,.T.);
#2308=FACE_BOUND('',#2154,.T.);
#2309=FACE_BOUND('',#2155,.T.);
#2310=FACE_BOUND('',#2156,.T.);
#2311=FACE_BOUND('',#2157,.T.);
#2312=FACE_BOUND('',#2158,.T.);
#2313=FACE_BOUND('',#2159,.T.);
#2314=FACE_BOUND('',#2160,.T.);
#2315=FACE_BOUND('',#2161,.T.);
#2316=FACE_BOUND('',#2162,.T.);
#2317=FACE_BOUND('',#2163,.T.);
#2318=FACE_BOUND('',#2164,.T.);
#2319=FACE_BOUND('',#2165,.T.);
#2320=FACE_BOUND('',#2166,.T.);
#2321=FACE_BOUND('',#2167,.T.);
#2322=FACE_BOUND('',#2168,.T.);
#2323=FACE_BOUND('',#2169,.T.);
#2324=FACE_BOUND('',#2170,.T.);
#2325=FACE_BOUND('',#2171,.T.);
#2326=FACE_BOUND('',#2172,.T.);
#2327=FACE_BOUND('',#2173,.T.);
#2328=FACE_BOUND('',#2174,.T.);
#2329=FACE_BOUND('',#2175,.T.);
#2330=FACE_BOUND('',#2176,.T.);
#2331=FACE_BOUND('',#2177,.T.);
#2332=FACE_BOUND('',#2178,.T.);
#2333=FACE_BOUND('',#2179,.T.);
#2334=FACE_BOUND('',#2180,.T.);
#2335=FACE_BOUND('',#2181,.T.);
#2336=FACE_BOUND('',#2182,.T.);
#2337=FACE_BOUND('',#2183,.T.);
#2338=FACE_BOUND('',#2184,.T.);
#2339=FACE_BOUND('',#2185,.T.);
#2340=FACE_BOUND('',#2186,.T.);
#2341=FACE_BOUND('',#2187,.T.);
#2342=FACE_BOUND('',#2188,.T.);
#2343=FACE_BOUND('',#2189,.T.);
#2344=PLANE('',#2589);
#2345=PLANE('',#2592);
#2346=PLANE('',#2593);
#2347=PLANE('',#2594);
#2348=PLANE('',#2596);
#2349=PLANE('',#2597);
#2350=PLANE('',#2598);
#2351=PLANE('',#2599);
#2352=PLANE('',#2600);
#2353=PLANE('',#2601);
#2354=PLANE('',#2602);
#2355=PLANE('',#2603);
#2356=PLANE('',#2604);
#2357=PLANE('',#2605);
#2358=PLANE('',#2606);
#2359=PLANE('',#2607);
#2360=PLANE('',#2608);
#2361=PLANE('',#2609);
#2362=PLANE('',#2610);
#2363=PLANE('',#2611);
#2364=PLANE('',#2612);
#2365=PLANE('',#2613);
#2366=PLANE('',#2614);
#2367=PLANE('',#2615);
#2368=PLANE('',#2616);
#2369=PLANE('',#2617);
#2370=PLANE('',#2618);
#2371=PLANE('',#2619);
#2372=PLANE('',#2620);
#2373=PLANE('',#2621);
#2374=PLANE('',#2622);
#2375=PLANE('',#2623);
#2376=PLANE('',#2624);
#2377=PLANE('',#2625);
#2378=PLANE('',#2626);
#2379=PLANE('',#2627);
#2380=PLANE('',#2628);
#2381=PLANE('',#2629);
#2382=PLANE('',#2630);
#2383=PLANE('',#2631);
#2384=PLANE('',#2632);
#2385=PLANE('',#2633);
#2386=PLANE('',#2635);
#2387=PLANE('',#2636);
#2388=PLANE('',#2637);
#2389=PLANE('',#2638);
#2390=PLANE('',#2639);
#2391=PLANE('',#2640);
#2392=PLANE('',#2641);
#2393=PLANE('',#2642);
#2394=PLANE('',#2643);
#2395=PLANE('',#2644);
#2396=PLANE('',#2645);
#2397=PLANE('',#2646);
#2398=PLANE('',#2647);
#2399=PLANE('',#2648);
#2400=PLANE('',#2649);
#2401=PLANE('',#2650);
#2402=PLANE('',#2651);
#2403=PLANE('',#2652);
#2404=PLANE('',#2653);
#2405=PLANE('',#2654);
#2406=PLANE('',#2655);
#2407=PLANE('',#2656);
#2408=PLANE('',#2657);
#2409=PLANE('',#2658);
#2410=PLANE('',#2659);
#2411=PLANE('',#2660);
#2412=PLANE('',#2661);
#2413=PLANE('',#2662);
#2414=PLANE('',#2663);
#2415=PLANE('',#2664);
#2416=PLANE('',#2665);
#2417=PLANE('',#2666);
#2418=PLANE('',#2667);
#2419=PLANE('',#2668);
#2420=PLANE('',#2669);
#2421=PLANE('',#2670);
#2422=PLANE('',#2671);
#2423=PLANE('',#2672);
#2424=PLANE('',#2673);
#2425=PLANE('',#2674);
#2426=PLANE('',#2675);
#2427=PLANE('',#2676);
#2428=PLANE('',#2677);
#2429=PLANE('',#2678);
#2430=PLANE('',#2679);
#2431=PLANE('',#2680);
#2432=PLANE('',#2681);
#2433=PLANE('',#2682);
#2434=PLANE('',#2683);
#2435=PLANE('',#2684);
#2436=PLANE('',#2685);
#2437=PLANE('',#2686);
#2438=PLANE('',#2687);
#2439=PLANE('',#2688);
#2440=PLANE('',#2689);
#2441=PLANE('',#2690);
#2442=PLANE('',#2691);
#2443=PLANE('',#2692);
#2444=PLANE('',#2693);
#2445=PLANE('',#2694);
#2446=PLANE('',#2695);
#2447=PLANE('',#2696);
#2448=PLANE('',#2697);
#2449=PLANE('',#2698);
#2450=PLANE('',#2700);
#2451=PLANE('',#2701);
#2452=PLANE('',#2703);
#2453=PLANE('',#2704);
#2454=PLANE('',#2705);
#2455=PLANE('',#2706);
#2456=PLANE('',#2707);
#2457=ADVANCED_FACE('',(#2190,#2191,#2192,#2193,#2194,#2195,#2196,#2197,
#2198,#2199,#2200,#2201,#2202,#2203,#2204),#2344,.F.);
#2458=ADVANCED_FACE('',(#2205),#2345,.F.);
#2459=ADVANCED_FACE('',(#2206),#2346,.F.);
#2460=ADVANCED_FACE('',(#2207,#2208,#2209,#2210,#2211,#2212,#2213,#2214,
#2215,#2216,#2217,#2218,#2219,#2220,#2221,#2222,#2223,#2224),#2347,.T.);
#2461=ADVANCED_FACE('',(#2225),#2348,.F.);
#2462=ADVANCED_FACE('',(#2226),#2349,.F.);
#2463=ADVANCED_FACE('',(#2227),#2350,.T.);
#2464=ADVANCED_FACE('',(#2228),#2351,.F.);
#2465=ADVANCED_FACE('',(#2229),#2352,.F.);
#2466=ADVANCED_FACE('',(#2230),#2353,.T.);
#2467=ADVANCED_FACE('',(#2231),#2354,.T.);
#2468=ADVANCED_FACE('',(#2232),#2355,.T.);
#2469=ADVANCED_FACE('',(#2233),#2356,.T.);
#2470=ADVANCED_FACE('',(#2234),#2357,.T.);
#2471=ADVANCED_FACE('',(#2235),#2358,.F.);
#2472=ADVANCED_FACE('',(#2236),#2359,.T.);
#2473=ADVANCED_FACE('',(#2237),#2360,.T.);
#2474=ADVANCED_FACE('',(#2238),#2361,.T.);
#2475=ADVANCED_FACE('',(#2239),#2362,.T.);
#2476=ADVANCED_FACE('',(#2240),#2363,.T.);
#2477=ADVANCED_FACE('',(#2241),#2364,.T.);
#2478=ADVANCED_FACE('',(#2242),#2365,.T.);
#2479=ADVANCED_FACE('',(#2243),#2366,.T.);
#2480=ADVANCED_FACE('',(#2244),#2367,.T.);
#2481=ADVANCED_FACE('',(#2245),#2368,.T.);
#2482=ADVANCED_FACE('',(#2246),#2369,.T.);
#2483=ADVANCED_FACE('',(#2247),#2370,.F.);
#2484=ADVANCED_FACE('',(#2248),#2371,.T.);
#2485=ADVANCED_FACE('',(#2249),#2372,.T.);
#2486=ADVANCED_FACE('',(#2250),#2373,.T.);
#2487=ADVANCED_FACE('',(#2251),#2374,.F.);
#2488=ADVANCED_FACE('',(#2252),#2375,.T.);
#2489=ADVANCED_FACE('',(#2253),#2376,.F.);
#2490=ADVANCED_FACE('',(#2254),#2377,.F.);
#2491=ADVANCED_FACE('',(#2255),#14,.T.);
#2492=ADVANCED_FACE('',(#2256),#2378,.T.);
#2493=ADVANCED_FACE('',(#2257),#2379,.T.);
#2494=ADVANCED_FACE('',(#2258),#2380,.T.);
#2495=ADVANCED_FACE('',(#2259),#2381,.T.);
#2496=ADVANCED_FACE('',(#2260),#2382,.T.);
#2497=ADVANCED_FACE('',(#2261),#2383,.T.);
#2498=ADVANCED_FACE('',(#2262),#2384,.T.);
#2499=ADVANCED_FACE('',(#2263),#15,.T.);
#2500=ADVANCED_FACE('',(#2264),#2385,.T.);
#2501=ADVANCED_FACE('',(#2265,#2266),#12,.F.);
#2502=ADVANCED_FACE('',(#2267),#2386,.T.);
#2503=ADVANCED_FACE('',(#2268),#2387,.T.);
#2504=ADVANCED_FACE('',(#2269),#2388,.T.);
#2505=ADVANCED_FACE('',(#2270),#2389,.T.);
#2506=ADVANCED_FACE('',(#2271),#2390,.T.);
#2507=ADVANCED_FACE('',(#2272),#2391,.T.);
#2508=ADVANCED_FACE('',(#2273),#2392,.T.);
#2509=ADVANCED_FACE('',(#2274),#2393,.T.);
#2510=ADVANCED_FACE('',(#2275),#2394,.F.);
#2511=ADVANCED_FACE('',(#2276),#2395,.F.);
#2512=ADVANCED_FACE('',(#2277),#2396,.F.);
#2513=ADVANCED_FACE('',(#2278),#16,.F.);
#2514=ADVANCED_FACE('',(#2279),#2397,.T.);
#2515=ADVANCED_FACE('',(#2280),#2398,.T.);
#2516=ADVANCED_FACE('',(#2281),#2399,.T.);
#2517=ADVANCED_FACE('',(#2282),#2400,.T.);
#2518=ADVANCED_FACE('',(#2283),#2401,.T.);
#2519=ADVANCED_FACE('',(#2284),#2402,.T.);
#2520=ADVANCED_FACE('',(#2285),#2403,.T.);
#2521=ADVANCED_FACE('',(#2286),#2404,.T.);
#2522=ADVANCED_FACE('',(#2287),#2405,.T.);
#2523=ADVANCED_FACE('',(#2288),#2406,.T.);
#2524=ADVANCED_FACE('',(#2289),#2407,.T.);
#2525=ADVANCED_FACE('',(#2290),#2408,.T.);
#2526=ADVANCED_FACE('',(#2291),#2409,.T.);
#2527=ADVANCED_FACE('',(#2292),#2410,.T.);
#2528=ADVANCED_FACE('',(#2293),#2411,.T.);
#2529=ADVANCED_FACE('',(#2294),#2412,.T.);
#2530=ADVANCED_FACE('',(#2295),#2413,.T.);
#2531=ADVANCED_FACE('',(#2296),#2414,.T.);
#2532=ADVANCED_FACE('',(#2297),#2415,.T.);
#2533=ADVANCED_FACE('',(#2298),#2416,.T.);
#2534=ADVANCED_FACE('',(#2299),#2417,.T.);
#2535=ADVANCED_FACE('',(#2300),#2418,.T.);
#2536=ADVANCED_FACE('',(#2301),#2419,.T.);
#2537=ADVANCED_FACE('',(#2302),#2420,.T.);
#2538=ADVANCED_FACE('',(#2303),#2421,.T.);
#2539=ADVANCED_FACE('',(#2304),#2422,.T.);
#2540=ADVANCED_FACE('',(#2305),#2423,.T.);
#2541=ADVANCED_FACE('',(#2306),#2424,.T.);
#2542=ADVANCED_FACE('',(#2307),#2425,.T.);
#2543=ADVANCED_FACE('',(#2308),#2426,.T.);
#2544=ADVANCED_FACE('',(#2309),#2427,.T.);
#2545=ADVANCED_FACE('',(#2310),#17,.T.);
#2546=ADVANCED_FACE('',(#2311),#2428,.T.);
#2547=ADVANCED_FACE('',(#2312),#2429,.T.);
#2548=ADVANCED_FACE('',(#2313),#2430,.T.);
#2549=ADVANCED_FACE('',(#2314),#2431,.T.);
#2550=ADVANCED_FACE('',(#2315),#2432,.T.);
#2551=ADVANCED_FACE('',(#2316),#2433,.T.);
#2552=ADVANCED_FACE('',(#2317),#2434,.T.);
#2553=ADVANCED_FACE('',(#2318),#2435,.T.);
#2554=ADVANCED_FACE('',(#2319),#2436,.T.);
#2555=ADVANCED_FACE('',(#2320),#2437,.T.);
#2556=ADVANCED_FACE('',(#2321),#2438,.T.);
#2557=ADVANCED_FACE('',(#2322),#2439,.T.);
#2558=ADVANCED_FACE('',(#2323),#2440,.F.);
#2559=ADVANCED_FACE('',(#2324),#2441,.T.);
#2560=ADVANCED_FACE('',(#2325),#2442,.T.);
#2561=ADVANCED_FACE('',(#2326),#2443,.T.);
#2562=ADVANCED_FACE('',(#2327),#2444,.T.);
#2563=ADVANCED_FACE('',(#2328),#2445,.F.);
#2564=ADVANCED_FACE('',(#2329),#2446,.T.);
#2565=ADVANCED_FACE('',(#2330),#2447,.F.);
#2566=ADVANCED_FACE('',(#2331),#2448,.T.);
#2567=ADVANCED_FACE('',(#2332,#2333,#2334),#2449,.T.);
#2568=ADVANCED_FACE('',(#2335),#2450,.F.);
#2569=ADVANCED_FACE('',(#2336),#2451,.T.);
#2570=ADVANCED_FACE('',(#2337,#2338),#13,.F.);
#2571=ADVANCED_FACE('',(#2339),#2452,.T.);
#2572=ADVANCED_FACE('',(#2340),#2453,.F.);
#2573=ADVANCED_FACE('',(#2341),#2454,.F.);
#2574=ADVANCED_FACE('',(#2342),#2455,.T.);
#2575=ADVANCED_FACE('',(#2343),#2456,.T.);
#2576=CLOSED_SHELL('',(#2457,#2458,#2459,#2460,#2461,#2462,#2463,#2464,
#2465,#2466,#2467,#2468,#2469,#2470,#2471,#2472,#2473,#2474,#2475,#2476,
#2477,#2478,#2479,#2480,#2481,#2482,#2483,#2484,#2485,#2486,#2487,#2488,
#2489,#2490,#2491,#2492,#2493,#2494,#2495,#2496,#2497,#2498,#2499,#2500,
#2501,#2502,#2503,#2504,#2505,#2506,#2507,#2508,#2509,#2510,#2511,#2512,
#2513,#2514,#2515,#2516,#2517,#2518,#2519,#2520,#2521,#2522,#2523,#2524,
#2525,#2526,#2527,#2528,#2529,#2530,#2531,#2532,#2533,#2534,#2535,#2536,
#2537,#2538,#2539,#2540,#2541,#2542,#2543,#2544,#2545,#2546,#2547,#2548,
#2549,#2550,#2551,#2552,#2553,#2554,#2555,#2556,#2557,#2558,#2559,#2560,
#2561,#2562,#2563,#2564,#2565,#2566,#2567,#2568,#2569,#2570,#2571,#2572,
#2573,#2574,#2575));
#2577=STYLED_ITEM('',(#2578),#2585);
#2578=PRESENTATION_STYLE_ASSIGNMENT((#2579));
#2579=SURFACE_STYLE_USAGE(.BOTH.,#2580);
#2580=SURFACE_SIDE_STYLE('',(#2581));
#2581=SURFACE_STYLE_FILL_AREA(#2582);
#2582=FILL_AREA_STYLE('',(#2583));
#2583=FILL_AREA_STYLE_COLOUR('',#2584);
#2584=COLOUR_RGB('',0.498039215686275,0.498039215686275,0.498039215686275);
#2585=MANIFOLD_SOLID_BREP('TopCase',#2576);
#2586=SHAPE_DEFINITION_REPRESENTATION(#4194,#2587);
#2587=SHAPE_REPRESENTATION('TopCase',(#2588),#4189);
#2588=AXIS2_PLACEMENT_3D('',#3294,#2708,#2709);
#2589=AXIS2_PLACEMENT_3D('',#3295,#2710,#2711);
#2590=AXIS2_PLACEMENT_3D('',#3364,#2746,#2747);
#2591=AXIS2_PLACEMENT_3D('',#3502,#2794,#2795);
#2592=AXIS2_PLACEMENT_3D('',#3512,#2800,#2801);
#2593=AXIS2_PLACEMENT_3D('',#3522,#2807,#2808);
#2594=AXIS2_PLACEMENT_3D('',#3526,#2811,#2812);
#2595=AXIS2_PLACEMENT_3D('',#3556,#2820,#2821);
#2596=AXIS2_PLACEMENT_3D('',#3781,#2919,#2920);
#2597=AXIS2_PLACEMENT_3D('',#3789,#2926,#2927);
#2598=AXIS2_PLACEMENT_3D('',#3811,#2941,#2942);
#2599=AXIS2_PLACEMENT_3D('',#3818,#2947,#2948);
#2600=AXIS2_PLACEMENT_3D('',#3821,#2951,#2952);
#2601=AXIS2_PLACEMENT_3D('',#3823,#2954,#2955);
#2602=AXIS2_PLACEMENT_3D('',#3825,#2957,#2958);
#2603=AXIS2_PLACEMENT_3D('',#3826,#2959,#2960);
#2604=AXIS2_PLACEMENT_3D('',#3832,#2964,#2965);
#2605=AXIS2_PLACEMENT_3D('',#3836,#2968,#2969);
#2606=AXIS2_PLACEMENT_3D('',#3838,#2971,#2972);
#2607=AXIS2_PLACEMENT_3D('',#3840,#2974,#2975);
#2608=AXIS2_PLACEMENT_3D('',#3844,#2978,#2979);
#2609=AXIS2_PLACEMENT_3D('',#3846,#2981,#2982);
#2610=AXIS2_PLACEMENT_3D('',#3850,#2985,#2986);
#2611=AXIS2_PLACEMENT_3D('',#3854,#2989,#2990);
#2612=AXIS2_PLACEMENT_3D('',#3856,#2992,#2993);
#2613=AXIS2_PLACEMENT_3D('',#3860,#2996,#2997);
#2614=AXIS2_PLACEMENT_3D('',#3864,#3000,#3001);
#2615=AXIS2_PLACEMENT_3D('',#3866,#3003,#3004);
#2616=AXIS2_PLACEMENT_3D('',#3870,#3007,#3008);
#2617=AXIS2_PLACEMENT_3D('',#3874,#3011,#3012);
#2618=AXIS2_PLACEMENT_3D('',#3876,#3014,#3015);
#2619=AXIS2_PLACEMENT_3D('',#3877,#3016,#3017);
#2620=AXIS2_PLACEMENT_3D('',#3881,#3020,#3021);
#2621=AXIS2_PLACEMENT_3D('',#3885,#3024,#3025);
#2622=AXIS2_PLACEMENT_3D('',#3887,#3027,#3028);
#2623=AXIS2_PLACEMENT_3D('',#3888,#3029,#3030);
#2624=AXIS2_PLACEMENT_3D('',#3891,#3033,#3034);
#2625=AXIS2_PLACEMENT_3D('',#3893,#3036,#3037);
#2626=AXIS2_PLACEMENT_3D('',#3915,#3039,#3040);
#2627=AXIS2_PLACEMENT_3D('',#3918,#3043,#3044);
#2628=AXIS2_PLACEMENT_3D('',#3920,#3046,#3047);
#2629=AXIS2_PLACEMENT_3D('',#3922,#3049,#3050);
#2630=AXIS2_PLACEMENT_3D('',#3924,#3052,#3053);
#2631=AXIS2_PLACEMENT_3D('',#3926,#3055,#3056);
#2632=AXIS2_PLACEMENT_3D('',#3928,#3058,#3059);
#2633=AXIS2_PLACEMENT_3D('',#3955,#3062,#3063);
#2634=AXIS2_PLACEMENT_3D('',#3956,#3064,#3065);
#2635=AXIS2_PLACEMENT_3D('',#3957,#3066,#3067);
#2636=AXIS2_PLACEMENT_3D('',#3960,#3070,#3071);
#2637=AXIS2_PLACEMENT_3D('',#3962,#3073,#3074);
#2638=AXIS2_PLACEMENT_3D('',#3964,#3076,#3077);
#2639=AXIS2_PLACEMENT_3D('',#3966,#3079,#3080);
#2640=AXIS2_PLACEMENT_3D('',#3968,#3082,#3083);
#2641=AXIS2_PLACEMENT_3D('',#3970,#3085,#3086);
#2642=AXIS2_PLACEMENT_3D('',#3972,#3088,#3089);
#2643=AXIS2_PLACEMENT_3D('',#3973,#3090,#3091);
#2644=AXIS2_PLACEMENT_3D('',#3976,#3094,#3095);
#2645=AXIS2_PLACEMENT_3D('',#3978,#3097,#3098);
#2646=AXIS2_PLACEMENT_3D('',#4020,#3100,#3101);
#2647=AXIS2_PLACEMENT_3D('',#4023,#3104,#3105);
#2648=AXIS2_PLACEMENT_3D('',#4025,#3107,#3108);
#2649=AXIS2_PLACEMENT_3D('',#4027,#3110,#3111);
#2650=AXIS2_PLACEMENT_3D('',#4029,#3113,#3114);
#2651=AXIS2_PLACEMENT_3D('',#4031,#3116,#3117);
#2652=AXIS2_PLACEMENT_3D('',#4033,#3119,#3120);
#2653=AXIS2_PLACEMENT_3D('',#4035,#3122,#3123);
#2654=AXIS2_PLACEMENT_3D('',#4037,#3125,#3126);
#2655=AXIS2_PLACEMENT_3D('',#4039,#3128,#3129);
#2656=AXIS2_PLACEMENT_3D('',#4041,#3131,#3132);
#2657=AXIS2_PLACEMENT_3D('',#4043,#3134,#3135);
#2658=AXIS2_PLACEMENT_3D('',#4044,#3136,#3137);
#2659=AXIS2_PLACEMENT_3D('',#4047,#3140,#3141);
#2660=AXIS2_PLACEMENT_3D('',#4049,#3143,#3144);
#2661=AXIS2_PLACEMENT_3D('',#4051,#3146,#3147);
#2662=AXIS2_PLACEMENT_3D('',#4053,#3149,#3150);
#2663=AXIS2_PLACEMENT_3D('',#4055,#3152,#3153);
#2664=AXIS2_PLACEMENT_3D('',#4057,#3155,#3156);
#2665=AXIS2_PLACEMENT_3D('',#4059,#3158,#3159);
#2666=AXIS2_PLACEMENT_3D('',#4061,#3161,#3162);
#2667=AXIS2_PLACEMENT_3D('',#4063,#3164,#3165);
#2668=AXIS2_PLACEMENT_3D('',#4065,#3167,#3168);
#2669=AXIS2_PLACEMENT_3D('',#4067,#3170,#3171);
#2670=AXIS2_PLACEMENT_3D('',#4068,#3172,#3173);
#2671=AXIS2_PLACEMENT_3D('',#4071,#3176,#3177);
#2672=AXIS2_PLACEMENT_3D('',#4073,#3179,#3180);
#2673=AXIS2_PLACEMENT_3D('',#4075,#3182,#3183);
#2674=AXIS2_PLACEMENT_3D('',#4077,#3185,#3186);
#2675=AXIS2_PLACEMENT_3D('',#4079,#3188,#3189);
#2676=AXIS2_PLACEMENT_3D('',#4081,#3191,#3192);
#2677=AXIS2_PLACEMENT_3D('',#4108,#3195,#3196);
#2678=AXIS2_PLACEMENT_3D('',#4109,#3197,#3198);
#2679=AXIS2_PLACEMENT_3D('',#4112,#3201,#3202);
#2680=AXIS2_PLACEMENT_3D('',#4114,#3204,#3205);
#2681=AXIS2_PLACEMENT_3D('',#4116,#3207,#3208);
#2682=AXIS2_PLACEMENT_3D('',#4118,#3210,#3211);
#2683=AXIS2_PLACEMENT_3D('',#4120,#3213,#3214);
#2684=AXIS2_PLACEMENT_3D('',#4122,#3216,#3217);
#2685=AXIS2_PLACEMENT_3D('',#4124,#3219,#3220);
#2686=AXIS2_PLACEMENT_3D('',#4126,#3222,#3223);
#2687=AXIS2_PLACEMENT_3D('',#4128,#3225,#3226);
#2688=AXIS2_PLACEMENT_3D('',#4129,#3227,#3228);
#2689=AXIS2_PLACEMENT_3D('',#4132,#3231,#3232);
#2690=AXIS2_PLACEMENT_3D('',#4134,#3234,#3235);
#2691=AXIS2_PLACEMENT_3D('',#4136,#3237,#3238);
#2692=AXIS2_PLACEMENT_3D('',#4137,#3239,#3240);
#2693=AXIS2_PLACEMENT_3D('',#4143,#3244,#3245);
#2694=AXIS2_PLACEMENT_3D('',#4147,#3248,#3249);
#2695=AXIS2_PLACEMENT_3D('',#4151,#3252,#3253);
#2696=AXIS2_PLACEMENT_3D('',#4155,#3256,#3257);
#2697=AXIS2_PLACEMENT_3D('',#4161,#3261,#3262);
#2698=AXIS2_PLACEMENT_3D('',#4163,#3264,#3265);
#2699=AXIS2_PLACEMENT_3D('',#4164,#3266,#3267);
#2700=AXIS2_PLACEMENT_3D('',#4167,#3269,#3270);
#2701=AXIS2_PLACEMENT_3D('',#4169,#3272,#3273);
#2702=AXIS2_PLACEMENT_3D('',#4170,#3274,#3275);
#2703=AXIS2_PLACEMENT_3D('',#4171,#3276,#3277);
#2704=AXIS2_PLACEMENT_3D('',#4177,#3281,#3282);
#2705=AXIS2_PLACEMENT_3D('',#4181,#3285,#3286);
#2706=AXIS2_PLACEMENT_3D('',#4185,#3289,#3290);
#2707=AXIS2_PLACEMENT_3D('',#4187,#3292,#3293);
#2708=DIRECTION('',(0.,0.,1.));
#2709=DIRECTION('',(1.,0.,0.));
#2710=DIRECTION('',(0.,0.,1.));
#2711=DIRECTION('',(1.,0.,0.));
#2712=DIRECTION('',(-1.,-3.65204942310907E-16,0.));
#2713=DIRECTION('',(0.,1.,0.));
#2714=DIRECTION('',(1.,0.,0.));
#2715=DIRECTION('',(0.,1.,0.));
#2716=DIRECTION('',(0.,-1.,0.));
#2717=DIRECTION('',(1.,0.,0.));
#2718=DIRECTION('',(0.,1.,0.));
#2719=DIRECTION('',(1.,0.,0.));
#2720=DIRECTION('',(0.,1.,0.));
#2721=DIRECTION('',(-1.,0.,0.));
#2722=DIRECTION('',(0.,1.,0.));
#2723=DIRECTION('',(1.,0.,0.));
#2724=DIRECTION('',(0.,1.,0.));
#2725=DIRECTION('',(-1.,0.,0.));
#2726=DIRECTION('',(-1.,0.,0.));
#2727=DIRECTION('',(0.,-1.,0.));
#2728=DIRECTION('',(1.,0.,0.));
#2729=DIRECTION('',(0.,1.,0.));
#2730=DIRECTION('',(-1.,0.,0.));
#2731=DIRECTION('',(0.,1.,0.));
#2732=DIRECTION('',(1.,0.,0.));
#2733=DIRECTION('',(0.,1.,0.));
#2734=DIRECTION('',(-1.,0.,0.));
#2735=DIRECTION('',(0.,1.,0.));
#2736=DIRECTION('',(1.,0.,0.));
#2737=DIRECTION('',(0.,1.,0.));
#2738=DIRECTION('',(-1.,0.,0.));
#2739=DIRECTION('',(-0.288986800823461,-0.957333081508114,0.));
#2740=DIRECTION('',(0.999851872053843,0.0172114482373411,0.));
#2741=DIRECTION('',(0.252076821969815,0.967707226296052,0.));
#2742=DIRECTION('',(1.,0.,0.));
#2743=DIRECTION('',(0.331603976318197,-0.943418678472056,0.));
#2744=DIRECTION('',(0.999957064746353,0.00926653461965622,0.));
#2745=DIRECTION('',(-0.283106974885733,0.9590883383563,0.));
#2746=DIRECTION('',(0.,0.,1.));
#2747=DIRECTION('',(1.,0.,0.));
#2748=DIRECTION('',(-1.,0.,0.));
#2749=DIRECTION('',(0.,1.,0.));
#2750=DIRECTION('',(-1.,0.,0.));
#2751=DIRECTION('',(1.,2.64066365961744E-16,0.));
#2752=DIRECTION('',(-3.93713559865298E-16,-1.,0.));
#2753=DIRECTION('',(1.,2.64066365961744E-16,0.));
#2754=DIRECTION('',(-3.93713559865298E-16,-1.,0.));
#2755=DIRECTION('',(0.,1.,0.));
#2756=DIRECTION('',(1.,0.,0.));
#2757=DIRECTION('',(0.,1.,0.));
#2758=DIRECTION('',(-1.,-1.36592399683213E-16,0.));
#2759=DIRECTION('',(0.,-1.,0.));
#2760=DIRECTION('',(1.,0.,0.));
#2761=DIRECTION('',(0.,1.,0.));
#2762=DIRECTION('',(1.,0.,0.));
#2763=DIRECTION('',(0.497185066143664,-0.867644518223749,0.));
#2764=DIRECTION('',(1.,0.,0.));
#2765=DIRECTION('',(-0.524418519006531,0.851460637330345,0.));
#2766=DIRECTION('',(-1.,0.,0.));
#2767=DIRECTION('',(1.,0.,0.));
#2768=DIRECTION('',(0.,1.,0.));
#2769=DIRECTION('',(-1.,0.,0.));
#2770=DIRECTION('',(-1.,0.,0.));
#2771=DIRECTION('',(0.,-1.,0.));
#2772=DIRECTION('',(1.,0.,0.));
#2773=DIRECTION('',(0.,1.,0.));
#2774=DIRECTION('',(-1.,0.,0.));
#2775=DIRECTION('',(0.,1.,0.));
#2776=DIRECTION('',(1.,0.,0.));
#2777=DIRECTION('',(0.,1.,0.));
#2778=DIRECTION('',(-1.,0.,0.));
#2779=DIRECTION('',(0.,1.,0.));
#2780=DIRECTION('',(1.,0.,0.));
#2781=DIRECTION('',(0.,1.,0.));
#2782=DIRECTION('',(0.,-1.,0.));
#2783=DIRECTION('',(1.,0.,0.));
#2784=DIRECTION('',(0.,1.,0.));
#2785=DIRECTION('',(1.,0.,0.));
#2786=DIRECTION('',(0.497185066143664,-0.867644518223749,0.));
#2787=DIRECTION('',(1.,0.,0.));
#2788=DIRECTION('',(-0.524418519006533,0.851460637330344,0.));
#2789=DIRECTION('',(-1.,0.,0.));
#2790=DIRECTION('',(-1.,0.,0.));
#2791=DIRECTION('',(0.,1.,0.));
#2792=DIRECTION('',(1.,0.,0.));
#2793=DIRECTION('',(0.,1.,0.));
#2794=DIRECTION('',(0.,0.,1.));
#2795=DIRECTION('',(1.,0.,0.));
#2796=DIRECTION('',(0.,-1.,0.));
#2797=DIRECTION('',(1.,0.,0.));
#2798=DIRECTION('',(0.,-1.,0.));
#2799=DIRECTION('',(1.,0.,0.));
#2800=DIRECTION('',(3.65204942310907E-16,-1.,0.));
#2801=DIRECTION('',(1.,3.65204942310907E-16,0.));
#2802=DIRECTION('',(-1.,0.,0.));
#2803=DIRECTION('',(0.,0.,-1.));
#2804=DIRECTION('',(-1.,-3.65204942310907E-16,0.));
#2805=DIRECTION('',(0.,0.,-1.));
#2806=DIRECTION('',(0.,0.,-1.));
#2807=DIRECTION('',(-1.,0.,0.));
#2808=DIRECTION('',(0.,0.,1.));
#2809=DIRECTION('',(0.,1.,0.));
#2810=DIRECTION('',(0.,0.,-1.));
#2811=DIRECTION('',(0.,0.,1.));
#2812=DIRECTION('',(1.,0.,0.));
#2813=DIRECTION('',(0.,1.,0.));
#2814=DIRECTION('',(1.,0.,0.));
#2815=DIRECTION('',(0.,1.,0.));
#2816=DIRECTION('',(-1.,0.,0.));
#2817=DIRECTION('',(1.,0.,0.));
#2818=DIRECTION('',(-1.,0.,0.));
#2819=DIRECTION('',(0.,1.,0.));
#2820=DIRECTION('',(0.,0.,1.));
#2821=DIRECTION('',(1.,0.,0.));
#2822=DIRECTION('',(-1.,-1.09332686897684E-16,0.));
#2823=DIRECTION('',(0.,1.,0.));
#2824=DIRECTION('',(1.,0.,0.));
#2825=DIRECTION('',(0.,-1.,0.));
#2826=DIRECTION('',(1.,0.,0.));
#2827=DIRECTION('',(0.,1.,0.));
#2828=DIRECTION('',(1.,0.,0.));
#2829=DIRECTION('',(0.,1.,0.));
#2830=DIRECTION('',(0.,1.,0.));
#2831=DIRECTION('',(-1.,0.,0.));
#2832=DIRECTION('',(0.,1.,0.));
#2833=DIRECTION('',(-1.,-1.36592399683213E-16,0.));
#2834=DIRECTION('',(0.,1.,0.));
#2835=DIRECTION('',(-1.,-1.36592399683213E-16,0.));
#2836=DIRECTION('',(3.65204942310907E-16,-1.,0.));
#2837=DIRECTION('',(-1.,-1.82123199577617E-16,0.));
#2838=DIRECTION('',(-3.65204942310907E-16,1.,0.));
#2839=DIRECTION('',(-1.,-1.36592399683213E-16,0.));
#2840=DIRECTION('',(7.30409884621813E-16,-1.,0.));
#2841=DIRECTION('',(-1.,-1.10746549099513E-16,0.));
#2842=DIRECTION('',(-7.30409884621814E-16,1.,0.));
#2843=DIRECTION('',(-1.,-1.36592399683213E-16,0.));
#2844=DIRECTION('',(1.46081976924362E-15,-1.,0.));
#2845=DIRECTION('',(-1.,-1.82123199577617E-16,0.));
#2846=DIRECTION('',(1.,2.64066365961744E-16,0.));
#2847=DIRECTION('',(-3.93713559865298E-16,-1.,0.));
#2848=DIRECTION('',(1.,2.64066365961744E-16,0.));
#2849=DIRECTION('',(-3.93713559865298E-16,-1.,0.));
#2850=DIRECTION('',(-1.,0.,0.));
#2851=DIRECTION('',(0.,1.,0.));
#2852=DIRECTION('',(-1.,-1.36592399683213E-16,0.));
#2853=DIRECTION('',(0.,-1.,0.));
#2854=DIRECTION('',(0.,1.,0.));
#2855=DIRECTION('',(-1.,0.,0.));
#2856=DIRECTION('',(-1.,0.,0.));
#2857=DIRECTION('',(1.,0.,0.));
#2858=DIRECTION('',(0.,-1.,0.));
#2859=DIRECTION('',(-1.,0.,0.));
#2860=DIRECTION('',(-0.524418519006531,0.851460637330345,0.));
#2861=DIRECTION('',(1.,0.,0.));
#2862=DIRECTION('',(0.497185066143664,-0.867644518223749,0.));
#2863=DIRECTION('',(1.,0.,0.));
#2864=DIRECTION('',(0.,1.,0.));
#2865=DIRECTION('',(-0.288986800823461,-0.957333081508114,0.));
#2866=DIRECTION('',(-1.,0.,0.));
#2867=DIRECTION('',(-0.283106974885733,0.9590883383563,0.));
#2868=DIRECTION('',(0.999957064746353,0.00926653461965622,0.));
#2869=DIRECTION('',(0.331603976318197,-0.943418678472056,0.));
#2870=DIRECTION('',(1.,0.,0.));
#2871=DIRECTION('',(0.252076821969815,0.967707226296052,0.));
#2872=DIRECTION('',(0.999851872053843,0.0172114482373411,0.));
#2873=DIRECTION('',(0.,-1.,0.));
#2874=DIRECTION('',(-1.,0.,0.));
#2875=DIRECTION('',(0.,1.,0.));
#2876=DIRECTION('',(1.,0.,0.));
#2877=DIRECTION('',(0.,1.,0.));
#2878=DIRECTION('',(-1.,0.,0.));
#2879=DIRECTION('',(0.,1.,0.));
#2880=DIRECTION('',(1.,0.,0.));
#2881=DIRECTION('',(0.,1.,0.));
#2882=DIRECTION('',(-1.,0.,0.));
#2883=DIRECTION('',(0.,1.,0.));
#2884=DIRECTION('',(1.,0.,0.));
#2885=DIRECTION('',(0.,-1.,0.));
#2886=DIRECTION('',(-1.,0.,0.));
#2887=DIRECTION('',(0.,1.,0.));
#2888=DIRECTION('',(1.,0.,0.));
#2889=DIRECTION('',(0.,1.,0.));
#2890=DIRECTION('',(-1.,0.,0.));
#2891=DIRECTION('',(0.,1.,0.));
#2892=DIRECTION('',(1.,0.,0.));
#2893=DIRECTION('',(0.,1.,0.));
#2894=DIRECTION('',(-1.,0.,0.));
#2895=DIRECTION('',(0.,1.,0.));
#2896=DIRECTION('',(1.,0.,0.));
#2897=DIRECTION('',(1.,0.,0.));
#2898=DIRECTION('',(0.,-1.,0.));
#2899=DIRECTION('',(-1.,0.,0.));
#2900=DIRECTION('',(-0.524418519006533,0.851460637330344,0.));
#2901=DIRECTION('',(1.,0.,0.));
#2902=DIRECTION('',(0.497185066143664,-0.867644518223749,0.));
#2903=DIRECTION('',(1.,0.,0.));
#2904=DIRECTION('',(0.,1.,0.));
#2905=DIRECTION('',(1.,0.,0.));
#2906=DIRECTION('',(0.,-1.,0.));
#2907=DIRECTION('',(-1.,0.,0.));
#2908=DIRECTION('',(0.,1.,0.));
#2909=DIRECTION('',(1.,0.,0.));
#2910=DIRECTION('',(0.,1.,0.));
#2911=DIRECTION('',(-1.,0.,0.));
#2912=DIRECTION('',(0.,1.,0.));
#2913=DIRECTION('',(1.,0.,0.));
#2914=DIRECTION('',(0.,1.,0.));
#2915=DIRECTION('',(0.,1.,0.));
#2916=DIRECTION('',(-1.,0.,0.));
#2917=DIRECTION('',(0.,1.,0.));
#2918=DIRECTION('',(1.,0.,0.));
#2919=DIRECTION('',(-1.,0.,0.));
#2920=DIRECTION('',(0.,0.,1.));
#2921=DIRECTION('',(0.,0.,-1.));
#2922=DIRECTION('',(0.,0.,-1.));
#2923=DIRECTION('',(0.,0.,-1.));
#2924=DIRECTION('',(0.,0.,-1.));
#2925=DIRECTION('',(0.,1.,0.));
#2926=DIRECTION('',(1.36592399683213E-16,-1.,0.));
#2927=DIRECTION('',(1.,1.36592399683213E-16,0.));
#2928=DIRECTION('',(0.,0.,-1.));
#2929=DIRECTION('',(0.,0.,-1.));
#2930=DIRECTION('',(0.,0.,-1.));
#2931=DIRECTION('',(-1.,0.,0.));
#2932=DIRECTION('',(0.,0.,-1.));
#2933=DIRECTION('',(0.,0.,-1.));
#2934=DIRECTION('',(-1.,0.,0.));
#2935=DIRECTION('',(0.,0.,-1.));
#2936=DIRECTION('',(0.,0.,-1.));
#2937=DIRECTION('',(-1.,0.,0.));
#2938=DIRECTION('',(0.,0.,-1.));
#2939=DIRECTION('',(0.,0.,-1.));
#2940=DIRECTION('',(-1.,0.,0.));
#2941=DIRECTION('',(-1.,0.,0.));
#2942=DIRECTION('',(0.,0.,1.));
#2943=DIRECTION('',(0.,0.,-1.));
#2944=DIRECTION('',(0.,0.,-1.));
#2945=DIRECTION('',(0.,0.,-1.));
#2946=DIRECTION('',(0.,1.,0.));
#2947=DIRECTION('',(1.,-3.93713559865298E-16,0.));
#2948=DIRECTION('',(3.93713559865298E-16,1.,0.));
#2949=DIRECTION('',(0.,0.,-1.));
#2950=DIRECTION('',(0.,0.,-1.));
#2951=DIRECTION('',(-2.64066365961744E-16,1.,0.));
#2952=DIRECTION('',(-1.,-2.64066365961744E-16,0.));
#2953=DIRECTION('',(0.,0.,-1.));
#2954=DIRECTION('',(1.,-3.93713559865298E-16,0.));
#2955=DIRECTION('',(3.93713559865298E-16,1.,0.));
#2956=DIRECTION('',(0.,0.,-1.));
#2957=DIRECTION('',(-2.64066365961744E-16,1.,0.));
#2958=DIRECTION('',(-1.,-2.64066365961744E-16,0.));
#2959=DIRECTION('',(0.,-1.,0.));
#2960=DIRECTION('',(0.,0.,-1.));
#2961=DIRECTION('',(0.,0.,1.));
#2962=DIRECTION('',(1.,0.,0.));
#2963=DIRECTION('',(0.,0.,1.));
#2964=DIRECTION('',(1.,0.,0.));
#2965=DIRECTION('',(0.,0.,-1.));
#2966=DIRECTION('',(0.,-1.,0.));
#2967=DIRECTION('',(0.,0.,-1.));
#2968=DIRECTION('',(0.,-1.,0.));
#2969=DIRECTION('',(0.,0.,-1.));
#2970=DIRECTION('',(-1.,0.,0.));
#2971=DIRECTION('',(1.09332686897684E-16,-1.,0.));
#2972=DIRECTION('',(1.,1.09332686897684E-16,0.));
#2973=DIRECTION('',(-1.,-1.09332686897684E-16,0.));
#2974=DIRECTION('',(0.,-1.,0.));
#2975=DIRECTION('',(0.,0.,-1.));
#2976=DIRECTION('',(-1.,0.,0.));
#2977=DIRECTION('',(0.,0.,-1.));
#2978=DIRECTION('',(-1.,0.,0.));
#2979=DIRECTION('',(0.,0.,1.));
#2980=DIRECTION('',(0.,1.,0.));
#2981=DIRECTION('',(1.,1.46081976924362E-15,0.));
#2982=DIRECTION('',(-1.46081976924362E-15,1.,0.));
#2983=DIRECTION('',(1.46081976924362E-15,-1.,0.));
#2984=DIRECTION('',(0.,0.,-1.));
#2985=DIRECTION('',(1.82123199577617E-16,-1.,0.));
#2986=DIRECTION('',(1.,1.82123199577617E-16,0.));
#2987=DIRECTION('',(-1.,-1.82123199577617E-16,0.));
#2988=DIRECTION('',(0.,0.,-1.));
#2989=DIRECTION('',(-1.,-7.30409884621814E-16,0.));
#2990=DIRECTION('',(7.30409884621814E-16,-1.,0.));
#2991=DIRECTION('',(-7.30409884621814E-16,1.,0.));
#2992=DIRECTION('',(1.,7.30409884621813E-16,0.));
#2993=DIRECTION('',(-7.30409884621813E-16,1.,0.));
#2994=DIRECTION('',(7.30409884621813E-16,-1.,0.));
#2995=DIRECTION('',(0.,0.,-1.));
#2996=DIRECTION('',(1.10746549099513E-16,-1.,0.));
#2997=DIRECTION('',(1.,1.10746549099513E-16,0.));
#2998=DIRECTION('',(-1.,-1.10746549099513E-16,0.));
#2999=DIRECTION('',(0.,0.,-1.));
#3000=DIRECTION('',(-1.,-3.65204942310907E-16,0.));
#3001=DIRECTION('',(3.65204942310907E-16,-1.,0.));
#3002=DIRECTION('',(-3.65204942310907E-16,1.,0.));
#3003=DIRECTION('',(1.,3.65204942310907E-16,0.));
#3004=DIRECTION('',(-3.65204942310907E-16,1.,0.));
#3005=DIRECTION('',(3.65204942310907E-16,-1.,0.));
#3006=DIRECTION('',(0.,0.,-1.));
#3007=DIRECTION('',(1.82123199577617E-16,-1.,0.));
#3008=DIRECTION('',(1.,1.82123199577617E-16,0.));
#3009=DIRECTION('',(-1.,-1.82123199577617E-16,0.));
#3010=DIRECTION('',(0.,0.,-1.));
#3011=DIRECTION('',(-1.,0.,0.));
#3012=DIRECTION('',(0.,0.,1.));
#3013=DIRECTION('',(0.,1.,0.));
#3014=DIRECTION('',(0.,0.,1.));
#3015=DIRECTION('',(1.,0.,0.));
#3016=DIRECTION('',(-1.,0.,0.));
#3017=DIRECTION('',(0.,0.,1.));
#3018=DIRECTION('',(0.,-1.,0.));
#3019=DIRECTION('',(0.,0.,1.));
#3020=DIRECTION('',(0.,-1.,0.));
#3021=DIRECTION('',(0.,0.,-1.));
#3022=DIRECTION('',(1.,0.,0.));
#3023=DIRECTION('',(0.,0.,1.));
#3024=DIRECTION('',(1.,0.,0.));
#3025=DIRECTION('',(0.,0.,-1.));
#3026=DIRECTION('',(0.,1.,0.));
#3027=DIRECTION('',(0.,0.,1.));
#3028=DIRECTION('',(1.,0.,0.));
#3029=DIRECTION('',(0.,1.,0.));
#3030=DIRECTION('',(0.,0.,1.));
#3031=DIRECTION('',(0.,0.,1.));
#3032=DIRECTION('',(0.,0.,1.));
#3033=DIRECTION('',(1.,0.,0.));
#3034=DIRECTION('',(0.,0.,-1.));
#3035=DIRECTION('',(0.,0.,1.));
#3036=DIRECTION('',(0.,1.,0.));
#3037=DIRECTION('',(0.,0.,1.));
#3038=DIRECTION('',(0.,0.,1.));
#3039=DIRECTION('',(-1.,0.,0.));
#3040=DIRECTION('',(0.,0.,1.));
#3041=DIRECTION('',(0.,0.,1.));
#3042=DIRECTION('',(0.,0.,1.));
#3043=DIRECTION('',(0.,-1.,0.));
#3044=DIRECTION('',(0.,0.,-1.));
#3045=DIRECTION('',(0.,0.,1.));
#3046=DIRECTION('',(1.,0.,0.));
#3047=DIRECTION('',(0.,0.,-1.));
#3048=DIRECTION('',(0.,0.,1.));
#3049=DIRECTION('',(0.,-1.,0.));
#3050=DIRECTION('',(0.,0.,-1.));
#3051=DIRECTION('',(0.,0.,1.));
#3052=DIRECTION('',(-0.867644518223749,-0.497185066143664,0.));
#3053=DIRECTION('',(0.497185066143664,-0.867644518223749,0.));
#3054=DIRECTION('',(0.,0.,1.));
#3055=DIRECTION('',(0.,-1.,0.));
#3056=DIRECTION('',(0.,0.,-1.));
#3057=DIRECTION('',(0.,0.,1.));
#3058=DIRECTION('',(0.851460637330345,0.524418519006531,0.));
#3059=DIRECTION('',(-0.524418519006531,0.851460637330345,0.));
#3060=DIRECTION('',(0.,0.,1.));
#3061=DIRECTION('',(0.,0.,1.));
#3062=DIRECTION('',(0.,1.,0.));
#3063=DIRECTION('',(0.,0.,1.));
#3064=DIRECTION('',(0.,0.,1.));
#3065=DIRECTION('',(1.,0.,0.));
#3066=DIRECTION('',(0.,1.,0.));
#3067=DIRECTION('',(0.,0.,1.));
#3068=DIRECTION('',(0.,0.,1.));
#3069=DIRECTION('',(0.,0.,1.));
#3070=DIRECTION('',(-0.957333081508114,0.288986800823461,0.));
#3071=DIRECTION('',(-0.288986800823461,-0.957333081508114,0.));
#3072=DIRECTION('',(0.,0.,1.));
#3073=DIRECTION('',(0.0172114482373411,-0.999851872053843,0.));
#3074=DIRECTION('',(0.999851872053843,0.0172114482373411,0.));
#3075=DIRECTION('',(0.,0.,1.));
#3076=DIRECTION('',(0.967707226296052,-0.252076821969815,0.));
#3077=DIRECTION('',(0.252076821969815,0.967707226296052,0.));
#3078=DIRECTION('',(0.,0.,1.));
#3079=DIRECTION('',(0.,-1.,0.));
#3080=DIRECTION('',(0.,0.,-1.));
#3081=DIRECTION('',(0.,0.,1.));
#3082=DIRECTION('',(-0.943418678472056,-0.331603976318197,0.));
#3083=DIRECTION('',(0.331603976318197,-0.943418678472056,0.));
#3084=DIRECTION('',(0.,0.,1.));
#3085=DIRECTION('',(0.00926653461965622,-0.999957064746353,0.));
#3086=DIRECTION('',(0.999957064746353,0.00926653461965622,0.));
#3087=DIRECTION('',(0.,0.,1.));
#3088=DIRECTION('',(0.9590883383563,0.283106974885733,0.));
#3089=DIRECTION('',(-0.283106974885733,0.9590883383563,0.));
#3090=DIRECTION('',(0.,-1.,0.));
#3091=DIRECTION('',(0.,0.,-1.));
#3092=DIRECTION('',(0.,0.,1.));
#3093=DIRECTION('',(0.,0.,1.));
#3094=DIRECTION('',(1.,0.,0.));
#3095=DIRECTION('',(0.,0.,-1.));
#3096=DIRECTION('',(0.,0.,1.));
#3097=DIRECTION('',(0.,1.,0.));
#3098=DIRECTION('',(0.,0.,1.));
#3099=DIRECTION('',(0.,0.,1.));
#3100=DIRECTION('',(0.,1.,0.));
#3101=DIRECTION('',(0.,0.,1.));
#3102=DIRECTION('',(0.,0.,1.));
#3103=DIRECTION('',(0.,0.,1.));
#3104=DIRECTION('',(-1.,0.,0.));
#3105=DIRECTION('',(0.,0.,1.));
#3106=DIRECTION('',(0.,0.,1.));
#3107=DIRECTION('',(0.,-1.,0.));
#3108=DIRECTION('',(0.,0.,-1.));
#3109=DIRECTION('',(0.,0.,1.));
#3110=DIRECTION('',(1.,0.,0.));
#3111=DIRECTION('',(0.,0.,-1.));
#3112=DIRECTION('',(0.,0.,1.));
#3113=DIRECTION('',(0.,1.,0.));
#3114=DIRECTION('',(0.,0.,1.));
#3115=DIRECTION('',(0.,0.,1.));
#3116=DIRECTION('',(1.,0.,0.));
#3117=DIRECTION('',(0.,0.,-1.));
#3118=DIRECTION('',(0.,0.,1.));
#3119=DIRECTION('',(0.,-1.,0.));
#3120=DIRECTION('',(0.,0.,-1.));
#3121=DIRECTION('',(0.,0.,1.));
#3122=DIRECTION('',(1.,0.,0.));
#3123=DIRECTION('',(0.,0.,-1.));
#3124=DIRECTION('',(0.,0.,1.));
#3125=DIRECTION('',(0.,1.,0.));
#3126=DIRECTION('',(0.,0.,1.));
#3127=DIRECTION('',(0.,0.,1.));
#3128=DIRECTION('',(1.,0.,0.));
#3129=DIRECTION('',(0.,0.,-1.));
#3130=DIRECTION('',(0.,0.,1.));
#3131=DIRECTION('',(0.,-1.,0.));
#3132=DIRECTION('',(0.,0.,-1.));
#3133=DIRECTION('',(0.,0.,1.));
#3134=DIRECTION('',(1.,0.,0.));
#3135=DIRECTION('',(0.,0.,-1.));
#3136=DIRECTION('',(0.,1.,0.));
#3137=DIRECTION('',(0.,0.,1.));
#3138=DIRECTION('',(0.,0.,1.));
#3139=DIRECTION('',(0.,0.,1.));
#3140=DIRECTION('',(-1.,0.,0.));
#3141=DIRECTION('',(0.,0.,1.));
#3142=DIRECTION('',(0.,0.,1.));
#3143=DIRECTION('',(0.,-1.,0.));
#3144=DIRECTION('',(0.,0.,-1.));
#3145=DIRECTION('',(0.,0.,1.));
#3146=DIRECTION('',(1.,0.,0.));
#3147=DIRECTION('',(0.,0.,-1.));
#3148=DIRECTION('',(0.,0.,1.));
#3149=DIRECTION('',(0.,1.,0.));
#3150=DIRECTION('',(0.,0.,1.));
#3151=DIRECTION('',(0.,0.,1.));
#3152=DIRECTION('',(1.,0.,0.));
#3153=DIRECTION('',(0.,0.,-1.));
#3154=DIRECTION('',(0.,0.,1.));
#3155=DIRECTION('',(0.,-1.,0.));
#3156=DIRECTION('',(0.,0.,-1.));
#3157=DIRECTION('',(0.,0.,1.));
#3158=DIRECTION('',(1.,0.,0.));
#3159=DIRECTION('',(0.,0.,-1.));
#3160=DIRECTION('',(0.,0.,1.));
#3161=DIRECTION('',(0.,1.,0.));
#3162=DIRECTION('',(0.,0.,1.));
#3163=DIRECTION('',(0.,0.,1.));
#3164=DIRECTION('',(1.,0.,0.));
#3165=DIRECTION('',(0.,0.,-1.));
#3166=DIRECTION('',(0.,0.,1.));
#3167=DIRECTION('',(0.,-1.,0.));
#3168=DIRECTION('',(0.,0.,-1.));
#3169=DIRECTION('',(0.,0.,1.));
#3170=DIRECTION('',(1.,0.,0.));
#3171=DIRECTION('',(0.,0.,-1.));
#3172=DIRECTION('',(-1.,0.,0.));
#3173=DIRECTION('',(0.,0.,1.));
#3174=DIRECTION('',(0.,0.,1.));
#3175=DIRECTION('',(0.,0.,1.));
#3176=DIRECTION('',(0.,-1.,0.));
#3177=DIRECTION('',(0.,0.,-1.));
#3178=DIRECTION('',(0.,0.,1.));
#3179=DIRECTION('',(1.,0.,0.));
#3180=DIRECTION('',(0.,0.,-1.));
#3181=DIRECTION('',(0.,0.,1.));
#3182=DIRECTION('',(0.,-1.,0.));
#3183=DIRECTION('',(0.,0.,-1.));
#3184=DIRECTION('',(0.,0.,1.));
#3185=DIRECTION('',(-0.867644518223749,-0.497185066143664,0.));
#3186=DIRECTION('',(0.497185066143664,-0.867644518223749,0.));
#3187=DIRECTION('',(0.,0.,1.));
#3188=DIRECTION('',(0.,-1.,0.));
#3189=DIRECTION('',(0.,0.,-1.));
#3190=DIRECTION('',(0.,0.,1.));
#3191=DIRECTION('',(0.851460637330344,0.524418519006533,0.));
#3192=DIRECTION('',(-0.524418519006533,0.851460637330344,0.));
#3193=DIRECTION('',(0.,0.,1.));
#3194=DIRECTION('',(0.,0.,1.));
#3195=DIRECTION('',(0.,1.,0.));
#3196=DIRECTION('',(0.,0.,1.));
#3197=DIRECTION('',(-1.,0.,0.));
#3198=DIRECTION('',(0.,0.,1.));
#3199=DIRECTION('',(0.,0.,1.));
#3200=DIRECTION('',(0.,0.,1.));
#3201=DIRECTION('',(0.,-1.,0.));
#3202=DIRECTION('',(0.,0.,-1.));
#3203=DIRECTION('',(0.,0.,1.));
#3204=DIRECTION('',(1.,0.,0.));
#3205=DIRECTION('',(0.,0.,-1.));
#3206=DIRECTION('',(0.,0.,1.));
#3207=DIRECTION('',(0.,-1.,0.));
#3208=DIRECTION('',(0.,0.,-1.));
#3209=DIRECTION('',(0.,0.,1.));
#3210=DIRECTION('',(1.,0.,0.));
#3211=DIRECTION('',(0.,0.,-1.));
#3212=DIRECTION('',(0.,0.,1.));
#3213=DIRECTION('',(0.,1.,0.));
#3214=DIRECTION('',(0.,0.,1.));
#3215=DIRECTION('',(0.,0.,1.));
#3216=DIRECTION('',(1.,0.,0.));
#3217=DIRECTION('',(0.,0.,-1.));
#3218=DIRECTION('',(0.,0.,1.));
#3219=DIRECTION('',(0.,-1.,0.));
#3220=DIRECTION('',(0.,0.,-1.));
#3221=DIRECTION('',(0.,0.,1.));
#3222=DIRECTION('',(1.,0.,0.));
#3223=DIRECTION('',(0.,0.,-1.));
#3224=DIRECTION('',(0.,0.,1.));
#3225=DIRECTION('',(0.,1.,0.));
#3226=DIRECTION('',(0.,0.,1.));
#3227=DIRECTION('',(0.,1.,0.));
#3228=DIRECTION('',(0.,0.,1.));
#3229=DIRECTION('',(0.,0.,1.));
#3230=DIRECTION('',(0.,0.,1.));
#3231=DIRECTION('',(1.,0.,0.));
#3232=DIRECTION('',(0.,0.,-1.));
#3233=DIRECTION('',(0.,0.,1.));
#3234=DIRECTION('',(0.,-1.,0.));
#3235=DIRECTION('',(0.,0.,-1.));
#3236=DIRECTION('',(0.,0.,1.));
#3237=DIRECTION('',(1.,0.,0.));
#3238=DIRECTION('',(0.,0.,-1.));
#3239=DIRECTION('',(-1.,0.,0.));
#3240=DIRECTION('',(0.,0.,1.));
#3241=DIRECTION('',(0.,0.,-1.));
#3242=DIRECTION('',(0.,1.,0.));
#3243=DIRECTION('',(0.,0.,-1.));
#3244=DIRECTION('',(0.,-1.,0.));
#3245=DIRECTION('',(0.,0.,-1.));
#3246=DIRECTION('',(0.,0.,-1.));
#3247=DIRECTION('',(-1.,0.,0.));
#3248=DIRECTION('',(-1.,0.,0.));
#3249=DIRECTION('',(0.,0.,1.));
#3250=DIRECTION('',(0.,0.,-1.));
#3251=DIRECTION('',(0.,1.,0.));
#3252=DIRECTION('',(-1.,0.,0.));
#3253=DIRECTION('',(0.,0.,1.));
#3254=DIRECTION('',(0.,0.,-1.));
#3255=DIRECTION('',(0.,1.,0.));
#3256=DIRECTION('',(0.,1.,0.));
#3257=DIRECTION('',(0.,0.,1.));
#3258=DIRECTION('',(1.,0.,0.));
#3259=DIRECTION('',(0.,0.,-1.));
#3260=DIRECTION('',(-1.,0.,0.));
#3261=DIRECTION('',(0.,1.,0.));
#3262=DIRECTION('',(0.,0.,1.));
#3263=DIRECTION('',(1.,0.,0.));
#3264=DIRECTION('',(0.,0.,1.));
#3265=DIRECTION('',(1.,0.,0.));
#3266=DIRECTION('',(0.,0.,1.));
#3267=DIRECTION('',(1.,0.,0.));
#3268=DIRECTION('',(0.,1.,0.));
#3269=DIRECTION('',(0.,0.,1.));
#3270=DIRECTION('',(1.,0.,0.));
#3271=DIRECTION('',(0.,1.,0.));
#3272=DIRECTION('',(1.,0.,0.));
#3273=DIRECTION('',(0.,1.,0.));
#3274=DIRECTION('',(0.,0.,1.));
#3275=DIRECTION('',(1.,0.,0.));
#3276=DIRECTION('',(1.,0.,0.));
#3277=DIRECTION('',(0.,0.,-1.));
#3278=DIRECTION('',(0.,0.,-1.));
#3279=DIRECTION('',(0.,-1.,0.));
#3280=DIRECTION('',(0.,0.,-1.));
#3281=DIRECTION('',(0.,1.,0.));
#3282=DIRECTION('',(0.,0.,1.));
#3283=DIRECTION('',(0.,0.,-1.));
#3284=DIRECTION('',(1.,0.,0.));
#3285=DIRECTION('',(1.,0.,0.));
#3286=DIRECTION('',(0.,0.,-1.));
#3287=DIRECTION('',(0.,0.,-1.));
#3288=DIRECTION('',(0.,-1.,0.));
#3289=DIRECTION('',(0.,1.,0.));
#3290=DIRECTION('',(0.,0.,1.));
#3291=DIRECTION('',(1.,0.,0.));
#3292=DIRECTION('',(0.,0.,-1.));
#3293=DIRECTION('',(1.,0.,0.));
#3294=CARTESIAN_POINT('',(0.,0.,0.));
#3295=CARTESIAN_POINT('',(2.77555756156289E-17,0.,0.01451));
#3296=CARTESIAN_POINT('',(-0.1008,-0.0729187839951701,0.01451));
#3297=CARTESIAN_POINT('',(-0.0818,-0.0729187839951701,0.01451));
#3298=CARTESIAN_POINT('',(-0.1198,-0.0729187839951701,0.01451));
#3299=CARTESIAN_POINT('',(-0.0818,-0.0669187839951701,0.01451));
#3300=CARTESIAN_POINT('',(-0.0818,-0.0609187839951701,0.01451));
#3301=CARTESIAN_POINT('',(-0.1008,-0.0609187839951701,0.01451));
#3302=CARTESIAN_POINT('',(-0.1198,-0.0609187839951701,0.01451));
#3303=CARTESIAN_POINT('',(-0.1198,-0.0669187839951701,0.01451));
#3304=CARTESIAN_POINT('',(0.1518204381532,-0.06345702894032,0.01451));
#3305=CARTESIAN_POINT('',(0.1518204381532,-0.0580740086734295,0.01451));
#3306=CARTESIAN_POINT('',(0.1518204381532,-0.0688400492072104,0.01451));
#3307=CARTESIAN_POINT('',(0.149992787364449,-0.0580740086734295,0.01451));
#3308=CARTESIAN_POINT('',(0.148165136575699,-0.0580740086734295,0.01451));
#3309=CARTESIAN_POINT('',(0.148165136575699,-0.0601175650954247,0.01451));
#3310=CARTESIAN_POINT('',(0.148165136575699,-0.0621611215174198,0.01451));
#3311=CARTESIAN_POINT('',(0.145257644355297,-0.0621611215174198,0.01451));
#3312=CARTESIAN_POINT('',(0.142350152134895,-0.0621611215174198,0.01451));
#3313=CARTESIAN_POINT('',(0.142350152134895,-0.0636397916823626,0.01451));
#3314=CARTESIAN_POINT('',(0.142350152134895,-0.0651184618473053,0.01451));
#3315=CARTESIAN_POINT('',(0.145207807421684,-0.0651184618473053,0.01451));
#3316=CARTESIAN_POINT('',(0.148065462708473,-0.0651184618473053,0.01451));
#3317=CARTESIAN_POINT('',(0.148065462708473,-0.0655172020196915,0.01451));
#3318=CARTESIAN_POINT('',(0.148065462708473,-0.0659159421920776,0.01451));
#3319=CARTESIAN_POINT('',(0.145207807421684,-0.0659159421920776,0.01451));
#3320=CARTESIAN_POINT('',(0.142350152134895,-0.0659159421920776,0.01451));
#3321=CARTESIAN_POINT('',(0.142350152134895,-0.067377995699644,0.01451));
#3322=CARTESIAN_POINT('',(0.142350152134895,-0.0688400492072104,0.01451));
#3323=CARTESIAN_POINT('',(0.147085295144047,-0.0688400492072104,0.01451));
#3324=CARTESIAN_POINT('',(0.123787835240364,-0.0688400492072104,0.01451));
#3325=CARTESIAN_POINT('',(0.1285340487957,-0.0688400492072104,0.01451));
#3326=CARTESIAN_POINT('',(0.119041621685028,-0.0688400492072104,0.01451));
#3327=CARTESIAN_POINT('',(0.1285340487957,-0.06345702894032,0.01451));
#3328=CARTESIAN_POINT('',(0.1285340487957,-0.0580740086734295,0.01451));
#3329=CARTESIAN_POINT('',(0.123787835240364,-0.0580740086734295,0.01451));
#3330=CARTESIAN_POINT('',(0.119041621685028,-0.0580740086734295,0.01451));
#3331=CARTESIAN_POINT('',(0.119041621685028,-0.0596078354865313,0.01451));
#3332=CARTESIAN_POINT('',(0.119041621685028,-0.061141662299633,0.01451));
#3333=CARTESIAN_POINT('',(0.121966887265444,-0.061141662299633,0.01451));
#3334=CARTESIAN_POINT('',(0.124892152845859,-0.061141662299633,0.01451));
#3335=CARTESIAN_POINT('',(0.124892152845859,-0.0616585779935122,0.01451));
#3336=CARTESIAN_POINT('',(0.124892152845859,-0.0621754936873913,0.01451));
#3337=CARTESIAN_POINT('',(0.121966887265444,-0.0621754936873913,0.01451));
#3338=CARTESIAN_POINT('',(0.119041621685028,-0.0621754936873913,0.01451));
#3339=CARTESIAN_POINT('',(0.119041621685028,-0.0636205058544874,0.01451));
#3340=CARTESIAN_POINT('',(0.119041621685028,-0.0650655180215836,0.01451));
#3341=CARTESIAN_POINT('',(0.121966887265444,-0.0650655180215836,0.01451));
#3342=CARTESIAN_POINT('',(0.124892152845859,-0.0650655180215836,0.01451));
#3343=CARTESIAN_POINT('',(0.124892152845859,-0.0654884465038776,0.01451));
#3344=CARTESIAN_POINT('',(0.124892152845859,-0.0659113749861717,0.01451));
#3345=CARTESIAN_POINT('',(0.121966887265444,-0.0659113749861717,0.01451));
#3346=CARTESIAN_POINT('',(0.119041621685028,-0.0659113749861717,0.01451));
#3347=CARTESIAN_POINT('',(0.119041621685028,-0.0673757120966911,0.01451));
#3348=CARTESIAN_POINT('',(0.0776322802171162,-0.068916081494041,0.01451));
#3349=CARTESIAN_POINT('',(0.0804256839633177,-0.068916081494041,0.01451));
#3350=CARTESIAN_POINT('',(0.0748388764709147,-0.068916081494041,0.01451));
#3351=CARTESIAN_POINT('',(0.082067362788497,-0.0634776550881386,0.01451));
#3352=CARTESIAN_POINT('',(0.0837090416136764,-0.0580392286822361,0.01451));
#3353=CARTESIAN_POINT('',(0.0817474658139231,-0.0580729952443487,0.01451));
#3354=CARTESIAN_POINT('',(0.0797858900141698,-0.0581067618064613,0.01451));
#3355=CARTESIAN_POINT('',(0.0796360977141755,-0.0586818051206987,0.01451));
#3356=CARTESIAN_POINT('',(0.0794863054141813,-0.0592568484349361,0.01451));
#3357=CARTESIAN_POINT('',(0.0776323468999182,-0.0592568484349361,0.01451));
#3358=CARTESIAN_POINT('',(0.0757783883856552,-0.0592568484349361,0.01451));
#3359=CARTESIAN_POINT('',(0.0755706866765565,-0.0586659337116269,0.01451));
#3360=CARTESIAN_POINT('',(0.0753629849674578,-0.0580750189883178,0.01451));
#3361=CARTESIAN_POINT('',(0.0735059595614315,-0.058092227917402,0.01451));
#3362=CARTESIAN_POINT('',(0.0716489341554053,-0.0581094368464863,0.01451));
#3363=CARTESIAN_POINT('',(0.07324390531316,-0.0635127591702637,0.01451));
#3364=CARTESIAN_POINT('',(0.089011507352547,-0.0635280017927673,0.01451));
#3365=CARTESIAN_POINT('',(0.0945907305369853,-0.0635280017927673,0.01451));
#3366=CARTESIAN_POINT('',(0.0552024472430488,-0.0689433048124385,0.01451));
#3367=CARTESIAN_POINT('',(0.0586819662043798,-0.0689433048124385,0.01451));
#3368=CARTESIAN_POINT('',(0.0517229282817178,-0.0689433048124385,0.01451));
#3369=CARTESIAN_POINT('',(0.0586819662043798,-0.0634708905901438,0.01451));
#3370=CARTESIAN_POINT('',(0.0586819662043798,-0.0579984763678492,0.01451));
#3371=CARTESIAN_POINT('',(0.0554277403766072,-0.0579984763678492,0.01451));
#3372=CARTESIAN_POINT('',(0.0521735145488347,-0.0579984763678492,0.01451));
#3373=CARTESIAN_POINT('',(0.0517229282817178,-0.0689433048124385,0.01451));
#3374=CARTESIAN_POINT('',(0.0509667081732005,-0.0688039813910657,0.01451));
#3375=CARTESIAN_POINT('',(0.0494272613593008,-0.0685203589447458,0.01451));
#3376=CARTESIAN_POINT('',(0.0475033760852707,-0.0667422148480546,0.01451));
#3377=CARTESIAN_POINT('',(0.0465574229004311,-0.0640607956123553,0.01451));
#3378=CARTESIAN_POINT('',(0.0474496401994051,-0.0605400904987865,0.01451));
#3379=CARTESIAN_POINT('',(0.0489177837317991,-0.0592626985332515,0.01451));
#3380=CARTESIAN_POINT('',(0.0509772916715304,-0.0580845383039201,0.01451));
#3381=CARTESIAN_POINT('',(0.0518221595607742,-0.0580237545088164,0.01451));
#3382=CARTESIAN_POINT('',(0.0521735145488347,-0.0579984763678492,0.01451));
#3383=CARTESIAN_POINT('',(5.55111512312578E-17,0.0814625,0.01451));
#3384=CARTESIAN_POINT('',(-0.1576625,0.0814625,0.01451));
#3385=CARTESIAN_POINT('',(0.1576625,0.0814625,0.01451));
#3386=CARTESIAN_POINT('',(0.1576625,-0.010965625,0.01451));
#3387=CARTESIAN_POINT('',(0.1576625,-0.0814625,0.01451));
#3388=CARTESIAN_POINT('',(0.,-0.0814625,0.01451));
#3389=CARTESIAN_POINT('',(-0.1576625,-0.0814625,0.01451));
#3390=CARTESIAN_POINT('',(-0.1576625,-0.010965625,0.01451));
#3391=CARTESIAN_POINT('',(0.1524,0.0045125,0.01451));
#3392=CARTESIAN_POINT('',(0.1524,-0.05050625,0.01451));
#3393=CARTESIAN_POINT('',(0.1524,0.0683837228130587,0.01451));
#3394=CARTESIAN_POINT('',(-0.152402,0.0683837228130587,0.01451));
#3395=CARTESIAN_POINT('',(-0.1524,0.0683837228130587,0.01451));
#3396=CARTESIAN_POINT('',(-0.1524,0.0045125,0.01451));
#3397=CARTESIAN_POINT('',(-0.1524,-0.05050625,0.01451));
#3398=CARTESIAN_POINT('',(0.,-0.05050625,0.01451));
#3399=CARTESIAN_POINT('',(0.0710509983587264,-0.0634598835784196,0.01451));
#3400=CARTESIAN_POINT('',(0.0710509983587264,-0.0580768633115291,0.01451));
#3401=CARTESIAN_POINT('',(0.0710509983587264,-0.0688429038453101,0.01451));
#3402=CARTESIAN_POINT('',(0.069243852584362,-0.0580768633115291,0.01451));
#3403=CARTESIAN_POINT('',(0.0674367068099975,-0.0580768633115291,0.01451));
#3404=CARTESIAN_POINT('',(0.0674367068099975,-0.0600912283587455,0.01451));
#3405=CARTESIAN_POINT('',(0.0674367068099975,-0.062105593405962,0.01451));
#3406=CARTESIAN_POINT('',(0.0666233269262313,-0.062105593405962,0.01451));
#3407=CARTESIAN_POINT('',(0.0658099470424652,-0.062105593405962,0.01451));
#3408=CARTESIAN_POINT('',(0.0646556583929061,-0.0600912283587455,0.01451));
#3409=CARTESIAN_POINT('',(0.0635013697433471,-0.0580768633115291,0.01451));
#3410=CARTESIAN_POINT('',(0.0613999967248413,-0.0580768633115291,0.01451));
#3411=CARTESIAN_POINT('',(0.0592986237063355,-0.0580768633115291,0.01451));
#3412=CARTESIAN_POINT('',(0.0606391210825416,-0.060253332503438,0.01451));
#3413=CARTESIAN_POINT('',(0.0619796184587478,-0.0624298016953468,0.01451));
#3414=CARTESIAN_POINT('',(0.0634748903799056,-0.0688429038453101,0.01451));
#3415=CARTESIAN_POINT('',(0.0629067318564367,-0.0688314564866426,0.01451));
#3416=CARTESIAN_POINT('',(0.0616834489339798,-0.0690082458966067,0.01451));
#3417=CARTESIAN_POINT('',(0.0597682637710296,-0.0673243769175493,0.01451));
#3418=CARTESIAN_POINT('',(0.0598594996936828,-0.0653694714352603,0.01451));
#3419=CARTESIAN_POINT('',(0.0598956260445062,-0.0637119668362116,0.01451));
#3420=CARTESIAN_POINT('',(0.0612342130471826,-0.0628889003134792,0.01451));
#3421=CARTESIAN_POINT('',(0.0619796184587478,-0.0624298016953468,0.01451));
#3422=CARTESIAN_POINT('',(0.0634748903799056,-0.0688429038453101,0.01451));
#3423=CARTESIAN_POINT('',(0.067262944369316,-0.0688429038453101,0.01451));
#3424=CARTESIAN_POINT('',(0.0991262574150992,-0.0580603558333715,0.01451));
#3425=CARTESIAN_POINT('',(0.0980139524670375,-0.0582589949939784,0.01451));
#3426=CARTESIAN_POINT('',(0.0959493198951877,-0.0586223743037836,0.01451));
#3427=CARTESIAN_POINT('',(0.0952501460464864,-0.0611652884094779,0.01451));
#3428=CARTESIAN_POINT('',(0.0956003634975005,-0.0628630819373056,0.01451));
#3429=CARTESIAN_POINT('',(0.0959500016681223,-0.0635227329597906,0.01451));
#3430=CARTESIAN_POINT('',(0.0960957922503939,-0.0636138485410282,0.01451));
#3431=CARTESIAN_POINT('',(0.0957461461071831,-0.0640404080571217,0.01451));
#3432=CARTESIAN_POINT('',(0.0953351776889768,-0.065169038126338,0.01451));
#3433=CARTESIAN_POINT('',(0.0955284031723091,-0.0668929270897365,0.01451));
#3434=CARTESIAN_POINT('',(0.0964707819264001,-0.0683110223238358,0.01451));
#3435=CARTESIAN_POINT('',(0.0978188386036171,-0.0689028237536276,0.01451));
#3436=CARTESIAN_POINT('',(0.0986946686283487,-0.0689116728223765,0.01451));
#3437=CARTESIAN_POINT('',(0.0991262574150992,-0.068916081494041,0.01451));
#3438=CARTESIAN_POINT('',(0.0991262574150992,-0.0580603558333715,0.01451));
#3439=CARTESIAN_POINT('',(0.0991262574150992,-0.068916081494041,0.01451));
#3440=CARTESIAN_POINT('',(0.10291067445945,-0.068916081494041,0.01451));
#3441=CARTESIAN_POINT('',(0.1066950915038,-0.068916081494041,0.01451));
#3442=CARTESIAN_POINT('',(0.1066950915038,-0.0634882186637062,0.01451));
#3443=CARTESIAN_POINT('',(0.1066950915038,-0.0580603558333715,0.01451));
#3444=CARTESIAN_POINT('',(0.10291067445945,-0.0580603558333715,0.01451));
#3445=CARTESIAN_POINT('',(0.112797496320745,-0.068916081494041,0.01451));
#3446=CARTESIAN_POINT('',(0.117543709876081,-0.068916081494041,0.01451));
#3447=CARTESIAN_POINT('',(0.108051282765409,-0.068916081494041,0.01451));
#3448=CARTESIAN_POINT('',(0.117543709876081,-0.0634882186637062,0.01451));
#3449=CARTESIAN_POINT('',(0.117543709876081,-0.0580603558333715,0.01451));
#3450=CARTESIAN_POINT('',(0.112797496320745,-0.0580603558333715,0.01451));
#3451=CARTESIAN_POINT('',(0.108051282765409,-0.0580603558333715,0.01451));
#3452=CARTESIAN_POINT('',(0.108051282765409,-0.0595725660309929,0.01451));
#3453=CARTESIAN_POINT('',(0.108051282765409,-0.0610847762286144,0.01451));
#3454=CARTESIAN_POINT('',(0.110976548345825,-0.0610847762286144,0.01451));
#3455=CARTESIAN_POINT('',(0.113901813926241,-0.0610847762286144,0.01451));
#3456=CARTESIAN_POINT('',(0.113901813926241,-0.0616203425883728,0.01451));
#3457=CARTESIAN_POINT('',(0.113901813926241,-0.0621559089481311,0.01451));
#3458=CARTESIAN_POINT('',(0.110976548345825,-0.0621559089481311,0.01451));
#3459=CARTESIAN_POINT('',(0.108051282765409,-0.0621559089481311,0.01451));
#3460=CARTESIAN_POINT('',(0.108051282765409,-0.06360388830895,0.01451));
#3461=CARTESIAN_POINT('',(0.108051282765409,-0.0650518676697689,0.01451));
#3462=CARTESIAN_POINT('',(0.110976548345825,-0.0650518676697689,0.01451));
#3463=CARTESIAN_POINT('',(0.113901813926241,-0.0650518676697689,0.01451));
#3464=CARTESIAN_POINT('',(0.113901813926241,-0.0655488027691322,0.01451));
#3465=CARTESIAN_POINT('',(0.113901813926241,-0.0660457378684955,0.01451));
#3466=CARTESIAN_POINT('',(0.110976548345825,-0.0660457378684955,0.01451));
#3467=CARTESIAN_POINT('',(0.108051282765409,-0.0660457378684955,0.01451));
#3468=CARTESIAN_POINT('',(0.108051282765409,-0.0674809096812683,0.01451));
#3469=CARTESIAN_POINT('',(0.141087457537651,-0.06345702894032,0.01451));
#3470=CARTESIAN_POINT('',(0.141087457537651,-0.0580740086734295,0.01451));
#3471=CARTESIAN_POINT('',(0.141087457537651,-0.0688400492072104,0.01451));
#3472=CARTESIAN_POINT('',(0.139280311763287,-0.0580740086734295,0.01451));
#3473=CARTESIAN_POINT('',(0.137473165988922,-0.0580740086734295,0.01451));
#3474=CARTESIAN_POINT('',(0.137473165988922,-0.0600883737206459,0.01451));
#3475=CARTESIAN_POINT('',(0.137473165988922,-0.0621027387678623,0.01451));
#3476=CARTESIAN_POINT('',(0.136659786105156,-0.0621027387678623,0.01451));
#3477=CARTESIAN_POINT('',(0.13584640622139,-0.0621027387678623,0.01451));
#3478=CARTESIAN_POINT('',(0.134692117571831,-0.0600883737206459,0.01451));
#3479=CARTESIAN_POINT('',(0.133537828922272,-0.0580740086734295,0.01451));
#3480=CARTESIAN_POINT('',(0.131436455903766,-0.0580740086734295,0.01451));
#3481=CARTESIAN_POINT('',(0.12933508288526,-0.0580740086734295,0.01451));
#3482=CARTESIAN_POINT('',(0.130675580261466,-0.0602504778653384,0.01451));
#3483=CARTESIAN_POINT('',(0.132016077637672,-0.0624269470572472,0.01451));
#3484=CARTESIAN_POINT('',(0.13351134955883,-0.0688400492072104,0.01451));
#3485=CARTESIAN_POINT('',(0.132943191035361,-0.068828601848543,0.01451));
#3486=CARTESIAN_POINT('',(0.131719908112904,-0.0690053912585071,0.01451));
#3487=CARTESIAN_POINT('',(0.129804722949954,-0.0673215222794497,0.01451));
#3488=CARTESIAN_POINT('',(0.129895958872607,-0.0653666167971607,0.01451));
#3489=CARTESIAN_POINT('',(0.129932085223431,-0.063709112198112,0.01451));
#3490=CARTESIAN_POINT('',(0.131270672226107,-0.0628860456753796,0.01451));
#3491=CARTESIAN_POINT('',(0.132016077637672,-0.0624269470572472,0.01451));
#3492=CARTESIAN_POINT('',(0.13351134955883,-0.0688400492072104,0.01451));
#3493=CARTESIAN_POINT('',(0.137299403548241,-0.0688400492072104,0.01451));
#3494=CARTESIAN_POINT('',(-0.138875,-0.0689433048124385,0.01451));
#3495=CARTESIAN_POINT('',(-0.138625,-0.0689433048124385,0.01451));
#3496=CARTESIAN_POINT('',(-0.147125,-0.0689433048124385,0.01451));
#3497=CARTESIAN_POINT('',(-0.138625,-0.0649433048124385,0.01451));
#3498=CARTESIAN_POINT('',(-0.138625,-0.0609433048124385,0.01451));
#3499=CARTESIAN_POINT('',(-0.142875,-0.0609433048124385,0.01451));
#3500=CARTESIAN_POINT('',(-0.147125,-0.0609433048124385,0.01451));
#3501=CARTESIAN_POINT('',(-0.147125,-0.0649433048124385,0.01451));
#3502=CARTESIAN_POINT('',(-0.0798171684145927,-0.0669187839951701,0.01451));
#3503=CARTESIAN_POINT('',(-0.0795671684145927,-0.0669187839951701,0.01451));
#3504=CARTESIAN_POINT('',(-0.0488604362798926,-0.06500625,0.01451));
#3505=CARTESIAN_POINT('',(-0.0488604362798926,-0.05350625,0.01451));
#3506=CARTESIAN_POINT('',(-0.0488604362798926,-0.07650625,0.01451));
#3507=CARTESIAN_POINT('',(-0.00293231659464908,-0.07650625,0.01451));
#3508=CARTESIAN_POINT('',(0.0429958030905944,-0.07650625,0.01451));
#3509=CARTESIAN_POINT('',(0.0429958030905944,-0.06500625,0.01451));
#3510=CARTESIAN_POINT('',(0.0429958030905944,-0.05350625,0.01451));
#3511=CARTESIAN_POINT('',(-0.00293231659464908,-0.05350625,0.01451));
#3512=CARTESIAN_POINT('',(-0.1008,-0.0729187839951701,0.02001));
#3513=CARTESIAN_POINT('',(-0.1118,-0.0729187839951701,0.01951));
#3514=CARTESIAN_POINT('',(-0.1118,-0.0729187839951701,0.01951));
#3515=CARTESIAN_POINT('',(-0.1198,-0.0729187839951701,0.01951));
#3516=CARTESIAN_POINT('',(-0.1118,-0.0729187839951701,0.02001));
#3517=CARTESIAN_POINT('',(-0.1118,-0.0729187839951701,0.02001));
#3518=CARTESIAN_POINT('',(-0.1008,-0.0729187839951701,0.02001));
#3519=CARTESIAN_POINT('',(-0.0818,-0.0729187839951701,0.02001));
#3520=CARTESIAN_POINT('',(-0.0818,-0.0729187839951701,0.02001));
#3521=CARTESIAN_POINT('',(-0.1198,-0.0729187839951701,0.02001));
#3522=CARTESIAN_POINT('',(-0.1198,-0.0669187839951701,0.02001));
#3523=CARTESIAN_POINT('',(-0.1198,-0.0669187839951701,0.01951));
#3524=CARTESIAN_POINT('',(-0.1198,-0.0609187839951701,0.01951));
#3525=CARTESIAN_POINT('',(-0.1198,-0.0609187839951701,0.02001));
#3526=CARTESIAN_POINT('',(2.77555756156289E-17,0.,0.01951));
#3527=CARTESIAN_POINT('',(-0.124,-0.0669187839951701,0.01951));
#3528=CARTESIAN_POINT('',(-0.124,-0.0771187839951701,0.01951));
#3529=CARTESIAN_POINT('',(-0.124,-0.0567187839951701,0.01951));
#3530=CARTESIAN_POINT('',(-0.1008,-0.0567187839951701,0.01951));
#3531=CARTESIAN_POINT('',(-0.0776,-0.0567187839951701,0.01951));
#3532=CARTESIAN_POINT('',(-0.0776,-0.0669187839951701,0.01951));
#3533=CARTESIAN_POINT('',(-0.0776,-0.0771187839951701,0.01951));
#3534=CARTESIAN_POINT('',(-0.1008,-0.0771187839951701,0.01951));
#3535=CARTESIAN_POINT('',(0.10291067445945,-0.068916081494041,0.01951));
#3536=CARTESIAN_POINT('',(0.0991262574150992,-0.068916081494041,0.01951));
#3537=CARTESIAN_POINT('',(0.1066950915038,-0.068916081494041,0.01951));
#3538=CARTESIAN_POINT('',(0.0991262574150992,-0.0580603558333715,0.01951));
#3539=CARTESIAN_POINT('',(0.0980139524670375,-0.0582589949939784,0.01951));
#3540=CARTESIAN_POINT('',(0.0959493198951877,-0.0586223743037836,0.01951));
#3541=CARTESIAN_POINT('',(0.0952501460464864,-0.0611652884094779,0.01951));
#3542=CARTESIAN_POINT('',(0.0956003634975005,-0.0628630819373056,0.01951));
#3543=CARTESIAN_POINT('',(0.0959500016681223,-0.0635227329597906,0.01951));
#3544=CARTESIAN_POINT('',(0.0960957922503939,-0.0636138485410282,0.01951));
#3545=CARTESIAN_POINT('',(0.0957461461071831,-0.0640404080571217,0.01951));
#3546=CARTESIAN_POINT('',(0.0953351776889768,-0.065169038126338,0.01951));
#3547=CARTESIAN_POINT('',(0.0955284031723091,-0.0668929270897365,0.01951));
#3548=CARTESIAN_POINT('',(0.0964707819264001,-0.0683110223238358,0.01951));
#3549=CARTESIAN_POINT('',(0.0978188386036171,-0.0689028237536276,0.01951));
#3550=CARTESIAN_POINT('',(0.0986946686283487,-0.0689116728223765,0.01951));
#3551=CARTESIAN_POINT('',(0.0991262574150992,-0.068916081494041,0.01951));
#3552=CARTESIAN_POINT('',(0.0991262574150992,-0.0580603558333715,0.01951));
#3553=CARTESIAN_POINT('',(0.10291067445945,-0.0580603558333715,0.01951));
#3554=CARTESIAN_POINT('',(0.1066950915038,-0.0580603558333715,0.01951));
#3555=CARTESIAN_POINT('',(0.1066950915038,-0.0634882186637062,0.01951));
#3556=CARTESIAN_POINT('',(0.089011507352547,-0.0635280017927673,0.01951));
#3557=CARTESIAN_POINT('',(0.0945907305369853,-0.0635280017927673,0.01951));
#3558=CARTESIAN_POINT('',(0.0889341317331679,-0.02670625,0.01951));
#3559=CARTESIAN_POINT('',(0.1524,-0.02670625,0.01951));
#3560=CARTESIAN_POINT('',(-0.1524,-0.02670625,0.01951));
#3561=CARTESIAN_POINT('',(-0.1524,0.0045125,0.01951));
#3562=CARTESIAN_POINT('',(-0.1524,0.0683837228130587,0.01951));
#3563=CARTESIAN_POINT('',(-0.152402,0.0683837228130587,0.01951));
#3564=CARTESIAN_POINT('',(-0.09525,0.0683837228130587,0.01951));
#3565=CARTESIAN_POINT('',(-0.09525,0.0588837228130587,0.01951));
#3566=CARTESIAN_POINT('',(-0.09525,0.0493837228130587,0.01951));
#3567=CARTESIAN_POINT('',(-0.09045,0.0493837228130587,0.01951));
#3568=CARTESIAN_POINT('',(-0.08565,0.0493837228130587,0.01951));
#3569=CARTESIAN_POINT('',(-0.08565,0.0588837228130587,0.01951));
#3570=CARTESIAN_POINT('',(-0.08565,0.0683837228130587,0.01951));
#3571=CARTESIAN_POINT('',(-0.152402,0.0683837228130587,0.01951));
#3572=CARTESIAN_POINT('',(0.1524,0.0683837228130587,0.01951));
#3573=CARTESIAN_POINT('',(0.1524,0.0045125,0.01951));
#3574=CARTESIAN_POINT('',(-0.1524,0.0045125,0.01951));
#3575=CARTESIAN_POINT('',(-0.1524,-0.05050625,0.01951));
#3576=CARTESIAN_POINT('',(-0.1524,-0.03150625,0.01951));
#3577=CARTESIAN_POINT('',(-0.143,-0.03150625,0.01951));
#3578=CARTESIAN_POINT('',(-0.1336,-0.03150625,0.01951));
#3579=CARTESIAN_POINT('',(-0.1336,-0.04100625,0.01951));
#3580=CARTESIAN_POINT('',(-0.1336,-0.05050625,0.01951));
#3581=CARTESIAN_POINT('',(0.,-0.05050625,0.01951));
#3582=CARTESIAN_POINT('',(0.1238,-0.04100625,0.01951));
#3583=CARTESIAN_POINT('',(0.1238,-0.05050625,0.01951));
#3584=CARTESIAN_POINT('',(0.1238,-0.03150625,0.01951));
#3585=CARTESIAN_POINT('',(0.,-0.05050625,0.01951));
#3586=CARTESIAN_POINT('',(0.0476,-0.05050625,0.01951));
#3587=CARTESIAN_POINT('',(0.0476,-0.04100625,0.01951));
#3588=CARTESIAN_POINT('',(0.0476,-0.03150625,0.01951));
#3589=CARTESIAN_POINT('',(0.0857,-0.03150625,0.01951));
#3590=CARTESIAN_POINT('',(0.038,-0.04100625,0.01951));
#3591=CARTESIAN_POINT('',(0.038,-0.05050625,0.01951));
#3592=CARTESIAN_POINT('',(0.038,-0.03150625,0.01951));
#3593=CARTESIAN_POINT('',(0.,-0.05050625,0.01951));
#3594=CARTESIAN_POINT('',(-0.0382,-0.05050625,0.01951));
#3595=CARTESIAN_POINT('',(-0.0382,-0.04100625,0.01951));
#3596=CARTESIAN_POINT('',(-0.0382,-0.03150625,0.01951));
#3597=CARTESIAN_POINT('',(-0.00687218906445478,-0.03150625,0.01951));
#3598=CARTESIAN_POINT('',(-0.0478,-0.04100625,0.01951));
#3599=CARTESIAN_POINT('',(-0.0478,-0.05050625,0.01951));
#3600=CARTESIAN_POINT('',(-0.0478,-0.03150625,0.01951));
#3601=CARTESIAN_POINT('',(0.,-0.05050625,0.01951));
#3602=CARTESIAN_POINT('',(-0.124,-0.05050625,0.01951));
#3603=CARTESIAN_POINT('',(-0.124,-0.04100625,0.01951));
#3604=CARTESIAN_POINT('',(-0.124,-0.03150625,0.01951));
#3605=CARTESIAN_POINT('',(-0.0859,-0.03150625,0.01951));
#3606=CARTESIAN_POINT('',(5.55111512312578E-17,0.0814625,0.01951));
#3607=CARTESIAN_POINT('',(-0.1576625,0.0814625,0.01951));
#3608=CARTESIAN_POINT('',(0.1576625,0.0814625,0.01951));
#3609=CARTESIAN_POINT('',(-0.1576625,-0.010965625,0.01951));
#3610=CARTESIAN_POINT('',(-0.1576625,-0.0814625,0.01951));
#3611=CARTESIAN_POINT('',(0.,-0.0814625,0.01951));
#3612=CARTESIAN_POINT('',(0.1576625,-0.0814625,0.01951));
#3613=CARTESIAN_POINT('',(0.1576625,-0.010965625,0.01951));
#3614=CARTESIAN_POINT('',(0.1429,-0.03150625,0.01951));
#3615=CARTESIAN_POINT('',(0.1524,-0.03150625,0.01951));
#3616=CARTESIAN_POINT('',(0.1334,-0.03150625,0.01951));
#3617=CARTESIAN_POINT('',(0.1524,0.0045125,0.01951));
#3618=CARTESIAN_POINT('',(0.1524,-0.05050625,0.01951));
#3619=CARTESIAN_POINT('',(0.,-0.05050625,0.01951));
#3620=CARTESIAN_POINT('',(0.1334,-0.05050625,0.01951));
#3621=CARTESIAN_POINT('',(0.1334,-0.04100625,0.01951));
#3622=CARTESIAN_POINT('',(0.0586819662043798,-0.0634708905901438,0.01951));
#3623=CARTESIAN_POINT('',(0.0586819662043798,-0.0689433048124385,0.01951));
#3624=CARTESIAN_POINT('',(0.0586819662043798,-0.0579984763678492,0.01951));
#3625=CARTESIAN_POINT('',(0.0552024472430488,-0.0689433048124385,0.01951));
#3626=CARTESIAN_POINT('',(0.0517229282817178,-0.0689433048124385,0.01951));
#3627=CARTESIAN_POINT('',(0.0517229282817178,-0.0689433048124385,0.01951));
#3628=CARTESIAN_POINT('',(0.0509667081732005,-0.0688039813910657,0.01951));
#3629=CARTESIAN_POINT('',(0.0494272613593008,-0.0685203589447458,0.01951));
#3630=CARTESIAN_POINT('',(0.0475033760852707,-0.0667422148480546,0.01951));
#3631=CARTESIAN_POINT('',(0.0465574229004311,-0.0640607956123553,0.01951));
#3632=CARTESIAN_POINT('',(0.0474496401994051,-0.0605400904987865,0.01951));
#3633=CARTESIAN_POINT('',(0.0489177837317991,-0.0592626985332515,0.01951));
#3634=CARTESIAN_POINT('',(0.0509772916715304,-0.0580845383039201,0.01951));
#3635=CARTESIAN_POINT('',(0.0518221595607742,-0.0580237545088164,0.01951));
#3636=CARTESIAN_POINT('',(0.0521735145488347,-0.0579984763678492,0.01951));
#3637=CARTESIAN_POINT('',(0.0521735145488347,-0.0579984763678492,0.01951));
#3638=CARTESIAN_POINT('',(0.0554277403766072,-0.0579984763678492,0.01951));
#3639=CARTESIAN_POINT('',(0.069243852584362,-0.0580768633115291,0.01951));
#3640=CARTESIAN_POINT('',(0.0674367068099975,-0.0580768633115291,0.01951));
#3641=CARTESIAN_POINT('',(0.0710509983587264,-0.0580768633115291,0.01951));
#3642=CARTESIAN_POINT('',(0.0710509983587264,-0.0634598835784196,0.01951));
#3643=CARTESIAN_POINT('',(0.0710509983587264,-0.0688429038453101,0.01951));
#3644=CARTESIAN_POINT('',(0.067262944369316,-0.0688429038453101,0.01951));
#3645=CARTESIAN_POINT('',(0.0634748903799056,-0.0688429038453101,0.01951));
#3646=CARTESIAN_POINT('',(0.0634748903799056,-0.0688429038453101,0.01951));
#3647=CARTESIAN_POINT('',(0.0629067318564367,-0.0688314564866426,0.01951));
#3648=CARTESIAN_POINT('',(0.0616834489339798,-0.0690082458966067,0.01951));
#3649=CARTESIAN_POINT('',(0.0597682637710296,-0.0673243769175493,0.01951));
#3650=CARTESIAN_POINT('',(0.0598594996936828,-0.0653694714352603,0.01951));
#3651=CARTESIAN_POINT('',(0.0598956260445062,-0.0637119668362116,0.01951));
#3652=CARTESIAN_POINT('',(0.0612342130471826,-0.0628889003134792,0.01951));
#3653=CARTESIAN_POINT('',(0.0619796184587478,-0.0624298016953468,0.01951));
#3654=CARTESIAN_POINT('',(0.0619796184587478,-0.0624298016953468,0.01951));
#3655=CARTESIAN_POINT('',(0.0606391210825416,-0.060253332503438,0.01951));
#3656=CARTESIAN_POINT('',(0.0592986237063355,-0.0580768633115291,0.01951));
#3657=CARTESIAN_POINT('',(0.0613999967248413,-0.0580768633115291,0.01951));
#3658=CARTESIAN_POINT('',(0.0635013697433471,-0.0580768633115291,0.01951));
#3659=CARTESIAN_POINT('',(0.0646556583929061,-0.0600912283587455,0.01951));
#3660=CARTESIAN_POINT('',(0.0658099470424652,-0.062105593405962,0.01951));
#3661=CARTESIAN_POINT('',(0.0666233269262313,-0.062105593405962,0.01951));
#3662=CARTESIAN_POINT('',(0.0674367068099975,-0.062105593405962,0.01951));
#3663=CARTESIAN_POINT('',(0.0674367068099975,-0.0600912283587455,0.01951));
#3664=CARTESIAN_POINT('',(0.082067362788497,-0.0634776550881386,0.01951));
#3665=CARTESIAN_POINT('',(0.0837090416136764,-0.0580392286822361,0.01951));
#3666=CARTESIAN_POINT('',(0.0804256839633177,-0.068916081494041,0.01951));
#3667=CARTESIAN_POINT('',(0.0776322802171162,-0.068916081494041,0.01951));
#3668=CARTESIAN_POINT('',(0.0748388764709146,-0.068916081494041,0.01951));
#3669=CARTESIAN_POINT('',(0.07324390531316,-0.0635127591702637,0.01951));
#3670=CARTESIAN_POINT('',(0.0716489341554053,-0.0581094368464863,0.01951));
#3671=CARTESIAN_POINT('',(0.0735059595614315,-0.058092227917402,0.01951));
#3672=CARTESIAN_POINT('',(0.0753629849674578,-0.0580750189883178,0.01951));
#3673=CARTESIAN_POINT('',(0.0755706866765565,-0.0586659337116269,0.01951));
#3674=CARTESIAN_POINT('',(0.0757783883856552,-0.0592568484349361,0.01951));
#3675=CARTESIAN_POINT('',(0.0776323468999182,-0.0592568484349361,0.01951));
#3676=CARTESIAN_POINT('',(0.0794863054141813,-0.0592568484349361,0.01951));
#3677=CARTESIAN_POINT('',(0.0796360977141755,-0.0586818051206987,0.01951));
#3678=CARTESIAN_POINT('',(0.0797858900141698,-0.0581067618064613,0.01951));
#3679=CARTESIAN_POINT('',(0.0817474658139231,-0.0580729952443487,0.01951));
#3680=CARTESIAN_POINT('',(0.117543709876081,-0.0634882186637062,0.01951));
#3681=CARTESIAN_POINT('',(0.117543709876081,-0.0580603558333715,0.01951));
#3682=CARTESIAN_POINT('',(0.117543709876081,-0.068916081494041,0.01951));
#3683=CARTESIAN_POINT('',(0.112797496320745,-0.068916081494041,0.01951));
#3684=CARTESIAN_POINT('',(0.108051282765409,-0.068916081494041,0.01951));
#3685=CARTESIAN_POINT('',(0.108051282765409,-0.0674809096812683,0.01951));
#3686=CARTESIAN_POINT('',(0.108051282765409,-0.0660457378684955,0.01951));
#3687=CARTESIAN_POINT('',(0.110976548345825,-0.0660457378684955,0.01951));
#3688=CARTESIAN_POINT('',(0.113901813926241,-0.0660457378684955,0.01951));
#3689=CARTESIAN_POINT('',(0.113901813926241,-0.0655488027691322,0.01951));
#3690=CARTESIAN_POINT('',(0.113901813926241,-0.0650518676697689,0.01951));
#3691=CARTESIAN_POINT('',(0.110976548345825,-0.0650518676697689,0.01951));
#3692=CARTESIAN_POINT('',(0.108051282765409,-0.0650518676697689,0.01951));
#3693=CARTESIAN_POINT('',(0.108051282765409,-0.06360388830895,0.01951));
#3694=CARTESIAN_POINT('',(0.108051282765409,-0.0621559089481311,0.01951));
#3695=CARTESIAN_POINT('',(0.110976548345825,-0.0621559089481311,0.01951));
#3696=CARTESIAN_POINT('',(0.113901813926241,-0.0621559089481311,0.01951));
#3697=CARTESIAN_POINT('',(0.113901813926241,-0.0616203425883728,0.01951));
#3698=CARTESIAN_POINT('',(0.113901813926241,-0.0610847762286144,0.01951));
#3699=CARTESIAN_POINT('',(0.110976548345825,-0.0610847762286144,0.01951));
#3700=CARTESIAN_POINT('',(0.108051282765409,-0.0610847762286144,0.01951));
#3701=CARTESIAN_POINT('',(0.108051282765409,-0.0595725660309929,0.01951));
#3702=CARTESIAN_POINT('',(0.108051282765409,-0.0580603558333715,0.01951));
#3703=CARTESIAN_POINT('',(0.112797496320745,-0.0580603558333715,0.01951));
#3704=CARTESIAN_POINT('',(0.1285340487957,-0.06345702894032,0.01951));
#3705=CARTESIAN_POINT('',(0.1285340487957,-0.0580740086734295,0.01951));
#3706=CARTESIAN_POINT('',(0.1285340487957,-0.0688400492072104,0.01951));
#3707=CARTESIAN_POINT('',(0.123787835240364,-0.0688400492072104,0.01951));
#3708=CARTESIAN_POINT('',(0.119041621685028,-0.0688400492072104,0.01951));
#3709=CARTESIAN_POINT('',(0.119041621685028,-0.0673757120966911,0.01951));
#3710=CARTESIAN_POINT('',(0.119041621685028,-0.0659113749861717,0.01951));
#3711=CARTESIAN_POINT('',(0.121966887265444,-0.0659113749861717,0.01951));
#3712=CARTESIAN_POINT('',(0.124892152845859,-0.0659113749861717,0.01951));
#3713=CARTESIAN_POINT('',(0.124892152845859,-0.0654884465038776,0.01951));
#3714=CARTESIAN_POINT('',(0.124892152845859,-0.0650655180215836,0.01951));
#3715=CARTESIAN_POINT('',(0.121966887265444,-0.0650655180215836,0.01951));
#3716=CARTESIAN_POINT('',(0.119041621685028,-0.0650655180215836,0.01951));
#3717=CARTESIAN_POINT('',(0.119041621685028,-0.0636205058544874,0.01951));
#3718=CARTESIAN_POINT('',(0.119041621685028,-0.0621754936873913,0.01951));
#3719=CARTESIAN_POINT('',(0.121966887265444,-0.0621754936873913,0.01951));
#3720=CARTESIAN_POINT('',(0.124892152845859,-0.0621754936873913,0.01951));
#3721=CARTESIAN_POINT('',(0.124892152845859,-0.0616585779935122,0.01951));
#3722=CARTESIAN_POINT('',(0.124892152845859,-0.061141662299633,0.01951));
#3723=CARTESIAN_POINT('',(0.121966887265444,-0.061141662299633,0.01951));
#3724=CARTESIAN_POINT('',(0.119041621685028,-0.061141662299633,0.01951));
#3725=CARTESIAN_POINT('',(0.119041621685028,-0.0596078354865313,0.01951));
#3726=CARTESIAN_POINT('',(0.119041621685028,-0.0580740086734295,0.01951));
#3727=CARTESIAN_POINT('',(0.123787835240364,-0.0580740086734295,0.01951));
#3728=CARTESIAN_POINT('',(0.139280311763287,-0.0580740086734295,0.01951));
#3729=CARTESIAN_POINT('',(0.137473165988922,-0.0580740086734295,0.01951));
#3730=CARTESIAN_POINT('',(0.141087457537651,-0.0580740086734295,0.01951));
#3731=CARTESIAN_POINT('',(0.141087457537651,-0.06345702894032,0.01951));
#3732=CARTESIAN_POINT('',(0.141087457537651,-0.0688400492072104,0.01951));
#3733=CARTESIAN_POINT('',(0.137299403548241,-0.0688400492072104,0.01951));
#3734=CARTESIAN_POINT('',(0.13351134955883,-0.0688400492072104,0.01951));
#3735=CARTESIAN_POINT('',(0.13351134955883,-0.0688400492072104,0.01951));
#3736=CARTESIAN_POINT('',(0.132943191035361,-0.068828601848543,0.01951));
#3737=CARTESIAN_POINT('',(0.131719908112904,-0.0690053912585071,0.01951));
#3738=CARTESIAN_POINT('',(0.129804722949954,-0.0673215222794497,0.01951));
#3739=CARTESIAN_POINT('',(0.129895958872607,-0.0653666167971607,0.01951));
#3740=CARTESIAN_POINT('',(0.129932085223431,-0.063709112198112,0.01951));
#3741=CARTESIAN_POINT('',(0.131270672226107,-0.0628860456753796,0.01951));
#3742=CARTESIAN_POINT('',(0.132016077637672,-0.0624269470572472,0.01951));
#3743=CARTESIAN_POINT('',(0.132016077637672,-0.0624269470572472,0.01951));
#3744=CARTESIAN_POINT('',(0.130675580261466,-0.0602504778653384,0.01951));
#3745=CARTESIAN_POINT('',(0.12933508288526,-0.0580740086734295,0.01951));
#3746=CARTESIAN_POINT('',(0.131436455903766,-0.0580740086734295,0.01951));
#3747=CARTESIAN_POINT('',(0.133537828922272,-0.0580740086734295,0.01951));
#3748=CARTESIAN_POINT('',(0.134692117571831,-0.0600883737206459,0.01951));
#3749=CARTESIAN_POINT('',(0.13584640622139,-0.0621027387678623,0.01951));
#3750=CARTESIAN_POINT('',(0.136659786105156,-0.0621027387678623,0.01951));
#3751=CARTESIAN_POINT('',(0.137473165988922,-0.0621027387678623,0.01951));
#3752=CARTESIAN_POINT('',(0.137473165988922,-0.0600883737206459,0.01951));
#3753=CARTESIAN_POINT('',(0.149992787364449,-0.0580740086734295,0.01951));
#3754=CARTESIAN_POINT('',(0.148165136575699,-0.0580740086734295,0.01951));
#3755=CARTESIAN_POINT('',(0.1518204381532,-0.0580740086734295,0.01951));
#3756=CARTESIAN_POINT('',(0.1518204381532,-0.06345702894032,0.01951));
#3757=CARTESIAN_POINT('',(0.1518204381532,-0.0688400492072104,0.01951));
#3758=CARTESIAN_POINT('',(0.147085295144047,-0.0688400492072104,0.01951));
#3759=CARTESIAN_POINT('',(0.142350152134895,-0.0688400492072104,0.01951));
#3760=CARTESIAN_POINT('',(0.142350152134895,-0.067377995699644,0.01951));
#3761=CARTESIAN_POINT('',(0.142350152134895,-0.0659159421920776,0.01951));
#3762=CARTESIAN_POINT('',(0.145207807421684,-0.0659159421920776,0.01951));
#3763=CARTESIAN_POINT('',(0.148065462708473,-0.0659159421920776,0.01951));
#3764=CARTESIAN_POINT('',(0.148065462708473,-0.0655172020196915,0.01951));
#3765=CARTESIAN_POINT('',(0.148065462708473,-0.0651184618473053,0.01951));
#3766=CARTESIAN_POINT('',(0.145207807421684,-0.0651184618473053,0.01951));
#3767=CARTESIAN_POINT('',(0.142350152134895,-0.0651184618473053,0.01951));
#3768=CARTESIAN_POINT('',(0.142350152134895,-0.0636397916823626,0.01951));
#3769=CARTESIAN_POINT('',(0.142350152134895,-0.0621611215174198,0.01951));
#3770=CARTESIAN_POINT('',(0.145257644355297,-0.0621611215174198,0.01951));
#3771=CARTESIAN_POINT('',(0.148165136575699,-0.0621611215174198,0.01951));
#3772=CARTESIAN_POINT('',(0.148165136575699,-0.0601175650954247,0.01951));
#3773=CARTESIAN_POINT('',(-0.138625,-0.0649433048124385,0.01951));
#3774=CARTESIAN_POINT('',(-0.138625,-0.0689433048124385,0.01951));
#3775=CARTESIAN_POINT('',(-0.138625,-0.0609433048124385,0.01951));
#3776=CARTESIAN_POINT('',(-0.138875,-0.0689433048124385,0.01951));
#3777=CARTESIAN_POINT('',(-0.147125,-0.0689433048124385,0.01951));
#3778=CARTESIAN_POINT('',(-0.147125,-0.0649433048124385,0.01951));
#3779=CARTESIAN_POINT('',(-0.147125,-0.0609433048124385,0.01951));
#3780=CARTESIAN_POINT('',(-0.142875,-0.0609433048124385,0.01951));
#3781=CARTESIAN_POINT('',(-0.1524,0.0045125,0.01951));
#3782=CARTESIAN_POINT('',(-0.1524,-0.03150625,0.01951));
#3783=CARTESIAN_POINT('',(-0.1524,-0.03150625,0.01751));
#3784=CARTESIAN_POINT('',(-0.1524,-0.05050625,0.01951));
#3785=CARTESIAN_POINT('',(-0.1524,0.0683837228130587,0.01801));
#3786=CARTESIAN_POINT('',(-0.1524,-0.02670625,0.01951));
#3787=CARTESIAN_POINT('',(-0.1524,-0.02670625,0.01751));
#3788=CARTESIAN_POINT('',(-0.1524,-0.02910625,0.01751));
#3789=CARTESIAN_POINT('',(0.,-0.05050625,0.01951));
#3790=CARTESIAN_POINT('',(0.1334,-0.05050625,0.01951));
#3791=CARTESIAN_POINT('',(0.1334,-0.05050625,0.01751));
#3792=CARTESIAN_POINT('',(0.1524,-0.05050625,0.01951));
#3793=CARTESIAN_POINT('',(-0.1336,-0.05050625,0.01951));
#3794=CARTESIAN_POINT('',(-0.1336,-0.05050625,0.01751));
#3795=CARTESIAN_POINT('',(-0.1288,-0.05050625,0.01751));
#3796=CARTESIAN_POINT('',(-0.124,-0.05050625,0.01751));
#3797=CARTESIAN_POINT('',(-0.124,-0.05050625,0.01951));
#3798=CARTESIAN_POINT('',(-0.0478,-0.05050625,0.01951));
#3799=CARTESIAN_POINT('',(-0.0478,-0.05050625,0.01751));
#3800=CARTESIAN_POINT('',(-0.043,-0.05050625,0.01751));
#3801=CARTESIAN_POINT('',(-0.0382,-0.05050625,0.01751));
#3802=CARTESIAN_POINT('',(-0.0382,-0.05050625,0.01951));
#3803=CARTESIAN_POINT('',(0.038,-0.05050625,0.01951));
#3804=CARTESIAN_POINT('',(0.038,-0.05050625,0.01751));
#3805=CARTESIAN_POINT('',(0.0428,-0.05050625,0.01751));
#3806=CARTESIAN_POINT('',(0.0476,-0.05050625,0.01751));
#3807=CARTESIAN_POINT('',(0.0476,-0.05050625,0.01951));
#3808=CARTESIAN_POINT('',(0.1238,-0.05050625,0.01951));
#3809=CARTESIAN_POINT('',(0.1238,-0.05050625,0.01751));
#3810=CARTESIAN_POINT('',(0.1286,-0.05050625,0.01751));
#3811=CARTESIAN_POINT('',(0.1524,0.0045125,0.01951));
#3812=CARTESIAN_POINT('',(0.1524,-0.02670625,0.01951));
#3813=CARTESIAN_POINT('',(0.1524,-0.02670625,0.01751));
#3814=CARTESIAN_POINT('',(0.1524,0.0683837228130587,0.01801));
#3815=CARTESIAN_POINT('',(0.1524,-0.03150625,0.01951));
#3816=CARTESIAN_POINT('',(0.1524,-0.03150625,0.01751));
#3817=CARTESIAN_POINT('',(0.1524,-0.02910625,0.01751));
#3818=CARTESIAN_POINT('',(-0.1576625,-0.010965625,0.01951));
#3819=CARTESIAN_POINT('',(-0.1576625,0.0814625,0.01951));
#3820=CARTESIAN_POINT('',(-0.1576625,-0.0814625,0.01951));
#3821=CARTESIAN_POINT('',(0.,-0.0814625,0.01951));
#3822=CARTESIAN_POINT('',(0.1576625,-0.0814625,0.01951));
#3823=CARTESIAN_POINT('',(0.1576625,-0.010965625,0.01951));
#3824=CARTESIAN_POINT('',(0.1576625,0.0814625,0.01951));
#3825=CARTESIAN_POINT('',(5.55111512312578E-17,0.0814625,0.01951));
#3826=CARTESIAN_POINT('',(-0.152402,0.0683837228130587,0.01801));
#3827=CARTESIAN_POINT('',(-0.08565,0.0683837228130587,0.01651));
#3828=CARTESIAN_POINT('',(-0.08565,0.0683837228130587,0.01651));
#3829=CARTESIAN_POINT('',(-0.152402,0.0683837228130587,0.01651));
#3830=CARTESIAN_POINT('',(-0.09525,0.0683837228130587,0.01651));
#3831=CARTESIAN_POINT('',(-0.09525,0.0683837228130587,0.01651));
#3832=CARTESIAN_POINT('',(0.1334,-0.04100625,0.01951));
#3833=CARTESIAN_POINT('',(0.1334,-0.04100625,0.01751));
#3834=CARTESIAN_POINT('',(0.1334,-0.03150625,0.01751));
#3835=CARTESIAN_POINT('',(0.1334,-0.03150625,0.01951));
#3836=CARTESIAN_POINT('',(0.1429,-0.03150625,0.01951));
#3837=CARTESIAN_POINT('',(0.1429,-0.03150625,0.01751));
#3838=CARTESIAN_POINT('',(0.0889341317331679,-0.02670625,0.01951));
#3839=CARTESIAN_POINT('',(0.0889341317331679,-0.02670625,0.01751));
#3840=CARTESIAN_POINT('',(-0.143,-0.03150625,0.01951));
#3841=CARTESIAN_POINT('',(-0.143,-0.03150625,0.01751));
#3842=CARTESIAN_POINT('',(-0.1336,-0.03150625,0.01751));
#3843=CARTESIAN_POINT('',(-0.1336,-0.03150625,0.01951));
#3844=CARTESIAN_POINT('',(-0.1336,-0.04100625,0.01951));
#3845=CARTESIAN_POINT('',(-0.1336,-0.04100625,0.01751));
#3846=CARTESIAN_POINT('',(-0.124,-0.04100625,0.01951));
#3847=CARTESIAN_POINT('',(-0.124,-0.04100625,0.01751));
#3848=CARTESIAN_POINT('',(-0.124,-0.03150625,0.01751));
#3849=CARTESIAN_POINT('',(-0.124,-0.03150625,0.01951));
#3850=CARTESIAN_POINT('',(-0.0859,-0.03150625,0.01951));
#3851=CARTESIAN_POINT('',(-0.0859,-0.03150625,0.01751));
#3852=CARTESIAN_POINT('',(-0.0478,-0.03150625,0.01751));
#3853=CARTESIAN_POINT('',(-0.0478,-0.03150625,0.01951));
#3854=CARTESIAN_POINT('',(-0.0478,-0.04100625,0.01951));
#3855=CARTESIAN_POINT('',(-0.0478,-0.04100625,0.01751));
#3856=CARTESIAN_POINT('',(-0.0382,-0.04100625,0.01951));
#3857=CARTESIAN_POINT('',(-0.0382,-0.04100625,0.01751));
#3858=CARTESIAN_POINT('',(-0.0382,-0.03150625,0.01751));
#3859=CARTESIAN_POINT('',(-0.0382,-0.03150625,0.01951));
#3860=CARTESIAN_POINT('',(-0.00687218906445478,-0.03150625,0.01951));
#3861=CARTESIAN_POINT('',(-0.00687218906445478,-0.03150625,0.01751));
#3862=CARTESIAN_POINT('',(0.038,-0.03150625,0.01751));
#3863=CARTESIAN_POINT('',(0.038,-0.03150625,0.01951));
#3864=CARTESIAN_POINT('',(0.038,-0.04100625,0.01951));
#3865=CARTESIAN_POINT('',(0.038,-0.04100625,0.01751));
#3866=CARTESIAN_POINT('',(0.0476,-0.04100625,0.01951));
#3867=CARTESIAN_POINT('',(0.0476,-0.04100625,0.01751));
#3868=CARTESIAN_POINT('',(0.0476,-0.03150625,0.01751));
#3869=CARTESIAN_POINT('',(0.0476,-0.03150625,0.01951));
#3870=CARTESIAN_POINT('',(0.0857,-0.03150625,0.01951));
#3871=CARTESIAN_POINT('',(0.0857,-0.03150625,0.01751));
#3872=CARTESIAN_POINT('',(0.1238,-0.03150625,0.01751));
#3873=CARTESIAN_POINT('',(0.1238,-0.03150625,0.01951));
#3874=CARTESIAN_POINT('',(0.1238,-0.04100625,0.01951));
#3875=CARTESIAN_POINT('',(0.1238,-0.04100625,0.01751));
#3876=CARTESIAN_POINT('',(0.,0.,0.01751));
#3877=CARTESIAN_POINT('',(-0.09525,0.0588837228130587,0.01651));
#3878=CARTESIAN_POINT('',(-0.09525,0.0588837228130587,0.01651));
#3879=CARTESIAN_POINT('',(-0.09525,0.0493837228130587,0.01651));
#3880=CARTESIAN_POINT('',(-0.09525,0.0493837228130587,0.01651));
#3881=CARTESIAN_POINT('',(-0.09045,0.0493837228130587,0.01651));
#3882=CARTESIAN_POINT('',(-0.09045,0.0493837228130587,0.01651));
#3883=CARTESIAN_POINT('',(-0.08565,0.0493837228130587,0.01651));
#3884=CARTESIAN_POINT('',(-0.08565,0.0493837228130587,0.01651));
#3885=CARTESIAN_POINT('',(-0.08565,0.0588837228130587,0.01651));
#3886=CARTESIAN_POINT('',(-0.08565,0.0588837228130587,0.01651));
#3887=CARTESIAN_POINT('',(2.77555756156289E-17,0.,0.01651));
#3888=CARTESIAN_POINT('',(0.0552024472430488,-0.0689433048124385,0.01451));
#3889=CARTESIAN_POINT('',(0.0586819662043798,-0.0689433048124385,0.01451));
#3890=CARTESIAN_POINT('',(0.0517229282817178,-0.0689433048124385,0.01451));
#3891=CARTESIAN_POINT('',(0.0586819662043798,-0.0634708905901438,0.01451));
#3892=CARTESIAN_POINT('',(0.0586819662043798,-0.0579984763678492,0.01451));
#3893=CARTESIAN_POINT('',(0.0554277403766072,-0.0579984763678492,0.01451));
#3894=CARTESIAN_POINT('',(0.0521735145488347,-0.0579984763678492,0.01451));
#3895=CARTESIAN_POINT('',(0.0517229282817178,-0.0689433048124385,0.01451));
#3896=CARTESIAN_POINT('',(0.0517229282817178,-0.0689433048124385,0.01951));
#3897=CARTESIAN_POINT('',(0.0509667081732005,-0.0688039813910657,0.01451));
#3898=CARTESIAN_POINT('',(0.0509667081732005,-0.0688039813910657,0.01951));
#3899=CARTESIAN_POINT('',(0.0494272613593008,-0.0685203589447458,0.01451));
#3900=CARTESIAN_POINT('',(0.0494272613593008,-0.0685203589447458,0.01951));
#3901=CARTESIAN_POINT('',(0.0475033760852707,-0.0667422148480546,0.01451));
#3902=CARTESIAN_POINT('',(0.0475033760852707,-0.0667422148480546,0.01951));
#3903=CARTESIAN_POINT('',(0.0465574229004311,-0.0640607956123553,0.01451));
#3904=CARTESIAN_POINT('',(0.0465574229004311,-0.0640607956123553,0.01951));
#3905=CARTESIAN_POINT('',(0.0474496401994051,-0.0605400904987865,0.01451));
#3906=CARTESIAN_POINT('',(0.0474496401994051,-0.0605400904987865,0.01951));
#3907=CARTESIAN_POINT('',(0.0489177837317991,-0.0592626985332515,0.01451));
#3908=CARTESIAN_POINT('',(0.0489177837317991,-0.0592626985332515,0.01951));
#3909=CARTESIAN_POINT('',(0.0509772916715304,-0.0580845383039201,0.01451));
#3910=CARTESIAN_POINT('',(0.0509772916715304,-0.0580845383039201,0.01951));
#3911=CARTESIAN_POINT('',(0.0518221595607742,-0.0580237545088164,0.01451));
#3912=CARTESIAN_POINT('',(0.0518221595607742,-0.0580237545088164,0.01951));
#3913=CARTESIAN_POINT('',(0.0521735145488347,-0.0579984763678492,0.01451));
#3914=CARTESIAN_POINT('',(0.0521735145488347,-0.0579984763678492,0.01951));
#3915=CARTESIAN_POINT('',(0.0710509983587264,-0.0634598835784196,0.01451));
#3916=CARTESIAN_POINT('',(0.0710509983587264,-0.0580768633115291,0.01451));
#3917=CARTESIAN_POINT('',(0.0710509983587264,-0.0688429038453101,0.01451));
#3918=CARTESIAN_POINT('',(0.069243852584362,-0.0580768633115291,0.01451));
#3919=CARTESIAN_POINT('',(0.0674367068099975,-0.0580768633115291,0.01451));
#3920=CARTESIAN_POINT('',(0.0674367068099975,-0.0600912283587455,0.01451));
#3921=CARTESIAN_POINT('',(0.0674367068099975,-0.062105593405962,0.01451));
#3922=CARTESIAN_POINT('',(0.0666233269262313,-0.062105593405962,0.01451));
#3923=CARTESIAN_POINT('',(0.0658099470424652,-0.062105593405962,0.01451));
#3924=CARTESIAN_POINT('',(0.0646556583929061,-0.0600912283587455,0.01451));
#3925=CARTESIAN_POINT('',(0.0635013697433471,-0.0580768633115291,0.01451));
#3926=CARTESIAN_POINT('',(0.0613999967248413,-0.0580768633115291,0.01451));
#3927=CARTESIAN_POINT('',(0.0592986237063355,-0.0580768633115291,0.01451));
#3928=CARTESIAN_POINT('',(0.0606391210825416,-0.060253332503438,0.01451));
#3929=CARTESIAN_POINT('',(0.0619796184587478,-0.0624298016953468,0.01451));
#3930=CARTESIAN_POINT('',(0.0634748903799056,-0.0688429038453101,0.01451));
#3931=CARTESIAN_POINT('',(0.0634748903799056,-0.0688429038453101,0.01951));
#3932=CARTESIAN_POINT('',(0.0631008971650416,-0.0688353685637066,0.01451));
#3933=CARTESIAN_POINT('',(0.0631008971650416,-0.0688353685637066,0.01951));
#3934=CARTESIAN_POINT('',(0.0625369827665519,-0.0688851117454104,0.01451));
#3935=CARTESIAN_POINT('',(0.0625369827665519,-0.0688851117454104,0.01951));
#3936=CARTESIAN_POINT('',(0.0617706129246746,-0.0687484905840073,0.01451));
#3937=CARTESIAN_POINT('',(0.0617706129246746,-0.0687484905840073,0.01951));
#3938=CARTESIAN_POINT('',(0.060993113268309,-0.0683647032587442,0.01451));
#3939=CARTESIAN_POINT('',(0.060993113268309,-0.0683647032587442,0.01951));
#3940=CARTESIAN_POINT('',(0.0601180905601835,-0.0675234833842966,0.01451));
#3941=CARTESIAN_POINT('',(0.0601180905601835,-0.0675234833842966,0.01951));
#3942=CARTESIAN_POINT('',(0.0597924452006123,-0.0663212596299283,0.01451));
#3943=CARTESIAN_POINT('',(0.0597924452006123,-0.0663212596299283,0.01951));
#3944=CARTESIAN_POINT('',(0.0598635211604756,-0.0651329403368718,0.01451));
#3945=CARTESIAN_POINT('',(0.0598635211604756,-0.0651329403368718,0.01951));
#3946=CARTESIAN_POINT('',(0.0599137104239241,-0.0640854280518441,0.01451));
#3947=CARTESIAN_POINT('',(0.0599137104239241,-0.0640854280518441,0.01951));
#3948=CARTESIAN_POINT('',(0.0607075445829662,-0.063208052014004,0.01451));
#3949=CARTESIAN_POINT('',(0.0607075445829662,-0.063208052014004,0.01951));
#3950=CARTESIAN_POINT('',(0.061557402254213,-0.0626898465958098,0.01451));
#3951=CARTESIAN_POINT('',(0.061557402254213,-0.0626898465958098,0.01951));
#3952=CARTESIAN_POINT('',(0.0619796184587478,-0.0624298016953468,0.01451));
#3953=CARTESIAN_POINT('',(0.0619796184587478,-0.0624298016953468,0.01951));
#3954=CARTESIAN_POINT('',(0.0634748903799056,-0.0688429038453101,0.01451));
#3955=CARTESIAN_POINT('',(0.067262944369316,-0.0688429038453101,0.01451));
#3956=CARTESIAN_POINT('',(0.089011507352547,-0.0635280017927673,0.01451));
#3957=CARTESIAN_POINT('',(0.0776322802171162,-0.068916081494041,0.01451));
#3958=CARTESIAN_POINT('',(0.0804256839633177,-0.068916081494041,0.01451));
#3959=CARTESIAN_POINT('',(0.0748388764709146,-0.068916081494041,0.01451));
#3960=CARTESIAN_POINT('',(0.082067362788497,-0.0634776550881386,0.01451));
#3961=CARTESIAN_POINT('',(0.0837090416136764,-0.0580392286822361,0.01451));
#3962=CARTESIAN_POINT('',(0.0817474658139231,-0.0580729952443487,0.01451));
#3963=CARTESIAN_POINT('',(0.0797858900141698,-0.0581067618064613,0.01451));
#3964=CARTESIAN_POINT('',(0.0796360977141755,-0.0586818051206987,0.01451));
#3965=CARTESIAN_POINT('',(0.0794863054141813,-0.0592568484349361,0.01451));
#3966=CARTESIAN_POINT('',(0.0776323468999182,-0.0592568484349361,0.01451));
#3967=CARTESIAN_POINT('',(0.0757783883856552,-0.0592568484349361,0.01451));
#3968=CARTESIAN_POINT('',(0.0755706866765565,-0.0586659337116269,0.01451));
#3969=CARTESIAN_POINT('',(0.0753629849674578,-0.0580750189883178,0.01451));
#3970=CARTESIAN_POINT('',(0.0735059595614315,-0.058092227917402,0.01451));
#3971=CARTESIAN_POINT('',(0.0716489341554053,-0.0581094368464863,0.01451));
#3972=CARTESIAN_POINT('',(0.07324390531316,-0.0635127591702637,0.01451));
#3973=CARTESIAN_POINT('',(0.10291067445945,-0.068916081494041,0.01451));
#3974=CARTESIAN_POINT('',(0.1066950915038,-0.068916081494041,0.01451));
#3975=CARTESIAN_POINT('',(0.0991262574150992,-0.068916081494041,0.01451));
#3976=CARTESIAN_POINT('',(0.1066950915038,-0.0634882186637062,0.01451));
#3977=CARTESIAN_POINT('',(0.1066950915038,-0.0580603558333715,0.01451));
#3978=CARTESIAN_POINT('',(0.10291067445945,-0.0580603558333715,0.01451));
#3979=CARTESIAN_POINT('',(0.0991262574150992,-0.0580603558333715,0.01451));
#3980=CARTESIAN_POINT('',(0.0991262574150992,-0.0580603558333715,0.01451));
#3981=CARTESIAN_POINT('',(0.0991262574150992,-0.0580603558333715,0.01951));
#3982=CARTESIAN_POINT('',(0.0981391156089714,-0.0582366429389093,0.01451));
#3983=CARTESIAN_POINT('',(0.0981391156089714,-0.0582366429389093,0.01951));
#3984=CARTESIAN_POINT('',(0.0966564186129173,-0.0584817826830501,0.01451));
#3985=CARTESIAN_POINT('',(0.0966564186129173,-0.0584817826830501,0.01951));
#3986=CARTESIAN_POINT('',(0.0956633040237268,-0.0597333667483496,0.01451));
#3987=CARTESIAN_POINT('',(0.0956633040237268,-0.0597333667483496,0.01951));
#3988=CARTESIAN_POINT('',(0.0953831808115951,-0.0609597926436283,0.01451));
#3989=CARTESIAN_POINT('',(0.0953831808115951,-0.0609597926436283,0.01951));
#3990=CARTESIAN_POINT('',(0.0954371540635168,-0.0621173712708881,0.01451));
#3991=CARTESIAN_POINT('',(0.0954371540635168,-0.0621173712708881,0.01951));
#3992=CARTESIAN_POINT('',(0.0956564810316135,-0.0629005682953971,0.01451));
#3993=CARTESIAN_POINT('',(0.0956564810316135,-0.0629005682953971,0.01951));
#3994=CARTESIAN_POINT('',(0.0958615619433929,-0.0633572928995457,0.01451));
#3995=CARTESIAN_POINT('',(0.0958615619433929,-0.0633572928995457,0.01951));
#3996=CARTESIAN_POINT('',(0.0960023200803786,-0.0635594457732763,0.01451));
#3997=CARTESIAN_POINT('',(0.0960023200803786,-0.0635594457732763,0.01951));
#3998=CARTESIAN_POINT('',(0.096074146648382,-0.0636155195309579,0.01451));
#3999=CARTESIAN_POINT('',(0.096074146648382,-0.0636155195309579,0.01951));
#4000=CARTESIAN_POINT('',(0.0959188170705271,-0.0638391864287299,0.01451));
#4001=CARTESIAN_POINT('',(0.0959188170705271,-0.0638391864287299,0.01951));
#4002=CARTESIAN_POINT('',(0.0957307624741347,-0.0641518533051759,0.01451));
#4003=CARTESIAN_POINT('',(0.0957307624741347,-0.0641518533051759,0.01951));
#4004=CARTESIAN_POINT('',(0.0955252050717003,-0.0646692337330101,0.01451));
#4005=CARTESIAN_POINT('',(0.0955252050717003,-0.0646692337330101,0.01951));
#4006=CARTESIAN_POINT('',(0.0953860476301538,-0.065462582770788,0.01451));
#4007=CARTESIAN_POINT('',(0.0953860476301538,-0.065462582770788,0.01951));
#4008=CARTESIAN_POINT('',(0.0955080039218907,-0.066510638229543,0.01451));
#4009=CARTESIAN_POINT('',(0.0955080039218907,-0.066510638229543,0.01951));
#4010=CARTESIAN_POINT('',(0.0959060297350148,-0.0674840891813141,0.01451));
#4011=CARTESIAN_POINT('',(0.0959060297350148,-0.0674840891813141,0.01951));
#4012=CARTESIAN_POINT('',(0.096544340092347,-0.0682549440111873,0.01451));
#4013=CARTESIAN_POINT('',(0.096544340092347,-0.0682549440111873,0.01951));
#4014=CARTESIAN_POINT('',(0.0976447098575782,-0.0688809936427963,0.01451));
#4015=CARTESIAN_POINT('',(0.0976447098575782,-0.0688809936427963,0.01951));
#4016=CARTESIAN_POINT('',(0.0985385259410824,-0.0689100778276452,0.01451));
#4017=CARTESIAN_POINT('',(0.0985385259410824,-0.0689100778276452,0.01951));
#4018=CARTESIAN_POINT('',(0.0991262574150992,-0.068916081494041,0.01451));
#4019=CARTESIAN_POINT('',(0.0991262574150992,-0.068916081494041,0.01951));
#4020=CARTESIAN_POINT('',(0.112797496320745,-0.068916081494041,0.01451));
#4021=CARTESIAN_POINT('',(0.117543709876081,-0.068916081494041,0.01451));
#4022=CARTESIAN_POINT('',(0.108051282765409,-0.068916081494041,0.01451));
#4023=CARTESIAN_POINT('',(0.117543709876081,-0.0634882186637062,0.01451));
#4024=CARTESIAN_POINT('',(0.117543709876081,-0.0580603558333715,0.01451));
#4025=CARTESIAN_POINT('',(0.112797496320745,-0.0580603558333715,0.01451));
#4026=CARTESIAN_POINT('',(0.108051282765409,-0.0580603558333715,0.01451));
#4027=CARTESIAN_POINT('',(0.108051282765409,-0.0595725660309929,0.01451));
#4028=CARTESIAN_POINT('',(0.108051282765409,-0.0610847762286144,0.01451));
#4029=CARTESIAN_POINT('',(0.110976548345825,-0.0610847762286144,0.01451));
#4030=CARTESIAN_POINT('',(0.113901813926241,-0.0610847762286144,0.01451));
#4031=CARTESIAN_POINT('',(0.113901813926241,-0.0616203425883728,0.01451));
#4032=CARTESIAN_POINT('',(0.113901813926241,-0.0621559089481311,0.01451));
#4033=CARTESIAN_POINT('',(0.110976548345825,-0.0621559089481311,0.01451));
#4034=CARTESIAN_POINT('',(0.108051282765409,-0.0621559089481311,0.01451));
#4035=CARTESIAN_POINT('',(0.108051282765409,-0.06360388830895,0.01451));
#4036=CARTESIAN_POINT('',(0.108051282765409,-0.0650518676697689,0.01451));
#4037=CARTESIAN_POINT('',(0.110976548345825,-0.0650518676697689,0.01451));
#4038=CARTESIAN_POINT('',(0.113901813926241,-0.0650518676697689,0.01451));
#4039=CARTESIAN_POINT('',(0.113901813926241,-0.0655488027691322,0.01451));
#4040=CARTESIAN_POINT('',(0.113901813926241,-0.0660457378684955,0.01451));
#4041=CARTESIAN_POINT('',(0.110976548345825,-0.0660457378684955,0.01451));
#4042=CARTESIAN_POINT('',(0.108051282765409,-0.0660457378684955,0.01451));
#4043=CARTESIAN_POINT('',(0.108051282765409,-0.0674809096812683,0.01451));
#4044=CARTESIAN_POINT('',(0.123787835240364,-0.0688400492072104,0.01451));
#4045=CARTESIAN_POINT('',(0.1285340487957,-0.0688400492072104,0.01451));
#4046=CARTESIAN_POINT('',(0.119041621685028,-0.0688400492072104,0.01451));
#4047=CARTESIAN_POINT('',(0.1285340487957,-0.06345702894032,0.01451));
#4048=CARTESIAN_POINT('',(0.1285340487957,-0.0580740086734295,0.01451));
#4049=CARTESIAN_POINT('',(0.123787835240364,-0.0580740086734295,0.01451));
#4050=CARTESIAN_POINT('',(0.119041621685028,-0.0580740086734295,0.01451));
#4051=CARTESIAN_POINT('',(0.119041621685028,-0.0596078354865313,0.01451));
#4052=CARTESIAN_POINT('',(0.119041621685028,-0.061141662299633,0.01451));
#4053=CARTESIAN_POINT('',(0.121966887265444,-0.061141662299633,0.01451));
#4054=CARTESIAN_POINT('',(0.124892152845859,-0.061141662299633,0.01451));
#4055=CARTESIAN_POINT('',(0.124892152845859,-0.0616585779935122,0.01451));
#4056=CARTESIAN_POINT('',(0.124892152845859,-0.0621754936873913,0.01451));
#4057=CARTESIAN_POINT('',(0.121966887265444,-0.0621754936873913,0.01451));
#4058=CARTESIAN_POINT('',(0.119041621685028,-0.0621754936873913,0.01451));
#4059=CARTESIAN_POINT('',(0.119041621685028,-0.0636205058544874,0.01451));
#4060=CARTESIAN_POINT('',(0.119041621685028,-0.0650655180215836,0.01451));
#4061=CARTESIAN_POINT('',(0.121966887265444,-0.0650655180215836,0.01451));
#4062=CARTESIAN_POINT('',(0.124892152845859,-0.0650655180215836,0.01451));
#4063=CARTESIAN_POINT('',(0.124892152845859,-0.0654884465038776,0.01451));
#4064=CARTESIAN_POINT('',(0.124892152845859,-0.0659113749861717,0.01451));
#4065=CARTESIAN_POINT('',(0.121966887265444,-0.0659113749861717,0.01451));
#4066=CARTESIAN_POINT('',(0.119041621685028,-0.0659113749861717,0.01451));
#4067=CARTESIAN_POINT('',(0.119041621685028,-0.0673757120966911,0.01451));
#4068=CARTESIAN_POINT('',(0.141087457537651,-0.06345702894032,0.01451));
#4069=CARTESIAN_POINT('',(0.141087457537651,-0.0580740086734295,0.01451));
#4070=CARTESIAN_POINT('',(0.141087457537651,-0.0688400492072104,0.01451));
#4071=CARTESIAN_POINT('',(0.139280311763287,-0.0580740086734295,0.01451));
#4072=CARTESIAN_POINT('',(0.137473165988922,-0.0580740086734295,0.01451));
#4073=CARTESIAN_POINT('',(0.137473165988922,-0.0600883737206459,0.01451));
#4074=CARTESIAN_POINT('',(0.137473165988922,-0.0621027387678623,0.01451));
#4075=CARTESIAN_POINT('',(0.136659786105156,-0.0621027387678623,0.01451));
#4076=CARTESIAN_POINT('',(0.13584640622139,-0.0621027387678623,0.01451));
#4077=CARTESIAN_POINT('',(0.134692117571831,-0.0600883737206459,0.01451));
#4078=CARTESIAN_POINT('',(0.133537828922272,-0.0580740086734295,0.01451));
#4079=CARTESIAN_POINT('',(0.131436455903766,-0.0580740086734295,0.01451));
#4080=CARTESIAN_POINT('',(0.12933508288526,-0.0580740086734295,0.01451));
#4081=CARTESIAN_POINT('',(0.130675580261466,-0.0602504778653384,0.01451));
#4082=CARTESIAN_POINT('',(0.132016077637672,-0.0624269470572472,0.01451));
#4083=CARTESIAN_POINT('',(0.13351134955883,-0.0688400492072104,0.01451));
#4084=CARTESIAN_POINT('',(0.13351134955883,-0.0688400492072104,0.01951));
#4085=CARTESIAN_POINT('',(0.133137356343966,-0.068832513925607,0.01451));
#4086=CARTESIAN_POINT('',(0.133137356343966,-0.068832513925607,0.01951));
#4087=CARTESIAN_POINT('',(0.132573441945476,-0.0688822571073108,0.01451));
#4088=CARTESIAN_POINT('',(0.132573441945476,-0.0688822571073108,0.01951));
#4089=CARTESIAN_POINT('',(0.131807072103599,-0.0687456359459077,0.01451));
#4090=CARTESIAN_POINT('',(0.131807072103599,-0.0687456359459077,0.01951));
#4091=CARTESIAN_POINT('',(0.131029572447234,-0.0683618486206446,0.01451));
#4092=CARTESIAN_POINT('',(0.131029572447234,-0.0683618486206446,0.01951));
#4093=CARTESIAN_POINT('',(0.130154549739108,-0.067520628746197,0.01451));
#4094=CARTESIAN_POINT('',(0.130154549739108,-0.067520628746197,0.01951));
#4095=CARTESIAN_POINT('',(0.129828904379537,-0.0663184049918287,0.01451));
#4096=CARTESIAN_POINT('',(0.129828904379537,-0.0663184049918287,0.01951));
#4097=CARTESIAN_POINT('',(0.1298999803394,-0.0651300856987722,0.01451));
#4098=CARTESIAN_POINT('',(0.1298999803394,-0.0651300856987722,0.01951));
#4099=CARTESIAN_POINT('',(0.129950169602849,-0.0640825734137445,0.01451));
#4100=CARTESIAN_POINT('',(0.129950169602849,-0.0640825734137445,0.01951));
#4101=CARTESIAN_POINT('',(0.130744003761891,-0.0632051973759044,0.01451));
#4102=CARTESIAN_POINT('',(0.130744003761891,-0.0632051973759044,0.01951));
#4103=CARTESIAN_POINT('',(0.131593861433138,-0.0626869919577102,0.01451));
#4104=CARTESIAN_POINT('',(0.131593861433138,-0.0626869919577102,0.01951));
#4105=CARTESIAN_POINT('',(0.132016077637672,-0.0624269470572472,0.01451));
#4106=CARTESIAN_POINT('',(0.132016077637672,-0.0624269470572472,0.01951));
#4107=CARTESIAN_POINT('',(0.13351134955883,-0.0688400492072104,0.01451));
#4108=CARTESIAN_POINT('',(0.137299403548241,-0.0688400492072104,0.01451));
#4109=CARTESIAN_POINT('',(0.1518204381532,-0.06345702894032,0.01451));
#4110=CARTESIAN_POINT('',(0.1518204381532,-0.0580740086734295,0.01451));
#4111=CARTESIAN_POINT('',(0.1518204381532,-0.0688400492072104,0.01451));
#4112=CARTESIAN_POINT('',(0.149992787364449,-0.0580740086734295,0.01451));
#4113=CARTESIAN_POINT('',(0.148165136575699,-0.0580740086734295,0.01451));
#4114=CARTESIAN_POINT('',(0.148165136575699,-0.0601175650954247,0.01451));
#4115=CARTESIAN_POINT('',(0.148165136575699,-0.0621611215174198,0.01451));
#4116=CARTESIAN_POINT('',(0.145257644355297,-0.0621611215174198,0.01451));
#4117=CARTESIAN_POINT('',(0.142350152134895,-0.0621611215174198,0.01451));
#4118=CARTESIAN_POINT('',(0.142350152134895,-0.0636397916823626,0.01451));
#4119=CARTESIAN_POINT('',(0.142350152134895,-0.0651184618473053,0.01451));
#4120=CARTESIAN_POINT('',(0.145207807421684,-0.0651184618473053,0.01451));
#4121=CARTESIAN_POINT('',(0.148065462708473,-0.0651184618473053,0.01451));
#4122=CARTESIAN_POINT('',(0.148065462708473,-0.0655172020196915,0.01451));
#4123=CARTESIAN_POINT('',(0.148065462708473,-0.0659159421920776,0.01451));
#4124=CARTESIAN_POINT('',(0.145207807421684,-0.0659159421920776,0.01451));
#4125=CARTESIAN_POINT('',(0.142350152134895,-0.0659159421920776,0.01451));
#4126=CARTESIAN_POINT('',(0.142350152134895,-0.067377995699644,0.01451));
#4127=CARTESIAN_POINT('',(0.142350152134895,-0.0688400492072104,0.01451));
#4128=CARTESIAN_POINT('',(0.147085295144047,-0.0688400492072104,0.01451));
#4129=CARTESIAN_POINT('',(-0.138875,-0.0689433048124385,0.01451));
#4130=CARTESIAN_POINT('',(-0.138625,-0.0689433048124385,0.01451));
#4131=CARTESIAN_POINT('',(-0.147125,-0.0689433048124385,0.01451));
#4132=CARTESIAN_POINT('',(-0.138625,-0.0649433048124385,0.01451));
#4133=CARTESIAN_POINT('',(-0.138625,-0.0609433048124385,0.01451));
#4134=CARTESIAN_POINT('',(-0.142875,-0.0609433048124385,0.01451));
#4135=CARTESIAN_POINT('',(-0.147125,-0.0609433048124385,0.01451));
#4136=CARTESIAN_POINT('',(-0.147125,-0.0649433048124385,0.01451));
#4137=CARTESIAN_POINT('',(-0.124,-0.0669187839951701,0.02001));
#4138=CARTESIAN_POINT('',(-0.124,-0.0771187839951701,0.02001));
#4139=CARTESIAN_POINT('',(-0.124,-0.0771187839951701,0.02001));
#4140=CARTESIAN_POINT('',(-0.124,-0.0669187839951701,0.02001));
#4141=CARTESIAN_POINT('',(-0.124,-0.0567187839951701,0.02001));
#4142=CARTESIAN_POINT('',(-0.124,-0.0567187839951701,0.02001));
#4143=CARTESIAN_POINT('',(-0.1008,-0.0771187839951701,0.02001));
#4144=CARTESIAN_POINT('',(-0.0776,-0.0771187839951701,0.02001));
#4145=CARTESIAN_POINT('',(-0.0776,-0.0771187839951701,0.02001));
#4146=CARTESIAN_POINT('',(-0.1008,-0.0771187839951701,0.02001));
#4147=CARTESIAN_POINT('',(-0.0776,-0.0669187839951701,0.02001));
#4148=CARTESIAN_POINT('',(-0.0776,-0.0567187839951701,0.02001));
#4149=CARTESIAN_POINT('',(-0.0776,-0.0567187839951701,0.02001));
#4150=CARTESIAN_POINT('',(-0.0776,-0.0669187839951701,0.02001));
#4151=CARTESIAN_POINT('',(-0.0818,-0.0669187839951701,0.02001));
#4152=CARTESIAN_POINT('',(-0.0818,-0.0609187839951701,0.02001));
#4153=CARTESIAN_POINT('',(-0.0818,-0.0609187839951701,0.02001));
#4154=CARTESIAN_POINT('',(-0.0818,-0.0669187839951701,0.02001));
#4155=CARTESIAN_POINT('',(-0.1008,-0.0609187839951701,0.02001));
#4156=CARTESIAN_POINT('',(-0.1008,-0.0609187839951701,0.02001));
#4157=CARTESIAN_POINT('',(-0.1118,-0.0609187839951701,0.02001));
#4158=CARTESIAN_POINT('',(-0.1118,-0.0609187839951701,0.02001));
#4159=CARTESIAN_POINT('',(-0.1118,-0.0609187839951701,0.01951));
#4160=CARTESIAN_POINT('',(-0.1118,-0.0609187839951701,0.01951));
#4161=CARTESIAN_POINT('',(-0.1008,-0.0567187839951701,0.02001));
#4162=CARTESIAN_POINT('',(-0.1008,-0.0567187839951701,0.02001));
#4163=CARTESIAN_POINT('',(2.77555756156289E-17,0.,0.02001));
#4164=CARTESIAN_POINT('',(-0.0798171684145927,-0.0669187839951701,0.02001));
#4165=CARTESIAN_POINT('',(-0.0795671684145927,-0.0669187839951701,0.02001));
#4166=CARTESIAN_POINT('',(-0.1118,-0.0669187839951701,0.02001));
#4167=CARTESIAN_POINT('',(-0.1118,-0.0669187839951701,0.01951));
#4168=CARTESIAN_POINT('',(-0.1118,-0.0669187839951701,0.01951));
#4169=CARTESIAN_POINT('',(-0.1118,-0.0669551810185967,0.01976));
#4170=CARTESIAN_POINT('',(-0.0798171684145927,-0.0669187839951701,0.01451));
#4171=CARTESIAN_POINT('',(-0.0488604362798926,-0.06500625,0.01651));
#4172=CARTESIAN_POINT('',(-0.0488604362798926,-0.05350625,0.01651));
#4173=CARTESIAN_POINT('',(-0.0488604362798926,-0.05350625,0.01651));
#4174=CARTESIAN_POINT('',(-0.0488604362798926,-0.06500625,0.01651));
#4175=CARTESIAN_POINT('',(-0.0488604362798926,-0.07650625,0.01651));
#4176=CARTESIAN_POINT('',(-0.0488604362798926,-0.07650625,0.01651));
#4177=CARTESIAN_POINT('',(-0.00293231659464908,-0.05350625,0.01651));
#4178=CARTESIAN_POINT('',(0.0429958030905944,-0.05350625,0.01651));
#4179=CARTESIAN_POINT('',(0.0429958030905944,-0.05350625,0.01651));
#4180=CARTESIAN_POINT('',(-0.00293231659464908,-0.05350625,0.01651));
#4181=CARTESIAN_POINT('',(0.0429958030905944,-0.06500625,0.01651));
#4182=CARTESIAN_POINT('',(0.0429958030905944,-0.07650625,0.01651));
#4183=CARTESIAN_POINT('',(0.0429958030905944,-0.07650625,0.01651));
#4184=CARTESIAN_POINT('',(0.0429958030905944,-0.06500625,0.01651));
#4185=CARTESIAN_POINT('',(-0.00293231659464908,-0.07650625,0.01651));
#4186=CARTESIAN_POINT('',(-0.00293231659464908,-0.07650625,0.01651));
#4187=CARTESIAN_POINT('',(2.77555756156289E-17,0.,0.01651));
#4188=MECHANICAL_DESIGN_GEOMETRIC_PRESENTATION_REPRESENTATION('',(#2577),
#4189);
#4189=(
GEOMETRIC_REPRESENTATION_CONTEXT(3)
GLOBAL_UNCERTAINTY_ASSIGNED_CONTEXT((#4190))
GLOBAL_UNIT_ASSIGNED_CONTEXT((#4193,#4192,#4191))
REPRESENTATION_CONTEXT('TopCase','TOP_LEVEL_ASSEMBLY_PART')
);
#4190=UNCERTAINTY_MEASURE_WITH_UNIT(LENGTH_MEASURE(2.E-5),#4193,
'DISTANCE_ACCURACY_VALUE','Maximum Tolerance applied to model');
#4191=(
NAMED_UNIT(*)
SI_UNIT($,.STERADIAN.)
SOLID_ANGLE_UNIT()
);
#4192=(
NAMED_UNIT(*)
PLANE_ANGLE_UNIT()
SI_UNIT($,.RADIAN.)
);
#4193=(
LENGTH_UNIT()
NAMED_UNIT(*)
SI_UNIT($,.METRE.)
);
#4194=PRODUCT_DEFINITION_SHAPE('','',#4195);
#4195=PRODUCT_DEFINITION('','',#4197,#4196);
#4196=PRODUCT_DEFINITION_CONTEXT('',#4203,'design');
#4197=PRODUCT_DEFINITION_FORMATION_WITH_SPECIFIED_SOURCE('','',#4199,
 .NOT_KNOWN.);
#4198=PRODUCT_RELATED_PRODUCT_CATEGORY('','',(#4199));
#4199=PRODUCT('TopCase','TopCase','TopCase',(#4201));
#4200=PRODUCT_CATEGORY('','');
#4201=PRODUCT_CONTEXT('',#4203,'mechanical');
#4202=APPLICATION_PROTOCOL_DEFINITION('international standard',
'ap242_managed_model_based_3d_engineering',2020,#4203);
#4203=APPLICATION_CONTEXT('managed model based 3d engineering');
ENDSEC;
END-ISO-10303-21;
